question_id,run_id,subject_curie,object_curie,edge_key,raw_json
Q1,1,MONDO:0018310,MONDO:0005559,MONDO:0005559|biolink:associated_with|MONDO:0018310,"{""edges"":[{""predicate"":""biolink:associated_with""},{""predicate"":""biolink:predisposes_to_condition""},{""predicate"":""biolink:contributes_to""},{""predicate"":""biolink:precedes""},{""predicate"":""biolink:temporally_related_to""},{""predicate"":""biolink:coexists_with""},{""predicate"":""biolink:positively_correlated_with""},{""predicate"":""biolink:related_to""}]}"
Q1,1,MONDO:0018310,MONDO:0005559,MONDO:0005559|biolink:coexists_with|MONDO:0018310,"{""edges"":[{""predicate"":""biolink:associated_with""},{""predicate"":""biolink:predisposes_to_condition""},{""predicate"":""biolink:contributes_to""},{""predicate"":""biolink:precedes""},{""predicate"":""biolink:temporally_related_to""},{""predicate"":""biolink:coexists_with""},{""predicate"":""biolink:positively_correlated_with""},{""predicate"":""biolink:related_to""}]}"
Q1,1,MONDO:0018310,MONDO:0005559,MONDO:0005559|biolink:contributes_to|MONDO:0018310,"{""edges"":[{""predicate"":""biolink:associated_with""},{""predicate"":""biolink:predisposes_to_condition""},{""predicate"":""biolink:contributes_to""},{""predicate"":""biolink:precedes""},{""predicate"":""biolink:temporally_related_to""},{""predicate"":""biolink:coexists_with""},{""predicate"":""biolink:positively_correlated_with""},{""predicate"":""biolink:related_to""}]}"
Q1,1,MONDO:0018310,MONDO:0005559,MONDO:0005559|biolink:positively_correlated_with|MONDO:0018310,"{""edges"":[{""predicate"":""biolink:associated_with""},{""predicate"":""biolink:predisposes_to_condition""},{""predicate"":""biolink:contributes_to""},{""predicate"":""biolink:precedes""},{""predicate"":""biolink:temporally_related_to""},{""predicate"":""biolink:coexists_with""},{""predicate"":""biolink:positively_correlated_with""},{""predicate"":""biolink:related_to""}]}"
Q1,1,MONDO:0018310,MONDO:0005559,MONDO:0005559|biolink:precedes|MONDO:0018310,"{""edges"":[{""predicate"":""biolink:associated_with""},{""predicate"":""biolink:predisposes_to_condition""},{""predicate"":""biolink:contributes_to""},{""predicate"":""biolink:precedes""},{""predicate"":""biolink:temporally_related_to""},{""predicate"":""biolink:coexists_with""},{""predicate"":""biolink:positively_correlated_with""},{""predicate"":""biolink:related_to""}]}"
Q1,1,MONDO:0018310,MONDO:0005559,MONDO:0005559|biolink:predisposes_to_condition|MONDO:0018310,"{""edges"":[{""predicate"":""biolink:associated_with""},{""predicate"":""biolink:predisposes_to_condition""},{""predicate"":""biolink:contributes_to""},{""predicate"":""biolink:precedes""},{""predicate"":""biolink:temporally_related_to""},{""predicate"":""biolink:coexists_with""},{""predicate"":""biolink:positively_correlated_with""},{""predicate"":""biolink:related_to""}]}"
Q1,1,MONDO:0018310,MONDO:0005559,MONDO:0005559|biolink:related_to|MONDO:0018310,"{""edges"":[{""predicate"":""biolink:associated_with""},{""predicate"":""biolink:predisposes_to_condition""},{""predicate"":""biolink:contributes_to""},{""predicate"":""biolink:precedes""},{""predicate"":""biolink:temporally_related_to""},{""predicate"":""biolink:coexists_with""},{""predicate"":""biolink:positively_correlated_with""},{""predicate"":""biolink:related_to""}]}"
Q1,1,MONDO:0018310,MONDO:0005559,MONDO:0005559|biolink:temporally_related_to|MONDO:0018310,"{""edges"":[{""predicate"":""biolink:associated_with""},{""predicate"":""biolink:predisposes_to_condition""},{""predicate"":""biolink:contributes_to""},{""predicate"":""biolink:precedes""},{""predicate"":""biolink:temporally_related_to""},{""predicate"":""biolink:coexists_with""},{""predicate"":""biolink:positively_correlated_with""},{""predicate"":""biolink:related_to""}]}"
Q1,2,MONDO:0018310,MONDO:0005559,MONDO:0005559|biolink:associated_with|MONDO:0018310,"{""edges"":[{""predicate"":""biolink:associated_with""},{""predicate"":""biolink:predisposes_to_condition""},{""predicate"":""biolink:contributes_to""},{""predicate"":""biolink:related_to""}]}"
Q1,2,MONDO:0018310,MONDO:0005559,MONDO:0005559|biolink:contributes_to|MONDO:0018310,"{""edges"":[{""predicate"":""biolink:associated_with""},{""predicate"":""biolink:predisposes_to_condition""},{""predicate"":""biolink:contributes_to""},{""predicate"":""biolink:related_to""}]}"
Q1,2,MONDO:0018310,MONDO:0005559,MONDO:0005559|biolink:predisposes_to_condition|MONDO:0018310,"{""edges"":[{""predicate"":""biolink:associated_with""},{""predicate"":""biolink:predisposes_to_condition""},{""predicate"":""biolink:contributes_to""},{""predicate"":""biolink:related_to""}]}"
Q1,2,MONDO:0018310,MONDO:0005559,MONDO:0005559|biolink:related_to|MONDO:0018310,"{""edges"":[{""predicate"":""biolink:associated_with""},{""predicate"":""biolink:predisposes_to_condition""},{""predicate"":""biolink:contributes_to""},{""predicate"":""biolink:related_to""}]}"
Q1,3,MONDO:0018310,MONDO:0005559,MONDO:0005559|biolink:associated_with|MONDO:0018310,"{""edges"": [{""predicate"": ""biolink:associated_with""}, {""predicate"": ""biolink:predisposes_to_condition""}, {""predicate"": ""biolink:contributes_to""}, {""predicate"": ""biolink:related_to""}]}"
Q1,3,MONDO:0018310,MONDO:0005559,MONDO:0005559|biolink:contributes_to|MONDO:0018310,"{""edges"": [{""predicate"": ""biolink:associated_with""}, {""predicate"": ""biolink:predisposes_to_condition""}, {""predicate"": ""biolink:contributes_to""}, {""predicate"": ""biolink:related_to""}]}"
Q1,3,MONDO:0018310,MONDO:0005559,MONDO:0005559|biolink:predisposes_to_condition|MONDO:0018310,"{""edges"": [{""predicate"": ""biolink:associated_with""}, {""predicate"": ""biolink:predisposes_to_condition""}, {""predicate"": ""biolink:contributes_to""}, {""predicate"": ""biolink:related_to""}]}"
Q1,3,MONDO:0018310,MONDO:0005559,MONDO:0005559|biolink:related_to|MONDO:0018310,"{""edges"": [{""predicate"": ""biolink:associated_with""}, {""predicate"": ""biolink:predisposes_to_condition""}, {""predicate"": ""biolink:contributes_to""}, {""predicate"": ""biolink:related_to""}]}"
Q1,4,MONDO:0018310,MONDO:0005559,MONDO:0005559|biolink:associated_with|MONDO:0018310,"{""edges"":[{""predicate"":""biolink:associated_with""},{""predicate"":""biolink:predisposes_to_condition""},{""predicate"":""biolink:contributes_to""},{""predicate"":""biolink:precedes""},{""predicate"":""biolink:coexists_with""}]}"
Q1,4,MONDO:0018310,MONDO:0005559,MONDO:0005559|biolink:coexists_with|MONDO:0018310,"{""edges"":[{""predicate"":""biolink:associated_with""},{""predicate"":""biolink:predisposes_to_condition""},{""predicate"":""biolink:contributes_to""},{""predicate"":""biolink:precedes""},{""predicate"":""biolink:coexists_with""}]}"
Q1,4,MONDO:0018310,MONDO:0005559,MONDO:0005559|biolink:contributes_to|MONDO:0018310,"{""edges"":[{""predicate"":""biolink:associated_with""},{""predicate"":""biolink:predisposes_to_condition""},{""predicate"":""biolink:contributes_to""},{""predicate"":""biolink:precedes""},{""predicate"":""biolink:coexists_with""}]}"
Q1,4,MONDO:0018310,MONDO:0005559,MONDO:0005559|biolink:precedes|MONDO:0018310,"{""edges"":[{""predicate"":""biolink:associated_with""},{""predicate"":""biolink:predisposes_to_condition""},{""predicate"":""biolink:contributes_to""},{""predicate"":""biolink:precedes""},{""predicate"":""biolink:coexists_with""}]}"
Q1,4,MONDO:0018310,MONDO:0005559,MONDO:0005559|biolink:predisposes_to_condition|MONDO:0018310,"{""edges"":[{""predicate"":""biolink:associated_with""},{""predicate"":""biolink:predisposes_to_condition""},{""predicate"":""biolink:contributes_to""},{""predicate"":""biolink:precedes""},{""predicate"":""biolink:coexists_with""}]}"
Q1,5,MONDO:0018310,MONDO:0005559,MONDO:0005559|biolink:associated_with|MONDO:0018310,"{""edges"":[{""predicate"":""biolink:associated_with""},{""predicate"":""biolink:predisposes_to_condition""},{""predicate"":""biolink:precedes""},{""predicate"":""biolink:contributes_to""},{""predicate"":""biolink:temporally_related_to""},{""predicate"":""biolink:coexists_with""}]}"
Q1,5,MONDO:0018310,MONDO:0005559,MONDO:0005559|biolink:coexists_with|MONDO:0018310,"{""edges"":[{""predicate"":""biolink:associated_with""},{""predicate"":""biolink:predisposes_to_condition""},{""predicate"":""biolink:precedes""},{""predicate"":""biolink:contributes_to""},{""predicate"":""biolink:temporally_related_to""},{""predicate"":""biolink:coexists_with""}]}"
Q1,5,MONDO:0018310,MONDO:0005559,MONDO:0005559|biolink:contributes_to|MONDO:0018310,"{""edges"":[{""predicate"":""biolink:associated_with""},{""predicate"":""biolink:predisposes_to_condition""},{""predicate"":""biolink:precedes""},{""predicate"":""biolink:contributes_to""},{""predicate"":""biolink:temporally_related_to""},{""predicate"":""biolink:coexists_with""}]}"
Q1,5,MONDO:0018310,MONDO:0005559,MONDO:0005559|biolink:precedes|MONDO:0018310,"{""edges"":[{""predicate"":""biolink:associated_with""},{""predicate"":""biolink:predisposes_to_condition""},{""predicate"":""biolink:precedes""},{""predicate"":""biolink:contributes_to""},{""predicate"":""biolink:temporally_related_to""},{""predicate"":""biolink:coexists_with""}]}"
Q1,5,MONDO:0018310,MONDO:0005559,MONDO:0005559|biolink:predisposes_to_condition|MONDO:0018310,"{""edges"":[{""predicate"":""biolink:associated_with""},{""predicate"":""biolink:predisposes_to_condition""},{""predicate"":""biolink:precedes""},{""predicate"":""biolink:contributes_to""},{""predicate"":""biolink:temporally_related_to""},{""predicate"":""biolink:coexists_with""}]}"
Q1,5,MONDO:0018310,MONDO:0005559,MONDO:0005559|biolink:temporally_related_to|MONDO:0018310,"{""edges"":[{""predicate"":""biolink:associated_with""},{""predicate"":""biolink:predisposes_to_condition""},{""predicate"":""biolink:precedes""},{""predicate"":""biolink:contributes_to""},{""predicate"":""biolink:temporally_related_to""},{""predicate"":""biolink:coexists_with""}]}"
Q1,6,MONDO:0018310,MONDO:0005559,MONDO:0005559|biolink:associated_with|MONDO:0018310,"{""edges"":[{""predicate"":""biolink:associated_with""},{""predicate"":""biolink:predisposes_to_condition""},{""predicate"":""biolink:contributes_to""},{""predicate"":""biolink:causes""},{""predicate"":""biolink:coexists_with""},{""predicate"":""biolink:positively_correlated_with""},{""predicate"":""biolink:precedes""},{""predicate"":""biolink:temporally_related_to""},{""predicate"":""biolink:related_to""}]}"
Q1,6,MONDO:0018310,MONDO:0005559,MONDO:0005559|biolink:causes|MONDO:0018310,"{""edges"":[{""predicate"":""biolink:associated_with""},{""predicate"":""biolink:predisposes_to_condition""},{""predicate"":""biolink:contributes_to""},{""predicate"":""biolink:causes""},{""predicate"":""biolink:coexists_with""},{""predicate"":""biolink:positively_correlated_with""},{""predicate"":""biolink:precedes""},{""predicate"":""biolink:temporally_related_to""},{""predicate"":""biolink:related_to""}]}"
Q1,6,MONDO:0018310,MONDO:0005559,MONDO:0005559|biolink:coexists_with|MONDO:0018310,"{""edges"":[{""predicate"":""biolink:associated_with""},{""predicate"":""biolink:predisposes_to_condition""},{""predicate"":""biolink:contributes_to""},{""predicate"":""biolink:causes""},{""predicate"":""biolink:coexists_with""},{""predicate"":""biolink:positively_correlated_with""},{""predicate"":""biolink:precedes""},{""predicate"":""biolink:temporally_related_to""},{""predicate"":""biolink:related_to""}]}"
Q1,6,MONDO:0018310,MONDO:0005559,MONDO:0005559|biolink:contributes_to|MONDO:0018310,"{""edges"":[{""predicate"":""biolink:associated_with""},{""predicate"":""biolink:predisposes_to_condition""},{""predicate"":""biolink:contributes_to""},{""predicate"":""biolink:causes""},{""predicate"":""biolink:coexists_with""},{""predicate"":""biolink:positively_correlated_with""},{""predicate"":""biolink:precedes""},{""predicate"":""biolink:temporally_related_to""},{""predicate"":""biolink:related_to""}]}"
Q1,6,MONDO:0018310,MONDO:0005559,MONDO:0005559|biolink:positively_correlated_with|MONDO:0018310,"{""edges"":[{""predicate"":""biolink:associated_with""},{""predicate"":""biolink:predisposes_to_condition""},{""predicate"":""biolink:contributes_to""},{""predicate"":""biolink:causes""},{""predicate"":""biolink:coexists_with""},{""predicate"":""biolink:positively_correlated_with""},{""predicate"":""biolink:precedes""},{""predicate"":""biolink:temporally_related_to""},{""predicate"":""biolink:related_to""}]}"
Q1,6,MONDO:0018310,MONDO:0005559,MONDO:0005559|biolink:precedes|MONDO:0018310,"{""edges"":[{""predicate"":""biolink:associated_with""},{""predicate"":""biolink:predisposes_to_condition""},{""predicate"":""biolink:contributes_to""},{""predicate"":""biolink:causes""},{""predicate"":""biolink:coexists_with""},{""predicate"":""biolink:positively_correlated_with""},{""predicate"":""biolink:precedes""},{""predicate"":""biolink:temporally_related_to""},{""predicate"":""biolink:related_to""}]}"
Q1,6,MONDO:0018310,MONDO:0005559,MONDO:0005559|biolink:predisposes_to_condition|MONDO:0018310,"{""edges"":[{""predicate"":""biolink:associated_with""},{""predicate"":""biolink:predisposes_to_condition""},{""predicate"":""biolink:contributes_to""},{""predicate"":""biolink:causes""},{""predicate"":""biolink:coexists_with""},{""predicate"":""biolink:positively_correlated_with""},{""predicate"":""biolink:precedes""},{""predicate"":""biolink:temporally_related_to""},{""predicate"":""biolink:related_to""}]}"
Q1,6,MONDO:0018310,MONDO:0005559,MONDO:0005559|biolink:related_to|MONDO:0018310,"{""edges"":[{""predicate"":""biolink:associated_with""},{""predicate"":""biolink:predisposes_to_condition""},{""predicate"":""biolink:contributes_to""},{""predicate"":""biolink:causes""},{""predicate"":""biolink:coexists_with""},{""predicate"":""biolink:positively_correlated_with""},{""predicate"":""biolink:precedes""},{""predicate"":""biolink:temporally_related_to""},{""predicate"":""biolink:related_to""}]}"
Q1,6,MONDO:0018310,MONDO:0005559,MONDO:0005559|biolink:temporally_related_to|MONDO:0018310,"{""edges"":[{""predicate"":""biolink:associated_with""},{""predicate"":""biolink:predisposes_to_condition""},{""predicate"":""biolink:contributes_to""},{""predicate"":""biolink:causes""},{""predicate"":""biolink:coexists_with""},{""predicate"":""biolink:positively_correlated_with""},{""predicate"":""biolink:precedes""},{""predicate"":""biolink:temporally_related_to""},{""predicate"":""biolink:related_to""}]}"
Q1,7,MONDO:0018310,MONDO:0005559,MONDO:0005559|biolink:associated_with|MONDO:0018310,"{""edges"": [{""predicate"": ""biolink:associated_with""}, {""predicate"": ""biolink:predisposes_to_condition""}, {""predicate"": ""biolink:contributes_to""}, {""predicate"": ""biolink:precedes""}, {""predicate"": ""biolink:related_to""}]}"
Q1,7,MONDO:0018310,MONDO:0005559,MONDO:0005559|biolink:contributes_to|MONDO:0018310,"{""edges"": [{""predicate"": ""biolink:associated_with""}, {""predicate"": ""biolink:predisposes_to_condition""}, {""predicate"": ""biolink:contributes_to""}, {""predicate"": ""biolink:precedes""}, {""predicate"": ""biolink:related_to""}]}"
Q1,7,MONDO:0018310,MONDO:0005559,MONDO:0005559|biolink:precedes|MONDO:0018310,"{""edges"": [{""predicate"": ""biolink:associated_with""}, {""predicate"": ""biolink:predisposes_to_condition""}, {""predicate"": ""biolink:contributes_to""}, {""predicate"": ""biolink:precedes""}, {""predicate"": ""biolink:related_to""}]}"
Q1,7,MONDO:0018310,MONDO:0005559,MONDO:0005559|biolink:predisposes_to_condition|MONDO:0018310,"{""edges"": [{""predicate"": ""biolink:associated_with""}, {""predicate"": ""biolink:predisposes_to_condition""}, {""predicate"": ""biolink:contributes_to""}, {""predicate"": ""biolink:precedes""}, {""predicate"": ""biolink:related_to""}]}"
Q1,7,MONDO:0018310,MONDO:0005559,MONDO:0005559|biolink:related_to|MONDO:0018310,"{""edges"": [{""predicate"": ""biolink:associated_with""}, {""predicate"": ""biolink:predisposes_to_condition""}, {""predicate"": ""biolink:contributes_to""}, {""predicate"": ""biolink:precedes""}, {""predicate"": ""biolink:related_to""}]}"
Q1,8,MONDO:0018310,MONDO:0005559,MONDO:0005559|biolink:associated_with|MONDO:0018310,"{""edges"":[{""predicate"":""biolink:associated_with""},{""predicate"":""biolink:predisposes_to_condition""},{""predicate"":""biolink:contributes_to""},{""predicate"":""biolink:causes""},{""predicate"":""biolink:precedes""},{""predicate"":""biolink:coexists_with""},{""predicate"":""biolink:positively_correlated_with""},{""predicate"":""biolink:temporally_related_to""},{""predicate"":""biolink:related_to""}]}"
Q1,8,MONDO:0018310,MONDO:0005559,MONDO:0005559|biolink:causes|MONDO:0018310,"{""edges"":[{""predicate"":""biolink:associated_with""},{""predicate"":""biolink:predisposes_to_condition""},{""predicate"":""biolink:contributes_to""},{""predicate"":""biolink:causes""},{""predicate"":""biolink:precedes""},{""predicate"":""biolink:coexists_with""},{""predicate"":""biolink:positively_correlated_with""},{""predicate"":""biolink:temporally_related_to""},{""predicate"":""biolink:related_to""}]}"
Q1,8,MONDO:0018310,MONDO:0005559,MONDO:0005559|biolink:coexists_with|MONDO:0018310,"{""edges"":[{""predicate"":""biolink:associated_with""},{""predicate"":""biolink:predisposes_to_condition""},{""predicate"":""biolink:contributes_to""},{""predicate"":""biolink:causes""},{""predicate"":""biolink:precedes""},{""predicate"":""biolink:coexists_with""},{""predicate"":""biolink:positively_correlated_with""},{""predicate"":""biolink:temporally_related_to""},{""predicate"":""biolink:related_to""}]}"
Q1,8,MONDO:0018310,MONDO:0005559,MONDO:0005559|biolink:contributes_to|MONDO:0018310,"{""edges"":[{""predicate"":""biolink:associated_with""},{""predicate"":""biolink:predisposes_to_condition""},{""predicate"":""biolink:contributes_to""},{""predicate"":""biolink:causes""},{""predicate"":""biolink:precedes""},{""predicate"":""biolink:coexists_with""},{""predicate"":""biolink:positively_correlated_with""},{""predicate"":""biolink:temporally_related_to""},{""predicate"":""biolink:related_to""}]}"
Q1,8,MONDO:0018310,MONDO:0005559,MONDO:0005559|biolink:positively_correlated_with|MONDO:0018310,"{""edges"":[{""predicate"":""biolink:associated_with""},{""predicate"":""biolink:predisposes_to_condition""},{""predicate"":""biolink:contributes_to""},{""predicate"":""biolink:causes""},{""predicate"":""biolink:precedes""},{""predicate"":""biolink:coexists_with""},{""predicate"":""biolink:positively_correlated_with""},{""predicate"":""biolink:temporally_related_to""},{""predicate"":""biolink:related_to""}]}"
Q1,8,MONDO:0018310,MONDO:0005559,MONDO:0005559|biolink:precedes|MONDO:0018310,"{""edges"":[{""predicate"":""biolink:associated_with""},{""predicate"":""biolink:predisposes_to_condition""},{""predicate"":""biolink:contributes_to""},{""predicate"":""biolink:causes""},{""predicate"":""biolink:precedes""},{""predicate"":""biolink:coexists_with""},{""predicate"":""biolink:positively_correlated_with""},{""predicate"":""biolink:temporally_related_to""},{""predicate"":""biolink:related_to""}]}"
Q1,8,MONDO:0018310,MONDO:0005559,MONDO:0005559|biolink:predisposes_to_condition|MONDO:0018310,"{""edges"":[{""predicate"":""biolink:associated_with""},{""predicate"":""biolink:predisposes_to_condition""},{""predicate"":""biolink:contributes_to""},{""predicate"":""biolink:causes""},{""predicate"":""biolink:precedes""},{""predicate"":""biolink:coexists_with""},{""predicate"":""biolink:positively_correlated_with""},{""predicate"":""biolink:temporally_related_to""},{""predicate"":""biolink:related_to""}]}"
Q1,8,MONDO:0018310,MONDO:0005559,MONDO:0005559|biolink:related_to|MONDO:0018310,"{""edges"":[{""predicate"":""biolink:associated_with""},{""predicate"":""biolink:predisposes_to_condition""},{""predicate"":""biolink:contributes_to""},{""predicate"":""biolink:causes""},{""predicate"":""biolink:precedes""},{""predicate"":""biolink:coexists_with""},{""predicate"":""biolink:positively_correlated_with""},{""predicate"":""biolink:temporally_related_to""},{""predicate"":""biolink:related_to""}]}"
Q1,8,MONDO:0018310,MONDO:0005559,MONDO:0005559|biolink:temporally_related_to|MONDO:0018310,"{""edges"":[{""predicate"":""biolink:associated_with""},{""predicate"":""biolink:predisposes_to_condition""},{""predicate"":""biolink:contributes_to""},{""predicate"":""biolink:causes""},{""predicate"":""biolink:precedes""},{""predicate"":""biolink:coexists_with""},{""predicate"":""biolink:positively_correlated_with""},{""predicate"":""biolink:temporally_related_to""},{""predicate"":""biolink:related_to""}]}"
Q1,9,MONDO:0018310,MONDO:0005559,MONDO:0005559|biolink:associated_with|MONDO:0018310,"{""edges"":[{""predicate"":""biolink:associated_with""},{""predicate"":""biolink:predisposes_to_condition""},{""predicate"":""biolink:contributes_to""},{""predicate"":""biolink:precedes""},{""predicate"":""biolink:causes""},{""predicate"":""biolink:related_to""}]}"
Q1,9,MONDO:0018310,MONDO:0005559,MONDO:0005559|biolink:causes|MONDO:0018310,"{""edges"":[{""predicate"":""biolink:associated_with""},{""predicate"":""biolink:predisposes_to_condition""},{""predicate"":""biolink:contributes_to""},{""predicate"":""biolink:precedes""},{""predicate"":""biolink:causes""},{""predicate"":""biolink:related_to""}]}"
Q1,9,MONDO:0018310,MONDO:0005559,MONDO:0005559|biolink:contributes_to|MONDO:0018310,"{""edges"":[{""predicate"":""biolink:associated_with""},{""predicate"":""biolink:predisposes_to_condition""},{""predicate"":""biolink:contributes_to""},{""predicate"":""biolink:precedes""},{""predicate"":""biolink:causes""},{""predicate"":""biolink:related_to""}]}"
Q1,9,MONDO:0018310,MONDO:0005559,MONDO:0005559|biolink:precedes|MONDO:0018310,"{""edges"":[{""predicate"":""biolink:associated_with""},{""predicate"":""biolink:predisposes_to_condition""},{""predicate"":""biolink:contributes_to""},{""predicate"":""biolink:precedes""},{""predicate"":""biolink:causes""},{""predicate"":""biolink:related_to""}]}"
Q1,9,MONDO:0018310,MONDO:0005559,MONDO:0005559|biolink:predisposes_to_condition|MONDO:0018310,"{""edges"":[{""predicate"":""biolink:associated_with""},{""predicate"":""biolink:predisposes_to_condition""},{""predicate"":""biolink:contributes_to""},{""predicate"":""biolink:precedes""},{""predicate"":""biolink:causes""},{""predicate"":""biolink:related_to""}]}"
Q1,9,MONDO:0018310,MONDO:0005559,MONDO:0005559|biolink:related_to|MONDO:0018310,"{""edges"":[{""predicate"":""biolink:associated_with""},{""predicate"":""biolink:predisposes_to_condition""},{""predicate"":""biolink:contributes_to""},{""predicate"":""biolink:precedes""},{""predicate"":""biolink:causes""},{""predicate"":""biolink:related_to""}]}"
Q1,10,MONDO:0018310,MONDO:0005559,MONDO:0005559|biolink:associated_with|MONDO:0018310,"{""edges"":[{""predicate"":""biolink:associated_with""},{""predicate"":""biolink:contributes_to""},{""predicate"":""biolink:predisposes_to_condition""},{""predicate"":""biolink:precedes""},{""predicate"":""biolink:related_to""}]}"
Q1,10,MONDO:0018310,MONDO:0005559,MONDO:0005559|biolink:contributes_to|MONDO:0018310,"{""edges"":[{""predicate"":""biolink:associated_with""},{""predicate"":""biolink:contributes_to""},{""predicate"":""biolink:predisposes_to_condition""},{""predicate"":""biolink:precedes""},{""predicate"":""biolink:related_to""}]}"
Q1,10,MONDO:0018310,MONDO:0005559,MONDO:0005559|biolink:precedes|MONDO:0018310,"{""edges"":[{""predicate"":""biolink:associated_with""},{""predicate"":""biolink:contributes_to""},{""predicate"":""biolink:predisposes_to_condition""},{""predicate"":""biolink:precedes""},{""predicate"":""biolink:related_to""}]}"
Q1,10,MONDO:0018310,MONDO:0005559,MONDO:0005559|biolink:predisposes_to_condition|MONDO:0018310,"{""edges"":[{""predicate"":""biolink:associated_with""},{""predicate"":""biolink:contributes_to""},{""predicate"":""biolink:predisposes_to_condition""},{""predicate"":""biolink:precedes""},{""predicate"":""biolink:related_to""}]}"
Q1,10,MONDO:0018310,MONDO:0005559,MONDO:0005559|biolink:related_to|MONDO:0018310,"{""edges"":[{""predicate"":""biolink:associated_with""},{""predicate"":""biolink:contributes_to""},{""predicate"":""biolink:predisposes_to_condition""},{""predicate"":""biolink:precedes""},{""predicate"":""biolink:related_to""}]}"
Q1,11,MONDO:0018310,MONDO:0005559,MONDO:0005559|biolink:associated_with|MONDO:0018310,"{""edges"":[{""predicate"":""biolink:associated_with""},{""predicate"":""biolink:predisposes_to_condition""},{""predicate"":""biolink:contributes_to""},{""predicate"":""biolink:precedes""},{""predicate"":""biolink:temporally_related_to""},{""predicate"":""biolink:related_to""},{""predicate"":""biolink:positively_correlated_with""},{""predicate"":""biolink:coexists_with""}]}"
Q1,11,MONDO:0018310,MONDO:0005559,MONDO:0005559|biolink:coexists_with|MONDO:0018310,"{""edges"":[{""predicate"":""biolink:associated_with""},{""predicate"":""biolink:predisposes_to_condition""},{""predicate"":""biolink:contributes_to""},{""predicate"":""biolink:precedes""},{""predicate"":""biolink:temporally_related_to""},{""predicate"":""biolink:related_to""},{""predicate"":""biolink:positively_correlated_with""},{""predicate"":""biolink:coexists_with""}]}"
Q1,11,MONDO:0018310,MONDO:0005559,MONDO:0005559|biolink:contributes_to|MONDO:0018310,"{""edges"":[{""predicate"":""biolink:associated_with""},{""predicate"":""biolink:predisposes_to_condition""},{""predicate"":""biolink:contributes_to""},{""predicate"":""biolink:precedes""},{""predicate"":""biolink:temporally_related_to""},{""predicate"":""biolink:related_to""},{""predicate"":""biolink:positively_correlated_with""},{""predicate"":""biolink:coexists_with""}]}"
Q1,11,MONDO:0018310,MONDO:0005559,MONDO:0005559|biolink:positively_correlated_with|MONDO:0018310,"{""edges"":[{""predicate"":""biolink:associated_with""},{""predicate"":""biolink:predisposes_to_condition""},{""predicate"":""biolink:contributes_to""},{""predicate"":""biolink:precedes""},{""predicate"":""biolink:temporally_related_to""},{""predicate"":""biolink:related_to""},{""predicate"":""biolink:positively_correlated_with""},{""predicate"":""biolink:coexists_with""}]}"
Q1,11,MONDO:0018310,MONDO:0005559,MONDO:0005559|biolink:precedes|MONDO:0018310,"{""edges"":[{""predicate"":""biolink:associated_with""},{""predicate"":""biolink:predisposes_to_condition""},{""predicate"":""biolink:contributes_to""},{""predicate"":""biolink:precedes""},{""predicate"":""biolink:temporally_related_to""},{""predicate"":""biolink:related_to""},{""predicate"":""biolink:positively_correlated_with""},{""predicate"":""biolink:coexists_with""}]}"
Q1,11,MONDO:0018310,MONDO:0005559,MONDO:0005559|biolink:predisposes_to_condition|MONDO:0018310,"{""edges"":[{""predicate"":""biolink:associated_with""},{""predicate"":""biolink:predisposes_to_condition""},{""predicate"":""biolink:contributes_to""},{""predicate"":""biolink:precedes""},{""predicate"":""biolink:temporally_related_to""},{""predicate"":""biolink:related_to""},{""predicate"":""biolink:positively_correlated_with""},{""predicate"":""biolink:coexists_with""}]}"
Q1,11,MONDO:0018310,MONDO:0005559,MONDO:0005559|biolink:related_to|MONDO:0018310,"{""edges"":[{""predicate"":""biolink:associated_with""},{""predicate"":""biolink:predisposes_to_condition""},{""predicate"":""biolink:contributes_to""},{""predicate"":""biolink:precedes""},{""predicate"":""biolink:temporally_related_to""},{""predicate"":""biolink:related_to""},{""predicate"":""biolink:positively_correlated_with""},{""predicate"":""biolink:coexists_with""}]}"
Q1,11,MONDO:0018310,MONDO:0005559,MONDO:0005559|biolink:temporally_related_to|MONDO:0018310,"{""edges"":[{""predicate"":""biolink:associated_with""},{""predicate"":""biolink:predisposes_to_condition""},{""predicate"":""biolink:contributes_to""},{""predicate"":""biolink:precedes""},{""predicate"":""biolink:temporally_related_to""},{""predicate"":""biolink:related_to""},{""predicate"":""biolink:positively_correlated_with""},{""predicate"":""biolink:coexists_with""}]}"
Q1,12,MONDO:0018310,MONDO:0005559,MONDO:0005559|biolink:associated_with|MONDO:0018310,"{""edges"":[{""predicate"":""biolink:associated_with""},{""predicate"":""biolink:contributes_to""},{""predicate"":""biolink:predisposes_to_condition""},{""predicate"":""biolink:causes""}]}"
Q1,12,MONDO:0018310,MONDO:0005559,MONDO:0005559|biolink:causes|MONDO:0018310,"{""edges"":[{""predicate"":""biolink:associated_with""},{""predicate"":""biolink:contributes_to""},{""predicate"":""biolink:predisposes_to_condition""},{""predicate"":""biolink:causes""}]}"
Q1,12,MONDO:0018310,MONDO:0005559,MONDO:0005559|biolink:contributes_to|MONDO:0018310,"{""edges"":[{""predicate"":""biolink:associated_with""},{""predicate"":""biolink:contributes_to""},{""predicate"":""biolink:predisposes_to_condition""},{""predicate"":""biolink:causes""}]}"
Q1,12,MONDO:0018310,MONDO:0005559,MONDO:0005559|biolink:predisposes_to_condition|MONDO:0018310,"{""edges"":[{""predicate"":""biolink:associated_with""},{""predicate"":""biolink:contributes_to""},{""predicate"":""biolink:predisposes_to_condition""},{""predicate"":""biolink:causes""}]}"
Q1,13,MONDO:0018310,MONDO:0005559,MONDO:0005559|biolink:associated_with|MONDO:0018310,"{""edges"":[{""predicate"":""biolink:associated_with""},{""predicate"":""biolink:predisposes_to_condition""},{""predicate"":""biolink:contributes_to""},{""predicate"":""biolink:precedes""},{""predicate"":""biolink:temporally_related_to""},{""predicate"":""biolink:related_to""},{""predicate"":""biolink:coexists_with""}]}"
Q1,13,MONDO:0018310,MONDO:0005559,MONDO:0005559|biolink:coexists_with|MONDO:0018310,"{""edges"":[{""predicate"":""biolink:associated_with""},{""predicate"":""biolink:predisposes_to_condition""},{""predicate"":""biolink:contributes_to""},{""predicate"":""biolink:precedes""},{""predicate"":""biolink:temporally_related_to""},{""predicate"":""biolink:related_to""},{""predicate"":""biolink:coexists_with""}]}"
Q1,13,MONDO:0018310,MONDO:0005559,MONDO:0005559|biolink:contributes_to|MONDO:0018310,"{""edges"":[{""predicate"":""biolink:associated_with""},{""predicate"":""biolink:predisposes_to_condition""},{""predicate"":""biolink:contributes_to""},{""predicate"":""biolink:precedes""},{""predicate"":""biolink:temporally_related_to""},{""predicate"":""biolink:related_to""},{""predicate"":""biolink:coexists_with""}]}"
Q1,13,MONDO:0018310,MONDO:0005559,MONDO:0005559|biolink:precedes|MONDO:0018310,"{""edges"":[{""predicate"":""biolink:associated_with""},{""predicate"":""biolink:predisposes_to_condition""},{""predicate"":""biolink:contributes_to""},{""predicate"":""biolink:precedes""},{""predicate"":""biolink:temporally_related_to""},{""predicate"":""biolink:related_to""},{""predicate"":""biolink:coexists_with""}]}"
Q1,13,MONDO:0018310,MONDO:0005559,MONDO:0005559|biolink:predisposes_to_condition|MONDO:0018310,"{""edges"":[{""predicate"":""biolink:associated_with""},{""predicate"":""biolink:predisposes_to_condition""},{""predicate"":""biolink:contributes_to""},{""predicate"":""biolink:precedes""},{""predicate"":""biolink:temporally_related_to""},{""predicate"":""biolink:related_to""},{""predicate"":""biolink:coexists_with""}]}"
Q1,13,MONDO:0018310,MONDO:0005559,MONDO:0005559|biolink:related_to|MONDO:0018310,"{""edges"":[{""predicate"":""biolink:associated_with""},{""predicate"":""biolink:predisposes_to_condition""},{""predicate"":""biolink:contributes_to""},{""predicate"":""biolink:precedes""},{""predicate"":""biolink:temporally_related_to""},{""predicate"":""biolink:related_to""},{""predicate"":""biolink:coexists_with""}]}"
Q1,13,MONDO:0018310,MONDO:0005559,MONDO:0005559|biolink:temporally_related_to|MONDO:0018310,"{""edges"":[{""predicate"":""biolink:associated_with""},{""predicate"":""biolink:predisposes_to_condition""},{""predicate"":""biolink:contributes_to""},{""predicate"":""biolink:precedes""},{""predicate"":""biolink:temporally_related_to""},{""predicate"":""biolink:related_to""},{""predicate"":""biolink:coexists_with""}]}"
Q1,14,MONDO:0018310,MONDO:0005559,MONDO:0005559|biolink:associated_with|MONDO:0018310,"{""edges"":[{""predicate"":""biolink:associated_with""},{""predicate"":""biolink:contributes_to""},{""predicate"":""biolink:predisposes_to_condition""},{""predicate"":""biolink:precedes""},{""predicate"":""biolink:causes""}]}"
Q1,14,MONDO:0018310,MONDO:0005559,MONDO:0005559|biolink:causes|MONDO:0018310,"{""edges"":[{""predicate"":""biolink:associated_with""},{""predicate"":""biolink:contributes_to""},{""predicate"":""biolink:predisposes_to_condition""},{""predicate"":""biolink:precedes""},{""predicate"":""biolink:causes""}]}"
Q1,14,MONDO:0018310,MONDO:0005559,MONDO:0005559|biolink:contributes_to|MONDO:0018310,"{""edges"":[{""predicate"":""biolink:associated_with""},{""predicate"":""biolink:contributes_to""},{""predicate"":""biolink:predisposes_to_condition""},{""predicate"":""biolink:precedes""},{""predicate"":""biolink:causes""}]}"
Q1,14,MONDO:0018310,MONDO:0005559,MONDO:0005559|biolink:precedes|MONDO:0018310,"{""edges"":[{""predicate"":""biolink:associated_with""},{""predicate"":""biolink:contributes_to""},{""predicate"":""biolink:predisposes_to_condition""},{""predicate"":""biolink:precedes""},{""predicate"":""biolink:causes""}]}"
Q1,14,MONDO:0018310,MONDO:0005559,MONDO:0005559|biolink:predisposes_to_condition|MONDO:0018310,"{""edges"":[{""predicate"":""biolink:associated_with""},{""predicate"":""biolink:contributes_to""},{""predicate"":""biolink:predisposes_to_condition""},{""predicate"":""biolink:precedes""},{""predicate"":""biolink:causes""}]}"
Q1,15,MONDO:0018310,MONDO:0005559,MONDO:0005559|biolink:associated_with|MONDO:0018310,"{
  ""edges"": [
    {
      ""predicate"": ""biolink:associated_with""
    },
    {
      ""predicate"": ""biolink:predisposes_to_condition""
    },
    {
      ""predicate"": ""biolink:contributes_to""
    },
    {
      ""predicate"": ""biolink:precedes""
    }
  ]
}"
Q1,15,MONDO:0018310,MONDO:0005559,MONDO:0005559|biolink:contributes_to|MONDO:0018310,"{
  ""edges"": [
    {
      ""predicate"": ""biolink:associated_with""
    },
    {
      ""predicate"": ""biolink:predisposes_to_condition""
    },
    {
      ""predicate"": ""biolink:contributes_to""
    },
    {
      ""predicate"": ""biolink:precedes""
    }
  ]
}"
Q1,15,MONDO:0018310,MONDO:0005559,MONDO:0005559|biolink:precedes|MONDO:0018310,"{
  ""edges"": [
    {
      ""predicate"": ""biolink:associated_with""
    },
    {
      ""predicate"": ""biolink:predisposes_to_condition""
    },
    {
      ""predicate"": ""biolink:contributes_to""
    },
    {
      ""predicate"": ""biolink:precedes""
    }
  ]
}"
Q1,15,MONDO:0018310,MONDO:0005559,MONDO:0005559|biolink:predisposes_to_condition|MONDO:0018310,"{
  ""edges"": [
    {
      ""predicate"": ""biolink:associated_with""
    },
    {
      ""predicate"": ""biolink:predisposes_to_condition""
    },
    {
      ""predicate"": ""biolink:contributes_to""
    },
    {
      ""predicate"": ""biolink:precedes""
    }
  ]
}"
Q1,16,MONDO:0018310,MONDO:0005559,MONDO:0005559|biolink:associated_with|MONDO:0018310,"{""edges"":[{""predicate"":""biolink:associated_with""},{""predicate"":""biolink:contributes_to""},{""predicate"":""biolink:predisposes_to_condition""},{""predicate"":""biolink:precedes""},{""predicate"":""biolink:related_to""}]}"
Q1,16,MONDO:0018310,MONDO:0005559,MONDO:0005559|biolink:contributes_to|MONDO:0018310,"{""edges"":[{""predicate"":""biolink:associated_with""},{""predicate"":""biolink:contributes_to""},{""predicate"":""biolink:predisposes_to_condition""},{""predicate"":""biolink:precedes""},{""predicate"":""biolink:related_to""}]}"
Q1,16,MONDO:0018310,MONDO:0005559,MONDO:0005559|biolink:precedes|MONDO:0018310,"{""edges"":[{""predicate"":""biolink:associated_with""},{""predicate"":""biolink:contributes_to""},{""predicate"":""biolink:predisposes_to_condition""},{""predicate"":""biolink:precedes""},{""predicate"":""biolink:related_to""}]}"
Q1,16,MONDO:0018310,MONDO:0005559,MONDO:0005559|biolink:predisposes_to_condition|MONDO:0018310,"{""edges"":[{""predicate"":""biolink:associated_with""},{""predicate"":""biolink:contributes_to""},{""predicate"":""biolink:predisposes_to_condition""},{""predicate"":""biolink:precedes""},{""predicate"":""biolink:related_to""}]}"
Q1,16,MONDO:0018310,MONDO:0005559,MONDO:0005559|biolink:related_to|MONDO:0018310,"{""edges"":[{""predicate"":""biolink:associated_with""},{""predicate"":""biolink:contributes_to""},{""predicate"":""biolink:predisposes_to_condition""},{""predicate"":""biolink:precedes""},{""predicate"":""biolink:related_to""}]}"
Q1,17,MONDO:0018310,MONDO:0005559,MONDO:0005559|biolink:associated_with|MONDO:0018310,"{""edges"":[{""predicate"":""biolink:associated_with""},{""predicate"":""biolink:predisposes_to_condition""},{""predicate"":""biolink:contributes_to""},{""predicate"":""biolink:causes""},{""predicate"":""biolink:precedes""},{""predicate"":""biolink:temporally_related_to""}]}"
Q1,17,MONDO:0018310,MONDO:0005559,MONDO:0005559|biolink:causes|MONDO:0018310,"{""edges"":[{""predicate"":""biolink:associated_with""},{""predicate"":""biolink:predisposes_to_condition""},{""predicate"":""biolink:contributes_to""},{""predicate"":""biolink:causes""},{""predicate"":""biolink:precedes""},{""predicate"":""biolink:temporally_related_to""}]}"
Q1,17,MONDO:0018310,MONDO:0005559,MONDO:0005559|biolink:contributes_to|MONDO:0018310,"{""edges"":[{""predicate"":""biolink:associated_with""},{""predicate"":""biolink:predisposes_to_condition""},{""predicate"":""biolink:contributes_to""},{""predicate"":""biolink:causes""},{""predicate"":""biolink:precedes""},{""predicate"":""biolink:temporally_related_to""}]}"
Q1,17,MONDO:0018310,MONDO:0005559,MONDO:0005559|biolink:precedes|MONDO:0018310,"{""edges"":[{""predicate"":""biolink:associated_with""},{""predicate"":""biolink:predisposes_to_condition""},{""predicate"":""biolink:contributes_to""},{""predicate"":""biolink:causes""},{""predicate"":""biolink:precedes""},{""predicate"":""biolink:temporally_related_to""}]}"
Q1,17,MONDO:0018310,MONDO:0005559,MONDO:0005559|biolink:predisposes_to_condition|MONDO:0018310,"{""edges"":[{""predicate"":""biolink:associated_with""},{""predicate"":""biolink:predisposes_to_condition""},{""predicate"":""biolink:contributes_to""},{""predicate"":""biolink:causes""},{""predicate"":""biolink:precedes""},{""predicate"":""biolink:temporally_related_to""}]}"
Q1,17,MONDO:0018310,MONDO:0005559,MONDO:0005559|biolink:temporally_related_to|MONDO:0018310,"{""edges"":[{""predicate"":""biolink:associated_with""},{""predicate"":""biolink:predisposes_to_condition""},{""predicate"":""biolink:contributes_to""},{""predicate"":""biolink:causes""},{""predicate"":""biolink:precedes""},{""predicate"":""biolink:temporally_related_to""}]}"
Q1,18,MONDO:0018310,MONDO:0005559,MONDO:0005559|biolink:associated_with|MONDO:0018310,"{""edges"":[{""predicate"":""biolink:associated_with""},{""predicate"":""biolink:predisposes_to_condition""},{""predicate"":""biolink:contributes_to""},{""predicate"":""biolink:precedes""},{""predicate"":""biolink:temporally_related_to""}]}"
Q1,18,MONDO:0018310,MONDO:0005559,MONDO:0005559|biolink:contributes_to|MONDO:0018310,"{""edges"":[{""predicate"":""biolink:associated_with""},{""predicate"":""biolink:predisposes_to_condition""},{""predicate"":""biolink:contributes_to""},{""predicate"":""biolink:precedes""},{""predicate"":""biolink:temporally_related_to""}]}"
Q1,18,MONDO:0018310,MONDO:0005559,MONDO:0005559|biolink:precedes|MONDO:0018310,"{""edges"":[{""predicate"":""biolink:associated_with""},{""predicate"":""biolink:predisposes_to_condition""},{""predicate"":""biolink:contributes_to""},{""predicate"":""biolink:precedes""},{""predicate"":""biolink:temporally_related_to""}]}"
Q1,18,MONDO:0018310,MONDO:0005559,MONDO:0005559|biolink:predisposes_to_condition|MONDO:0018310,"{""edges"":[{""predicate"":""biolink:associated_with""},{""predicate"":""biolink:predisposes_to_condition""},{""predicate"":""biolink:contributes_to""},{""predicate"":""biolink:precedes""},{""predicate"":""biolink:temporally_related_to""}]}"
Q1,18,MONDO:0018310,MONDO:0005559,MONDO:0005559|biolink:temporally_related_to|MONDO:0018310,"{""edges"":[{""predicate"":""biolink:associated_with""},{""predicate"":""biolink:predisposes_to_condition""},{""predicate"":""biolink:contributes_to""},{""predicate"":""biolink:precedes""},{""predicate"":""biolink:temporally_related_to""}]}"
Q1,19,MONDO:0018310,MONDO:0005559,MONDO:0005559|biolink:associated_with|MONDO:0018310,"{""edges"":[{""predicate"":""biolink:associated_with""},{""predicate"":""biolink:predisposes_to_condition""},{""predicate"":""biolink:contributes_to""}]}"
Q1,19,MONDO:0018310,MONDO:0005559,MONDO:0005559|biolink:contributes_to|MONDO:0018310,"{""edges"":[{""predicate"":""biolink:associated_with""},{""predicate"":""biolink:predisposes_to_condition""},{""predicate"":""biolink:contributes_to""}]}"
Q1,19,MONDO:0018310,MONDO:0005559,MONDO:0005559|biolink:predisposes_to_condition|MONDO:0018310,"{""edges"":[{""predicate"":""biolink:associated_with""},{""predicate"":""biolink:predisposes_to_condition""},{""predicate"":""biolink:contributes_to""}]}"
Q1,20,MONDO:0018310,MONDO:0005559,MONDO:0005559|biolink:associated_with|MONDO:0018310,"{""edges"":[{""predicate"":""biolink:associated_with""},{""predicate"":""biolink:contributes_to""},{""predicate"":""biolink:predisposes_to_condition""},{""predicate"":""biolink:precedes""},{""predicate"":""biolink:related_to""}]}"
Q1,20,MONDO:0018310,MONDO:0005559,MONDO:0005559|biolink:contributes_to|MONDO:0018310,"{""edges"":[{""predicate"":""biolink:associated_with""},{""predicate"":""biolink:contributes_to""},{""predicate"":""biolink:predisposes_to_condition""},{""predicate"":""biolink:precedes""},{""predicate"":""biolink:related_to""}]}"
Q1,20,MONDO:0018310,MONDO:0005559,MONDO:0005559|biolink:precedes|MONDO:0018310,"{""edges"":[{""predicate"":""biolink:associated_with""},{""predicate"":""biolink:contributes_to""},{""predicate"":""biolink:predisposes_to_condition""},{""predicate"":""biolink:precedes""},{""predicate"":""biolink:related_to""}]}"
Q1,20,MONDO:0018310,MONDO:0005559,MONDO:0005559|biolink:predisposes_to_condition|MONDO:0018310,"{""edges"":[{""predicate"":""biolink:associated_with""},{""predicate"":""biolink:contributes_to""},{""predicate"":""biolink:predisposes_to_condition""},{""predicate"":""biolink:precedes""},{""predicate"":""biolink:related_to""}]}"
Q1,20,MONDO:0018310,MONDO:0005559,MONDO:0005559|biolink:related_to|MONDO:0018310,"{""edges"":[{""predicate"":""biolink:associated_with""},{""predicate"":""biolink:contributes_to""},{""predicate"":""biolink:predisposes_to_condition""},{""predicate"":""biolink:precedes""},{""predicate"":""biolink:related_to""}]}"
Q2,1,MONDO:0018310,NCBIGene:673,MONDO:0018310|biolink:associated_with|NCBIGene:673,"{
  ""edges"": [
    {
      ""predicate"": ""biolink:disease_has_basis_in""
    },
    {
      ""predicate"": ""biolink:gene_associated_with_condition""
    },
    {
      ""predicate"": ""biolink:genetically_associated_with""
    },
    {
      ""predicate"": ""biolink:associated_with""
    },
    {
      ""predicate"": ""biolink:contributes_to""
    },
    {
      ""predicate"": ""biolink:causes""
    },
    {
      ""predicate"": ""biolink:related_to""
    }
  ]
}"
Q2,1,MONDO:0018310,NCBIGene:673,MONDO:0018310|biolink:causes|NCBIGene:673,"{
  ""edges"": [
    {
      ""predicate"": ""biolink:disease_has_basis_in""
    },
    {
      ""predicate"": ""biolink:gene_associated_with_condition""
    },
    {
      ""predicate"": ""biolink:genetically_associated_with""
    },
    {
      ""predicate"": ""biolink:associated_with""
    },
    {
      ""predicate"": ""biolink:contributes_to""
    },
    {
      ""predicate"": ""biolink:causes""
    },
    {
      ""predicate"": ""biolink:related_to""
    }
  ]
}"
Q2,1,MONDO:0018310,NCBIGene:673,MONDO:0018310|biolink:contributes_to|NCBIGene:673,"{
  ""edges"": [
    {
      ""predicate"": ""biolink:disease_has_basis_in""
    },
    {
      ""predicate"": ""biolink:gene_associated_with_condition""
    },
    {
      ""predicate"": ""biolink:genetically_associated_with""
    },
    {
      ""predicate"": ""biolink:associated_with""
    },
    {
      ""predicate"": ""biolink:contributes_to""
    },
    {
      ""predicate"": ""biolink:causes""
    },
    {
      ""predicate"": ""biolink:related_to""
    }
  ]
}"
Q2,1,MONDO:0018310,NCBIGene:673,MONDO:0018310|biolink:disease_has_basis_in|NCBIGene:673,"{
  ""edges"": [
    {
      ""predicate"": ""biolink:disease_has_basis_in""
    },
    {
      ""predicate"": ""biolink:gene_associated_with_condition""
    },
    {
      ""predicate"": ""biolink:genetically_associated_with""
    },
    {
      ""predicate"": ""biolink:associated_with""
    },
    {
      ""predicate"": ""biolink:contributes_to""
    },
    {
      ""predicate"": ""biolink:causes""
    },
    {
      ""predicate"": ""biolink:related_to""
    }
  ]
}"
Q2,1,MONDO:0018310,NCBIGene:673,MONDO:0018310|biolink:gene_associated_with_condition|NCBIGene:673,"{
  ""edges"": [
    {
      ""predicate"": ""biolink:disease_has_basis_in""
    },
    {
      ""predicate"": ""biolink:gene_associated_with_condition""
    },
    {
      ""predicate"": ""biolink:genetically_associated_with""
    },
    {
      ""predicate"": ""biolink:associated_with""
    },
    {
      ""predicate"": ""biolink:contributes_to""
    },
    {
      ""predicate"": ""biolink:causes""
    },
    {
      ""predicate"": ""biolink:related_to""
    }
  ]
}"
Q2,1,MONDO:0018310,NCBIGene:673,MONDO:0018310|biolink:genetically_associated_with|NCBIGene:673,"{
  ""edges"": [
    {
      ""predicate"": ""biolink:disease_has_basis_in""
    },
    {
      ""predicate"": ""biolink:gene_associated_with_condition""
    },
    {
      ""predicate"": ""biolink:genetically_associated_with""
    },
    {
      ""predicate"": ""biolink:associated_with""
    },
    {
      ""predicate"": ""biolink:contributes_to""
    },
    {
      ""predicate"": ""biolink:causes""
    },
    {
      ""predicate"": ""biolink:related_to""
    }
  ]
}"
Q2,1,MONDO:0018310,NCBIGene:673,MONDO:0018310|biolink:related_to|NCBIGene:673,"{
  ""edges"": [
    {
      ""predicate"": ""biolink:disease_has_basis_in""
    },
    {
      ""predicate"": ""biolink:gene_associated_with_condition""
    },
    {
      ""predicate"": ""biolink:genetically_associated_with""
    },
    {
      ""predicate"": ""biolink:associated_with""
    },
    {
      ""predicate"": ""biolink:contributes_to""
    },
    {
      ""predicate"": ""biolink:causes""
    },
    {
      ""predicate"": ""biolink:related_to""
    }
  ]
}"
Q2,2,MONDO:0018310,NCBIGene:673,MONDO:0018310|biolink:associated_with|NCBIGene:673,"{""edges"":[{""predicate"":""biolink:gene_associated_with_condition""},{""predicate"":""biolink:disease_has_basis_in""},{""predicate"":""biolink:genetically_associated_with""},{""predicate"":""biolink:associated_with""},{""predicate"":""biolink:contributes_to""},{""predicate"":""biolink:related_to""}]}"
Q2,2,MONDO:0018310,NCBIGene:673,MONDO:0018310|biolink:contributes_to|NCBIGene:673,"{""edges"":[{""predicate"":""biolink:gene_associated_with_condition""},{""predicate"":""biolink:disease_has_basis_in""},{""predicate"":""biolink:genetically_associated_with""},{""predicate"":""biolink:associated_with""},{""predicate"":""biolink:contributes_to""},{""predicate"":""biolink:related_to""}]}"
Q2,2,MONDO:0018310,NCBIGene:673,MONDO:0018310|biolink:disease_has_basis_in|NCBIGene:673,"{""edges"":[{""predicate"":""biolink:gene_associated_with_condition""},{""predicate"":""biolink:disease_has_basis_in""},{""predicate"":""biolink:genetically_associated_with""},{""predicate"":""biolink:associated_with""},{""predicate"":""biolink:contributes_to""},{""predicate"":""biolink:related_to""}]}"
Q2,2,MONDO:0018310,NCBIGene:673,MONDO:0018310|biolink:gene_associated_with_condition|NCBIGene:673,"{""edges"":[{""predicate"":""biolink:gene_associated_with_condition""},{""predicate"":""biolink:disease_has_basis_in""},{""predicate"":""biolink:genetically_associated_with""},{""predicate"":""biolink:associated_with""},{""predicate"":""biolink:contributes_to""},{""predicate"":""biolink:related_to""}]}"
Q2,2,MONDO:0018310,NCBIGene:673,MONDO:0018310|biolink:genetically_associated_with|NCBIGene:673,"{""edges"":[{""predicate"":""biolink:gene_associated_with_condition""},{""predicate"":""biolink:disease_has_basis_in""},{""predicate"":""biolink:genetically_associated_with""},{""predicate"":""biolink:associated_with""},{""predicate"":""biolink:contributes_to""},{""predicate"":""biolink:related_to""}]}"
Q2,2,MONDO:0018310,NCBIGene:673,MONDO:0018310|biolink:related_to|NCBIGene:673,"{""edges"":[{""predicate"":""biolink:gene_associated_with_condition""},{""predicate"":""biolink:disease_has_basis_in""},{""predicate"":""biolink:genetically_associated_with""},{""predicate"":""biolink:associated_with""},{""predicate"":""biolink:contributes_to""},{""predicate"":""biolink:related_to""}]}"
Q2,3,MONDO:0018310,NCBIGene:673,MONDO:0018310|biolink:associated_with|NCBIGene:673,"{""edges"":[{""predicate"":""biolink:disease_has_basis_in""},{""predicate"":""biolink:associated_with""},{""predicate"":""biolink:genetically_associated_with""},{""predicate"":""biolink:related_to""}]}"
Q2,3,MONDO:0018310,NCBIGene:673,MONDO:0018310|biolink:disease_has_basis_in|NCBIGene:673,"{""edges"":[{""predicate"":""biolink:disease_has_basis_in""},{""predicate"":""biolink:associated_with""},{""predicate"":""biolink:genetically_associated_with""},{""predicate"":""biolink:related_to""}]}"
Q2,3,MONDO:0018310,NCBIGene:673,MONDO:0018310|biolink:genetically_associated_with|NCBIGene:673,"{""edges"":[{""predicate"":""biolink:disease_has_basis_in""},{""predicate"":""biolink:associated_with""},{""predicate"":""biolink:genetically_associated_with""},{""predicate"":""biolink:related_to""}]}"
Q2,3,MONDO:0018310,NCBIGene:673,MONDO:0018310|biolink:related_to|NCBIGene:673,"{""edges"":[{""predicate"":""biolink:disease_has_basis_in""},{""predicate"":""biolink:associated_with""},{""predicate"":""biolink:genetically_associated_with""},{""predicate"":""biolink:related_to""}]}"
Q2,4,MONDO:0018310,NCBIGene:673,MONDO:0018310|biolink:associated_with|NCBIGene:673,"{""edges"": [{""predicate"": ""biolink:gene_associated_with_condition""}, {""predicate"": ""biolink:genetically_associated_with""}, {""predicate"": ""biolink:disease_has_basis_in""}, {""predicate"": ""biolink:contributes_to""}, {""predicate"": ""biolink:associated_with""}, {""predicate"": ""biolink:related_to""}]}"
Q2,4,MONDO:0018310,NCBIGene:673,MONDO:0018310|biolink:contributes_to|NCBIGene:673,"{""edges"": [{""predicate"": ""biolink:gene_associated_with_condition""}, {""predicate"": ""biolink:genetically_associated_with""}, {""predicate"": ""biolink:disease_has_basis_in""}, {""predicate"": ""biolink:contributes_to""}, {""predicate"": ""biolink:associated_with""}, {""predicate"": ""biolink:related_to""}]}"
Q2,4,MONDO:0018310,NCBIGene:673,MONDO:0018310|biolink:disease_has_basis_in|NCBIGene:673,"{""edges"": [{""predicate"": ""biolink:gene_associated_with_condition""}, {""predicate"": ""biolink:genetically_associated_with""}, {""predicate"": ""biolink:disease_has_basis_in""}, {""predicate"": ""biolink:contributes_to""}, {""predicate"": ""biolink:associated_with""}, {""predicate"": ""biolink:related_to""}]}"
Q2,4,MONDO:0018310,NCBIGene:673,MONDO:0018310|biolink:gene_associated_with_condition|NCBIGene:673,"{""edges"": [{""predicate"": ""biolink:gene_associated_with_condition""}, {""predicate"": ""biolink:genetically_associated_with""}, {""predicate"": ""biolink:disease_has_basis_in""}, {""predicate"": ""biolink:contributes_to""}, {""predicate"": ""biolink:associated_with""}, {""predicate"": ""biolink:related_to""}]}"
Q2,4,MONDO:0018310,NCBIGene:673,MONDO:0018310|biolink:genetically_associated_with|NCBIGene:673,"{""edges"": [{""predicate"": ""biolink:gene_associated_with_condition""}, {""predicate"": ""biolink:genetically_associated_with""}, {""predicate"": ""biolink:disease_has_basis_in""}, {""predicate"": ""biolink:contributes_to""}, {""predicate"": ""biolink:associated_with""}, {""predicate"": ""biolink:related_to""}]}"
Q2,4,MONDO:0018310,NCBIGene:673,MONDO:0018310|biolink:related_to|NCBIGene:673,"{""edges"": [{""predicate"": ""biolink:gene_associated_with_condition""}, {""predicate"": ""biolink:genetically_associated_with""}, {""predicate"": ""biolink:disease_has_basis_in""}, {""predicate"": ""biolink:contributes_to""}, {""predicate"": ""biolink:associated_with""}, {""predicate"": ""biolink:related_to""}]}"
Q2,5,MONDO:0018310,NCBIGene:673,MONDO:0018310|biolink:associated_with|NCBIGene:673,"{""edges"":[{""predicate"":""biolink:disease_has_basis_in""},{""predicate"":""biolink:gene_associated_with_condition""},{""predicate"":""biolink:genetically_associated_with""},{""predicate"":""biolink:associated_with""},{""predicate"":""biolink:contributes_to""},{""predicate"":""biolink:related_to""}]}"
Q2,5,MONDO:0018310,NCBIGene:673,MONDO:0018310|biolink:contributes_to|NCBIGene:673,"{""edges"":[{""predicate"":""biolink:disease_has_basis_in""},{""predicate"":""biolink:gene_associated_with_condition""},{""predicate"":""biolink:genetically_associated_with""},{""predicate"":""biolink:associated_with""},{""predicate"":""biolink:contributes_to""},{""predicate"":""biolink:related_to""}]}"
Q2,5,MONDO:0018310,NCBIGene:673,MONDO:0018310|biolink:disease_has_basis_in|NCBIGene:673,"{""edges"":[{""predicate"":""biolink:disease_has_basis_in""},{""predicate"":""biolink:gene_associated_with_condition""},{""predicate"":""biolink:genetically_associated_with""},{""predicate"":""biolink:associated_with""},{""predicate"":""biolink:contributes_to""},{""predicate"":""biolink:related_to""}]}"
Q2,5,MONDO:0018310,NCBIGene:673,MONDO:0018310|biolink:gene_associated_with_condition|NCBIGene:673,"{""edges"":[{""predicate"":""biolink:disease_has_basis_in""},{""predicate"":""biolink:gene_associated_with_condition""},{""predicate"":""biolink:genetically_associated_with""},{""predicate"":""biolink:associated_with""},{""predicate"":""biolink:contributes_to""},{""predicate"":""biolink:related_to""}]}"
Q2,5,MONDO:0018310,NCBIGene:673,MONDO:0018310|biolink:genetically_associated_with|NCBIGene:673,"{""edges"":[{""predicate"":""biolink:disease_has_basis_in""},{""predicate"":""biolink:gene_associated_with_condition""},{""predicate"":""biolink:genetically_associated_with""},{""predicate"":""biolink:associated_with""},{""predicate"":""biolink:contributes_to""},{""predicate"":""biolink:related_to""}]}"
Q2,5,MONDO:0018310,NCBIGene:673,MONDO:0018310|biolink:related_to|NCBIGene:673,"{""edges"":[{""predicate"":""biolink:disease_has_basis_in""},{""predicate"":""biolink:gene_associated_with_condition""},{""predicate"":""biolink:genetically_associated_with""},{""predicate"":""biolink:associated_with""},{""predicate"":""biolink:contributes_to""},{""predicate"":""biolink:related_to""}]}"
Q2,6,MONDO:0018310,NCBIGene:673,MONDO:0018310|biolink:associated_with|NCBIGene:673,"{""edges"": [{""predicate"": ""biolink:disease_has_basis_in""}, {""predicate"": ""biolink:gene_associated_with_condition""}, {""predicate"": ""biolink:genetically_associated_with""}, {""predicate"": ""biolink:associated_with""}, {""predicate"": ""biolink:contributes_to""}]}"
Q2,6,MONDO:0018310,NCBIGene:673,MONDO:0018310|biolink:contributes_to|NCBIGene:673,"{""edges"": [{""predicate"": ""biolink:disease_has_basis_in""}, {""predicate"": ""biolink:gene_associated_with_condition""}, {""predicate"": ""biolink:genetically_associated_with""}, {""predicate"": ""biolink:associated_with""}, {""predicate"": ""biolink:contributes_to""}]}"
Q2,6,MONDO:0018310,NCBIGene:673,MONDO:0018310|biolink:disease_has_basis_in|NCBIGene:673,"{""edges"": [{""predicate"": ""biolink:disease_has_basis_in""}, {""predicate"": ""biolink:gene_associated_with_condition""}, {""predicate"": ""biolink:genetically_associated_with""}, {""predicate"": ""biolink:associated_with""}, {""predicate"": ""biolink:contributes_to""}]}"
Q2,6,MONDO:0018310,NCBIGene:673,MONDO:0018310|biolink:gene_associated_with_condition|NCBIGene:673,"{""edges"": [{""predicate"": ""biolink:disease_has_basis_in""}, {""predicate"": ""biolink:gene_associated_with_condition""}, {""predicate"": ""biolink:genetically_associated_with""}, {""predicate"": ""biolink:associated_with""}, {""predicate"": ""biolink:contributes_to""}]}"
Q2,6,MONDO:0018310,NCBIGene:673,MONDO:0018310|biolink:genetically_associated_with|NCBIGene:673,"{""edges"": [{""predicate"": ""biolink:disease_has_basis_in""}, {""predicate"": ""biolink:gene_associated_with_condition""}, {""predicate"": ""biolink:genetically_associated_with""}, {""predicate"": ""biolink:associated_with""}, {""predicate"": ""biolink:contributes_to""}]}"
Q2,7,MONDO:0018310,NCBIGene:673,MONDO:0018310|biolink:affects|NCBIGene:673,"{""edges"":[{""predicate"":""biolink:gene_associated_with_condition""},{""predicate"":""biolink:genetically_associated_with""},{""predicate"":""biolink:disease_has_basis_in""},{""predicate"":""biolink:contributes_to""},{""predicate"":""biolink:associated_with""},{""predicate"":""biolink:affects""},{""predicate"":""biolink:related_to""}]}"
Q2,7,MONDO:0018310,NCBIGene:673,MONDO:0018310|biolink:associated_with|NCBIGene:673,"{""edges"":[{""predicate"":""biolink:gene_associated_with_condition""},{""predicate"":""biolink:genetically_associated_with""},{""predicate"":""biolink:disease_has_basis_in""},{""predicate"":""biolink:contributes_to""},{""predicate"":""biolink:associated_with""},{""predicate"":""biolink:affects""},{""predicate"":""biolink:related_to""}]}"
Q2,7,MONDO:0018310,NCBIGene:673,MONDO:0018310|biolink:contributes_to|NCBIGene:673,"{""edges"":[{""predicate"":""biolink:gene_associated_with_condition""},{""predicate"":""biolink:genetically_associated_with""},{""predicate"":""biolink:disease_has_basis_in""},{""predicate"":""biolink:contributes_to""},{""predicate"":""biolink:associated_with""},{""predicate"":""biolink:affects""},{""predicate"":""biolink:related_to""}]}"
Q2,7,MONDO:0018310,NCBIGene:673,MONDO:0018310|biolink:disease_has_basis_in|NCBIGene:673,"{""edges"":[{""predicate"":""biolink:gene_associated_with_condition""},{""predicate"":""biolink:genetically_associated_with""},{""predicate"":""biolink:disease_has_basis_in""},{""predicate"":""biolink:contributes_to""},{""predicate"":""biolink:associated_with""},{""predicate"":""biolink:affects""},{""predicate"":""biolink:related_to""}]}"
Q2,7,MONDO:0018310,NCBIGene:673,MONDO:0018310|biolink:gene_associated_with_condition|NCBIGene:673,"{""edges"":[{""predicate"":""biolink:gene_associated_with_condition""},{""predicate"":""biolink:genetically_associated_with""},{""predicate"":""biolink:disease_has_basis_in""},{""predicate"":""biolink:contributes_to""},{""predicate"":""biolink:associated_with""},{""predicate"":""biolink:affects""},{""predicate"":""biolink:related_to""}]}"
Q2,7,MONDO:0018310,NCBIGene:673,MONDO:0018310|biolink:genetically_associated_with|NCBIGene:673,"{""edges"":[{""predicate"":""biolink:gene_associated_with_condition""},{""predicate"":""biolink:genetically_associated_with""},{""predicate"":""biolink:disease_has_basis_in""},{""predicate"":""biolink:contributes_to""},{""predicate"":""biolink:associated_with""},{""predicate"":""biolink:affects""},{""predicate"":""biolink:related_to""}]}"
Q2,7,MONDO:0018310,NCBIGene:673,MONDO:0018310|biolink:related_to|NCBIGene:673,"{""edges"":[{""predicate"":""biolink:gene_associated_with_condition""},{""predicate"":""biolink:genetically_associated_with""},{""predicate"":""biolink:disease_has_basis_in""},{""predicate"":""biolink:contributes_to""},{""predicate"":""biolink:associated_with""},{""predicate"":""biolink:affects""},{""predicate"":""biolink:related_to""}]}"
Q2,8,MONDO:0018310,NCBIGene:673,MONDO:0018310|biolink:associated_with|NCBIGene:673,"{""edges"":[{""predicate"":""biolink:disease_has_basis_in""},{""predicate"":""biolink:associated_with""},{""predicate"":""biolink:related_to""}]}"
Q2,8,MONDO:0018310,NCBIGene:673,MONDO:0018310|biolink:disease_has_basis_in|NCBIGene:673,"{""edges"":[{""predicate"":""biolink:disease_has_basis_in""},{""predicate"":""biolink:associated_with""},{""predicate"":""biolink:related_to""}]}"
Q2,8,MONDO:0018310,NCBIGene:673,MONDO:0018310|biolink:related_to|NCBIGene:673,"{""edges"":[{""predicate"":""biolink:disease_has_basis_in""},{""predicate"":""biolink:associated_with""},{""predicate"":""biolink:related_to""}]}"
Q2,9,MONDO:0018310,NCBIGene:673,MONDO:0018310|biolink:associated_with|NCBIGene:673,"{""edges"":[{""predicate"":""biolink:disease_has_basis_in""},{""predicate"":""biolink:genetically_associated_with""},{""predicate"":""biolink:gene_associated_with_condition""},{""predicate"":""biolink:associated_with""},{""predicate"":""biolink:contributes_to""},{""predicate"":""biolink:causes""},{""predicate"":""biolink:related_to""}]}"
Q2,9,MONDO:0018310,NCBIGene:673,MONDO:0018310|biolink:causes|NCBIGene:673,"{""edges"":[{""predicate"":""biolink:disease_has_basis_in""},{""predicate"":""biolink:genetically_associated_with""},{""predicate"":""biolink:gene_associated_with_condition""},{""predicate"":""biolink:associated_with""},{""predicate"":""biolink:contributes_to""},{""predicate"":""biolink:causes""},{""predicate"":""biolink:related_to""}]}"
Q2,9,MONDO:0018310,NCBIGene:673,MONDO:0018310|biolink:contributes_to|NCBIGene:673,"{""edges"":[{""predicate"":""biolink:disease_has_basis_in""},{""predicate"":""biolink:genetically_associated_with""},{""predicate"":""biolink:gene_associated_with_condition""},{""predicate"":""biolink:associated_with""},{""predicate"":""biolink:contributes_to""},{""predicate"":""biolink:causes""},{""predicate"":""biolink:related_to""}]}"
Q2,9,MONDO:0018310,NCBIGene:673,MONDO:0018310|biolink:disease_has_basis_in|NCBIGene:673,"{""edges"":[{""predicate"":""biolink:disease_has_basis_in""},{""predicate"":""biolink:genetically_associated_with""},{""predicate"":""biolink:gene_associated_with_condition""},{""predicate"":""biolink:associated_with""},{""predicate"":""biolink:contributes_to""},{""predicate"":""biolink:causes""},{""predicate"":""biolink:related_to""}]}"
Q2,9,MONDO:0018310,NCBIGene:673,MONDO:0018310|biolink:gene_associated_with_condition|NCBIGene:673,"{""edges"":[{""predicate"":""biolink:disease_has_basis_in""},{""predicate"":""biolink:genetically_associated_with""},{""predicate"":""biolink:gene_associated_with_condition""},{""predicate"":""biolink:associated_with""},{""predicate"":""biolink:contributes_to""},{""predicate"":""biolink:causes""},{""predicate"":""biolink:related_to""}]}"
Q2,9,MONDO:0018310,NCBIGene:673,MONDO:0018310|biolink:genetically_associated_with|NCBIGene:673,"{""edges"":[{""predicate"":""biolink:disease_has_basis_in""},{""predicate"":""biolink:genetically_associated_with""},{""predicate"":""biolink:gene_associated_with_condition""},{""predicate"":""biolink:associated_with""},{""predicate"":""biolink:contributes_to""},{""predicate"":""biolink:causes""},{""predicate"":""biolink:related_to""}]}"
Q2,9,MONDO:0018310,NCBIGene:673,MONDO:0018310|biolink:related_to|NCBIGene:673,"{""edges"":[{""predicate"":""biolink:disease_has_basis_in""},{""predicate"":""biolink:genetically_associated_with""},{""predicate"":""biolink:gene_associated_with_condition""},{""predicate"":""biolink:associated_with""},{""predicate"":""biolink:contributes_to""},{""predicate"":""biolink:causes""},{""predicate"":""biolink:related_to""}]}"
Q2,10,MONDO:0018310,NCBIGene:673,MONDO:0018310|biolink:associated_with|NCBIGene:673,"{""edges"":[{""predicate"":""biolink:disease_has_basis_in""},{""predicate"":""biolink:gene_associated_with_condition""},{""predicate"":""biolink:genetically_associated_with""},{""predicate"":""biolink:associated_with""},{""predicate"":""biolink:contributes_to""}]}"
Q2,10,MONDO:0018310,NCBIGene:673,MONDO:0018310|biolink:contributes_to|NCBIGene:673,"{""edges"":[{""predicate"":""biolink:disease_has_basis_in""},{""predicate"":""biolink:gene_associated_with_condition""},{""predicate"":""biolink:genetically_associated_with""},{""predicate"":""biolink:associated_with""},{""predicate"":""biolink:contributes_to""}]}"
Q2,10,MONDO:0018310,NCBIGene:673,MONDO:0018310|biolink:disease_has_basis_in|NCBIGene:673,"{""edges"":[{""predicate"":""biolink:disease_has_basis_in""},{""predicate"":""biolink:gene_associated_with_condition""},{""predicate"":""biolink:genetically_associated_with""},{""predicate"":""biolink:associated_with""},{""predicate"":""biolink:contributes_to""}]}"
Q2,10,MONDO:0018310,NCBIGene:673,MONDO:0018310|biolink:gene_associated_with_condition|NCBIGene:673,"{""edges"":[{""predicate"":""biolink:disease_has_basis_in""},{""predicate"":""biolink:gene_associated_with_condition""},{""predicate"":""biolink:genetically_associated_with""},{""predicate"":""biolink:associated_with""},{""predicate"":""biolink:contributes_to""}]}"
Q2,10,MONDO:0018310,NCBIGene:673,MONDO:0018310|biolink:genetically_associated_with|NCBIGene:673,"{""edges"":[{""predicate"":""biolink:disease_has_basis_in""},{""predicate"":""biolink:gene_associated_with_condition""},{""predicate"":""biolink:genetically_associated_with""},{""predicate"":""biolink:associated_with""},{""predicate"":""biolink:contributes_to""}]}"
Q2,11,MONDO:0018310,NCBIGene:673,MONDO:0018310|biolink:associated_with|NCBIGene:673,"{""edges"":[{""predicate"":""biolink:disease_has_basis_in""},{""predicate"":""biolink:gene_associated_with_condition""},{""predicate"":""biolink:genetically_associated_with""},{""predicate"":""biolink:contributes_to""},{""predicate"":""biolink:associated_with""},{""predicate"":""biolink:related_to""}]}"
Q2,11,MONDO:0018310,NCBIGene:673,MONDO:0018310|biolink:contributes_to|NCBIGene:673,"{""edges"":[{""predicate"":""biolink:disease_has_basis_in""},{""predicate"":""biolink:gene_associated_with_condition""},{""predicate"":""biolink:genetically_associated_with""},{""predicate"":""biolink:contributes_to""},{""predicate"":""biolink:associated_with""},{""predicate"":""biolink:related_to""}]}"
Q2,11,MONDO:0018310,NCBIGene:673,MONDO:0018310|biolink:disease_has_basis_in|NCBIGene:673,"{""edges"":[{""predicate"":""biolink:disease_has_basis_in""},{""predicate"":""biolink:gene_associated_with_condition""},{""predicate"":""biolink:genetically_associated_with""},{""predicate"":""biolink:contributes_to""},{""predicate"":""biolink:associated_with""},{""predicate"":""biolink:related_to""}]}"
Q2,11,MONDO:0018310,NCBIGene:673,MONDO:0018310|biolink:gene_associated_with_condition|NCBIGene:673,"{""edges"":[{""predicate"":""biolink:disease_has_basis_in""},{""predicate"":""biolink:gene_associated_with_condition""},{""predicate"":""biolink:genetically_associated_with""},{""predicate"":""biolink:contributes_to""},{""predicate"":""biolink:associated_with""},{""predicate"":""biolink:related_to""}]}"
Q2,11,MONDO:0018310,NCBIGene:673,MONDO:0018310|biolink:genetically_associated_with|NCBIGene:673,"{""edges"":[{""predicate"":""biolink:disease_has_basis_in""},{""predicate"":""biolink:gene_associated_with_condition""},{""predicate"":""biolink:genetically_associated_with""},{""predicate"":""biolink:contributes_to""},{""predicate"":""biolink:associated_with""},{""predicate"":""biolink:related_to""}]}"
Q2,11,MONDO:0018310,NCBIGene:673,MONDO:0018310|biolink:related_to|NCBIGene:673,"{""edges"":[{""predicate"":""biolink:disease_has_basis_in""},{""predicate"":""biolink:gene_associated_with_condition""},{""predicate"":""biolink:genetically_associated_with""},{""predicate"":""biolink:contributes_to""},{""predicate"":""biolink:associated_with""},{""predicate"":""biolink:related_to""}]}"
Q2,12,MONDO:0018310,NCBIGene:673,MONDO:0018310|biolink:associated_with|NCBIGene:673,"{""edges"":[{""predicate"":""biolink:disease_has_basis_in""},{""predicate"":""biolink:gene_associated_with_condition""},{""predicate"":""biolink:genetically_associated_with""},{""predicate"":""biolink:associated_with""},{""predicate"":""biolink:related_to""},{""predicate"":""biolink:contributes_to""}]}"
Q2,12,MONDO:0018310,NCBIGene:673,MONDO:0018310|biolink:contributes_to|NCBIGene:673,"{""edges"":[{""predicate"":""biolink:disease_has_basis_in""},{""predicate"":""biolink:gene_associated_with_condition""},{""predicate"":""biolink:genetically_associated_with""},{""predicate"":""biolink:associated_with""},{""predicate"":""biolink:related_to""},{""predicate"":""biolink:contributes_to""}]}"
Q2,12,MONDO:0018310,NCBIGene:673,MONDO:0018310|biolink:disease_has_basis_in|NCBIGene:673,"{""edges"":[{""predicate"":""biolink:disease_has_basis_in""},{""predicate"":""biolink:gene_associated_with_condition""},{""predicate"":""biolink:genetically_associated_with""},{""predicate"":""biolink:associated_with""},{""predicate"":""biolink:related_to""},{""predicate"":""biolink:contributes_to""}]}"
Q2,12,MONDO:0018310,NCBIGene:673,MONDO:0018310|biolink:gene_associated_with_condition|NCBIGene:673,"{""edges"":[{""predicate"":""biolink:disease_has_basis_in""},{""predicate"":""biolink:gene_associated_with_condition""},{""predicate"":""biolink:genetically_associated_with""},{""predicate"":""biolink:associated_with""},{""predicate"":""biolink:related_to""},{""predicate"":""biolink:contributes_to""}]}"
Q2,12,MONDO:0018310,NCBIGene:673,MONDO:0018310|biolink:genetically_associated_with|NCBIGene:673,"{""edges"":[{""predicate"":""biolink:disease_has_basis_in""},{""predicate"":""biolink:gene_associated_with_condition""},{""predicate"":""biolink:genetically_associated_with""},{""predicate"":""biolink:associated_with""},{""predicate"":""biolink:related_to""},{""predicate"":""biolink:contributes_to""}]}"
Q2,12,MONDO:0018310,NCBIGene:673,MONDO:0018310|biolink:related_to|NCBIGene:673,"{""edges"":[{""predicate"":""biolink:disease_has_basis_in""},{""predicate"":""biolink:gene_associated_with_condition""},{""predicate"":""biolink:genetically_associated_with""},{""predicate"":""biolink:associated_with""},{""predicate"":""biolink:related_to""},{""predicate"":""biolink:contributes_to""}]}"
Q2,13,MONDO:0018310,NCBIGene:673,MONDO:0018310|biolink:associated_with|NCBIGene:673,"{""edges"":[{""predicate"":""biolink:disease_has_basis_in""},{""predicate"":""biolink:genetically_associated_with""},{""predicate"":""biolink:associated_with""}]}"
Q2,13,MONDO:0018310,NCBIGene:673,MONDO:0018310|biolink:disease_has_basis_in|NCBIGene:673,"{""edges"":[{""predicate"":""biolink:disease_has_basis_in""},{""predicate"":""biolink:genetically_associated_with""},{""predicate"":""biolink:associated_with""}]}"
Q2,13,MONDO:0018310,NCBIGene:673,MONDO:0018310|biolink:genetically_associated_with|NCBIGene:673,"{""edges"":[{""predicate"":""biolink:disease_has_basis_in""},{""predicate"":""biolink:genetically_associated_with""},{""predicate"":""biolink:associated_with""}]}"
Q2,14,MONDO:0018310,NCBIGene:673,MONDO:0018310|biolink:associated_with|NCBIGene:673,"{""edges"":[{""predicate"":""biolink:disease_has_basis_in""},{""predicate"":""biolink:genetically_associated_with""},{""predicate"":""biolink:associated_with""},{""predicate"":""biolink:related_to""}]}"
Q2,14,MONDO:0018310,NCBIGene:673,MONDO:0018310|biolink:disease_has_basis_in|NCBIGene:673,"{""edges"":[{""predicate"":""biolink:disease_has_basis_in""},{""predicate"":""biolink:genetically_associated_with""},{""predicate"":""biolink:associated_with""},{""predicate"":""biolink:related_to""}]}"
Q2,14,MONDO:0018310,NCBIGene:673,MONDO:0018310|biolink:genetically_associated_with|NCBIGene:673,"{""edges"":[{""predicate"":""biolink:disease_has_basis_in""},{""predicate"":""biolink:genetically_associated_with""},{""predicate"":""biolink:associated_with""},{""predicate"":""biolink:related_to""}]}"
Q2,14,MONDO:0018310,NCBIGene:673,MONDO:0018310|biolink:related_to|NCBIGene:673,"{""edges"":[{""predicate"":""biolink:disease_has_basis_in""},{""predicate"":""biolink:genetically_associated_with""},{""predicate"":""biolink:associated_with""},{""predicate"":""biolink:related_to""}]}"
Q2,15,MONDO:0018310,NCBIGene:673,MONDO:0018310|biolink:associated_with|NCBIGene:673,"{""edges"":[{""predicate"":""biolink:disease_has_basis_in""},{""predicate"":""biolink:genetically_associated_with""},{""predicate"":""biolink:associated_with""},{""predicate"":""biolink:related_to""}]}"
Q2,15,MONDO:0018310,NCBIGene:673,MONDO:0018310|biolink:disease_has_basis_in|NCBIGene:673,"{""edges"":[{""predicate"":""biolink:disease_has_basis_in""},{""predicate"":""biolink:genetically_associated_with""},{""predicate"":""biolink:associated_with""},{""predicate"":""biolink:related_to""}]}"
Q2,15,MONDO:0018310,NCBIGene:673,MONDO:0018310|biolink:genetically_associated_with|NCBIGene:673,"{""edges"":[{""predicate"":""biolink:disease_has_basis_in""},{""predicate"":""biolink:genetically_associated_with""},{""predicate"":""biolink:associated_with""},{""predicate"":""biolink:related_to""}]}"
Q2,15,MONDO:0018310,NCBIGene:673,MONDO:0018310|biolink:related_to|NCBIGene:673,"{""edges"":[{""predicate"":""biolink:disease_has_basis_in""},{""predicate"":""biolink:genetically_associated_with""},{""predicate"":""biolink:associated_with""},{""predicate"":""biolink:related_to""}]}"
Q2,16,MONDO:0018310,NCBIGene:673,MONDO:0018310|biolink:associated_with|NCBIGene:673,"{""edges"":[{""predicate"":""biolink:disease_has_basis_in""},{""predicate"":""biolink:genetically_associated_with""},{""predicate"":""biolink:gene_associated_with_condition""},{""predicate"":""biolink:associated_with""},{""predicate"":""biolink:related_to""},{""predicate"":""biolink:contributes_to""}]}"
Q2,16,MONDO:0018310,NCBIGene:673,MONDO:0018310|biolink:contributes_to|NCBIGene:673,"{""edges"":[{""predicate"":""biolink:disease_has_basis_in""},{""predicate"":""biolink:genetically_associated_with""},{""predicate"":""biolink:gene_associated_with_condition""},{""predicate"":""biolink:associated_with""},{""predicate"":""biolink:related_to""},{""predicate"":""biolink:contributes_to""}]}"
Q2,16,MONDO:0018310,NCBIGene:673,MONDO:0018310|biolink:disease_has_basis_in|NCBIGene:673,"{""edges"":[{""predicate"":""biolink:disease_has_basis_in""},{""predicate"":""biolink:genetically_associated_with""},{""predicate"":""biolink:gene_associated_with_condition""},{""predicate"":""biolink:associated_with""},{""predicate"":""biolink:related_to""},{""predicate"":""biolink:contributes_to""}]}"
Q2,16,MONDO:0018310,NCBIGene:673,MONDO:0018310|biolink:gene_associated_with_condition|NCBIGene:673,"{""edges"":[{""predicate"":""biolink:disease_has_basis_in""},{""predicate"":""biolink:genetically_associated_with""},{""predicate"":""biolink:gene_associated_with_condition""},{""predicate"":""biolink:associated_with""},{""predicate"":""biolink:related_to""},{""predicate"":""biolink:contributes_to""}]}"
Q2,16,MONDO:0018310,NCBIGene:673,MONDO:0018310|biolink:genetically_associated_with|NCBIGene:673,"{""edges"":[{""predicate"":""biolink:disease_has_basis_in""},{""predicate"":""biolink:genetically_associated_with""},{""predicate"":""biolink:gene_associated_with_condition""},{""predicate"":""biolink:associated_with""},{""predicate"":""biolink:related_to""},{""predicate"":""biolink:contributes_to""}]}"
Q2,16,MONDO:0018310,NCBIGene:673,MONDO:0018310|biolink:related_to|NCBIGene:673,"{""edges"":[{""predicate"":""biolink:disease_has_basis_in""},{""predicate"":""biolink:genetically_associated_with""},{""predicate"":""biolink:gene_associated_with_condition""},{""predicate"":""biolink:associated_with""},{""predicate"":""biolink:related_to""},{""predicate"":""biolink:contributes_to""}]}"
Q2,17,MONDO:0018310,NCBIGene:673,MONDO:0018310|biolink:associated_with|NCBIGene:673,"{""edges"":[{""predicate"":""biolink:disease_has_basis_in""},{""predicate"":""biolink:associated_with""},{""predicate"":""biolink:related_to""}]}"
Q2,17,MONDO:0018310,NCBIGene:673,MONDO:0018310|biolink:disease_has_basis_in|NCBIGene:673,"{""edges"":[{""predicate"":""biolink:disease_has_basis_in""},{""predicate"":""biolink:associated_with""},{""predicate"":""biolink:related_to""}]}"
Q2,17,MONDO:0018310,NCBIGene:673,MONDO:0018310|biolink:related_to|NCBIGene:673,"{""edges"":[{""predicate"":""biolink:disease_has_basis_in""},{""predicate"":""biolink:associated_with""},{""predicate"":""biolink:related_to""}]}"
Q2,18,MONDO:0018310,NCBIGene:673,MONDO:0018310|biolink:associated_with|NCBIGene:673,"{""edges"": [{""predicate"": ""biolink:disease_has_basis_in""}, {""predicate"": ""biolink:genetically_associated_with""}, {""predicate"": ""biolink:associated_with""}, {""predicate"": ""biolink:related_to""}]}"
Q2,18,MONDO:0018310,NCBIGene:673,MONDO:0018310|biolink:disease_has_basis_in|NCBIGene:673,"{""edges"": [{""predicate"": ""biolink:disease_has_basis_in""}, {""predicate"": ""biolink:genetically_associated_with""}, {""predicate"": ""biolink:associated_with""}, {""predicate"": ""biolink:related_to""}]}"
Q2,18,MONDO:0018310,NCBIGene:673,MONDO:0018310|biolink:genetically_associated_with|NCBIGene:673,"{""edges"": [{""predicate"": ""biolink:disease_has_basis_in""}, {""predicate"": ""biolink:genetically_associated_with""}, {""predicate"": ""biolink:associated_with""}, {""predicate"": ""biolink:related_to""}]}"
Q2,18,MONDO:0018310,NCBIGene:673,MONDO:0018310|biolink:related_to|NCBIGene:673,"{""edges"": [{""predicate"": ""biolink:disease_has_basis_in""}, {""predicate"": ""biolink:genetically_associated_with""}, {""predicate"": ""biolink:associated_with""}, {""predicate"": ""biolink:related_to""}]}"
Q2,19,MONDO:0018310,NCBIGene:673,MONDO:0018310|biolink:associated_with|NCBIGene:673,"{""edges"":[{""predicate"":""biolink:disease_has_basis_in""},{""predicate"":""biolink:genetically_associated_with""},{""predicate"":""biolink:associated_with""},{""predicate"":""biolink:related_to""}]}"
Q2,19,MONDO:0018310,NCBIGene:673,MONDO:0018310|biolink:disease_has_basis_in|NCBIGene:673,"{""edges"":[{""predicate"":""biolink:disease_has_basis_in""},{""predicate"":""biolink:genetically_associated_with""},{""predicate"":""biolink:associated_with""},{""predicate"":""biolink:related_to""}]}"
Q2,19,MONDO:0018310,NCBIGene:673,MONDO:0018310|biolink:genetically_associated_with|NCBIGene:673,"{""edges"":[{""predicate"":""biolink:disease_has_basis_in""},{""predicate"":""biolink:genetically_associated_with""},{""predicate"":""biolink:associated_with""},{""predicate"":""biolink:related_to""}]}"
Q2,19,MONDO:0018310,NCBIGene:673,MONDO:0018310|biolink:related_to|NCBIGene:673,"{""edges"":[{""predicate"":""biolink:disease_has_basis_in""},{""predicate"":""biolink:genetically_associated_with""},{""predicate"":""biolink:associated_with""},{""predicate"":""biolink:related_to""}]}"
Q2,20,MONDO:0018310,NCBIGene:673,MONDO:0018310|biolink:associated_with|NCBIGene:673,"{""edges"":[{""predicate"":""biolink:disease_has_basis_in""},{""predicate"":""biolink:associated_with""},{""predicate"":""biolink:genetically_associated_with""},{""predicate"":""biolink:related_to""}]}"
Q2,20,MONDO:0018310,NCBIGene:673,MONDO:0018310|biolink:disease_has_basis_in|NCBIGene:673,"{""edges"":[{""predicate"":""biolink:disease_has_basis_in""},{""predicate"":""biolink:associated_with""},{""predicate"":""biolink:genetically_associated_with""},{""predicate"":""biolink:related_to""}]}"
Q2,20,MONDO:0018310,NCBIGene:673,MONDO:0018310|biolink:genetically_associated_with|NCBIGene:673,"{""edges"":[{""predicate"":""biolink:disease_has_basis_in""},{""predicate"":""biolink:associated_with""},{""predicate"":""biolink:genetically_associated_with""},{""predicate"":""biolink:related_to""}]}"
Q2,20,MONDO:0018310,NCBIGene:673,MONDO:0018310|biolink:related_to|NCBIGene:673,"{""edges"":[{""predicate"":""biolink:disease_has_basis_in""},{""predicate"":""biolink:associated_with""},{""predicate"":""biolink:genetically_associated_with""},{""predicate"":""biolink:related_to""}]}"
Q3,1,MONDO:0005061,NCBIGene:7157,MONDO:0005061|biolink:associated_with|NCBIGene:7157,"{""edges"": [{""predicate"": ""biolink:gene_associated_with_condition""}, {""predicate"": ""biolink:genetically_associated_with""}, {""predicate"": ""biolink:associated_with""}, {""predicate"": ""biolink:disease_has_basis_in""}, {""predicate"": ""biolink:contributes_to""}, {""predicate"": ""biolink:related_to""}]}"
Q3,1,MONDO:0005061,NCBIGene:7157,MONDO:0005061|biolink:contributes_to|NCBIGene:7157,"{""edges"": [{""predicate"": ""biolink:gene_associated_with_condition""}, {""predicate"": ""biolink:genetically_associated_with""}, {""predicate"": ""biolink:associated_with""}, {""predicate"": ""biolink:disease_has_basis_in""}, {""predicate"": ""biolink:contributes_to""}, {""predicate"": ""biolink:related_to""}]}"
Q3,1,MONDO:0005061,NCBIGene:7157,MONDO:0005061|biolink:disease_has_basis_in|NCBIGene:7157,"{""edges"": [{""predicate"": ""biolink:gene_associated_with_condition""}, {""predicate"": ""biolink:genetically_associated_with""}, {""predicate"": ""biolink:associated_with""}, {""predicate"": ""biolink:disease_has_basis_in""}, {""predicate"": ""biolink:contributes_to""}, {""predicate"": ""biolink:related_to""}]}"
Q3,1,MONDO:0005061,NCBIGene:7157,MONDO:0005061|biolink:gene_associated_with_condition|NCBIGene:7157,"{""edges"": [{""predicate"": ""biolink:gene_associated_with_condition""}, {""predicate"": ""biolink:genetically_associated_with""}, {""predicate"": ""biolink:associated_with""}, {""predicate"": ""biolink:disease_has_basis_in""}, {""predicate"": ""biolink:contributes_to""}, {""predicate"": ""biolink:related_to""}]}"
Q3,1,MONDO:0005061,NCBIGene:7157,MONDO:0005061|biolink:genetically_associated_with|NCBIGene:7157,"{""edges"": [{""predicate"": ""biolink:gene_associated_with_condition""}, {""predicate"": ""biolink:genetically_associated_with""}, {""predicate"": ""biolink:associated_with""}, {""predicate"": ""biolink:disease_has_basis_in""}, {""predicate"": ""biolink:contributes_to""}, {""predicate"": ""biolink:related_to""}]}"
Q3,1,MONDO:0005061,NCBIGene:7157,MONDO:0005061|biolink:related_to|NCBIGene:7157,"{""edges"": [{""predicate"": ""biolink:gene_associated_with_condition""}, {""predicate"": ""biolink:genetically_associated_with""}, {""predicate"": ""biolink:associated_with""}, {""predicate"": ""biolink:disease_has_basis_in""}, {""predicate"": ""biolink:contributes_to""}, {""predicate"": ""biolink:related_to""}]}"
Q3,2,MONDO:0005061,NCBIGene:7157,MONDO:0005061|biolink:associated_with|NCBIGene:7157,"{""edges"":[{""predicate"":""biolink:gene_associated_with_condition""},{""predicate"":""biolink:genetically_associated_with""},{""predicate"":""biolink:contributes_to""},{""predicate"":""biolink:disease_has_basis_in""},{""predicate"":""biolink:associated_with""}]}"
Q3,2,MONDO:0005061,NCBIGene:7157,MONDO:0005061|biolink:contributes_to|NCBIGene:7157,"{""edges"":[{""predicate"":""biolink:gene_associated_with_condition""},{""predicate"":""biolink:genetically_associated_with""},{""predicate"":""biolink:contributes_to""},{""predicate"":""biolink:disease_has_basis_in""},{""predicate"":""biolink:associated_with""}]}"
Q3,2,MONDO:0005061,NCBIGene:7157,MONDO:0005061|biolink:disease_has_basis_in|NCBIGene:7157,"{""edges"":[{""predicate"":""biolink:gene_associated_with_condition""},{""predicate"":""biolink:genetically_associated_with""},{""predicate"":""biolink:contributes_to""},{""predicate"":""biolink:disease_has_basis_in""},{""predicate"":""biolink:associated_with""}]}"
Q3,2,MONDO:0005061,NCBIGene:7157,MONDO:0005061|biolink:gene_associated_with_condition|NCBIGene:7157,"{""edges"":[{""predicate"":""biolink:gene_associated_with_condition""},{""predicate"":""biolink:genetically_associated_with""},{""predicate"":""biolink:contributes_to""},{""predicate"":""biolink:disease_has_basis_in""},{""predicate"":""biolink:associated_with""}]}"
Q3,2,MONDO:0005061,NCBIGene:7157,MONDO:0005061|biolink:genetically_associated_with|NCBIGene:7157,"{""edges"":[{""predicate"":""biolink:gene_associated_with_condition""},{""predicate"":""biolink:genetically_associated_with""},{""predicate"":""biolink:contributes_to""},{""predicate"":""biolink:disease_has_basis_in""},{""predicate"":""biolink:associated_with""}]}"
Q3,3,MONDO:0005061,NCBIGene:7157,MONDO:0005061|biolink:associated_with|NCBIGene:7157,"{""edges"":[{""predicate"":""biolink:disease_has_basis_in""},{""predicate"":""biolink:gene_associated_with_condition""},{""predicate"":""biolink:genetically_associated_with""},{""predicate"":""biolink:contributes_to""},{""predicate"":""biolink:associated_with""}]}"
Q3,3,MONDO:0005061,NCBIGene:7157,MONDO:0005061|biolink:contributes_to|NCBIGene:7157,"{""edges"":[{""predicate"":""biolink:disease_has_basis_in""},{""predicate"":""biolink:gene_associated_with_condition""},{""predicate"":""biolink:genetically_associated_with""},{""predicate"":""biolink:contributes_to""},{""predicate"":""biolink:associated_with""}]}"
Q3,3,MONDO:0005061,NCBIGene:7157,MONDO:0005061|biolink:disease_has_basis_in|NCBIGene:7157,"{""edges"":[{""predicate"":""biolink:disease_has_basis_in""},{""predicate"":""biolink:gene_associated_with_condition""},{""predicate"":""biolink:genetically_associated_with""},{""predicate"":""biolink:contributes_to""},{""predicate"":""biolink:associated_with""}]}"
Q3,3,MONDO:0005061,NCBIGene:7157,MONDO:0005061|biolink:gene_associated_with_condition|NCBIGene:7157,"{""edges"":[{""predicate"":""biolink:disease_has_basis_in""},{""predicate"":""biolink:gene_associated_with_condition""},{""predicate"":""biolink:genetically_associated_with""},{""predicate"":""biolink:contributes_to""},{""predicate"":""biolink:associated_with""}]}"
Q3,3,MONDO:0005061,NCBIGene:7157,MONDO:0005061|biolink:genetically_associated_with|NCBIGene:7157,"{""edges"":[{""predicate"":""biolink:disease_has_basis_in""},{""predicate"":""biolink:gene_associated_with_condition""},{""predicate"":""biolink:genetically_associated_with""},{""predicate"":""biolink:contributes_to""},{""predicate"":""biolink:associated_with""}]}"
Q3,4,MONDO:0005061,NCBIGene:7157,MONDO:0005061|biolink:associated_with|NCBIGene:7157,"{""edges"":[{""predicate"":""biolink:gene_associated_with_condition""},{""predicate"":""biolink:genetically_associated_with""},{""predicate"":""biolink:disease_has_basis_in""},{""predicate"":""biolink:associated_with""},{""predicate"":""biolink:contributes_to""},{""predicate"":""biolink:related_to""}]}"
Q3,4,MONDO:0005061,NCBIGene:7157,MONDO:0005061|biolink:contributes_to|NCBIGene:7157,"{""edges"":[{""predicate"":""biolink:gene_associated_with_condition""},{""predicate"":""biolink:genetically_associated_with""},{""predicate"":""biolink:disease_has_basis_in""},{""predicate"":""biolink:associated_with""},{""predicate"":""biolink:contributes_to""},{""predicate"":""biolink:related_to""}]}"
Q3,4,MONDO:0005061,NCBIGene:7157,MONDO:0005061|biolink:disease_has_basis_in|NCBIGene:7157,"{""edges"":[{""predicate"":""biolink:gene_associated_with_condition""},{""predicate"":""biolink:genetically_associated_with""},{""predicate"":""biolink:disease_has_basis_in""},{""predicate"":""biolink:associated_with""},{""predicate"":""biolink:contributes_to""},{""predicate"":""biolink:related_to""}]}"
Q3,4,MONDO:0005061,NCBIGene:7157,MONDO:0005061|biolink:gene_associated_with_condition|NCBIGene:7157,"{""edges"":[{""predicate"":""biolink:gene_associated_with_condition""},{""predicate"":""biolink:genetically_associated_with""},{""predicate"":""biolink:disease_has_basis_in""},{""predicate"":""biolink:associated_with""},{""predicate"":""biolink:contributes_to""},{""predicate"":""biolink:related_to""}]}"
Q3,4,MONDO:0005061,NCBIGene:7157,MONDO:0005061|biolink:genetically_associated_with|NCBIGene:7157,"{""edges"":[{""predicate"":""biolink:gene_associated_with_condition""},{""predicate"":""biolink:genetically_associated_with""},{""predicate"":""biolink:disease_has_basis_in""},{""predicate"":""biolink:associated_with""},{""predicate"":""biolink:contributes_to""},{""predicate"":""biolink:related_to""}]}"
Q3,4,MONDO:0005061,NCBIGene:7157,MONDO:0005061|biolink:related_to|NCBIGene:7157,"{""edges"":[{""predicate"":""biolink:gene_associated_with_condition""},{""predicate"":""biolink:genetically_associated_with""},{""predicate"":""biolink:disease_has_basis_in""},{""predicate"":""biolink:associated_with""},{""predicate"":""biolink:contributes_to""},{""predicate"":""biolink:related_to""}]}"
Q3,5,MONDO:0005061,NCBIGene:7157,MONDO:0005061|biolink:associated_with|NCBIGene:7157,"{""edges"":[{""predicate"":""biolink:gene_associated_with_condition""},{""predicate"":""biolink:genetically_associated_with""},{""predicate"":""biolink:disease_has_basis_in""},{""predicate"":""biolink:associated_with""},{""predicate"":""biolink:contributes_to""}]}"
Q3,5,MONDO:0005061,NCBIGene:7157,MONDO:0005061|biolink:contributes_to|NCBIGene:7157,"{""edges"":[{""predicate"":""biolink:gene_associated_with_condition""},{""predicate"":""biolink:genetically_associated_with""},{""predicate"":""biolink:disease_has_basis_in""},{""predicate"":""biolink:associated_with""},{""predicate"":""biolink:contributes_to""}]}"
Q3,5,MONDO:0005061,NCBIGene:7157,MONDO:0005061|biolink:disease_has_basis_in|NCBIGene:7157,"{""edges"":[{""predicate"":""biolink:gene_associated_with_condition""},{""predicate"":""biolink:genetically_associated_with""},{""predicate"":""biolink:disease_has_basis_in""},{""predicate"":""biolink:associated_with""},{""predicate"":""biolink:contributes_to""}]}"
Q3,5,MONDO:0005061,NCBIGene:7157,MONDO:0005061|biolink:gene_associated_with_condition|NCBIGene:7157,"{""edges"":[{""predicate"":""biolink:gene_associated_with_condition""},{""predicate"":""biolink:genetically_associated_with""},{""predicate"":""biolink:disease_has_basis_in""},{""predicate"":""biolink:associated_with""},{""predicate"":""biolink:contributes_to""}]}"
Q3,5,MONDO:0005061,NCBIGene:7157,MONDO:0005061|biolink:genetically_associated_with|NCBIGene:7157,"{""edges"":[{""predicate"":""biolink:gene_associated_with_condition""},{""predicate"":""biolink:genetically_associated_with""},{""predicate"":""biolink:disease_has_basis_in""},{""predicate"":""biolink:associated_with""},{""predicate"":""biolink:contributes_to""}]}"
Q3,6,MONDO:0005061,NCBIGene:7157,MONDO:0005061|biolink:associated_with|NCBIGene:7157,"{""edges"":[{""predicate"":""biolink:disease_has_basis_in""},{""predicate"":""biolink:genetically_associated_with""},{""predicate"":""biolink:gene_associated_with_condition""},{""predicate"":""biolink:associated_with""},{""predicate"":""biolink:contributes_to""}]}"
Q3,6,MONDO:0005061,NCBIGene:7157,MONDO:0005061|biolink:contributes_to|NCBIGene:7157,"{""edges"":[{""predicate"":""biolink:disease_has_basis_in""},{""predicate"":""biolink:genetically_associated_with""},{""predicate"":""biolink:gene_associated_with_condition""},{""predicate"":""biolink:associated_with""},{""predicate"":""biolink:contributes_to""}]}"
Q3,6,MONDO:0005061,NCBIGene:7157,MONDO:0005061|biolink:disease_has_basis_in|NCBIGene:7157,"{""edges"":[{""predicate"":""biolink:disease_has_basis_in""},{""predicate"":""biolink:genetically_associated_with""},{""predicate"":""biolink:gene_associated_with_condition""},{""predicate"":""biolink:associated_with""},{""predicate"":""biolink:contributes_to""}]}"
Q3,6,MONDO:0005061,NCBIGene:7157,MONDO:0005061|biolink:gene_associated_with_condition|NCBIGene:7157,"{""edges"":[{""predicate"":""biolink:disease_has_basis_in""},{""predicate"":""biolink:genetically_associated_with""},{""predicate"":""biolink:gene_associated_with_condition""},{""predicate"":""biolink:associated_with""},{""predicate"":""biolink:contributes_to""}]}"
Q3,6,MONDO:0005061,NCBIGene:7157,MONDO:0005061|biolink:genetically_associated_with|NCBIGene:7157,"{""edges"":[{""predicate"":""biolink:disease_has_basis_in""},{""predicate"":""biolink:genetically_associated_with""},{""predicate"":""biolink:gene_associated_with_condition""},{""predicate"":""biolink:associated_with""},{""predicate"":""biolink:contributes_to""}]}"
Q3,7,MONDO:0005061,NCBIGene:7157,MONDO:0005061|biolink:associated_with|NCBIGene:7157,"{""edges"":[{""predicate"":""biolink:gene_associated_with_condition""},{""predicate"":""biolink:genetically_associated_with""},{""predicate"":""biolink:disease_has_basis_in""},{""predicate"":""biolink:contributes_to""},{""predicate"":""biolink:associated_with""},{""predicate"":""biolink:predisposes_to_condition""},{""predicate"":""biolink:related_to""}]}"
Q3,7,MONDO:0005061,NCBIGene:7157,MONDO:0005061|biolink:contributes_to|NCBIGene:7157,"{""edges"":[{""predicate"":""biolink:gene_associated_with_condition""},{""predicate"":""biolink:genetically_associated_with""},{""predicate"":""biolink:disease_has_basis_in""},{""predicate"":""biolink:contributes_to""},{""predicate"":""biolink:associated_with""},{""predicate"":""biolink:predisposes_to_condition""},{""predicate"":""biolink:related_to""}]}"
Q3,7,MONDO:0005061,NCBIGene:7157,MONDO:0005061|biolink:disease_has_basis_in|NCBIGene:7157,"{""edges"":[{""predicate"":""biolink:gene_associated_with_condition""},{""predicate"":""biolink:genetically_associated_with""},{""predicate"":""biolink:disease_has_basis_in""},{""predicate"":""biolink:contributes_to""},{""predicate"":""biolink:associated_with""},{""predicate"":""biolink:predisposes_to_condition""},{""predicate"":""biolink:related_to""}]}"
Q3,7,MONDO:0005061,NCBIGene:7157,MONDO:0005061|biolink:gene_associated_with_condition|NCBIGene:7157,"{""edges"":[{""predicate"":""biolink:gene_associated_with_condition""},{""predicate"":""biolink:genetically_associated_with""},{""predicate"":""biolink:disease_has_basis_in""},{""predicate"":""biolink:contributes_to""},{""predicate"":""biolink:associated_with""},{""predicate"":""biolink:predisposes_to_condition""},{""predicate"":""biolink:related_to""}]}"
Q3,7,MONDO:0005061,NCBIGene:7157,MONDO:0005061|biolink:genetically_associated_with|NCBIGene:7157,"{""edges"":[{""predicate"":""biolink:gene_associated_with_condition""},{""predicate"":""biolink:genetically_associated_with""},{""predicate"":""biolink:disease_has_basis_in""},{""predicate"":""biolink:contributes_to""},{""predicate"":""biolink:associated_with""},{""predicate"":""biolink:predisposes_to_condition""},{""predicate"":""biolink:related_to""}]}"
Q3,7,MONDO:0005061,NCBIGene:7157,MONDO:0005061|biolink:predisposes_to_condition|NCBIGene:7157,"{""edges"":[{""predicate"":""biolink:gene_associated_with_condition""},{""predicate"":""biolink:genetically_associated_with""},{""predicate"":""biolink:disease_has_basis_in""},{""predicate"":""biolink:contributes_to""},{""predicate"":""biolink:associated_with""},{""predicate"":""biolink:predisposes_to_condition""},{""predicate"":""biolink:related_to""}]}"
Q3,7,MONDO:0005061,NCBIGene:7157,MONDO:0005061|biolink:related_to|NCBIGene:7157,"{""edges"":[{""predicate"":""biolink:gene_associated_with_condition""},{""predicate"":""biolink:genetically_associated_with""},{""predicate"":""biolink:disease_has_basis_in""},{""predicate"":""biolink:contributes_to""},{""predicate"":""biolink:associated_with""},{""predicate"":""biolink:predisposes_to_condition""},{""predicate"":""biolink:related_to""}]}"
Q3,8,MONDO:0005061,NCBIGene:7157,MONDO:0005061|biolink:associated_with|NCBIGene:7157,"{""edges"":[{""predicate"":""biolink:gene_associated_with_condition""},{""predicate"":""biolink:genetically_associated_with""},{""predicate"":""biolink:disease_has_basis_in""},{""predicate"":""biolink:associated_with""},{""predicate"":""biolink:contributes_to""},{""predicate"":""biolink:predisposes_to_condition""},{""predicate"":""biolink:related_to""}]}"
Q3,8,MONDO:0005061,NCBIGene:7157,MONDO:0005061|biolink:contributes_to|NCBIGene:7157,"{""edges"":[{""predicate"":""biolink:gene_associated_with_condition""},{""predicate"":""biolink:genetically_associated_with""},{""predicate"":""biolink:disease_has_basis_in""},{""predicate"":""biolink:associated_with""},{""predicate"":""biolink:contributes_to""},{""predicate"":""biolink:predisposes_to_condition""},{""predicate"":""biolink:related_to""}]}"
Q3,8,MONDO:0005061,NCBIGene:7157,MONDO:0005061|biolink:disease_has_basis_in|NCBIGene:7157,"{""edges"":[{""predicate"":""biolink:gene_associated_with_condition""},{""predicate"":""biolink:genetically_associated_with""},{""predicate"":""biolink:disease_has_basis_in""},{""predicate"":""biolink:associated_with""},{""predicate"":""biolink:contributes_to""},{""predicate"":""biolink:predisposes_to_condition""},{""predicate"":""biolink:related_to""}]}"
Q3,8,MONDO:0005061,NCBIGene:7157,MONDO:0005061|biolink:gene_associated_with_condition|NCBIGene:7157,"{""edges"":[{""predicate"":""biolink:gene_associated_with_condition""},{""predicate"":""biolink:genetically_associated_with""},{""predicate"":""biolink:disease_has_basis_in""},{""predicate"":""biolink:associated_with""},{""predicate"":""biolink:contributes_to""},{""predicate"":""biolink:predisposes_to_condition""},{""predicate"":""biolink:related_to""}]}"
Q3,8,MONDO:0005061,NCBIGene:7157,MONDO:0005061|biolink:genetically_associated_with|NCBIGene:7157,"{""edges"":[{""predicate"":""biolink:gene_associated_with_condition""},{""predicate"":""biolink:genetically_associated_with""},{""predicate"":""biolink:disease_has_basis_in""},{""predicate"":""biolink:associated_with""},{""predicate"":""biolink:contributes_to""},{""predicate"":""biolink:predisposes_to_condition""},{""predicate"":""biolink:related_to""}]}"
Q3,8,MONDO:0005061,NCBIGene:7157,MONDO:0005061|biolink:predisposes_to_condition|NCBIGene:7157,"{""edges"":[{""predicate"":""biolink:gene_associated_with_condition""},{""predicate"":""biolink:genetically_associated_with""},{""predicate"":""biolink:disease_has_basis_in""},{""predicate"":""biolink:associated_with""},{""predicate"":""biolink:contributes_to""},{""predicate"":""biolink:predisposes_to_condition""},{""predicate"":""biolink:related_to""}]}"
Q3,8,MONDO:0005061,NCBIGene:7157,MONDO:0005061|biolink:related_to|NCBIGene:7157,"{""edges"":[{""predicate"":""biolink:gene_associated_with_condition""},{""predicate"":""biolink:genetically_associated_with""},{""predicate"":""biolink:disease_has_basis_in""},{""predicate"":""biolink:associated_with""},{""predicate"":""biolink:contributes_to""},{""predicate"":""biolink:predisposes_to_condition""},{""predicate"":""biolink:related_to""}]}"
Q3,9,MONDO:0005061,NCBIGene:7157,MONDO:0005061|biolink:associated_with|NCBIGene:7157,"{""edges"":[{""predicate"":""biolink:gene_associated_with_condition""},{""predicate"":""biolink:genetically_associated_with""},{""predicate"":""biolink:disease_has_basis_in""},{""predicate"":""biolink:associated_with""},{""predicate"":""biolink:contributes_to""}]}"
Q3,9,MONDO:0005061,NCBIGene:7157,MONDO:0005061|biolink:contributes_to|NCBIGene:7157,"{""edges"":[{""predicate"":""biolink:gene_associated_with_condition""},{""predicate"":""biolink:genetically_associated_with""},{""predicate"":""biolink:disease_has_basis_in""},{""predicate"":""biolink:associated_with""},{""predicate"":""biolink:contributes_to""}]}"
Q3,9,MONDO:0005061,NCBIGene:7157,MONDO:0005061|biolink:disease_has_basis_in|NCBIGene:7157,"{""edges"":[{""predicate"":""biolink:gene_associated_with_condition""},{""predicate"":""biolink:genetically_associated_with""},{""predicate"":""biolink:disease_has_basis_in""},{""predicate"":""biolink:associated_with""},{""predicate"":""biolink:contributes_to""}]}"
Q3,9,MONDO:0005061,NCBIGene:7157,MONDO:0005061|biolink:gene_associated_with_condition|NCBIGene:7157,"{""edges"":[{""predicate"":""biolink:gene_associated_with_condition""},{""predicate"":""biolink:genetically_associated_with""},{""predicate"":""biolink:disease_has_basis_in""},{""predicate"":""biolink:associated_with""},{""predicate"":""biolink:contributes_to""}]}"
Q3,9,MONDO:0005061,NCBIGene:7157,MONDO:0005061|biolink:genetically_associated_with|NCBIGene:7157,"{""edges"":[{""predicate"":""biolink:gene_associated_with_condition""},{""predicate"":""biolink:genetically_associated_with""},{""predicate"":""biolink:disease_has_basis_in""},{""predicate"":""biolink:associated_with""},{""predicate"":""biolink:contributes_to""}]}"
Q3,10,MONDO:0005061,NCBIGene:7157,MONDO:0005061|biolink:associated_with|NCBIGene:7157,"{""edges"": [{""predicate"": ""biolink:disease_has_basis_in""}, {""predicate"": ""biolink:associated_with""}, {""predicate"": ""biolink:genetically_associated_with""}, {""predicate"": ""biolink:gene_associated_with_condition""}, {""predicate"": ""biolink:contributes_to""}]}"
Q3,10,MONDO:0005061,NCBIGene:7157,MONDO:0005061|biolink:contributes_to|NCBIGene:7157,"{""edges"": [{""predicate"": ""biolink:disease_has_basis_in""}, {""predicate"": ""biolink:associated_with""}, {""predicate"": ""biolink:genetically_associated_with""}, {""predicate"": ""biolink:gene_associated_with_condition""}, {""predicate"": ""biolink:contributes_to""}]}"
Q3,10,MONDO:0005061,NCBIGene:7157,MONDO:0005061|biolink:disease_has_basis_in|NCBIGene:7157,"{""edges"": [{""predicate"": ""biolink:disease_has_basis_in""}, {""predicate"": ""biolink:associated_with""}, {""predicate"": ""biolink:genetically_associated_with""}, {""predicate"": ""biolink:gene_associated_with_condition""}, {""predicate"": ""biolink:contributes_to""}]}"
Q3,10,MONDO:0005061,NCBIGene:7157,MONDO:0005061|biolink:gene_associated_with_condition|NCBIGene:7157,"{""edges"": [{""predicate"": ""biolink:disease_has_basis_in""}, {""predicate"": ""biolink:associated_with""}, {""predicate"": ""biolink:genetically_associated_with""}, {""predicate"": ""biolink:gene_associated_with_condition""}, {""predicate"": ""biolink:contributes_to""}]}"
Q3,10,MONDO:0005061,NCBIGene:7157,MONDO:0005061|biolink:genetically_associated_with|NCBIGene:7157,"{""edges"": [{""predicate"": ""biolink:disease_has_basis_in""}, {""predicate"": ""biolink:associated_with""}, {""predicate"": ""biolink:genetically_associated_with""}, {""predicate"": ""biolink:gene_associated_with_condition""}, {""predicate"": ""biolink:contributes_to""}]}"
Q3,11,MONDO:0005061,NCBIGene:7157,MONDO:0005061|biolink:associated_with|NCBIGene:7157,"{""edges"":[{""predicate"":""biolink:gene_associated_with_condition""},{""predicate"":""biolink:genetically_associated_with""},{""predicate"":""biolink:disease_has_basis_in""},{""predicate"":""biolink:contributes_to""},{""predicate"":""biolink:associated_with""},{""predicate"":""biolink:related_to""}]}"
Q3,11,MONDO:0005061,NCBIGene:7157,MONDO:0005061|biolink:contributes_to|NCBIGene:7157,"{""edges"":[{""predicate"":""biolink:gene_associated_with_condition""},{""predicate"":""biolink:genetically_associated_with""},{""predicate"":""biolink:disease_has_basis_in""},{""predicate"":""biolink:contributes_to""},{""predicate"":""biolink:associated_with""},{""predicate"":""biolink:related_to""}]}"
Q3,11,MONDO:0005061,NCBIGene:7157,MONDO:0005061|biolink:disease_has_basis_in|NCBIGene:7157,"{""edges"":[{""predicate"":""biolink:gene_associated_with_condition""},{""predicate"":""biolink:genetically_associated_with""},{""predicate"":""biolink:disease_has_basis_in""},{""predicate"":""biolink:contributes_to""},{""predicate"":""biolink:associated_with""},{""predicate"":""biolink:related_to""}]}"
Q3,11,MONDO:0005061,NCBIGene:7157,MONDO:0005061|biolink:gene_associated_with_condition|NCBIGene:7157,"{""edges"":[{""predicate"":""biolink:gene_associated_with_condition""},{""predicate"":""biolink:genetically_associated_with""},{""predicate"":""biolink:disease_has_basis_in""},{""predicate"":""biolink:contributes_to""},{""predicate"":""biolink:associated_with""},{""predicate"":""biolink:related_to""}]}"
Q3,11,MONDO:0005061,NCBIGene:7157,MONDO:0005061|biolink:genetically_associated_with|NCBIGene:7157,"{""edges"":[{""predicate"":""biolink:gene_associated_with_condition""},{""predicate"":""biolink:genetically_associated_with""},{""predicate"":""biolink:disease_has_basis_in""},{""predicate"":""biolink:contributes_to""},{""predicate"":""biolink:associated_with""},{""predicate"":""biolink:related_to""}]}"
Q3,11,MONDO:0005061,NCBIGene:7157,MONDO:0005061|biolink:related_to|NCBIGene:7157,"{""edges"":[{""predicate"":""biolink:gene_associated_with_condition""},{""predicate"":""biolink:genetically_associated_with""},{""predicate"":""biolink:disease_has_basis_in""},{""predicate"":""biolink:contributes_to""},{""predicate"":""biolink:associated_with""},{""predicate"":""biolink:related_to""}]}"
Q3,12,MONDO:0005061,NCBIGene:7157,MONDO:0005061|biolink:associated_with|NCBIGene:7157,"{""edges"":[{""predicate"":""biolink:gene_associated_with_condition""},{""predicate"":""biolink:genetically_associated_with""},{""predicate"":""biolink:disease_has_basis_in""},{""predicate"":""biolink:associated_with""},{""predicate"":""biolink:related_to""},{""predicate"":""biolink:contributes_to""},{""predicate"":""biolink:predisposes_to_condition""}]}"
Q3,12,MONDO:0005061,NCBIGene:7157,MONDO:0005061|biolink:contributes_to|NCBIGene:7157,"{""edges"":[{""predicate"":""biolink:gene_associated_with_condition""},{""predicate"":""biolink:genetically_associated_with""},{""predicate"":""biolink:disease_has_basis_in""},{""predicate"":""biolink:associated_with""},{""predicate"":""biolink:related_to""},{""predicate"":""biolink:contributes_to""},{""predicate"":""biolink:predisposes_to_condition""}]}"
Q3,12,MONDO:0005061,NCBIGene:7157,MONDO:0005061|biolink:disease_has_basis_in|NCBIGene:7157,"{""edges"":[{""predicate"":""biolink:gene_associated_with_condition""},{""predicate"":""biolink:genetically_associated_with""},{""predicate"":""biolink:disease_has_basis_in""},{""predicate"":""biolink:associated_with""},{""predicate"":""biolink:related_to""},{""predicate"":""biolink:contributes_to""},{""predicate"":""biolink:predisposes_to_condition""}]}"
Q3,12,MONDO:0005061,NCBIGene:7157,MONDO:0005061|biolink:gene_associated_with_condition|NCBIGene:7157,"{""edges"":[{""predicate"":""biolink:gene_associated_with_condition""},{""predicate"":""biolink:genetically_associated_with""},{""predicate"":""biolink:disease_has_basis_in""},{""predicate"":""biolink:associated_with""},{""predicate"":""biolink:related_to""},{""predicate"":""biolink:contributes_to""},{""predicate"":""biolink:predisposes_to_condition""}]}"
Q3,12,MONDO:0005061,NCBIGene:7157,MONDO:0005061|biolink:genetically_associated_with|NCBIGene:7157,"{""edges"":[{""predicate"":""biolink:gene_associated_with_condition""},{""predicate"":""biolink:genetically_associated_with""},{""predicate"":""biolink:disease_has_basis_in""},{""predicate"":""biolink:associated_with""},{""predicate"":""biolink:related_to""},{""predicate"":""biolink:contributes_to""},{""predicate"":""biolink:predisposes_to_condition""}]}"
Q3,12,MONDO:0005061,NCBIGene:7157,MONDO:0005061|biolink:predisposes_to_condition|NCBIGene:7157,"{""edges"":[{""predicate"":""biolink:gene_associated_with_condition""},{""predicate"":""biolink:genetically_associated_with""},{""predicate"":""biolink:disease_has_basis_in""},{""predicate"":""biolink:associated_with""},{""predicate"":""biolink:related_to""},{""predicate"":""biolink:contributes_to""},{""predicate"":""biolink:predisposes_to_condition""}]}"
Q3,12,MONDO:0005061,NCBIGene:7157,MONDO:0005061|biolink:related_to|NCBIGene:7157,"{""edges"":[{""predicate"":""biolink:gene_associated_with_condition""},{""predicate"":""biolink:genetically_associated_with""},{""predicate"":""biolink:disease_has_basis_in""},{""predicate"":""biolink:associated_with""},{""predicate"":""biolink:related_to""},{""predicate"":""biolink:contributes_to""},{""predicate"":""biolink:predisposes_to_condition""}]}"
Q3,13,MONDO:0005061,NCBIGene:7157,MONDO:0005061|biolink:associated_with|NCBIGene:7157,"{""edges"":[{""predicate"":""biolink:gene_associated_with_condition""},{""predicate"":""biolink:genetically_associated_with""},{""predicate"":""biolink:associated_with""},{""predicate"":""biolink:contributes_to""},{""predicate"":""biolink:predisposes_to_condition""},{""predicate"":""biolink:disease_has_basis_in""}]}"
Q3,13,MONDO:0005061,NCBIGene:7157,MONDO:0005061|biolink:contributes_to|NCBIGene:7157,"{""edges"":[{""predicate"":""biolink:gene_associated_with_condition""},{""predicate"":""biolink:genetically_associated_with""},{""predicate"":""biolink:associated_with""},{""predicate"":""biolink:contributes_to""},{""predicate"":""biolink:predisposes_to_condition""},{""predicate"":""biolink:disease_has_basis_in""}]}"
Q3,13,MONDO:0005061,NCBIGene:7157,MONDO:0005061|biolink:disease_has_basis_in|NCBIGene:7157,"{""edges"":[{""predicate"":""biolink:gene_associated_with_condition""},{""predicate"":""biolink:genetically_associated_with""},{""predicate"":""biolink:associated_with""},{""predicate"":""biolink:contributes_to""},{""predicate"":""biolink:predisposes_to_condition""},{""predicate"":""biolink:disease_has_basis_in""}]}"
Q3,13,MONDO:0005061,NCBIGene:7157,MONDO:0005061|biolink:gene_associated_with_condition|NCBIGene:7157,"{""edges"":[{""predicate"":""biolink:gene_associated_with_condition""},{""predicate"":""biolink:genetically_associated_with""},{""predicate"":""biolink:associated_with""},{""predicate"":""biolink:contributes_to""},{""predicate"":""biolink:predisposes_to_condition""},{""predicate"":""biolink:disease_has_basis_in""}]}"
Q3,13,MONDO:0005061,NCBIGene:7157,MONDO:0005061|biolink:genetically_associated_with|NCBIGene:7157,"{""edges"":[{""predicate"":""biolink:gene_associated_with_condition""},{""predicate"":""biolink:genetically_associated_with""},{""predicate"":""biolink:associated_with""},{""predicate"":""biolink:contributes_to""},{""predicate"":""biolink:predisposes_to_condition""},{""predicate"":""biolink:disease_has_basis_in""}]}"
Q3,13,MONDO:0005061,NCBIGene:7157,MONDO:0005061|biolink:predisposes_to_condition|NCBIGene:7157,"{""edges"":[{""predicate"":""biolink:gene_associated_with_condition""},{""predicate"":""biolink:genetically_associated_with""},{""predicate"":""biolink:associated_with""},{""predicate"":""biolink:contributes_to""},{""predicate"":""biolink:predisposes_to_condition""},{""predicate"":""biolink:disease_has_basis_in""}]}"
Q3,14,MONDO:0005061,NCBIGene:7157,MONDO:0005061|biolink:associated_with|NCBIGene:7157,"{""edges"": [{""predicate"": ""biolink:gene_associated_with_condition""}, {""predicate"": ""biolink:genetically_associated_with""}, {""predicate"": ""biolink:associated_with""}, {""predicate"": ""biolink:disease_has_basis_in""}, {""predicate"": ""biolink:contributes_to""}]}"
Q3,14,MONDO:0005061,NCBIGene:7157,MONDO:0005061|biolink:contributes_to|NCBIGene:7157,"{""edges"": [{""predicate"": ""biolink:gene_associated_with_condition""}, {""predicate"": ""biolink:genetically_associated_with""}, {""predicate"": ""biolink:associated_with""}, {""predicate"": ""biolink:disease_has_basis_in""}, {""predicate"": ""biolink:contributes_to""}]}"
Q3,14,MONDO:0005061,NCBIGene:7157,MONDO:0005061|biolink:disease_has_basis_in|NCBIGene:7157,"{""edges"": [{""predicate"": ""biolink:gene_associated_with_condition""}, {""predicate"": ""biolink:genetically_associated_with""}, {""predicate"": ""biolink:associated_with""}, {""predicate"": ""biolink:disease_has_basis_in""}, {""predicate"": ""biolink:contributes_to""}]}"
Q3,14,MONDO:0005061,NCBIGene:7157,MONDO:0005061|biolink:gene_associated_with_condition|NCBIGene:7157,"{""edges"": [{""predicate"": ""biolink:gene_associated_with_condition""}, {""predicate"": ""biolink:genetically_associated_with""}, {""predicate"": ""biolink:associated_with""}, {""predicate"": ""biolink:disease_has_basis_in""}, {""predicate"": ""biolink:contributes_to""}]}"
Q3,14,MONDO:0005061,NCBIGene:7157,MONDO:0005061|biolink:genetically_associated_with|NCBIGene:7157,"{""edges"": [{""predicate"": ""biolink:gene_associated_with_condition""}, {""predicate"": ""biolink:genetically_associated_with""}, {""predicate"": ""biolink:associated_with""}, {""predicate"": ""biolink:disease_has_basis_in""}, {""predicate"": ""biolink:contributes_to""}]}"
Q3,15,MONDO:0005061,NCBIGene:7157,MONDO:0005061|biolink:associated_with|NCBIGene:7157,"{
  ""edges"": [
    {
      ""predicate"": ""biolink:disease_has_basis_in""
    },
    {
      ""predicate"": ""biolink:associated_with""
    },
    {
      ""predicate"": ""biolink:genetically_associated_with""
    }
  ]
}"
Q3,15,MONDO:0005061,NCBIGene:7157,MONDO:0005061|biolink:disease_has_basis_in|NCBIGene:7157,"{
  ""edges"": [
    {
      ""predicate"": ""biolink:disease_has_basis_in""
    },
    {
      ""predicate"": ""biolink:associated_with""
    },
    {
      ""predicate"": ""biolink:genetically_associated_with""
    }
  ]
}"
Q3,15,MONDO:0005061,NCBIGene:7157,MONDO:0005061|biolink:genetically_associated_with|NCBIGene:7157,"{
  ""edges"": [
    {
      ""predicate"": ""biolink:disease_has_basis_in""
    },
    {
      ""predicate"": ""biolink:associated_with""
    },
    {
      ""predicate"": ""biolink:genetically_associated_with""
    }
  ]
}"
Q3,16,MONDO:0005061,NCBIGene:7157,MONDO:0005061|biolink:associated_with|NCBIGene:7157,"{""edges"":[{""predicate"":""biolink:gene_associated_with_condition""},{""predicate"":""biolink:genetically_associated_with""},{""predicate"":""biolink:associated_with""},{""predicate"":""biolink:disease_has_basis_in""},{""predicate"":""biolink:contributes_to""},{""predicate"":""biolink:related_to""}]}"
Q3,16,MONDO:0005061,NCBIGene:7157,MONDO:0005061|biolink:contributes_to|NCBIGene:7157,"{""edges"":[{""predicate"":""biolink:gene_associated_with_condition""},{""predicate"":""biolink:genetically_associated_with""},{""predicate"":""biolink:associated_with""},{""predicate"":""biolink:disease_has_basis_in""},{""predicate"":""biolink:contributes_to""},{""predicate"":""biolink:related_to""}]}"
Q3,16,MONDO:0005061,NCBIGene:7157,MONDO:0005061|biolink:disease_has_basis_in|NCBIGene:7157,"{""edges"":[{""predicate"":""biolink:gene_associated_with_condition""},{""predicate"":""biolink:genetically_associated_with""},{""predicate"":""biolink:associated_with""},{""predicate"":""biolink:disease_has_basis_in""},{""predicate"":""biolink:contributes_to""},{""predicate"":""biolink:related_to""}]}"
Q3,16,MONDO:0005061,NCBIGene:7157,MONDO:0005061|biolink:gene_associated_with_condition|NCBIGene:7157,"{""edges"":[{""predicate"":""biolink:gene_associated_with_condition""},{""predicate"":""biolink:genetically_associated_with""},{""predicate"":""biolink:associated_with""},{""predicate"":""biolink:disease_has_basis_in""},{""predicate"":""biolink:contributes_to""},{""predicate"":""biolink:related_to""}]}"
Q3,16,MONDO:0005061,NCBIGene:7157,MONDO:0005061|biolink:genetically_associated_with|NCBIGene:7157,"{""edges"":[{""predicate"":""biolink:gene_associated_with_condition""},{""predicate"":""biolink:genetically_associated_with""},{""predicate"":""biolink:associated_with""},{""predicate"":""biolink:disease_has_basis_in""},{""predicate"":""biolink:contributes_to""},{""predicate"":""biolink:related_to""}]}"
Q3,16,MONDO:0005061,NCBIGene:7157,MONDO:0005061|biolink:related_to|NCBIGene:7157,"{""edges"":[{""predicate"":""biolink:gene_associated_with_condition""},{""predicate"":""biolink:genetically_associated_with""},{""predicate"":""biolink:associated_with""},{""predicate"":""biolink:disease_has_basis_in""},{""predicate"":""biolink:contributes_to""},{""predicate"":""biolink:related_to""}]}"
Q3,17,MONDO:0005061,NCBIGene:7157,MONDO:0005061|biolink:associated_with|NCBIGene:7157,"{""edges"": [{""predicate"": ""biolink:gene_associated_with_condition""}, {""predicate"": ""biolink:genetically_associated_with""}, {""predicate"": ""biolink:disease_has_basis_in""}, {""predicate"": ""biolink:predisposes_to_condition""}, {""predicate"": ""biolink:associated_with""}, {""predicate"": ""biolink:related_to""}]}"
Q3,17,MONDO:0005061,NCBIGene:7157,MONDO:0005061|biolink:disease_has_basis_in|NCBIGene:7157,"{""edges"": [{""predicate"": ""biolink:gene_associated_with_condition""}, {""predicate"": ""biolink:genetically_associated_with""}, {""predicate"": ""biolink:disease_has_basis_in""}, {""predicate"": ""biolink:predisposes_to_condition""}, {""predicate"": ""biolink:associated_with""}, {""predicate"": ""biolink:related_to""}]}"
Q3,17,MONDO:0005061,NCBIGene:7157,MONDO:0005061|biolink:gene_associated_with_condition|NCBIGene:7157,"{""edges"": [{""predicate"": ""biolink:gene_associated_with_condition""}, {""predicate"": ""biolink:genetically_associated_with""}, {""predicate"": ""biolink:disease_has_basis_in""}, {""predicate"": ""biolink:predisposes_to_condition""}, {""predicate"": ""biolink:associated_with""}, {""predicate"": ""biolink:related_to""}]}"
Q3,17,MONDO:0005061,NCBIGene:7157,MONDO:0005061|biolink:genetically_associated_with|NCBIGene:7157,"{""edges"": [{""predicate"": ""biolink:gene_associated_with_condition""}, {""predicate"": ""biolink:genetically_associated_with""}, {""predicate"": ""biolink:disease_has_basis_in""}, {""predicate"": ""biolink:predisposes_to_condition""}, {""predicate"": ""biolink:associated_with""}, {""predicate"": ""biolink:related_to""}]}"
Q3,17,MONDO:0005061,NCBIGene:7157,MONDO:0005061|biolink:predisposes_to_condition|NCBIGene:7157,"{""edges"": [{""predicate"": ""biolink:gene_associated_with_condition""}, {""predicate"": ""biolink:genetically_associated_with""}, {""predicate"": ""biolink:disease_has_basis_in""}, {""predicate"": ""biolink:predisposes_to_condition""}, {""predicate"": ""biolink:associated_with""}, {""predicate"": ""biolink:related_to""}]}"
Q3,17,MONDO:0005061,NCBIGene:7157,MONDO:0005061|biolink:related_to|NCBIGene:7157,"{""edges"": [{""predicate"": ""biolink:gene_associated_with_condition""}, {""predicate"": ""biolink:genetically_associated_with""}, {""predicate"": ""biolink:disease_has_basis_in""}, {""predicate"": ""biolink:predisposes_to_condition""}, {""predicate"": ""biolink:associated_with""}, {""predicate"": ""biolink:related_to""}]}"
Q3,18,MONDO:0005061,NCBIGene:7157,MONDO:0005061|biolink:affects|NCBIGene:7157,"{""edges"":[{""predicate"":""biolink:gene_associated_with_condition""},{""predicate"":""biolink:genetically_associated_with""},{""predicate"":""biolink:disease_has_basis_in""},{""predicate"":""biolink:associated_with""},{""predicate"":""biolink:contributes_to""},{""predicate"":""biolink:affects""},{""predicate"":""biolink:related_to""}]}"
Q3,18,MONDO:0005061,NCBIGene:7157,MONDO:0005061|biolink:associated_with|NCBIGene:7157,"{""edges"":[{""predicate"":""biolink:gene_associated_with_condition""},{""predicate"":""biolink:genetically_associated_with""},{""predicate"":""biolink:disease_has_basis_in""},{""predicate"":""biolink:associated_with""},{""predicate"":""biolink:contributes_to""},{""predicate"":""biolink:affects""},{""predicate"":""biolink:related_to""}]}"
Q3,18,MONDO:0005061,NCBIGene:7157,MONDO:0005061|biolink:contributes_to|NCBIGene:7157,"{""edges"":[{""predicate"":""biolink:gene_associated_with_condition""},{""predicate"":""biolink:genetically_associated_with""},{""predicate"":""biolink:disease_has_basis_in""},{""predicate"":""biolink:associated_with""},{""predicate"":""biolink:contributes_to""},{""predicate"":""biolink:affects""},{""predicate"":""biolink:related_to""}]}"
Q3,18,MONDO:0005061,NCBIGene:7157,MONDO:0005061|biolink:disease_has_basis_in|NCBIGene:7157,"{""edges"":[{""predicate"":""biolink:gene_associated_with_condition""},{""predicate"":""biolink:genetically_associated_with""},{""predicate"":""biolink:disease_has_basis_in""},{""predicate"":""biolink:associated_with""},{""predicate"":""biolink:contributes_to""},{""predicate"":""biolink:affects""},{""predicate"":""biolink:related_to""}]}"
Q3,18,MONDO:0005061,NCBIGene:7157,MONDO:0005061|biolink:gene_associated_with_condition|NCBIGene:7157,"{""edges"":[{""predicate"":""biolink:gene_associated_with_condition""},{""predicate"":""biolink:genetically_associated_with""},{""predicate"":""biolink:disease_has_basis_in""},{""predicate"":""biolink:associated_with""},{""predicate"":""biolink:contributes_to""},{""predicate"":""biolink:affects""},{""predicate"":""biolink:related_to""}]}"
Q3,18,MONDO:0005061,NCBIGene:7157,MONDO:0005061|biolink:genetically_associated_with|NCBIGene:7157,"{""edges"":[{""predicate"":""biolink:gene_associated_with_condition""},{""predicate"":""biolink:genetically_associated_with""},{""predicate"":""biolink:disease_has_basis_in""},{""predicate"":""biolink:associated_with""},{""predicate"":""biolink:contributes_to""},{""predicate"":""biolink:affects""},{""predicate"":""biolink:related_to""}]}"
Q3,18,MONDO:0005061,NCBIGene:7157,MONDO:0005061|biolink:related_to|NCBIGene:7157,"{""edges"":[{""predicate"":""biolink:gene_associated_with_condition""},{""predicate"":""biolink:genetically_associated_with""},{""predicate"":""biolink:disease_has_basis_in""},{""predicate"":""biolink:associated_with""},{""predicate"":""biolink:contributes_to""},{""predicate"":""biolink:affects""},{""predicate"":""biolink:related_to""}]}"
Q3,19,MONDO:0005061,NCBIGene:7157,MONDO:0005061|biolink:associated_with|NCBIGene:7157,"{""edges"":[{""predicate"":""biolink:associated_with""},{""predicate"":""biolink:genetically_associated_with""},{""predicate"":""biolink:disease_has_basis_in""}]}"
Q3,19,MONDO:0005061,NCBIGene:7157,MONDO:0005061|biolink:disease_has_basis_in|NCBIGene:7157,"{""edges"":[{""predicate"":""biolink:associated_with""},{""predicate"":""biolink:genetically_associated_with""},{""predicate"":""biolink:disease_has_basis_in""}]}"
Q3,19,MONDO:0005061,NCBIGene:7157,MONDO:0005061|biolink:genetically_associated_with|NCBIGene:7157,"{""edges"":[{""predicate"":""biolink:associated_with""},{""predicate"":""biolink:genetically_associated_with""},{""predicate"":""biolink:disease_has_basis_in""}]}"
Q3,20,MONDO:0005061,NCBIGene:7157,MONDO:0005061|biolink:associated_with|NCBIGene:7157,"{""edges"":[{""predicate"":""biolink:disease_has_basis_in""},{""predicate"":""biolink:genetically_associated_with""},{""predicate"":""biolink:associated_with""},{""predicate"":""biolink:related_to""}]}"
Q3,20,MONDO:0005061,NCBIGene:7157,MONDO:0005061|biolink:disease_has_basis_in|NCBIGene:7157,"{""edges"":[{""predicate"":""biolink:disease_has_basis_in""},{""predicate"":""biolink:genetically_associated_with""},{""predicate"":""biolink:associated_with""},{""predicate"":""biolink:related_to""}]}"
Q3,20,MONDO:0005061,NCBIGene:7157,MONDO:0005061|biolink:genetically_associated_with|NCBIGene:7157,"{""edges"":[{""predicate"":""biolink:disease_has_basis_in""},{""predicate"":""biolink:genetically_associated_with""},{""predicate"":""biolink:associated_with""},{""predicate"":""biolink:related_to""}]}"
Q3,20,MONDO:0005061,NCBIGene:7157,MONDO:0005061|biolink:related_to|NCBIGene:7157,"{""edges"":[{""predicate"":""biolink:disease_has_basis_in""},{""predicate"":""biolink:genetically_associated_with""},{""predicate"":""biolink:associated_with""},{""predicate"":""biolink:related_to""}]}"
Q4,1,NCBIGene:7157,NCBIGene:2308,NCBIGene:2308|biolink:acts_upstream_of_or_within_positive_effect|NCBIGene:7157,"{""edges"":[{""predicate"":""biolink:interacts_with""},{""predicate"":""biolink:genetically_interacts_with""},{""predicate"":""biolink:regulates""},{""predicate"":""biolink:acts_upstream_of_or_within_positive_effect""},{""predicate"":""biolink:coexpressed_with""},{""predicate"":""biolink:positively_correlated_with""}]}"
Q4,1,NCBIGene:7157,NCBIGene:2308,NCBIGene:2308|biolink:coexpressed_with|NCBIGene:7157,"{""edges"":[{""predicate"":""biolink:interacts_with""},{""predicate"":""biolink:genetically_interacts_with""},{""predicate"":""biolink:regulates""},{""predicate"":""biolink:acts_upstream_of_or_within_positive_effect""},{""predicate"":""biolink:coexpressed_with""},{""predicate"":""biolink:positively_correlated_with""}]}"
Q4,1,NCBIGene:7157,NCBIGene:2308,NCBIGene:2308|biolink:genetically_interacts_with|NCBIGene:7157,"{""edges"":[{""predicate"":""biolink:interacts_with""},{""predicate"":""biolink:genetically_interacts_with""},{""predicate"":""biolink:regulates""},{""predicate"":""biolink:acts_upstream_of_or_within_positive_effect""},{""predicate"":""biolink:coexpressed_with""},{""predicate"":""biolink:positively_correlated_with""}]}"
Q4,1,NCBIGene:7157,NCBIGene:2308,NCBIGene:2308|biolink:interacts_with|NCBIGene:7157,"{""edges"":[{""predicate"":""biolink:interacts_with""},{""predicate"":""biolink:genetically_interacts_with""},{""predicate"":""biolink:regulates""},{""predicate"":""biolink:acts_upstream_of_or_within_positive_effect""},{""predicate"":""biolink:coexpressed_with""},{""predicate"":""biolink:positively_correlated_with""}]}"
Q4,1,NCBIGene:7157,NCBIGene:2308,NCBIGene:2308|biolink:positively_correlated_with|NCBIGene:7157,"{""edges"":[{""predicate"":""biolink:interacts_with""},{""predicate"":""biolink:genetically_interacts_with""},{""predicate"":""biolink:regulates""},{""predicate"":""biolink:acts_upstream_of_or_within_positive_effect""},{""predicate"":""biolink:coexpressed_with""},{""predicate"":""biolink:positively_correlated_with""}]}"
Q4,1,NCBIGene:7157,NCBIGene:2308,NCBIGene:2308|biolink:regulates|NCBIGene:7157,"{""edges"":[{""predicate"":""biolink:interacts_with""},{""predicate"":""biolink:genetically_interacts_with""},{""predicate"":""biolink:regulates""},{""predicate"":""biolink:acts_upstream_of_or_within_positive_effect""},{""predicate"":""biolink:coexpressed_with""},{""predicate"":""biolink:positively_correlated_with""}]}"
Q4,2,NCBIGene:7157,NCBIGene:2308,NCBIGene:2308|biolink:acts_upstream_of_positive_effect|NCBIGene:7157,"{""edges"": [{""predicate"": ""biolink:interacts_with""}, {""predicate"": ""biolink:regulates""}, {""predicate"": ""biolink:acts_upstream_of_positive_effect""}, {""predicate"": ""biolink:affects""}, {""predicate"": ""biolink:coexpressed_with""}, {""predicate"": ""biolink:colocalizes_with""}, {""predicate"": ""biolink:related_to""}]}"
Q4,2,NCBIGene:7157,NCBIGene:2308,NCBIGene:2308|biolink:affects|NCBIGene:7157,"{""edges"": [{""predicate"": ""biolink:interacts_with""}, {""predicate"": ""biolink:regulates""}, {""predicate"": ""biolink:acts_upstream_of_positive_effect""}, {""predicate"": ""biolink:affects""}, {""predicate"": ""biolink:coexpressed_with""}, {""predicate"": ""biolink:colocalizes_with""}, {""predicate"": ""biolink:related_to""}]}"
Q4,2,NCBIGene:7157,NCBIGene:2308,NCBIGene:2308|biolink:coexpressed_with|NCBIGene:7157,"{""edges"": [{""predicate"": ""biolink:interacts_with""}, {""predicate"": ""biolink:regulates""}, {""predicate"": ""biolink:acts_upstream_of_positive_effect""}, {""predicate"": ""biolink:affects""}, {""predicate"": ""biolink:coexpressed_with""}, {""predicate"": ""biolink:colocalizes_with""}, {""predicate"": ""biolink:related_to""}]}"
Q4,2,NCBIGene:7157,NCBIGene:2308,NCBIGene:2308|biolink:colocalizes_with|NCBIGene:7157,"{""edges"": [{""predicate"": ""biolink:interacts_with""}, {""predicate"": ""biolink:regulates""}, {""predicate"": ""biolink:acts_upstream_of_positive_effect""}, {""predicate"": ""biolink:affects""}, {""predicate"": ""biolink:coexpressed_with""}, {""predicate"": ""biolink:colocalizes_with""}, {""predicate"": ""biolink:related_to""}]}"
Q4,2,NCBIGene:7157,NCBIGene:2308,NCBIGene:2308|biolink:interacts_with|NCBIGene:7157,"{""edges"": [{""predicate"": ""biolink:interacts_with""}, {""predicate"": ""biolink:regulates""}, {""predicate"": ""biolink:acts_upstream_of_positive_effect""}, {""predicate"": ""biolink:affects""}, {""predicate"": ""biolink:coexpressed_with""}, {""predicate"": ""biolink:colocalizes_with""}, {""predicate"": ""biolink:related_to""}]}"
Q4,2,NCBIGene:7157,NCBIGene:2308,NCBIGene:2308|biolink:regulates|NCBIGene:7157,"{""edges"": [{""predicate"": ""biolink:interacts_with""}, {""predicate"": ""biolink:regulates""}, {""predicate"": ""biolink:acts_upstream_of_positive_effect""}, {""predicate"": ""biolink:affects""}, {""predicate"": ""biolink:coexpressed_with""}, {""predicate"": ""biolink:colocalizes_with""}, {""predicate"": ""biolink:related_to""}]}"
Q4,2,NCBIGene:7157,NCBIGene:2308,NCBIGene:2308|biolink:related_to|NCBIGene:7157,"{""edges"": [{""predicate"": ""biolink:interacts_with""}, {""predicate"": ""biolink:regulates""}, {""predicate"": ""biolink:acts_upstream_of_positive_effect""}, {""predicate"": ""biolink:affects""}, {""predicate"": ""biolink:coexpressed_with""}, {""predicate"": ""biolink:colocalizes_with""}, {""predicate"": ""biolink:related_to""}]}"
Q4,3,NCBIGene:7157,NCBIGene:2308,NCBIGene:2308|biolink:acts_upstream_of_positive_effect|NCBIGene:7157,"{""edges"":[{""predicate"":""biolink:regulates""},{""predicate"":""biolink:acts_upstream_of_positive_effect""},{""predicate"":""biolink:genetically_interacts_with""},{""predicate"":""biolink:interacts_with""}]}"
Q4,3,NCBIGene:7157,NCBIGene:2308,NCBIGene:2308|biolink:genetically_interacts_with|NCBIGene:7157,"{""edges"":[{""predicate"":""biolink:regulates""},{""predicate"":""biolink:acts_upstream_of_positive_effect""},{""predicate"":""biolink:genetically_interacts_with""},{""predicate"":""biolink:interacts_with""}]}"
Q4,3,NCBIGene:7157,NCBIGene:2308,NCBIGene:2308|biolink:interacts_with|NCBIGene:7157,"{""edges"":[{""predicate"":""biolink:regulates""},{""predicate"":""biolink:acts_upstream_of_positive_effect""},{""predicate"":""biolink:genetically_interacts_with""},{""predicate"":""biolink:interacts_with""}]}"
Q4,3,NCBIGene:7157,NCBIGene:2308,NCBIGene:2308|biolink:regulates|NCBIGene:7157,"{""edges"":[{""predicate"":""biolink:regulates""},{""predicate"":""biolink:acts_upstream_of_positive_effect""},{""predicate"":""biolink:genetically_interacts_with""},{""predicate"":""biolink:interacts_with""}]}"
Q4,4,NCBIGene:7157,NCBIGene:2308,NCBIGene:2308|biolink:acts_upstream_of|NCBIGene:7157,"{""edges"":[{""predicate"":""biolink:interacts_with""},{""predicate"":""biolink:genetically_interacts_with""},{""predicate"":""biolink:acts_upstream_of""},{""predicate"":""biolink:regulates""},{""predicate"":""biolink:coexpressed_with""},{""predicate"":""biolink:related_to""}]}"
Q4,4,NCBIGene:7157,NCBIGene:2308,NCBIGene:2308|biolink:coexpressed_with|NCBIGene:7157,"{""edges"":[{""predicate"":""biolink:interacts_with""},{""predicate"":""biolink:genetically_interacts_with""},{""predicate"":""biolink:acts_upstream_of""},{""predicate"":""biolink:regulates""},{""predicate"":""biolink:coexpressed_with""},{""predicate"":""biolink:related_to""}]}"
Q4,4,NCBIGene:7157,NCBIGene:2308,NCBIGene:2308|biolink:genetically_interacts_with|NCBIGene:7157,"{""edges"":[{""predicate"":""biolink:interacts_with""},{""predicate"":""biolink:genetically_interacts_with""},{""predicate"":""biolink:acts_upstream_of""},{""predicate"":""biolink:regulates""},{""predicate"":""biolink:coexpressed_with""},{""predicate"":""biolink:related_to""}]}"
Q4,4,NCBIGene:7157,NCBIGene:2308,NCBIGene:2308|biolink:interacts_with|NCBIGene:7157,"{""edges"":[{""predicate"":""biolink:interacts_with""},{""predicate"":""biolink:genetically_interacts_with""},{""predicate"":""biolink:acts_upstream_of""},{""predicate"":""biolink:regulates""},{""predicate"":""biolink:coexpressed_with""},{""predicate"":""biolink:related_to""}]}"
Q4,4,NCBIGene:7157,NCBIGene:2308,NCBIGene:2308|biolink:regulates|NCBIGene:7157,"{""edges"":[{""predicate"":""biolink:interacts_with""},{""predicate"":""biolink:genetically_interacts_with""},{""predicate"":""biolink:acts_upstream_of""},{""predicate"":""biolink:regulates""},{""predicate"":""biolink:coexpressed_with""},{""predicate"":""biolink:related_to""}]}"
Q4,4,NCBIGene:7157,NCBIGene:2308,NCBIGene:2308|biolink:related_to|NCBIGene:7157,"{""edges"":[{""predicate"":""biolink:interacts_with""},{""predicate"":""biolink:genetically_interacts_with""},{""predicate"":""biolink:acts_upstream_of""},{""predicate"":""biolink:regulates""},{""predicate"":""biolink:coexpressed_with""},{""predicate"":""biolink:related_to""}]}"
Q4,5,NCBIGene:7157,NCBIGene:2308,NCBIGene:2308|biolink:acts_upstream_of_positive_effect|NCBIGene:7157,"{""edges"":[{""predicate"":""biolink:regulates""},{""predicate"":""biolink:acts_upstream_of_positive_effect""},{""predicate"":""biolink:interacts_with""},{""predicate"":""biolink:genetically_interacts_with""},{""predicate"":""biolink:coexpressed_with""},{""predicate"":""biolink:colocalizes_with""}]}"
Q4,5,NCBIGene:7157,NCBIGene:2308,NCBIGene:2308|biolink:coexpressed_with|NCBIGene:7157,"{""edges"":[{""predicate"":""biolink:regulates""},{""predicate"":""biolink:acts_upstream_of_positive_effect""},{""predicate"":""biolink:interacts_with""},{""predicate"":""biolink:genetically_interacts_with""},{""predicate"":""biolink:coexpressed_with""},{""predicate"":""biolink:colocalizes_with""}]}"
Q4,5,NCBIGene:7157,NCBIGene:2308,NCBIGene:2308|biolink:colocalizes_with|NCBIGene:7157,"{""edges"":[{""predicate"":""biolink:regulates""},{""predicate"":""biolink:acts_upstream_of_positive_effect""},{""predicate"":""biolink:interacts_with""},{""predicate"":""biolink:genetically_interacts_with""},{""predicate"":""biolink:coexpressed_with""},{""predicate"":""biolink:colocalizes_with""}]}"
Q4,5,NCBIGene:7157,NCBIGene:2308,NCBIGene:2308|biolink:genetically_interacts_with|NCBIGene:7157,"{""edges"":[{""predicate"":""biolink:regulates""},{""predicate"":""biolink:acts_upstream_of_positive_effect""},{""predicate"":""biolink:interacts_with""},{""predicate"":""biolink:genetically_interacts_with""},{""predicate"":""biolink:coexpressed_with""},{""predicate"":""biolink:colocalizes_with""}]}"
Q4,5,NCBIGene:7157,NCBIGene:2308,NCBIGene:2308|biolink:interacts_with|NCBIGene:7157,"{""edges"":[{""predicate"":""biolink:regulates""},{""predicate"":""biolink:acts_upstream_of_positive_effect""},{""predicate"":""biolink:interacts_with""},{""predicate"":""biolink:genetically_interacts_with""},{""predicate"":""biolink:coexpressed_with""},{""predicate"":""biolink:colocalizes_with""}]}"
Q4,5,NCBIGene:7157,NCBIGene:2308,NCBIGene:2308|biolink:regulates|NCBIGene:7157,"{""edges"":[{""predicate"":""biolink:regulates""},{""predicate"":""biolink:acts_upstream_of_positive_effect""},{""predicate"":""biolink:interacts_with""},{""predicate"":""biolink:genetically_interacts_with""},{""predicate"":""biolink:coexpressed_with""},{""predicate"":""biolink:colocalizes_with""}]}"
Q4,6,NCBIGene:7157,NCBIGene:2308,NCBIGene:2308|biolink:acts_upstream_of|NCBIGene:7157,"{""edges"":[{""predicate"":""biolink:interacts_with""},{""predicate"":""biolink:genetically_interacts_with""},{""predicate"":""biolink:coexpressed_with""},{""predicate"":""biolink:correlated_with""},{""predicate"":""biolink:regulates""},{""predicate"":""biolink:acts_upstream_of""}]}"
Q4,6,NCBIGene:7157,NCBIGene:2308,NCBIGene:2308|biolink:coexpressed_with|NCBIGene:7157,"{""edges"":[{""predicate"":""biolink:interacts_with""},{""predicate"":""biolink:genetically_interacts_with""},{""predicate"":""biolink:coexpressed_with""},{""predicate"":""biolink:correlated_with""},{""predicate"":""biolink:regulates""},{""predicate"":""biolink:acts_upstream_of""}]}"
Q4,6,NCBIGene:7157,NCBIGene:2308,NCBIGene:2308|biolink:correlated_with|NCBIGene:7157,"{""edges"":[{""predicate"":""biolink:interacts_with""},{""predicate"":""biolink:genetically_interacts_with""},{""predicate"":""biolink:coexpressed_with""},{""predicate"":""biolink:correlated_with""},{""predicate"":""biolink:regulates""},{""predicate"":""biolink:acts_upstream_of""}]}"
Q4,6,NCBIGene:7157,NCBIGene:2308,NCBIGene:2308|biolink:genetically_interacts_with|NCBIGene:7157,"{""edges"":[{""predicate"":""biolink:interacts_with""},{""predicate"":""biolink:genetically_interacts_with""},{""predicate"":""biolink:coexpressed_with""},{""predicate"":""biolink:correlated_with""},{""predicate"":""biolink:regulates""},{""predicate"":""biolink:acts_upstream_of""}]}"
Q4,6,NCBIGene:7157,NCBIGene:2308,NCBIGene:2308|biolink:interacts_with|NCBIGene:7157,"{""edges"":[{""predicate"":""biolink:interacts_with""},{""predicate"":""biolink:genetically_interacts_with""},{""predicate"":""biolink:coexpressed_with""},{""predicate"":""biolink:correlated_with""},{""predicate"":""biolink:regulates""},{""predicate"":""biolink:acts_upstream_of""}]}"
Q4,6,NCBIGene:7157,NCBIGene:2308,NCBIGene:2308|biolink:regulates|NCBIGene:7157,"{""edges"":[{""predicate"":""biolink:interacts_with""},{""predicate"":""biolink:genetically_interacts_with""},{""predicate"":""biolink:coexpressed_with""},{""predicate"":""biolink:correlated_with""},{""predicate"":""biolink:regulates""},{""predicate"":""biolink:acts_upstream_of""}]}"
Q4,7,NCBIGene:7157,NCBIGene:2308,NCBIGene:2308|biolink:acts_upstream_of|NCBIGene:7157,"{""edges"":[{""predicate"":""biolink:interacts_with""},{""predicate"":""biolink:genetically_interacts_with""},{""predicate"":""biolink:regulates""},{""predicate"":""biolink:acts_upstream_of""},{""predicate"":""biolink:coexpressed_with""},{""predicate"":""biolink:related_to""}]}"
Q4,7,NCBIGene:7157,NCBIGene:2308,NCBIGene:2308|biolink:coexpressed_with|NCBIGene:7157,"{""edges"":[{""predicate"":""biolink:interacts_with""},{""predicate"":""biolink:genetically_interacts_with""},{""predicate"":""biolink:regulates""},{""predicate"":""biolink:acts_upstream_of""},{""predicate"":""biolink:coexpressed_with""},{""predicate"":""biolink:related_to""}]}"
Q4,7,NCBIGene:7157,NCBIGene:2308,NCBIGene:2308|biolink:genetically_interacts_with|NCBIGene:7157,"{""edges"":[{""predicate"":""biolink:interacts_with""},{""predicate"":""biolink:genetically_interacts_with""},{""predicate"":""biolink:regulates""},{""predicate"":""biolink:acts_upstream_of""},{""predicate"":""biolink:coexpressed_with""},{""predicate"":""biolink:related_to""}]}"
Q4,7,NCBIGene:7157,NCBIGene:2308,NCBIGene:2308|biolink:interacts_with|NCBIGene:7157,"{""edges"":[{""predicate"":""biolink:interacts_with""},{""predicate"":""biolink:genetically_interacts_with""},{""predicate"":""biolink:regulates""},{""predicate"":""biolink:acts_upstream_of""},{""predicate"":""biolink:coexpressed_with""},{""predicate"":""biolink:related_to""}]}"
Q4,7,NCBIGene:7157,NCBIGene:2308,NCBIGene:2308|biolink:regulates|NCBIGene:7157,"{""edges"":[{""predicate"":""biolink:interacts_with""},{""predicate"":""biolink:genetically_interacts_with""},{""predicate"":""biolink:regulates""},{""predicate"":""biolink:acts_upstream_of""},{""predicate"":""biolink:coexpressed_with""},{""predicate"":""biolink:related_to""}]}"
Q4,7,NCBIGene:7157,NCBIGene:2308,NCBIGene:2308|biolink:related_to|NCBIGene:7157,"{""edges"":[{""predicate"":""biolink:interacts_with""},{""predicate"":""biolink:genetically_interacts_with""},{""predicate"":""biolink:regulates""},{""predicate"":""biolink:acts_upstream_of""},{""predicate"":""biolink:coexpressed_with""},{""predicate"":""biolink:related_to""}]}"
Q4,8,NCBIGene:7157,NCBIGene:2308,NCBIGene:2308|biolink:acts_upstream_of|NCBIGene:7157,"{""edges"": [{""predicate"": ""biolink:related_to""}, {""predicate"": ""biolink:interacts_with""}, {""predicate"": ""biolink:physically_interacts_with""}, {""predicate"": ""biolink:regulates""}, {""predicate"": ""biolink:acts_upstream_of""}, {""predicate"": ""biolink:coexpressed_with""}, {""predicate"": ""biolink:positively_correlated_with""}]}"
Q4,8,NCBIGene:7157,NCBIGene:2308,NCBIGene:2308|biolink:coexpressed_with|NCBIGene:7157,"{""edges"": [{""predicate"": ""biolink:related_to""}, {""predicate"": ""biolink:interacts_with""}, {""predicate"": ""biolink:physically_interacts_with""}, {""predicate"": ""biolink:regulates""}, {""predicate"": ""biolink:acts_upstream_of""}, {""predicate"": ""biolink:coexpressed_with""}, {""predicate"": ""biolink:positively_correlated_with""}]}"
Q4,8,NCBIGene:7157,NCBIGene:2308,NCBIGene:2308|biolink:interacts_with|NCBIGene:7157,"{""edges"": [{""predicate"": ""biolink:related_to""}, {""predicate"": ""biolink:interacts_with""}, {""predicate"": ""biolink:physically_interacts_with""}, {""predicate"": ""biolink:regulates""}, {""predicate"": ""biolink:acts_upstream_of""}, {""predicate"": ""biolink:coexpressed_with""}, {""predicate"": ""biolink:positively_correlated_with""}]}"
Q4,8,NCBIGene:7157,NCBIGene:2308,NCBIGene:2308|biolink:physically_interacts_with|NCBIGene:7157,"{""edges"": [{""predicate"": ""biolink:related_to""}, {""predicate"": ""biolink:interacts_with""}, {""predicate"": ""biolink:physically_interacts_with""}, {""predicate"": ""biolink:regulates""}, {""predicate"": ""biolink:acts_upstream_of""}, {""predicate"": ""biolink:coexpressed_with""}, {""predicate"": ""biolink:positively_correlated_with""}]}"
Q4,8,NCBIGene:7157,NCBIGene:2308,NCBIGene:2308|biolink:positively_correlated_with|NCBIGene:7157,"{""edges"": [{""predicate"": ""biolink:related_to""}, {""predicate"": ""biolink:interacts_with""}, {""predicate"": ""biolink:physically_interacts_with""}, {""predicate"": ""biolink:regulates""}, {""predicate"": ""biolink:acts_upstream_of""}, {""predicate"": ""biolink:coexpressed_with""}, {""predicate"": ""biolink:positively_correlated_with""}]}"
Q4,8,NCBIGene:7157,NCBIGene:2308,NCBIGene:2308|biolink:regulates|NCBIGene:7157,"{""edges"": [{""predicate"": ""biolink:related_to""}, {""predicate"": ""biolink:interacts_with""}, {""predicate"": ""biolink:physically_interacts_with""}, {""predicate"": ""biolink:regulates""}, {""predicate"": ""biolink:acts_upstream_of""}, {""predicate"": ""biolink:coexpressed_with""}, {""predicate"": ""biolink:positively_correlated_with""}]}"
Q4,8,NCBIGene:7157,NCBIGene:2308,NCBIGene:2308|biolink:related_to|NCBIGene:7157,"{""edges"": [{""predicate"": ""biolink:related_to""}, {""predicate"": ""biolink:interacts_with""}, {""predicate"": ""biolink:physically_interacts_with""}, {""predicate"": ""biolink:regulates""}, {""predicate"": ""biolink:acts_upstream_of""}, {""predicate"": ""biolink:coexpressed_with""}, {""predicate"": ""biolink:positively_correlated_with""}]}"
Q4,9,NCBIGene:7157,NCBIGene:2308,NCBIGene:2308|biolink:coexpressed_with|NCBIGene:7157,"{""edges"":[{""predicate"":""biolink:interacts_with""},{""predicate"":""biolink:coexpressed_with""},{""predicate"":""biolink:correlated_with""},{""predicate"":""biolink:related_to""}]}"
Q4,9,NCBIGene:7157,NCBIGene:2308,NCBIGene:2308|biolink:correlated_with|NCBIGene:7157,"{""edges"":[{""predicate"":""biolink:interacts_with""},{""predicate"":""biolink:coexpressed_with""},{""predicate"":""biolink:correlated_with""},{""predicate"":""biolink:related_to""}]}"
Q4,9,NCBIGene:7157,NCBIGene:2308,NCBIGene:2308|biolink:interacts_with|NCBIGene:7157,"{""edges"":[{""predicate"":""biolink:interacts_with""},{""predicate"":""biolink:coexpressed_with""},{""predicate"":""biolink:correlated_with""},{""predicate"":""biolink:related_to""}]}"
Q4,9,NCBIGene:7157,NCBIGene:2308,NCBIGene:2308|biolink:related_to|NCBIGene:7157,"{""edges"":[{""predicate"":""biolink:interacts_with""},{""predicate"":""biolink:coexpressed_with""},{""predicate"":""biolink:correlated_with""},{""predicate"":""biolink:related_to""}]}"
Q4,10,NCBIGene:7157,NCBIGene:2308,NCBIGene:2308|biolink:acts_upstream_of_positive_effect|NCBIGene:7157,"{""edges"":[{""predicate"":""biolink:interacts_with""},{""predicate"":""biolink:regulates""},{""predicate"":""biolink:acts_upstream_of_positive_effect""},{""predicate"":""biolink:colocalizes_with""},{""predicate"":""biolink:related_to""}]}"
Q4,10,NCBIGene:7157,NCBIGene:2308,NCBIGene:2308|biolink:colocalizes_with|NCBIGene:7157,"{""edges"":[{""predicate"":""biolink:interacts_with""},{""predicate"":""biolink:regulates""},{""predicate"":""biolink:acts_upstream_of_positive_effect""},{""predicate"":""biolink:colocalizes_with""},{""predicate"":""biolink:related_to""}]}"
Q4,10,NCBIGene:7157,NCBIGene:2308,NCBIGene:2308|biolink:interacts_with|NCBIGene:7157,"{""edges"":[{""predicate"":""biolink:interacts_with""},{""predicate"":""biolink:regulates""},{""predicate"":""biolink:acts_upstream_of_positive_effect""},{""predicate"":""biolink:colocalizes_with""},{""predicate"":""biolink:related_to""}]}"
Q4,10,NCBIGene:7157,NCBIGene:2308,NCBIGene:2308|biolink:regulates|NCBIGene:7157,"{""edges"":[{""predicate"":""biolink:interacts_with""},{""predicate"":""biolink:regulates""},{""predicate"":""biolink:acts_upstream_of_positive_effect""},{""predicate"":""biolink:colocalizes_with""},{""predicate"":""biolink:related_to""}]}"
Q4,10,NCBIGene:7157,NCBIGene:2308,NCBIGene:2308|biolink:related_to|NCBIGene:7157,"{""edges"":[{""predicate"":""biolink:interacts_with""},{""predicate"":""biolink:regulates""},{""predicate"":""biolink:acts_upstream_of_positive_effect""},{""predicate"":""biolink:colocalizes_with""},{""predicate"":""biolink:related_to""}]}"
Q4,11,NCBIGene:7157,NCBIGene:2308,NCBIGene:2308|biolink:associated_with|NCBIGene:7157,"{""edges"":[{""predicate"":""biolink:related_to""},{""predicate"":""biolink:interacts_with""},{""predicate"":""biolink:coexpressed_with""},{""predicate"":""biolink:correlated_with""},{""predicate"":""biolink:associated_with""},{""predicate"":""biolink:regulates""}]}"
Q4,11,NCBIGene:7157,NCBIGene:2308,NCBIGene:2308|biolink:coexpressed_with|NCBIGene:7157,"{""edges"":[{""predicate"":""biolink:related_to""},{""predicate"":""biolink:interacts_with""},{""predicate"":""biolink:coexpressed_with""},{""predicate"":""biolink:correlated_with""},{""predicate"":""biolink:associated_with""},{""predicate"":""biolink:regulates""}]}"
Q4,11,NCBIGene:7157,NCBIGene:2308,NCBIGene:2308|biolink:correlated_with|NCBIGene:7157,"{""edges"":[{""predicate"":""biolink:related_to""},{""predicate"":""biolink:interacts_with""},{""predicate"":""biolink:coexpressed_with""},{""predicate"":""biolink:correlated_with""},{""predicate"":""biolink:associated_with""},{""predicate"":""biolink:regulates""}]}"
Q4,11,NCBIGene:7157,NCBIGene:2308,NCBIGene:2308|biolink:interacts_with|NCBIGene:7157,"{""edges"":[{""predicate"":""biolink:related_to""},{""predicate"":""biolink:interacts_with""},{""predicate"":""biolink:coexpressed_with""},{""predicate"":""biolink:correlated_with""},{""predicate"":""biolink:associated_with""},{""predicate"":""biolink:regulates""}]}"
Q4,11,NCBIGene:7157,NCBIGene:2308,NCBIGene:2308|biolink:regulates|NCBIGene:7157,"{""edges"":[{""predicate"":""biolink:related_to""},{""predicate"":""biolink:interacts_with""},{""predicate"":""biolink:coexpressed_with""},{""predicate"":""biolink:correlated_with""},{""predicate"":""biolink:associated_with""},{""predicate"":""biolink:regulates""}]}"
Q4,11,NCBIGene:7157,NCBIGene:2308,NCBIGene:2308|biolink:related_to|NCBIGene:7157,"{""edges"":[{""predicate"":""biolink:related_to""},{""predicate"":""biolink:interacts_with""},{""predicate"":""biolink:coexpressed_with""},{""predicate"":""biolink:correlated_with""},{""predicate"":""biolink:associated_with""},{""predicate"":""biolink:regulates""}]}"
Q4,12,NCBIGene:7157,NCBIGene:2308,NCBIGene:2308|biolink:acts_upstream_of_positive_effect|NCBIGene:7157,"{""edges"":[{""predicate"":""biolink:acts_upstream_of_positive_effect""},{""predicate"":""biolink:regulates""},{""predicate"":""biolink:affects""}]}"
Q4,12,NCBIGene:7157,NCBIGene:2308,NCBIGene:2308|biolink:affects|NCBIGene:7157,"{""edges"":[{""predicate"":""biolink:acts_upstream_of_positive_effect""},{""predicate"":""biolink:regulates""},{""predicate"":""biolink:affects""}]}"
Q4,12,NCBIGene:7157,NCBIGene:2308,NCBIGene:2308|biolink:regulates|NCBIGene:7157,"{""edges"":[{""predicate"":""biolink:acts_upstream_of_positive_effect""},{""predicate"":""biolink:regulates""},{""predicate"":""biolink:affects""}]}"
Q4,13,NCBIGene:7157,NCBIGene:2308,NCBIGene:2308|biolink:acts_upstream_of_positive_effect|NCBIGene:7157,"{""edges"":[{""predicate"":""biolink:acts_upstream_of_positive_effect""},{""predicate"":""biolink:regulates""},{""predicate"":""biolink:related_to""}]}"
Q4,13,NCBIGene:7157,NCBIGene:2308,NCBIGene:2308|biolink:regulates|NCBIGene:7157,"{""edges"":[{""predicate"":""biolink:acts_upstream_of_positive_effect""},{""predicate"":""biolink:regulates""},{""predicate"":""biolink:related_to""}]}"
Q4,13,NCBIGene:7157,NCBIGene:2308,NCBIGene:2308|biolink:related_to|NCBIGene:7157,"{""edges"":[{""predicate"":""biolink:acts_upstream_of_positive_effect""},{""predicate"":""biolink:regulates""},{""predicate"":""biolink:related_to""}]}"
Q4,14,NCBIGene:7157,NCBIGene:2308,NCBIGene:2308|biolink:acts_upstream_of_negative_effect|NCBIGene:7157,"{""edges"":[{""predicate"":""biolink:interacts_with""},{""predicate"":""biolink:genetically_interacts_with""},{""predicate"":""biolink:acts_upstream_of_negative_effect""},{""predicate"":""biolink:regulates""},{""predicate"":""biolink:affects""},{""predicate"":""biolink:related_to""}]}"
Q4,14,NCBIGene:7157,NCBIGene:2308,NCBIGene:2308|biolink:affects|NCBIGene:7157,"{""edges"":[{""predicate"":""biolink:interacts_with""},{""predicate"":""biolink:genetically_interacts_with""},{""predicate"":""biolink:acts_upstream_of_negative_effect""},{""predicate"":""biolink:regulates""},{""predicate"":""biolink:affects""},{""predicate"":""biolink:related_to""}]}"
Q4,14,NCBIGene:7157,NCBIGene:2308,NCBIGene:2308|biolink:genetically_interacts_with|NCBIGene:7157,"{""edges"":[{""predicate"":""biolink:interacts_with""},{""predicate"":""biolink:genetically_interacts_with""},{""predicate"":""biolink:acts_upstream_of_negative_effect""},{""predicate"":""biolink:regulates""},{""predicate"":""biolink:affects""},{""predicate"":""biolink:related_to""}]}"
Q4,14,NCBIGene:7157,NCBIGene:2308,NCBIGene:2308|biolink:interacts_with|NCBIGene:7157,"{""edges"":[{""predicate"":""biolink:interacts_with""},{""predicate"":""biolink:genetically_interacts_with""},{""predicate"":""biolink:acts_upstream_of_negative_effect""},{""predicate"":""biolink:regulates""},{""predicate"":""biolink:affects""},{""predicate"":""biolink:related_to""}]}"
Q4,14,NCBIGene:7157,NCBIGene:2308,NCBIGene:2308|biolink:regulates|NCBIGene:7157,"{""edges"":[{""predicate"":""biolink:interacts_with""},{""predicate"":""biolink:genetically_interacts_with""},{""predicate"":""biolink:acts_upstream_of_negative_effect""},{""predicate"":""biolink:regulates""},{""predicate"":""biolink:affects""},{""predicate"":""biolink:related_to""}]}"
Q4,14,NCBIGene:7157,NCBIGene:2308,NCBIGene:2308|biolink:related_to|NCBIGene:7157,"{""edges"":[{""predicate"":""biolink:interacts_with""},{""predicate"":""biolink:genetically_interacts_with""},{""predicate"":""biolink:acts_upstream_of_negative_effect""},{""predicate"":""biolink:regulates""},{""predicate"":""biolink:affects""},{""predicate"":""biolink:related_to""}]}"
Q4,15,NCBIGene:7157,NCBIGene:2308,NCBIGene:2308|biolink:acts_upstream_of_positive_effect|NCBIGene:7157,"{""edges"":[{""predicate"":""biolink:acts_upstream_of_positive_effect""},{""predicate"":""biolink:regulates""},{""predicate"":""biolink:coexpressed_with""},{""predicate"":""biolink:colocalizes_with""},{""predicate"":""biolink:related_to""}]}"
Q4,15,NCBIGene:7157,NCBIGene:2308,NCBIGene:2308|biolink:coexpressed_with|NCBIGene:7157,"{""edges"":[{""predicate"":""biolink:acts_upstream_of_positive_effect""},{""predicate"":""biolink:regulates""},{""predicate"":""biolink:coexpressed_with""},{""predicate"":""biolink:colocalizes_with""},{""predicate"":""biolink:related_to""}]}"
Q4,15,NCBIGene:7157,NCBIGene:2308,NCBIGene:2308|biolink:colocalizes_with|NCBIGene:7157,"{""edges"":[{""predicate"":""biolink:acts_upstream_of_positive_effect""},{""predicate"":""biolink:regulates""},{""predicate"":""biolink:coexpressed_with""},{""predicate"":""biolink:colocalizes_with""},{""predicate"":""biolink:related_to""}]}"
Q4,15,NCBIGene:7157,NCBIGene:2308,NCBIGene:2308|biolink:regulates|NCBIGene:7157,"{""edges"":[{""predicate"":""biolink:acts_upstream_of_positive_effect""},{""predicate"":""biolink:regulates""},{""predicate"":""biolink:coexpressed_with""},{""predicate"":""biolink:colocalizes_with""},{""predicate"":""biolink:related_to""}]}"
Q4,15,NCBIGene:7157,NCBIGene:2308,NCBIGene:2308|biolink:related_to|NCBIGene:7157,"{""edges"":[{""predicate"":""biolink:acts_upstream_of_positive_effect""},{""predicate"":""biolink:regulates""},{""predicate"":""biolink:coexpressed_with""},{""predicate"":""biolink:colocalizes_with""},{""predicate"":""biolink:related_to""}]}"
Q4,16,NCBIGene:7157,NCBIGene:2308,NCBIGene:2308|biolink:associated_with|NCBIGene:7157,"{""edges"":[{""predicate"":""biolink:interacts_with""},{""predicate"":""biolink:genetically_interacts_with""},{""predicate"":""biolink:coexpressed_with""},{""predicate"":""biolink:correlated_with""},{""predicate"":""biolink:associated_with""},{""predicate"":""biolink:related_to""}]}"
Q4,16,NCBIGene:7157,NCBIGene:2308,NCBIGene:2308|biolink:coexpressed_with|NCBIGene:7157,"{""edges"":[{""predicate"":""biolink:interacts_with""},{""predicate"":""biolink:genetically_interacts_with""},{""predicate"":""biolink:coexpressed_with""},{""predicate"":""biolink:correlated_with""},{""predicate"":""biolink:associated_with""},{""predicate"":""biolink:related_to""}]}"
Q4,16,NCBIGene:7157,NCBIGene:2308,NCBIGene:2308|biolink:correlated_with|NCBIGene:7157,"{""edges"":[{""predicate"":""biolink:interacts_with""},{""predicate"":""biolink:genetically_interacts_with""},{""predicate"":""biolink:coexpressed_with""},{""predicate"":""biolink:correlated_with""},{""predicate"":""biolink:associated_with""},{""predicate"":""biolink:related_to""}]}"
Q4,16,NCBIGene:7157,NCBIGene:2308,NCBIGene:2308|biolink:genetically_interacts_with|NCBIGene:7157,"{""edges"":[{""predicate"":""biolink:interacts_with""},{""predicate"":""biolink:genetically_interacts_with""},{""predicate"":""biolink:coexpressed_with""},{""predicate"":""biolink:correlated_with""},{""predicate"":""biolink:associated_with""},{""predicate"":""biolink:related_to""}]}"
Q4,16,NCBIGene:7157,NCBIGene:2308,NCBIGene:2308|biolink:interacts_with|NCBIGene:7157,"{""edges"":[{""predicate"":""biolink:interacts_with""},{""predicate"":""biolink:genetically_interacts_with""},{""predicate"":""biolink:coexpressed_with""},{""predicate"":""biolink:correlated_with""},{""predicate"":""biolink:associated_with""},{""predicate"":""biolink:related_to""}]}"
Q4,16,NCBIGene:7157,NCBIGene:2308,NCBIGene:2308|biolink:related_to|NCBIGene:7157,"{""edges"":[{""predicate"":""biolink:interacts_with""},{""predicate"":""biolink:genetically_interacts_with""},{""predicate"":""biolink:coexpressed_with""},{""predicate"":""biolink:correlated_with""},{""predicate"":""biolink:associated_with""},{""predicate"":""biolink:related_to""}]}"
Q4,17,NCBIGene:7157,NCBIGene:2308,NCBIGene:2308|biolink:coexpressed_with|NCBIGene:7157,"{""edges"": [{""predicate"": ""biolink:interacts_with""}, {""predicate"": ""biolink:genetically_interacts_with""}, {""predicate"": ""biolink:coexpressed_with""}, {""predicate"": ""biolink:colocalizes_with""}, {""predicate"": ""biolink:positively_correlated_with""}, {""predicate"": ""biolink:related_to""}]}"
Q4,17,NCBIGene:7157,NCBIGene:2308,NCBIGene:2308|biolink:colocalizes_with|NCBIGene:7157,"{""edges"": [{""predicate"": ""biolink:interacts_with""}, {""predicate"": ""biolink:genetically_interacts_with""}, {""predicate"": ""biolink:coexpressed_with""}, {""predicate"": ""biolink:colocalizes_with""}, {""predicate"": ""biolink:positively_correlated_with""}, {""predicate"": ""biolink:related_to""}]}"
Q4,17,NCBIGene:7157,NCBIGene:2308,NCBIGene:2308|biolink:genetically_interacts_with|NCBIGene:7157,"{""edges"": [{""predicate"": ""biolink:interacts_with""}, {""predicate"": ""biolink:genetically_interacts_with""}, {""predicate"": ""biolink:coexpressed_with""}, {""predicate"": ""biolink:colocalizes_with""}, {""predicate"": ""biolink:positively_correlated_with""}, {""predicate"": ""biolink:related_to""}]}"
Q4,17,NCBIGene:7157,NCBIGene:2308,NCBIGene:2308|biolink:interacts_with|NCBIGene:7157,"{""edges"": [{""predicate"": ""biolink:interacts_with""}, {""predicate"": ""biolink:genetically_interacts_with""}, {""predicate"": ""biolink:coexpressed_with""}, {""predicate"": ""biolink:colocalizes_with""}, {""predicate"": ""biolink:positively_correlated_with""}, {""predicate"": ""biolink:related_to""}]}"
Q4,17,NCBIGene:7157,NCBIGene:2308,NCBIGene:2308|biolink:positively_correlated_with|NCBIGene:7157,"{""edges"": [{""predicate"": ""biolink:interacts_with""}, {""predicate"": ""biolink:genetically_interacts_with""}, {""predicate"": ""biolink:coexpressed_with""}, {""predicate"": ""biolink:colocalizes_with""}, {""predicate"": ""biolink:positively_correlated_with""}, {""predicate"": ""biolink:related_to""}]}"
Q4,17,NCBIGene:7157,NCBIGene:2308,NCBIGene:2308|biolink:related_to|NCBIGene:7157,"{""edges"": [{""predicate"": ""biolink:interacts_with""}, {""predicate"": ""biolink:genetically_interacts_with""}, {""predicate"": ""biolink:coexpressed_with""}, {""predicate"": ""biolink:colocalizes_with""}, {""predicate"": ""biolink:positively_correlated_with""}, {""predicate"": ""biolink:related_to""}]}"
Q4,18,NCBIGene:7157,NCBIGene:2308,NCBIGene:2308|biolink:acts_upstream_of_positive_effect|NCBIGene:7157,"{""edges"":[{""predicate"":""biolink:acts_upstream_of_positive_effect""},{""predicate"":""biolink:regulates""},{""predicate"":""biolink:related_to""}]}"
Q4,18,NCBIGene:7157,NCBIGene:2308,NCBIGene:2308|biolink:regulates|NCBIGene:7157,"{""edges"":[{""predicate"":""biolink:acts_upstream_of_positive_effect""},{""predicate"":""biolink:regulates""},{""predicate"":""biolink:related_to""}]}"
Q4,18,NCBIGene:7157,NCBIGene:2308,NCBIGene:2308|biolink:related_to|NCBIGene:7157,"{""edges"":[{""predicate"":""biolink:acts_upstream_of_positive_effect""},{""predicate"":""biolink:regulates""},{""predicate"":""biolink:related_to""}]}"
Q4,19,NCBIGene:7157,NCBIGene:2308,NCBIGene:2308|biolink:acts_upstream_of|NCBIGene:7157,"{""edges"": [{""predicate"": ""biolink:regulates""}, {""predicate"": ""biolink:acts_upstream_of""}, {""predicate"": ""biolink:genetically_interacts_with""}, {""predicate"": ""biolink:interacts_with""}, {""predicate"": ""biolink:coexpressed_with""}, {""predicate"": ""biolink:colocalizes_with""}, {""predicate"": ""biolink:positively_correlated_with""}]}"
Q4,19,NCBIGene:7157,NCBIGene:2308,NCBIGene:2308|biolink:coexpressed_with|NCBIGene:7157,"{""edges"": [{""predicate"": ""biolink:regulates""}, {""predicate"": ""biolink:acts_upstream_of""}, {""predicate"": ""biolink:genetically_interacts_with""}, {""predicate"": ""biolink:interacts_with""}, {""predicate"": ""biolink:coexpressed_with""}, {""predicate"": ""biolink:colocalizes_with""}, {""predicate"": ""biolink:positively_correlated_with""}]}"
Q4,19,NCBIGene:7157,NCBIGene:2308,NCBIGene:2308|biolink:colocalizes_with|NCBIGene:7157,"{""edges"": [{""predicate"": ""biolink:regulates""}, {""predicate"": ""biolink:acts_upstream_of""}, {""predicate"": ""biolink:genetically_interacts_with""}, {""predicate"": ""biolink:interacts_with""}, {""predicate"": ""biolink:coexpressed_with""}, {""predicate"": ""biolink:colocalizes_with""}, {""predicate"": ""biolink:positively_correlated_with""}]}"
Q4,19,NCBIGene:7157,NCBIGene:2308,NCBIGene:2308|biolink:genetically_interacts_with|NCBIGene:7157,"{""edges"": [{""predicate"": ""biolink:regulates""}, {""predicate"": ""biolink:acts_upstream_of""}, {""predicate"": ""biolink:genetically_interacts_with""}, {""predicate"": ""biolink:interacts_with""}, {""predicate"": ""biolink:coexpressed_with""}, {""predicate"": ""biolink:colocalizes_with""}, {""predicate"": ""biolink:positively_correlated_with""}]}"
Q4,19,NCBIGene:7157,NCBIGene:2308,NCBIGene:2308|biolink:interacts_with|NCBIGene:7157,"{""edges"": [{""predicate"": ""biolink:regulates""}, {""predicate"": ""biolink:acts_upstream_of""}, {""predicate"": ""biolink:genetically_interacts_with""}, {""predicate"": ""biolink:interacts_with""}, {""predicate"": ""biolink:coexpressed_with""}, {""predicate"": ""biolink:colocalizes_with""}, {""predicate"": ""biolink:positively_correlated_with""}]}"
Q4,19,NCBIGene:7157,NCBIGene:2308,NCBIGene:2308|biolink:positively_correlated_with|NCBIGene:7157,"{""edges"": [{""predicate"": ""biolink:regulates""}, {""predicate"": ""biolink:acts_upstream_of""}, {""predicate"": ""biolink:genetically_interacts_with""}, {""predicate"": ""biolink:interacts_with""}, {""predicate"": ""biolink:coexpressed_with""}, {""predicate"": ""biolink:colocalizes_with""}, {""predicate"": ""biolink:positively_correlated_with""}]}"
Q4,19,NCBIGene:7157,NCBIGene:2308,NCBIGene:2308|biolink:regulates|NCBIGene:7157,"{""edges"": [{""predicate"": ""biolink:regulates""}, {""predicate"": ""biolink:acts_upstream_of""}, {""predicate"": ""biolink:genetically_interacts_with""}, {""predicate"": ""biolink:interacts_with""}, {""predicate"": ""biolink:coexpressed_with""}, {""predicate"": ""biolink:colocalizes_with""}, {""predicate"": ""biolink:positively_correlated_with""}]}"
Q4,20,NCBIGene:7157,NCBIGene:2308,NCBIGene:2308|biolink:associated_with|NCBIGene:7157,"{""edges"":[{""predicate"":""biolink:interacts_with""},{""predicate"":""biolink:regulates""},{""predicate"":""biolink:coexpressed_with""},{""predicate"":""biolink:associated_with""},{""predicate"":""biolink:related_to""}]}"
Q4,20,NCBIGene:7157,NCBIGene:2308,NCBIGene:2308|biolink:coexpressed_with|NCBIGene:7157,"{""edges"":[{""predicate"":""biolink:interacts_with""},{""predicate"":""biolink:regulates""},{""predicate"":""biolink:coexpressed_with""},{""predicate"":""biolink:associated_with""},{""predicate"":""biolink:related_to""}]}"
Q4,20,NCBIGene:7157,NCBIGene:2308,NCBIGene:2308|biolink:interacts_with|NCBIGene:7157,"{""edges"":[{""predicate"":""biolink:interacts_with""},{""predicate"":""biolink:regulates""},{""predicate"":""biolink:coexpressed_with""},{""predicate"":""biolink:associated_with""},{""predicate"":""biolink:related_to""}]}"
Q4,20,NCBIGene:7157,NCBIGene:2308,NCBIGene:2308|biolink:regulates|NCBIGene:7157,"{""edges"":[{""predicate"":""biolink:interacts_with""},{""predicate"":""biolink:regulates""},{""predicate"":""biolink:coexpressed_with""},{""predicate"":""biolink:associated_with""},{""predicate"":""biolink:related_to""}]}"
Q4,20,NCBIGene:7157,NCBIGene:2308,NCBIGene:2308|biolink:related_to|NCBIGene:7157,"{""edges"":[{""predicate"":""biolink:interacts_with""},{""predicate"":""biolink:regulates""},{""predicate"":""biolink:coexpressed_with""},{""predicate"":""biolink:associated_with""},{""predicate"":""biolink:related_to""}]}"
Q5,1,NCBIGene:3845,MONDO:0002691,MONDO:0002691|biolink:associated_with|NCBIGene:3845,"{""edges"": [{""predicate"": ""biolink:gene_associated_with_condition""}, {""predicate"": ""biolink:genetically_associated_with""}, {""predicate"": ""biolink:associated_with""}, {""predicate"": ""biolink:contributes_to""}, {""predicate"": ""biolink:predisposes_to_condition""}, {""predicate"": ""biolink:positively_correlated_with""}, {""predicate"": ""biolink:related_to""}]}"
Q5,1,NCBIGene:3845,MONDO:0002691,MONDO:0002691|biolink:contributes_to|NCBIGene:3845,"{""edges"": [{""predicate"": ""biolink:gene_associated_with_condition""}, {""predicate"": ""biolink:genetically_associated_with""}, {""predicate"": ""biolink:associated_with""}, {""predicate"": ""biolink:contributes_to""}, {""predicate"": ""biolink:predisposes_to_condition""}, {""predicate"": ""biolink:positively_correlated_with""}, {""predicate"": ""biolink:related_to""}]}"
Q5,1,NCBIGene:3845,MONDO:0002691,MONDO:0002691|biolink:gene_associated_with_condition|NCBIGene:3845,"{""edges"": [{""predicate"": ""biolink:gene_associated_with_condition""}, {""predicate"": ""biolink:genetically_associated_with""}, {""predicate"": ""biolink:associated_with""}, {""predicate"": ""biolink:contributes_to""}, {""predicate"": ""biolink:predisposes_to_condition""}, {""predicate"": ""biolink:positively_correlated_with""}, {""predicate"": ""biolink:related_to""}]}"
Q5,1,NCBIGene:3845,MONDO:0002691,MONDO:0002691|biolink:genetically_associated_with|NCBIGene:3845,"{""edges"": [{""predicate"": ""biolink:gene_associated_with_condition""}, {""predicate"": ""biolink:genetically_associated_with""}, {""predicate"": ""biolink:associated_with""}, {""predicate"": ""biolink:contributes_to""}, {""predicate"": ""biolink:predisposes_to_condition""}, {""predicate"": ""biolink:positively_correlated_with""}, {""predicate"": ""biolink:related_to""}]}"
Q5,1,NCBIGene:3845,MONDO:0002691,MONDO:0002691|biolink:positively_correlated_with|NCBIGene:3845,"{""edges"": [{""predicate"": ""biolink:gene_associated_with_condition""}, {""predicate"": ""biolink:genetically_associated_with""}, {""predicate"": ""biolink:associated_with""}, {""predicate"": ""biolink:contributes_to""}, {""predicate"": ""biolink:predisposes_to_condition""}, {""predicate"": ""biolink:positively_correlated_with""}, {""predicate"": ""biolink:related_to""}]}"
Q5,1,NCBIGene:3845,MONDO:0002691,MONDO:0002691|biolink:predisposes_to_condition|NCBIGene:3845,"{""edges"": [{""predicate"": ""biolink:gene_associated_with_condition""}, {""predicate"": ""biolink:genetically_associated_with""}, {""predicate"": ""biolink:associated_with""}, {""predicate"": ""biolink:contributes_to""}, {""predicate"": ""biolink:predisposes_to_condition""}, {""predicate"": ""biolink:positively_correlated_with""}, {""predicate"": ""biolink:related_to""}]}"
Q5,1,NCBIGene:3845,MONDO:0002691,MONDO:0002691|biolink:related_to|NCBIGene:3845,"{""edges"": [{""predicate"": ""biolink:gene_associated_with_condition""}, {""predicate"": ""biolink:genetically_associated_with""}, {""predicate"": ""biolink:associated_with""}, {""predicate"": ""biolink:contributes_to""}, {""predicate"": ""biolink:predisposes_to_condition""}, {""predicate"": ""biolink:positively_correlated_with""}, {""predicate"": ""biolink:related_to""}]}"
Q5,2,NCBIGene:3845,MONDO:0002691,MONDO:0002691|biolink:associated_with|NCBIGene:3845,"{""edges"":[{""predicate"":""biolink:gene_associated_with_condition""},{""predicate"":""biolink:genetically_associated_with""},{""predicate"":""biolink:associated_with""},{""predicate"":""biolink:predisposes_to_condition""},{""predicate"":""biolink:contributes_to""}]}"
Q5,2,NCBIGene:3845,MONDO:0002691,MONDO:0002691|biolink:contributes_to|NCBIGene:3845,"{""edges"":[{""predicate"":""biolink:gene_associated_with_condition""},{""predicate"":""biolink:genetically_associated_with""},{""predicate"":""biolink:associated_with""},{""predicate"":""biolink:predisposes_to_condition""},{""predicate"":""biolink:contributes_to""}]}"
Q5,2,NCBIGene:3845,MONDO:0002691,MONDO:0002691|biolink:gene_associated_with_condition|NCBIGene:3845,"{""edges"":[{""predicate"":""biolink:gene_associated_with_condition""},{""predicate"":""biolink:genetically_associated_with""},{""predicate"":""biolink:associated_with""},{""predicate"":""biolink:predisposes_to_condition""},{""predicate"":""biolink:contributes_to""}]}"
Q5,2,NCBIGene:3845,MONDO:0002691,MONDO:0002691|biolink:genetically_associated_with|NCBIGene:3845,"{""edges"":[{""predicate"":""biolink:gene_associated_with_condition""},{""predicate"":""biolink:genetically_associated_with""},{""predicate"":""biolink:associated_with""},{""predicate"":""biolink:predisposes_to_condition""},{""predicate"":""biolink:contributes_to""}]}"
Q5,2,NCBIGene:3845,MONDO:0002691,MONDO:0002691|biolink:predisposes_to_condition|NCBIGene:3845,"{""edges"":[{""predicate"":""biolink:gene_associated_with_condition""},{""predicate"":""biolink:genetically_associated_with""},{""predicate"":""biolink:associated_with""},{""predicate"":""biolink:predisposes_to_condition""},{""predicate"":""biolink:contributes_to""}]}"
Q5,3,NCBIGene:3845,MONDO:0002691,MONDO:0002691|biolink:associated_with|NCBIGene:3845,"{""edges"":[{""predicate"":""biolink:gene_associated_with_condition""},{""predicate"":""biolink:genetically_associated_with""},{""predicate"":""biolink:predisposes_to_condition""},{""predicate"":""biolink:contributes_to""},{""predicate"":""biolink:associated_with""}]}"
Q5,3,NCBIGene:3845,MONDO:0002691,MONDO:0002691|biolink:contributes_to|NCBIGene:3845,"{""edges"":[{""predicate"":""biolink:gene_associated_with_condition""},{""predicate"":""biolink:genetically_associated_with""},{""predicate"":""biolink:predisposes_to_condition""},{""predicate"":""biolink:contributes_to""},{""predicate"":""biolink:associated_with""}]}"
Q5,3,NCBIGene:3845,MONDO:0002691,MONDO:0002691|biolink:gene_associated_with_condition|NCBIGene:3845,"{""edges"":[{""predicate"":""biolink:gene_associated_with_condition""},{""predicate"":""biolink:genetically_associated_with""},{""predicate"":""biolink:predisposes_to_condition""},{""predicate"":""biolink:contributes_to""},{""predicate"":""biolink:associated_with""}]}"
Q5,3,NCBIGene:3845,MONDO:0002691,MONDO:0002691|biolink:genetically_associated_with|NCBIGene:3845,"{""edges"":[{""predicate"":""biolink:gene_associated_with_condition""},{""predicate"":""biolink:genetically_associated_with""},{""predicate"":""biolink:predisposes_to_condition""},{""predicate"":""biolink:contributes_to""},{""predicate"":""biolink:associated_with""}]}"
Q5,3,NCBIGene:3845,MONDO:0002691,MONDO:0002691|biolink:predisposes_to_condition|NCBIGene:3845,"{""edges"":[{""predicate"":""biolink:gene_associated_with_condition""},{""predicate"":""biolink:genetically_associated_with""},{""predicate"":""biolink:predisposes_to_condition""},{""predicate"":""biolink:contributes_to""},{""predicate"":""biolink:associated_with""}]}"
Q5,4,NCBIGene:3845,MONDO:0002691,MONDO:0002691|biolink:affects|NCBIGene:3845,"{""edges"":[{""predicate"":""biolink:gene_associated_with_condition""},{""predicate"":""biolink:genetically_associated_with""},{""predicate"":""biolink:associated_with""},{""predicate"":""biolink:predisposes_to_condition""},{""predicate"":""biolink:contributes_to""},{""predicate"":""biolink:affects""},{""predicate"":""biolink:related_to""}]}"
Q5,4,NCBIGene:3845,MONDO:0002691,MONDO:0002691|biolink:associated_with|NCBIGene:3845,"{""edges"":[{""predicate"":""biolink:gene_associated_with_condition""},{""predicate"":""biolink:genetically_associated_with""},{""predicate"":""biolink:associated_with""},{""predicate"":""biolink:predisposes_to_condition""},{""predicate"":""biolink:contributes_to""},{""predicate"":""biolink:affects""},{""predicate"":""biolink:related_to""}]}"
Q5,4,NCBIGene:3845,MONDO:0002691,MONDO:0002691|biolink:contributes_to|NCBIGene:3845,"{""edges"":[{""predicate"":""biolink:gene_associated_with_condition""},{""predicate"":""biolink:genetically_associated_with""},{""predicate"":""biolink:associated_with""},{""predicate"":""biolink:predisposes_to_condition""},{""predicate"":""biolink:contributes_to""},{""predicate"":""biolink:affects""},{""predicate"":""biolink:related_to""}]}"
Q5,4,NCBIGene:3845,MONDO:0002691,MONDO:0002691|biolink:gene_associated_with_condition|NCBIGene:3845,"{""edges"":[{""predicate"":""biolink:gene_associated_with_condition""},{""predicate"":""biolink:genetically_associated_with""},{""predicate"":""biolink:associated_with""},{""predicate"":""biolink:predisposes_to_condition""},{""predicate"":""biolink:contributes_to""},{""predicate"":""biolink:affects""},{""predicate"":""biolink:related_to""}]}"
Q5,4,NCBIGene:3845,MONDO:0002691,MONDO:0002691|biolink:genetically_associated_with|NCBIGene:3845,"{""edges"":[{""predicate"":""biolink:gene_associated_with_condition""},{""predicate"":""biolink:genetically_associated_with""},{""predicate"":""biolink:associated_with""},{""predicate"":""biolink:predisposes_to_condition""},{""predicate"":""biolink:contributes_to""},{""predicate"":""biolink:affects""},{""predicate"":""biolink:related_to""}]}"
Q5,4,NCBIGene:3845,MONDO:0002691,MONDO:0002691|biolink:predisposes_to_condition|NCBIGene:3845,"{""edges"":[{""predicate"":""biolink:gene_associated_with_condition""},{""predicate"":""biolink:genetically_associated_with""},{""predicate"":""biolink:associated_with""},{""predicate"":""biolink:predisposes_to_condition""},{""predicate"":""biolink:contributes_to""},{""predicate"":""biolink:affects""},{""predicate"":""biolink:related_to""}]}"
Q5,4,NCBIGene:3845,MONDO:0002691,MONDO:0002691|biolink:related_to|NCBIGene:3845,"{""edges"":[{""predicate"":""biolink:gene_associated_with_condition""},{""predicate"":""biolink:genetically_associated_with""},{""predicate"":""biolink:associated_with""},{""predicate"":""biolink:predisposes_to_condition""},{""predicate"":""biolink:contributes_to""},{""predicate"":""biolink:affects""},{""predicate"":""biolink:related_to""}]}"
Q5,5,NCBIGene:3845,MONDO:0002691,MONDO:0002691|biolink:affects|NCBIGene:3845,"{""edges"":[{""predicate"":""biolink:gene_associated_with_condition""},{""predicate"":""biolink:genetically_associated_with""},{""predicate"":""biolink:predisposes_to_condition""},{""predicate"":""biolink:contributes_to""},{""predicate"":""biolink:associated_with""},{""predicate"":""biolink:affects""}]}"
Q5,5,NCBIGene:3845,MONDO:0002691,MONDO:0002691|biolink:associated_with|NCBIGene:3845,"{""edges"":[{""predicate"":""biolink:gene_associated_with_condition""},{""predicate"":""biolink:genetically_associated_with""},{""predicate"":""biolink:predisposes_to_condition""},{""predicate"":""biolink:contributes_to""},{""predicate"":""biolink:associated_with""},{""predicate"":""biolink:affects""}]}"
Q5,5,NCBIGene:3845,MONDO:0002691,MONDO:0002691|biolink:contributes_to|NCBIGene:3845,"{""edges"":[{""predicate"":""biolink:gene_associated_with_condition""},{""predicate"":""biolink:genetically_associated_with""},{""predicate"":""biolink:predisposes_to_condition""},{""predicate"":""biolink:contributes_to""},{""predicate"":""biolink:associated_with""},{""predicate"":""biolink:affects""}]}"
Q5,5,NCBIGene:3845,MONDO:0002691,MONDO:0002691|biolink:gene_associated_with_condition|NCBIGene:3845,"{""edges"":[{""predicate"":""biolink:gene_associated_with_condition""},{""predicate"":""biolink:genetically_associated_with""},{""predicate"":""biolink:predisposes_to_condition""},{""predicate"":""biolink:contributes_to""},{""predicate"":""biolink:associated_with""},{""predicate"":""biolink:affects""}]}"
Q5,5,NCBIGene:3845,MONDO:0002691,MONDO:0002691|biolink:genetically_associated_with|NCBIGene:3845,"{""edges"":[{""predicate"":""biolink:gene_associated_with_condition""},{""predicate"":""biolink:genetically_associated_with""},{""predicate"":""biolink:predisposes_to_condition""},{""predicate"":""biolink:contributes_to""},{""predicate"":""biolink:associated_with""},{""predicate"":""biolink:affects""}]}"
Q5,5,NCBIGene:3845,MONDO:0002691,MONDO:0002691|biolink:predisposes_to_condition|NCBIGene:3845,"{""edges"":[{""predicate"":""biolink:gene_associated_with_condition""},{""predicate"":""biolink:genetically_associated_with""},{""predicate"":""biolink:predisposes_to_condition""},{""predicate"":""biolink:contributes_to""},{""predicate"":""biolink:associated_with""},{""predicate"":""biolink:affects""}]}"
Q5,6,NCBIGene:3845,MONDO:0002691,MONDO:0002691|biolink:affects|NCBIGene:3845,"{""edges"":[{""predicate"":""biolink:gene_associated_with_condition""},{""predicate"":""biolink:genetically_associated_with""},{""predicate"":""biolink:associated_with""},{""predicate"":""biolink:predisposes_to_condition""},{""predicate"":""biolink:contributes_to""},{""predicate"":""biolink:affects""},{""predicate"":""biolink:related_to""}]}"
Q5,6,NCBIGene:3845,MONDO:0002691,MONDO:0002691|biolink:associated_with|NCBIGene:3845,"{""edges"":[{""predicate"":""biolink:gene_associated_with_condition""},{""predicate"":""biolink:genetically_associated_with""},{""predicate"":""biolink:associated_with""},{""predicate"":""biolink:predisposes_to_condition""},{""predicate"":""biolink:contributes_to""},{""predicate"":""biolink:affects""},{""predicate"":""biolink:related_to""}]}"
Q5,6,NCBIGene:3845,MONDO:0002691,MONDO:0002691|biolink:contributes_to|NCBIGene:3845,"{""edges"":[{""predicate"":""biolink:gene_associated_with_condition""},{""predicate"":""biolink:genetically_associated_with""},{""predicate"":""biolink:associated_with""},{""predicate"":""biolink:predisposes_to_condition""},{""predicate"":""biolink:contributes_to""},{""predicate"":""biolink:affects""},{""predicate"":""biolink:related_to""}]}"
Q5,6,NCBIGene:3845,MONDO:0002691,MONDO:0002691|biolink:gene_associated_with_condition|NCBIGene:3845,"{""edges"":[{""predicate"":""biolink:gene_associated_with_condition""},{""predicate"":""biolink:genetically_associated_with""},{""predicate"":""biolink:associated_with""},{""predicate"":""biolink:predisposes_to_condition""},{""predicate"":""biolink:contributes_to""},{""predicate"":""biolink:affects""},{""predicate"":""biolink:related_to""}]}"
Q5,6,NCBIGene:3845,MONDO:0002691,MONDO:0002691|biolink:genetically_associated_with|NCBIGene:3845,"{""edges"":[{""predicate"":""biolink:gene_associated_with_condition""},{""predicate"":""biolink:genetically_associated_with""},{""predicate"":""biolink:associated_with""},{""predicate"":""biolink:predisposes_to_condition""},{""predicate"":""biolink:contributes_to""},{""predicate"":""biolink:affects""},{""predicate"":""biolink:related_to""}]}"
Q5,6,NCBIGene:3845,MONDO:0002691,MONDO:0002691|biolink:predisposes_to_condition|NCBIGene:3845,"{""edges"":[{""predicate"":""biolink:gene_associated_with_condition""},{""predicate"":""biolink:genetically_associated_with""},{""predicate"":""biolink:associated_with""},{""predicate"":""biolink:predisposes_to_condition""},{""predicate"":""biolink:contributes_to""},{""predicate"":""biolink:affects""},{""predicate"":""biolink:related_to""}]}"
Q5,6,NCBIGene:3845,MONDO:0002691,MONDO:0002691|biolink:related_to|NCBIGene:3845,"{""edges"":[{""predicate"":""biolink:gene_associated_with_condition""},{""predicate"":""biolink:genetically_associated_with""},{""predicate"":""biolink:associated_with""},{""predicate"":""biolink:predisposes_to_condition""},{""predicate"":""biolink:contributes_to""},{""predicate"":""biolink:affects""},{""predicate"":""biolink:related_to""}]}"
Q5,7,NCBIGene:3845,MONDO:0002691,MONDO:0002691|biolink:affects|NCBIGene:3845,"{""edges"": [{""predicate"": ""biolink:gene_associated_with_condition""}, {""predicate"": ""biolink:genetically_associated_with""}, {""predicate"": ""biolink:associated_with""}, {""predicate"": ""biolink:contributes_to""}, {""predicate"": ""biolink:affects""}]}"
Q5,7,NCBIGene:3845,MONDO:0002691,MONDO:0002691|biolink:associated_with|NCBIGene:3845,"{""edges"": [{""predicate"": ""biolink:gene_associated_with_condition""}, {""predicate"": ""biolink:genetically_associated_with""}, {""predicate"": ""biolink:associated_with""}, {""predicate"": ""biolink:contributes_to""}, {""predicate"": ""biolink:affects""}]}"
Q5,7,NCBIGene:3845,MONDO:0002691,MONDO:0002691|biolink:contributes_to|NCBIGene:3845,"{""edges"": [{""predicate"": ""biolink:gene_associated_with_condition""}, {""predicate"": ""biolink:genetically_associated_with""}, {""predicate"": ""biolink:associated_with""}, {""predicate"": ""biolink:contributes_to""}, {""predicate"": ""biolink:affects""}]}"
Q5,7,NCBIGene:3845,MONDO:0002691,MONDO:0002691|biolink:gene_associated_with_condition|NCBIGene:3845,"{""edges"": [{""predicate"": ""biolink:gene_associated_with_condition""}, {""predicate"": ""biolink:genetically_associated_with""}, {""predicate"": ""biolink:associated_with""}, {""predicate"": ""biolink:contributes_to""}, {""predicate"": ""biolink:affects""}]}"
Q5,7,NCBIGene:3845,MONDO:0002691,MONDO:0002691|biolink:genetically_associated_with|NCBIGene:3845,"{""edges"": [{""predicate"": ""biolink:gene_associated_with_condition""}, {""predicate"": ""biolink:genetically_associated_with""}, {""predicate"": ""biolink:associated_with""}, {""predicate"": ""biolink:contributes_to""}, {""predicate"": ""biolink:affects""}]}"
Q5,8,NCBIGene:3845,MONDO:0002691,MONDO:0002691|biolink:associated_with|NCBIGene:3845,"{""edges"": [{""predicate"": ""biolink:gene_associated_with_condition""}, {""predicate"": ""biolink:genetically_associated_with""}, {""predicate"": ""biolink:associated_with""}, {""predicate"": ""biolink:contributes_to""}]}"
Q5,8,NCBIGene:3845,MONDO:0002691,MONDO:0002691|biolink:contributes_to|NCBIGene:3845,"{""edges"": [{""predicate"": ""biolink:gene_associated_with_condition""}, {""predicate"": ""biolink:genetically_associated_with""}, {""predicate"": ""biolink:associated_with""}, {""predicate"": ""biolink:contributes_to""}]}"
Q5,8,NCBIGene:3845,MONDO:0002691,MONDO:0002691|biolink:gene_associated_with_condition|NCBIGene:3845,"{""edges"": [{""predicate"": ""biolink:gene_associated_with_condition""}, {""predicate"": ""biolink:genetically_associated_with""}, {""predicate"": ""biolink:associated_with""}, {""predicate"": ""biolink:contributes_to""}]}"
Q5,8,NCBIGene:3845,MONDO:0002691,MONDO:0002691|biolink:genetically_associated_with|NCBIGene:3845,"{""edges"": [{""predicate"": ""biolink:gene_associated_with_condition""}, {""predicate"": ""biolink:genetically_associated_with""}, {""predicate"": ""biolink:associated_with""}, {""predicate"": ""biolink:contributes_to""}]}"
Q5,9,NCBIGene:3845,MONDO:0002691,MONDO:0002691|biolink:associated_with|NCBIGene:3845,"{""edges"":[{""predicate"":""biolink:gene_associated_with_condition""},{""predicate"":""biolink:genetically_associated_with""},{""predicate"":""biolink:predisposes_to_condition""},{""predicate"":""biolink:contributes_to""},{""predicate"":""biolink:associated_with""}]}"
Q5,9,NCBIGene:3845,MONDO:0002691,MONDO:0002691|biolink:contributes_to|NCBIGene:3845,"{""edges"":[{""predicate"":""biolink:gene_associated_with_condition""},{""predicate"":""biolink:genetically_associated_with""},{""predicate"":""biolink:predisposes_to_condition""},{""predicate"":""biolink:contributes_to""},{""predicate"":""biolink:associated_with""}]}"
Q5,9,NCBIGene:3845,MONDO:0002691,MONDO:0002691|biolink:gene_associated_with_condition|NCBIGene:3845,"{""edges"":[{""predicate"":""biolink:gene_associated_with_condition""},{""predicate"":""biolink:genetically_associated_with""},{""predicate"":""biolink:predisposes_to_condition""},{""predicate"":""biolink:contributes_to""},{""predicate"":""biolink:associated_with""}]}"
Q5,9,NCBIGene:3845,MONDO:0002691,MONDO:0002691|biolink:genetically_associated_with|NCBIGene:3845,"{""edges"":[{""predicate"":""biolink:gene_associated_with_condition""},{""predicate"":""biolink:genetically_associated_with""},{""predicate"":""biolink:predisposes_to_condition""},{""predicate"":""biolink:contributes_to""},{""predicate"":""biolink:associated_with""}]}"
Q5,9,NCBIGene:3845,MONDO:0002691,MONDO:0002691|biolink:predisposes_to_condition|NCBIGene:3845,"{""edges"":[{""predicate"":""biolink:gene_associated_with_condition""},{""predicate"":""biolink:genetically_associated_with""},{""predicate"":""biolink:predisposes_to_condition""},{""predicate"":""biolink:contributes_to""},{""predicate"":""biolink:associated_with""}]}"
Q5,10,NCBIGene:3845,MONDO:0002691,MONDO:0002691|biolink:associated_with|NCBIGene:3845,"{""edges"":[{""predicate"":""biolink:gene_associated_with_condition""},{""predicate"":""biolink:genetically_associated_with""},{""predicate"":""biolink:associated_with""},{""predicate"":""biolink:contributes_to""},{""predicate"":""biolink:related_to""}]}"
Q5,10,NCBIGene:3845,MONDO:0002691,MONDO:0002691|biolink:contributes_to|NCBIGene:3845,"{""edges"":[{""predicate"":""biolink:gene_associated_with_condition""},{""predicate"":""biolink:genetically_associated_with""},{""predicate"":""biolink:associated_with""},{""predicate"":""biolink:contributes_to""},{""predicate"":""biolink:related_to""}]}"
Q5,10,NCBIGene:3845,MONDO:0002691,MONDO:0002691|biolink:gene_associated_with_condition|NCBIGene:3845,"{""edges"":[{""predicate"":""biolink:gene_associated_with_condition""},{""predicate"":""biolink:genetically_associated_with""},{""predicate"":""biolink:associated_with""},{""predicate"":""biolink:contributes_to""},{""predicate"":""biolink:related_to""}]}"
Q5,10,NCBIGene:3845,MONDO:0002691,MONDO:0002691|biolink:genetically_associated_with|NCBIGene:3845,"{""edges"":[{""predicate"":""biolink:gene_associated_with_condition""},{""predicate"":""biolink:genetically_associated_with""},{""predicate"":""biolink:associated_with""},{""predicate"":""biolink:contributes_to""},{""predicate"":""biolink:related_to""}]}"
Q5,10,NCBIGene:3845,MONDO:0002691,MONDO:0002691|biolink:related_to|NCBIGene:3845,"{""edges"":[{""predicate"":""biolink:gene_associated_with_condition""},{""predicate"":""biolink:genetically_associated_with""},{""predicate"":""biolink:associated_with""},{""predicate"":""biolink:contributes_to""},{""predicate"":""biolink:related_to""}]}"
Q5,11,NCBIGene:3845,MONDO:0002691,MONDO:0002691|biolink:affects|NCBIGene:3845,"{""edges"":[{""predicate"":""biolink:gene_associated_with_condition""},{""predicate"":""biolink:genetically_associated_with""},{""predicate"":""biolink:associated_with""},{""predicate"":""biolink:contributes_to""},{""predicate"":""biolink:affects""},{""predicate"":""biolink:related_to""}]}"
Q5,11,NCBIGene:3845,MONDO:0002691,MONDO:0002691|biolink:associated_with|NCBIGene:3845,"{""edges"":[{""predicate"":""biolink:gene_associated_with_condition""},{""predicate"":""biolink:genetically_associated_with""},{""predicate"":""biolink:associated_with""},{""predicate"":""biolink:contributes_to""},{""predicate"":""biolink:affects""},{""predicate"":""biolink:related_to""}]}"
Q5,11,NCBIGene:3845,MONDO:0002691,MONDO:0002691|biolink:contributes_to|NCBIGene:3845,"{""edges"":[{""predicate"":""biolink:gene_associated_with_condition""},{""predicate"":""biolink:genetically_associated_with""},{""predicate"":""biolink:associated_with""},{""predicate"":""biolink:contributes_to""},{""predicate"":""biolink:affects""},{""predicate"":""biolink:related_to""}]}"
Q5,11,NCBIGene:3845,MONDO:0002691,MONDO:0002691|biolink:gene_associated_with_condition|NCBIGene:3845,"{""edges"":[{""predicate"":""biolink:gene_associated_with_condition""},{""predicate"":""biolink:genetically_associated_with""},{""predicate"":""biolink:associated_with""},{""predicate"":""biolink:contributes_to""},{""predicate"":""biolink:affects""},{""predicate"":""biolink:related_to""}]}"
Q5,11,NCBIGene:3845,MONDO:0002691,MONDO:0002691|biolink:genetically_associated_with|NCBIGene:3845,"{""edges"":[{""predicate"":""biolink:gene_associated_with_condition""},{""predicate"":""biolink:genetically_associated_with""},{""predicate"":""biolink:associated_with""},{""predicate"":""biolink:contributes_to""},{""predicate"":""biolink:affects""},{""predicate"":""biolink:related_to""}]}"
Q5,11,NCBIGene:3845,MONDO:0002691,MONDO:0002691|biolink:related_to|NCBIGene:3845,"{""edges"":[{""predicate"":""biolink:gene_associated_with_condition""},{""predicate"":""biolink:genetically_associated_with""},{""predicate"":""biolink:associated_with""},{""predicate"":""biolink:contributes_to""},{""predicate"":""biolink:affects""},{""predicate"":""biolink:related_to""}]}"
Q5,12,NCBIGene:3845,MONDO:0002691,MONDO:0002691|biolink:affects|NCBIGene:3845,"{""edges"": [{""predicate"": ""biolink:gene_associated_with_condition""}, {""predicate"": ""biolink:genetically_associated_with""}, {""predicate"": ""biolink:associated_with""}, {""predicate"": ""biolink:contributes_to""}, {""predicate"": ""biolink:disease_has_basis_in""}, {""predicate"": ""biolink:related_to""}, {""predicate"": ""biolink:affects""}]}"
Q5,12,NCBIGene:3845,MONDO:0002691,MONDO:0002691|biolink:associated_with|NCBIGene:3845,"{""edges"": [{""predicate"": ""biolink:gene_associated_with_condition""}, {""predicate"": ""biolink:genetically_associated_with""}, {""predicate"": ""biolink:associated_with""}, {""predicate"": ""biolink:contributes_to""}, {""predicate"": ""biolink:disease_has_basis_in""}, {""predicate"": ""biolink:related_to""}, {""predicate"": ""biolink:affects""}]}"
Q5,12,NCBIGene:3845,MONDO:0002691,MONDO:0002691|biolink:contributes_to|NCBIGene:3845,"{""edges"": [{""predicate"": ""biolink:gene_associated_with_condition""}, {""predicate"": ""biolink:genetically_associated_with""}, {""predicate"": ""biolink:associated_with""}, {""predicate"": ""biolink:contributes_to""}, {""predicate"": ""biolink:disease_has_basis_in""}, {""predicate"": ""biolink:related_to""}, {""predicate"": ""biolink:affects""}]}"
Q5,12,NCBIGene:3845,MONDO:0002691,MONDO:0002691|biolink:disease_has_basis_in|NCBIGene:3845,"{""edges"": [{""predicate"": ""biolink:gene_associated_with_condition""}, {""predicate"": ""biolink:genetically_associated_with""}, {""predicate"": ""biolink:associated_with""}, {""predicate"": ""biolink:contributes_to""}, {""predicate"": ""biolink:disease_has_basis_in""}, {""predicate"": ""biolink:related_to""}, {""predicate"": ""biolink:affects""}]}"
Q5,12,NCBIGene:3845,MONDO:0002691,MONDO:0002691|biolink:gene_associated_with_condition|NCBIGene:3845,"{""edges"": [{""predicate"": ""biolink:gene_associated_with_condition""}, {""predicate"": ""biolink:genetically_associated_with""}, {""predicate"": ""biolink:associated_with""}, {""predicate"": ""biolink:contributes_to""}, {""predicate"": ""biolink:disease_has_basis_in""}, {""predicate"": ""biolink:related_to""}, {""predicate"": ""biolink:affects""}]}"
Q5,12,NCBIGene:3845,MONDO:0002691,MONDO:0002691|biolink:genetically_associated_with|NCBIGene:3845,"{""edges"": [{""predicate"": ""biolink:gene_associated_with_condition""}, {""predicate"": ""biolink:genetically_associated_with""}, {""predicate"": ""biolink:associated_with""}, {""predicate"": ""biolink:contributes_to""}, {""predicate"": ""biolink:disease_has_basis_in""}, {""predicate"": ""biolink:related_to""}, {""predicate"": ""biolink:affects""}]}"
Q5,12,NCBIGene:3845,MONDO:0002691,MONDO:0002691|biolink:related_to|NCBIGene:3845,"{""edges"": [{""predicate"": ""biolink:gene_associated_with_condition""}, {""predicate"": ""biolink:genetically_associated_with""}, {""predicate"": ""biolink:associated_with""}, {""predicate"": ""biolink:contributes_to""}, {""predicate"": ""biolink:disease_has_basis_in""}, {""predicate"": ""biolink:related_to""}, {""predicate"": ""biolink:affects""}]}"
Q5,13,NCBIGene:3845,MONDO:0002691,MONDO:0002691|biolink:associated_with|NCBIGene:3845,"{""edges"":[{""predicate"":""biolink:gene_associated_with_condition""},{""predicate"":""biolink:genetically_associated_with""},{""predicate"":""biolink:associated_with""},{""predicate"":""biolink:contributes_to""},{""predicate"":""biolink:disease_has_basis_in""}]}"
Q5,13,NCBIGene:3845,MONDO:0002691,MONDO:0002691|biolink:contributes_to|NCBIGene:3845,"{""edges"":[{""predicate"":""biolink:gene_associated_with_condition""},{""predicate"":""biolink:genetically_associated_with""},{""predicate"":""biolink:associated_with""},{""predicate"":""biolink:contributes_to""},{""predicate"":""biolink:disease_has_basis_in""}]}"
Q5,13,NCBIGene:3845,MONDO:0002691,MONDO:0002691|biolink:disease_has_basis_in|NCBIGene:3845,"{""edges"":[{""predicate"":""biolink:gene_associated_with_condition""},{""predicate"":""biolink:genetically_associated_with""},{""predicate"":""biolink:associated_with""},{""predicate"":""biolink:contributes_to""},{""predicate"":""biolink:disease_has_basis_in""}]}"
Q5,13,NCBIGene:3845,MONDO:0002691,MONDO:0002691|biolink:gene_associated_with_condition|NCBIGene:3845,"{""edges"":[{""predicate"":""biolink:gene_associated_with_condition""},{""predicate"":""biolink:genetically_associated_with""},{""predicate"":""biolink:associated_with""},{""predicate"":""biolink:contributes_to""},{""predicate"":""biolink:disease_has_basis_in""}]}"
Q5,13,NCBIGene:3845,MONDO:0002691,MONDO:0002691|biolink:genetically_associated_with|NCBIGene:3845,"{""edges"":[{""predicate"":""biolink:gene_associated_with_condition""},{""predicate"":""biolink:genetically_associated_with""},{""predicate"":""biolink:associated_with""},{""predicate"":""biolink:contributes_to""},{""predicate"":""biolink:disease_has_basis_in""}]}"
Q5,14,NCBIGene:3845,MONDO:0002691,MONDO:0002691|biolink:associated_with|NCBIGene:3845,"{
  ""edges"": [
    {
      ""predicate"": ""biolink:gene_associated_with_condition""
    },
    {
      ""predicate"": ""biolink:genetically_associated_with""
    },
    {
      ""predicate"": ""biolink:associated_with""
    },
    {
      ""predicate"": ""biolink:contributes_to""
    },
    {
      ""predicate"": ""biolink:predisposes_to_condition""
    },
    {
      ""predicate"": ""biolink:disease_has_basis_in""
    }
  ]
}"
Q5,14,NCBIGene:3845,MONDO:0002691,MONDO:0002691|biolink:contributes_to|NCBIGene:3845,"{
  ""edges"": [
    {
      ""predicate"": ""biolink:gene_associated_with_condition""
    },
    {
      ""predicate"": ""biolink:genetically_associated_with""
    },
    {
      ""predicate"": ""biolink:associated_with""
    },
    {
      ""predicate"": ""biolink:contributes_to""
    },
    {
      ""predicate"": ""biolink:predisposes_to_condition""
    },
    {
      ""predicate"": ""biolink:disease_has_basis_in""
    }
  ]
}"
Q5,14,NCBIGene:3845,MONDO:0002691,MONDO:0002691|biolink:disease_has_basis_in|NCBIGene:3845,"{
  ""edges"": [
    {
      ""predicate"": ""biolink:gene_associated_with_condition""
    },
    {
      ""predicate"": ""biolink:genetically_associated_with""
    },
    {
      ""predicate"": ""biolink:associated_with""
    },
    {
      ""predicate"": ""biolink:contributes_to""
    },
    {
      ""predicate"": ""biolink:predisposes_to_condition""
    },
    {
      ""predicate"": ""biolink:disease_has_basis_in""
    }
  ]
}"
Q5,14,NCBIGene:3845,MONDO:0002691,MONDO:0002691|biolink:gene_associated_with_condition|NCBIGene:3845,"{
  ""edges"": [
    {
      ""predicate"": ""biolink:gene_associated_with_condition""
    },
    {
      ""predicate"": ""biolink:genetically_associated_with""
    },
    {
      ""predicate"": ""biolink:associated_with""
    },
    {
      ""predicate"": ""biolink:contributes_to""
    },
    {
      ""predicate"": ""biolink:predisposes_to_condition""
    },
    {
      ""predicate"": ""biolink:disease_has_basis_in""
    }
  ]
}"
Q5,14,NCBIGene:3845,MONDO:0002691,MONDO:0002691|biolink:genetically_associated_with|NCBIGene:3845,"{
  ""edges"": [
    {
      ""predicate"": ""biolink:gene_associated_with_condition""
    },
    {
      ""predicate"": ""biolink:genetically_associated_with""
    },
    {
      ""predicate"": ""biolink:associated_with""
    },
    {
      ""predicate"": ""biolink:contributes_to""
    },
    {
      ""predicate"": ""biolink:predisposes_to_condition""
    },
    {
      ""predicate"": ""biolink:disease_has_basis_in""
    }
  ]
}"
Q5,14,NCBIGene:3845,MONDO:0002691,MONDO:0002691|biolink:predisposes_to_condition|NCBIGene:3845,"{
  ""edges"": [
    {
      ""predicate"": ""biolink:gene_associated_with_condition""
    },
    {
      ""predicate"": ""biolink:genetically_associated_with""
    },
    {
      ""predicate"": ""biolink:associated_with""
    },
    {
      ""predicate"": ""biolink:contributes_to""
    },
    {
      ""predicate"": ""biolink:predisposes_to_condition""
    },
    {
      ""predicate"": ""biolink:disease_has_basis_in""
    }
  ]
}"
Q5,15,NCBIGene:3845,MONDO:0002691,MONDO:0002691|biolink:associated_with|NCBIGene:3845,"{""edges"":[{""predicate"":""biolink:gene_associated_with_condition""},{""predicate"":""biolink:genetically_associated_with""},{""predicate"":""biolink:contributes_to""},{""predicate"":""biolink:associated_with""},{""predicate"":""biolink:related_to""}]}"
Q5,15,NCBIGene:3845,MONDO:0002691,MONDO:0002691|biolink:contributes_to|NCBIGene:3845,"{""edges"":[{""predicate"":""biolink:gene_associated_with_condition""},{""predicate"":""biolink:genetically_associated_with""},{""predicate"":""biolink:contributes_to""},{""predicate"":""biolink:associated_with""},{""predicate"":""biolink:related_to""}]}"
Q5,15,NCBIGene:3845,MONDO:0002691,MONDO:0002691|biolink:gene_associated_with_condition|NCBIGene:3845,"{""edges"":[{""predicate"":""biolink:gene_associated_with_condition""},{""predicate"":""biolink:genetically_associated_with""},{""predicate"":""biolink:contributes_to""},{""predicate"":""biolink:associated_with""},{""predicate"":""biolink:related_to""}]}"
Q5,15,NCBIGene:3845,MONDO:0002691,MONDO:0002691|biolink:genetically_associated_with|NCBIGene:3845,"{""edges"":[{""predicate"":""biolink:gene_associated_with_condition""},{""predicate"":""biolink:genetically_associated_with""},{""predicate"":""biolink:contributes_to""},{""predicate"":""biolink:associated_with""},{""predicate"":""biolink:related_to""}]}"
Q5,15,NCBIGene:3845,MONDO:0002691,MONDO:0002691|biolink:related_to|NCBIGene:3845,"{""edges"":[{""predicate"":""biolink:gene_associated_with_condition""},{""predicate"":""biolink:genetically_associated_with""},{""predicate"":""biolink:contributes_to""},{""predicate"":""biolink:associated_with""},{""predicate"":""biolink:related_to""}]}"
Q5,16,NCBIGene:3845,MONDO:0002691,MONDO:0002691|biolink:associated_with|NCBIGene:3845,"{""edges"":[{""predicate"":""biolink:gene_associated_with_condition""},{""predicate"":""biolink:genetically_associated_with""},{""predicate"":""biolink:predisposes_to_condition""},{""predicate"":""biolink:contributes_to""},{""predicate"":""biolink:associated_with""},{""predicate"":""biolink:related_to""}]}"
Q5,16,NCBIGene:3845,MONDO:0002691,MONDO:0002691|biolink:contributes_to|NCBIGene:3845,"{""edges"":[{""predicate"":""biolink:gene_associated_with_condition""},{""predicate"":""biolink:genetically_associated_with""},{""predicate"":""biolink:predisposes_to_condition""},{""predicate"":""biolink:contributes_to""},{""predicate"":""biolink:associated_with""},{""predicate"":""biolink:related_to""}]}"
Q5,16,NCBIGene:3845,MONDO:0002691,MONDO:0002691|biolink:gene_associated_with_condition|NCBIGene:3845,"{""edges"":[{""predicate"":""biolink:gene_associated_with_condition""},{""predicate"":""biolink:genetically_associated_with""},{""predicate"":""biolink:predisposes_to_condition""},{""predicate"":""biolink:contributes_to""},{""predicate"":""biolink:associated_with""},{""predicate"":""biolink:related_to""}]}"
Q5,16,NCBIGene:3845,MONDO:0002691,MONDO:0002691|biolink:genetically_associated_with|NCBIGene:3845,"{""edges"":[{""predicate"":""biolink:gene_associated_with_condition""},{""predicate"":""biolink:genetically_associated_with""},{""predicate"":""biolink:predisposes_to_condition""},{""predicate"":""biolink:contributes_to""},{""predicate"":""biolink:associated_with""},{""predicate"":""biolink:related_to""}]}"
Q5,16,NCBIGene:3845,MONDO:0002691,MONDO:0002691|biolink:predisposes_to_condition|NCBIGene:3845,"{""edges"":[{""predicate"":""biolink:gene_associated_with_condition""},{""predicate"":""biolink:genetically_associated_with""},{""predicate"":""biolink:predisposes_to_condition""},{""predicate"":""biolink:contributes_to""},{""predicate"":""biolink:associated_with""},{""predicate"":""biolink:related_to""}]}"
Q5,16,NCBIGene:3845,MONDO:0002691,MONDO:0002691|biolink:related_to|NCBIGene:3845,"{""edges"":[{""predicate"":""biolink:gene_associated_with_condition""},{""predicate"":""biolink:genetically_associated_with""},{""predicate"":""biolink:predisposes_to_condition""},{""predicate"":""biolink:contributes_to""},{""predicate"":""biolink:associated_with""},{""predicate"":""biolink:related_to""}]}"
Q5,17,NCBIGene:3845,MONDO:0002691,MONDO:0002691|biolink:associated_with|NCBIGene:3845,"{""edges"": [{""predicate"": ""biolink:gene_associated_with_condition""}, {""predicate"": ""biolink:genetically_associated_with""}, {""predicate"": ""biolink:contributes_to""}, {""predicate"": ""biolink:associated_with""}, {""predicate"": ""biolink:predisposes_to_condition""}]}"
Q5,17,NCBIGene:3845,MONDO:0002691,MONDO:0002691|biolink:contributes_to|NCBIGene:3845,"{""edges"": [{""predicate"": ""biolink:gene_associated_with_condition""}, {""predicate"": ""biolink:genetically_associated_with""}, {""predicate"": ""biolink:contributes_to""}, {""predicate"": ""biolink:associated_with""}, {""predicate"": ""biolink:predisposes_to_condition""}]}"
Q5,17,NCBIGene:3845,MONDO:0002691,MONDO:0002691|biolink:gene_associated_with_condition|NCBIGene:3845,"{""edges"": [{""predicate"": ""biolink:gene_associated_with_condition""}, {""predicate"": ""biolink:genetically_associated_with""}, {""predicate"": ""biolink:contributes_to""}, {""predicate"": ""biolink:associated_with""}, {""predicate"": ""biolink:predisposes_to_condition""}]}"
Q5,17,NCBIGene:3845,MONDO:0002691,MONDO:0002691|biolink:genetically_associated_with|NCBIGene:3845,"{""edges"": [{""predicate"": ""biolink:gene_associated_with_condition""}, {""predicate"": ""biolink:genetically_associated_with""}, {""predicate"": ""biolink:contributes_to""}, {""predicate"": ""biolink:associated_with""}, {""predicate"": ""biolink:predisposes_to_condition""}]}"
Q5,17,NCBIGene:3845,MONDO:0002691,MONDO:0002691|biolink:predisposes_to_condition|NCBIGene:3845,"{""edges"": [{""predicate"": ""biolink:gene_associated_with_condition""}, {""predicate"": ""biolink:genetically_associated_with""}, {""predicate"": ""biolink:contributes_to""}, {""predicate"": ""biolink:associated_with""}, {""predicate"": ""biolink:predisposes_to_condition""}]}"
Q5,18,NCBIGene:3845,MONDO:0002691,MONDO:0002691|biolink:associated_with|NCBIGene:3845,"{""edges"": [{""predicate"": ""biolink:gene_associated_with_condition""}, {""predicate"": ""biolink:genetically_associated_with""}, {""predicate"": ""biolink:associated_with""}, {""predicate"": ""biolink:contributes_to""}, {""predicate"": ""biolink:disease_has_basis_in""}, {""predicate"": ""biolink:related_to""}]}"
Q5,18,NCBIGene:3845,MONDO:0002691,MONDO:0002691|biolink:contributes_to|NCBIGene:3845,"{""edges"": [{""predicate"": ""biolink:gene_associated_with_condition""}, {""predicate"": ""biolink:genetically_associated_with""}, {""predicate"": ""biolink:associated_with""}, {""predicate"": ""biolink:contributes_to""}, {""predicate"": ""biolink:disease_has_basis_in""}, {""predicate"": ""biolink:related_to""}]}"
Q5,18,NCBIGene:3845,MONDO:0002691,MONDO:0002691|biolink:disease_has_basis_in|NCBIGene:3845,"{""edges"": [{""predicate"": ""biolink:gene_associated_with_condition""}, {""predicate"": ""biolink:genetically_associated_with""}, {""predicate"": ""biolink:associated_with""}, {""predicate"": ""biolink:contributes_to""}, {""predicate"": ""biolink:disease_has_basis_in""}, {""predicate"": ""biolink:related_to""}]}"
Q5,18,NCBIGene:3845,MONDO:0002691,MONDO:0002691|biolink:gene_associated_with_condition|NCBIGene:3845,"{""edges"": [{""predicate"": ""biolink:gene_associated_with_condition""}, {""predicate"": ""biolink:genetically_associated_with""}, {""predicate"": ""biolink:associated_with""}, {""predicate"": ""biolink:contributes_to""}, {""predicate"": ""biolink:disease_has_basis_in""}, {""predicate"": ""biolink:related_to""}]}"
Q5,18,NCBIGene:3845,MONDO:0002691,MONDO:0002691|biolink:genetically_associated_with|NCBIGene:3845,"{""edges"": [{""predicate"": ""biolink:gene_associated_with_condition""}, {""predicate"": ""biolink:genetically_associated_with""}, {""predicate"": ""biolink:associated_with""}, {""predicate"": ""biolink:contributes_to""}, {""predicate"": ""biolink:disease_has_basis_in""}, {""predicate"": ""biolink:related_to""}]}"
Q5,18,NCBIGene:3845,MONDO:0002691,MONDO:0002691|biolink:related_to|NCBIGene:3845,"{""edges"": [{""predicate"": ""biolink:gene_associated_with_condition""}, {""predicate"": ""biolink:genetically_associated_with""}, {""predicate"": ""biolink:associated_with""}, {""predicate"": ""biolink:contributes_to""}, {""predicate"": ""biolink:disease_has_basis_in""}, {""predicate"": ""biolink:related_to""}]}"
Q5,19,NCBIGene:3845,MONDO:0002691,MONDO:0002691|biolink:associated_with|NCBIGene:3845,"{""edges"":[{""predicate"":""biolink:gene_associated_with_condition""},{""predicate"":""biolink:genetically_associated_with""},{""predicate"":""biolink:associated_with""},{""predicate"":""biolink:contributes_to""},{""predicate"":""biolink:disease_has_basis_in""}]}"
Q5,19,NCBIGene:3845,MONDO:0002691,MONDO:0002691|biolink:contributes_to|NCBIGene:3845,"{""edges"":[{""predicate"":""biolink:gene_associated_with_condition""},{""predicate"":""biolink:genetically_associated_with""},{""predicate"":""biolink:associated_with""},{""predicate"":""biolink:contributes_to""},{""predicate"":""biolink:disease_has_basis_in""}]}"
Q5,19,NCBIGene:3845,MONDO:0002691,MONDO:0002691|biolink:disease_has_basis_in|NCBIGene:3845,"{""edges"":[{""predicate"":""biolink:gene_associated_with_condition""},{""predicate"":""biolink:genetically_associated_with""},{""predicate"":""biolink:associated_with""},{""predicate"":""biolink:contributes_to""},{""predicate"":""biolink:disease_has_basis_in""}]}"
Q5,19,NCBIGene:3845,MONDO:0002691,MONDO:0002691|biolink:gene_associated_with_condition|NCBIGene:3845,"{""edges"":[{""predicate"":""biolink:gene_associated_with_condition""},{""predicate"":""biolink:genetically_associated_with""},{""predicate"":""biolink:associated_with""},{""predicate"":""biolink:contributes_to""},{""predicate"":""biolink:disease_has_basis_in""}]}"
Q5,19,NCBIGene:3845,MONDO:0002691,MONDO:0002691|biolink:genetically_associated_with|NCBIGene:3845,"{""edges"":[{""predicate"":""biolink:gene_associated_with_condition""},{""predicate"":""biolink:genetically_associated_with""},{""predicate"":""biolink:associated_with""},{""predicate"":""biolink:contributes_to""},{""predicate"":""biolink:disease_has_basis_in""}]}"
Q5,20,NCBIGene:3845,MONDO:0002691,MONDO:0002691|biolink:associated_with|NCBIGene:3845,"{""edges"":[{""predicate"":""biolink:gene_associated_with_condition""},{""predicate"":""biolink:genetically_associated_with""},{""predicate"":""biolink:associated_with""},{""predicate"":""biolink:predisposes_to_condition""},{""predicate"":""biolink:contributes_to""}]}"
Q5,20,NCBIGene:3845,MONDO:0002691,MONDO:0002691|biolink:contributes_to|NCBIGene:3845,"{""edges"":[{""predicate"":""biolink:gene_associated_with_condition""},{""predicate"":""biolink:genetically_associated_with""},{""predicate"":""biolink:associated_with""},{""predicate"":""biolink:predisposes_to_condition""},{""predicate"":""biolink:contributes_to""}]}"
Q5,20,NCBIGene:3845,MONDO:0002691,MONDO:0002691|biolink:gene_associated_with_condition|NCBIGene:3845,"{""edges"":[{""predicate"":""biolink:gene_associated_with_condition""},{""predicate"":""biolink:genetically_associated_with""},{""predicate"":""biolink:associated_with""},{""predicate"":""biolink:predisposes_to_condition""},{""predicate"":""biolink:contributes_to""}]}"
Q5,20,NCBIGene:3845,MONDO:0002691,MONDO:0002691|biolink:genetically_associated_with|NCBIGene:3845,"{""edges"":[{""predicate"":""biolink:gene_associated_with_condition""},{""predicate"":""biolink:genetically_associated_with""},{""predicate"":""biolink:associated_with""},{""predicate"":""biolink:predisposes_to_condition""},{""predicate"":""biolink:contributes_to""}]}"
Q5,20,NCBIGene:3845,MONDO:0002691,MONDO:0002691|biolink:predisposes_to_condition|NCBIGene:3845,"{""edges"":[{""predicate"":""biolink:gene_associated_with_condition""},{""predicate"":""biolink:genetically_associated_with""},{""predicate"":""biolink:associated_with""},{""predicate"":""biolink:predisposes_to_condition""},{""predicate"":""biolink:contributes_to""}]}"
Q6,1,NCBIGene:2308,NCBIGene:664,NCBIGene:2308|biolink:acts_upstream_of_or_within_positive_effect|NCBIGene:664,"{""edges"":[{""predicate"":""biolink:regulates""},{""predicate"":""biolink:acts_upstream_of_or_within_positive_effect""},{""predicate"":""biolink:associated_with""}]}"
Q6,1,NCBIGene:2308,NCBIGene:664,NCBIGene:2308|biolink:associated_with|NCBIGene:664,"{""edges"":[{""predicate"":""biolink:regulates""},{""predicate"":""biolink:acts_upstream_of_or_within_positive_effect""},{""predicate"":""biolink:associated_with""}]}"
Q6,1,NCBIGene:2308,NCBIGene:664,NCBIGene:2308|biolink:regulates|NCBIGene:664,"{""edges"":[{""predicate"":""biolink:regulates""},{""predicate"":""biolink:acts_upstream_of_or_within_positive_effect""},{""predicate"":""biolink:associated_with""}]}"
Q6,2,NCBIGene:2308,NCBIGene:664,NCBIGene:2308|biolink:acts_upstream_of_positive_effect|NCBIGene:664,"{""edges"":[{""predicate"":""biolink:regulates""},{""predicate"":""biolink:acts_upstream_of""},{""predicate"":""biolink:acts_upstream_of_positive_effect""},{""predicate"":""biolink:coexpressed_with""},{""predicate"":""biolink:positively_correlated_with""}]}"
Q6,2,NCBIGene:2308,NCBIGene:664,NCBIGene:2308|biolink:acts_upstream_of|NCBIGene:664,"{""edges"":[{""predicate"":""biolink:regulates""},{""predicate"":""biolink:acts_upstream_of""},{""predicate"":""biolink:acts_upstream_of_positive_effect""},{""predicate"":""biolink:coexpressed_with""},{""predicate"":""biolink:positively_correlated_with""}]}"
Q6,2,NCBIGene:2308,NCBIGene:664,NCBIGene:2308|biolink:coexpressed_with|NCBIGene:664,"{""edges"":[{""predicate"":""biolink:regulates""},{""predicate"":""biolink:acts_upstream_of""},{""predicate"":""biolink:acts_upstream_of_positive_effect""},{""predicate"":""biolink:coexpressed_with""},{""predicate"":""biolink:positively_correlated_with""}]}"
Q6,2,NCBIGene:2308,NCBIGene:664,NCBIGene:2308|biolink:positively_correlated_with|NCBIGene:664,"{""edges"":[{""predicate"":""biolink:regulates""},{""predicate"":""biolink:acts_upstream_of""},{""predicate"":""biolink:acts_upstream_of_positive_effect""},{""predicate"":""biolink:coexpressed_with""},{""predicate"":""biolink:positively_correlated_with""}]}"
Q6,2,NCBIGene:2308,NCBIGene:664,NCBIGene:2308|biolink:regulates|NCBIGene:664,"{""edges"":[{""predicate"":""biolink:regulates""},{""predicate"":""biolink:acts_upstream_of""},{""predicate"":""biolink:acts_upstream_of_positive_effect""},{""predicate"":""biolink:coexpressed_with""},{""predicate"":""biolink:positively_correlated_with""}]}"
Q6,3,NCBIGene:2308,NCBIGene:664,NCBIGene:2308|biolink:acts_upstream_of_positive_effect|NCBIGene:664,"{""edges"":[{""predicate"":""biolink:regulates""},{""predicate"":""biolink:acts_upstream_of_positive_effect""},{""predicate"":""biolink:coexpressed_with""},{""predicate"":""biolink:positively_correlated_with""}]}"
Q6,3,NCBIGene:2308,NCBIGene:664,NCBIGene:2308|biolink:coexpressed_with|NCBIGene:664,"{""edges"":[{""predicate"":""biolink:regulates""},{""predicate"":""biolink:acts_upstream_of_positive_effect""},{""predicate"":""biolink:coexpressed_with""},{""predicate"":""biolink:positively_correlated_with""}]}"
Q6,3,NCBIGene:2308,NCBIGene:664,NCBIGene:2308|biolink:positively_correlated_with|NCBIGene:664,"{""edges"":[{""predicate"":""biolink:regulates""},{""predicate"":""biolink:acts_upstream_of_positive_effect""},{""predicate"":""biolink:coexpressed_with""},{""predicate"":""biolink:positively_correlated_with""}]}"
Q6,3,NCBIGene:2308,NCBIGene:664,NCBIGene:2308|biolink:regulates|NCBIGene:664,"{""edges"":[{""predicate"":""biolink:regulates""},{""predicate"":""biolink:acts_upstream_of_positive_effect""},{""predicate"":""biolink:coexpressed_with""},{""predicate"":""biolink:positively_correlated_with""}]}"
Q6,4,NCBIGene:2308,NCBIGene:664,NCBIGene:2308|biolink:acts_upstream_of_positive_effect|NCBIGene:664,"{""edges"": [{""predicate"": ""biolink:regulates""}, {""predicate"": ""biolink:acts_upstream_of_positive_effect""}, {""predicate"": ""biolink:affects""}]}"
Q6,4,NCBIGene:2308,NCBIGene:664,NCBIGene:2308|biolink:affects|NCBIGene:664,"{""edges"": [{""predicate"": ""biolink:regulates""}, {""predicate"": ""biolink:acts_upstream_of_positive_effect""}, {""predicate"": ""biolink:affects""}]}"
Q6,4,NCBIGene:2308,NCBIGene:664,NCBIGene:2308|biolink:regulates|NCBIGene:664,"{""edges"": [{""predicate"": ""biolink:regulates""}, {""predicate"": ""biolink:acts_upstream_of_positive_effect""}, {""predicate"": ""biolink:affects""}]}"
Q6,5,NCBIGene:2308,NCBIGene:664,NCBIGene:2308|biolink:acts_upstream_of_or_within_positive_effect|NCBIGene:664,"{
  ""edges"": [
    {
      ""predicate"": ""biolink:regulates""
    },
    {
      ""predicate"": ""biolink:acts_upstream_of_positive_effect""
    },
    {
      ""predicate"": ""biolink:acts_upstream_of_or_within_positive_effect""
    },
    {
      ""predicate"": ""biolink:coexpressed_with""
    },
    {
      ""predicate"": ""biolink:positively_correlated_with""
    },
    {
      ""predicate"": ""biolink:related_to""
    }
  ]
}"
Q6,5,NCBIGene:2308,NCBIGene:664,NCBIGene:2308|biolink:acts_upstream_of_positive_effect|NCBIGene:664,"{
  ""edges"": [
    {
      ""predicate"": ""biolink:regulates""
    },
    {
      ""predicate"": ""biolink:acts_upstream_of_positive_effect""
    },
    {
      ""predicate"": ""biolink:acts_upstream_of_or_within_positive_effect""
    },
    {
      ""predicate"": ""biolink:coexpressed_with""
    },
    {
      ""predicate"": ""biolink:positively_correlated_with""
    },
    {
      ""predicate"": ""biolink:related_to""
    }
  ]
}"
Q6,5,NCBIGene:2308,NCBIGene:664,NCBIGene:2308|biolink:coexpressed_with|NCBIGene:664,"{
  ""edges"": [
    {
      ""predicate"": ""biolink:regulates""
    },
    {
      ""predicate"": ""biolink:acts_upstream_of_positive_effect""
    },
    {
      ""predicate"": ""biolink:acts_upstream_of_or_within_positive_effect""
    },
    {
      ""predicate"": ""biolink:coexpressed_with""
    },
    {
      ""predicate"": ""biolink:positively_correlated_with""
    },
    {
      ""predicate"": ""biolink:related_to""
    }
  ]
}"
Q6,5,NCBIGene:2308,NCBIGene:664,NCBIGene:2308|biolink:positively_correlated_with|NCBIGene:664,"{
  ""edges"": [
    {
      ""predicate"": ""biolink:regulates""
    },
    {
      ""predicate"": ""biolink:acts_upstream_of_positive_effect""
    },
    {
      ""predicate"": ""biolink:acts_upstream_of_or_within_positive_effect""
    },
    {
      ""predicate"": ""biolink:coexpressed_with""
    },
    {
      ""predicate"": ""biolink:positively_correlated_with""
    },
    {
      ""predicate"": ""biolink:related_to""
    }
  ]
}"
Q6,5,NCBIGene:2308,NCBIGene:664,NCBIGene:2308|biolink:regulates|NCBIGene:664,"{
  ""edges"": [
    {
      ""predicate"": ""biolink:regulates""
    },
    {
      ""predicate"": ""biolink:acts_upstream_of_positive_effect""
    },
    {
      ""predicate"": ""biolink:acts_upstream_of_or_within_positive_effect""
    },
    {
      ""predicate"": ""biolink:coexpressed_with""
    },
    {
      ""predicate"": ""biolink:positively_correlated_with""
    },
    {
      ""predicate"": ""biolink:related_to""
    }
  ]
}"
Q6,5,NCBIGene:2308,NCBIGene:664,NCBIGene:2308|biolink:related_to|NCBIGene:664,"{
  ""edges"": [
    {
      ""predicate"": ""biolink:regulates""
    },
    {
      ""predicate"": ""biolink:acts_upstream_of_positive_effect""
    },
    {
      ""predicate"": ""biolink:acts_upstream_of_or_within_positive_effect""
    },
    {
      ""predicate"": ""biolink:coexpressed_with""
    },
    {
      ""predicate"": ""biolink:positively_correlated_with""
    },
    {
      ""predicate"": ""biolink:related_to""
    }
  ]
}"
Q6,6,NCBIGene:2308,NCBIGene:664,NCBIGene:2308|biolink:acts_upstream_of_positive_effect|NCBIGene:664,"{""edges"": [{""predicate"": ""biolink:regulates""}, {""predicate"": ""biolink:acts_upstream_of_positive_effect""}, {""predicate"": ""biolink:coexpressed_with""}, {""predicate"": ""biolink:positively_correlated_with""}, {""predicate"": ""biolink:associated_with""}]}"
Q6,6,NCBIGene:2308,NCBIGene:664,NCBIGene:2308|biolink:associated_with|NCBIGene:664,"{""edges"": [{""predicate"": ""biolink:regulates""}, {""predicate"": ""biolink:acts_upstream_of_positive_effect""}, {""predicate"": ""biolink:coexpressed_with""}, {""predicate"": ""biolink:positively_correlated_with""}, {""predicate"": ""biolink:associated_with""}]}"
Q6,6,NCBIGene:2308,NCBIGene:664,NCBIGene:2308|biolink:coexpressed_with|NCBIGene:664,"{""edges"": [{""predicate"": ""biolink:regulates""}, {""predicate"": ""biolink:acts_upstream_of_positive_effect""}, {""predicate"": ""biolink:coexpressed_with""}, {""predicate"": ""biolink:positively_correlated_with""}, {""predicate"": ""biolink:associated_with""}]}"
Q6,6,NCBIGene:2308,NCBIGene:664,NCBIGene:2308|biolink:positively_correlated_with|NCBIGene:664,"{""edges"": [{""predicate"": ""biolink:regulates""}, {""predicate"": ""biolink:acts_upstream_of_positive_effect""}, {""predicate"": ""biolink:coexpressed_with""}, {""predicate"": ""biolink:positively_correlated_with""}, {""predicate"": ""biolink:associated_with""}]}"
Q6,6,NCBIGene:2308,NCBIGene:664,NCBIGene:2308|biolink:regulates|NCBIGene:664,"{""edges"": [{""predicate"": ""biolink:regulates""}, {""predicate"": ""biolink:acts_upstream_of_positive_effect""}, {""predicate"": ""biolink:coexpressed_with""}, {""predicate"": ""biolink:positively_correlated_with""}, {""predicate"": ""biolink:associated_with""}]}"
Q6,7,NCBIGene:2308,NCBIGene:664,NCBIGene:2308|biolink:acts_upstream_of|NCBIGene:664,"{""edges"": [{""predicate"": ""biolink:regulates""}, {""predicate"": ""biolink:acts_upstream_of""}, {""predicate"": ""biolink:related_to""}]}"
Q6,7,NCBIGene:2308,NCBIGene:664,NCBIGene:2308|biolink:regulates|NCBIGene:664,"{""edges"": [{""predicate"": ""biolink:regulates""}, {""predicate"": ""biolink:acts_upstream_of""}, {""predicate"": ""biolink:related_to""}]}"
Q6,7,NCBIGene:2308,NCBIGene:664,NCBIGene:2308|biolink:related_to|NCBIGene:664,"{""edges"": [{""predicate"": ""biolink:regulates""}, {""predicate"": ""biolink:acts_upstream_of""}, {""predicate"": ""biolink:related_to""}]}"
Q6,8,NCBIGene:2308,NCBIGene:664,NCBIGene:2308|biolink:acts_upstream_of_positive_effect|NCBIGene:664,"{""edges"":[{""predicate"":""biolink:regulates""},{""predicate"":""biolink:acts_upstream_of_positive_effect""},{""predicate"":""biolink:coexpressed_with""},{""predicate"":""biolink:positively_correlated_with""},{""predicate"":""biolink:associated_with""},{""predicate"":""biolink:affects""}]}"
Q6,8,NCBIGene:2308,NCBIGene:664,NCBIGene:2308|biolink:affects|NCBIGene:664,"{""edges"":[{""predicate"":""biolink:regulates""},{""predicate"":""biolink:acts_upstream_of_positive_effect""},{""predicate"":""biolink:coexpressed_with""},{""predicate"":""biolink:positively_correlated_with""},{""predicate"":""biolink:associated_with""},{""predicate"":""biolink:affects""}]}"
Q6,8,NCBIGene:2308,NCBIGene:664,NCBIGene:2308|biolink:associated_with|NCBIGene:664,"{""edges"":[{""predicate"":""biolink:regulates""},{""predicate"":""biolink:acts_upstream_of_positive_effect""},{""predicate"":""biolink:coexpressed_with""},{""predicate"":""biolink:positively_correlated_with""},{""predicate"":""biolink:associated_with""},{""predicate"":""biolink:affects""}]}"
Q6,8,NCBIGene:2308,NCBIGene:664,NCBIGene:2308|biolink:coexpressed_with|NCBIGene:664,"{""edges"":[{""predicate"":""biolink:regulates""},{""predicate"":""biolink:acts_upstream_of_positive_effect""},{""predicate"":""biolink:coexpressed_with""},{""predicate"":""biolink:positively_correlated_with""},{""predicate"":""biolink:associated_with""},{""predicate"":""biolink:affects""}]}"
Q6,8,NCBIGene:2308,NCBIGene:664,NCBIGene:2308|biolink:positively_correlated_with|NCBIGene:664,"{""edges"":[{""predicate"":""biolink:regulates""},{""predicate"":""biolink:acts_upstream_of_positive_effect""},{""predicate"":""biolink:coexpressed_with""},{""predicate"":""biolink:positively_correlated_with""},{""predicate"":""biolink:associated_with""},{""predicate"":""biolink:affects""}]}"
Q6,8,NCBIGene:2308,NCBIGene:664,NCBIGene:2308|biolink:regulates|NCBIGene:664,"{""edges"":[{""predicate"":""biolink:regulates""},{""predicate"":""biolink:acts_upstream_of_positive_effect""},{""predicate"":""biolink:coexpressed_with""},{""predicate"":""biolink:positively_correlated_with""},{""predicate"":""biolink:associated_with""},{""predicate"":""biolink:affects""}]}"
Q6,9,NCBIGene:2308,NCBIGene:664,NCBIGene:2308|biolink:acts_upstream_of|NCBIGene:664,"{""edges"":[{""predicate"":""biolink:regulates""},{""predicate"":""biolink:acts_upstream_of""},{""predicate"":""biolink:coexpressed_with""}]}"
Q6,9,NCBIGene:2308,NCBIGene:664,NCBIGene:2308|biolink:coexpressed_with|NCBIGene:664,"{""edges"":[{""predicate"":""biolink:regulates""},{""predicate"":""biolink:acts_upstream_of""},{""predicate"":""biolink:coexpressed_with""}]}"
Q6,9,NCBIGene:2308,NCBIGene:664,NCBIGene:2308|biolink:regulates|NCBIGene:664,"{""edges"":[{""predicate"":""biolink:regulates""},{""predicate"":""biolink:acts_upstream_of""},{""predicate"":""biolink:coexpressed_with""}]}"
Q6,10,NCBIGene:2308,NCBIGene:664,NCBIGene:2308|biolink:acts_upstream_of_positive_effect|NCBIGene:664,"{""edges"": [{""predicate"": ""biolink:regulates""}, {""predicate"": ""biolink:acts_upstream_of_positive_effect""}]}"
Q6,10,NCBIGene:2308,NCBIGene:664,NCBIGene:2308|biolink:regulates|NCBIGene:664,"{""edges"": [{""predicate"": ""biolink:regulates""}, {""predicate"": ""biolink:acts_upstream_of_positive_effect""}]}"
Q6,11,NCBIGene:2308,NCBIGene:664,NCBIGene:2308|biolink:acts_upstream_of_positive_effect|NCBIGene:664,"{""edges"":[{""predicate"":""biolink:regulates""},{""predicate"":""biolink:acts_upstream_of_positive_effect""},{""predicate"":""biolink:coexpressed_with""}]}"
Q6,11,NCBIGene:2308,NCBIGene:664,NCBIGene:2308|biolink:coexpressed_with|NCBIGene:664,"{""edges"":[{""predicate"":""biolink:regulates""},{""predicate"":""biolink:acts_upstream_of_positive_effect""},{""predicate"":""biolink:coexpressed_with""}]}"
Q6,11,NCBIGene:2308,NCBIGene:664,NCBIGene:2308|biolink:regulates|NCBIGene:664,"{""edges"":[{""predicate"":""biolink:regulates""},{""predicate"":""biolink:acts_upstream_of_positive_effect""},{""predicate"":""biolink:coexpressed_with""}]}"
Q6,12,NCBIGene:2308,NCBIGene:664,NCBIGene:2308|biolink:acts_upstream_of_positive_effect|NCBIGene:664,"{""edges"": [{""predicate"": ""biolink:acts_upstream_of_positive_effect""}, {""predicate"": ""biolink:regulates""}, {""predicate"": ""biolink:positively_correlated_with""}]}"
Q6,12,NCBIGene:2308,NCBIGene:664,NCBIGene:2308|biolink:positively_correlated_with|NCBIGene:664,"{""edges"": [{""predicate"": ""biolink:acts_upstream_of_positive_effect""}, {""predicate"": ""biolink:regulates""}, {""predicate"": ""biolink:positively_correlated_with""}]}"
Q6,12,NCBIGene:2308,NCBIGene:664,NCBIGene:2308|biolink:regulates|NCBIGene:664,"{""edges"": [{""predicate"": ""biolink:acts_upstream_of_positive_effect""}, {""predicate"": ""biolink:regulates""}, {""predicate"": ""biolink:positively_correlated_with""}]}"
Q6,13,NCBIGene:2308,NCBIGene:664,NCBIGene:2308|biolink:acts_upstream_of_positive_effect|NCBIGene:664,"{""edges"": [{""predicate"": ""biolink:regulates""}, {""predicate"": ""biolink:acts_upstream_of_positive_effect""}, {""predicate"": ""biolink:coexpressed_with""}, {""predicate"": ""biolink:positively_correlated_with""}, {""predicate"": ""biolink:associated_with""}, {""predicate"": ""biolink:related_to""}]}"
Q6,13,NCBIGene:2308,NCBIGene:664,NCBIGene:2308|biolink:associated_with|NCBIGene:664,"{""edges"": [{""predicate"": ""biolink:regulates""}, {""predicate"": ""biolink:acts_upstream_of_positive_effect""}, {""predicate"": ""biolink:coexpressed_with""}, {""predicate"": ""biolink:positively_correlated_with""}, {""predicate"": ""biolink:associated_with""}, {""predicate"": ""biolink:related_to""}]}"
Q6,13,NCBIGene:2308,NCBIGene:664,NCBIGene:2308|biolink:coexpressed_with|NCBIGene:664,"{""edges"": [{""predicate"": ""biolink:regulates""}, {""predicate"": ""biolink:acts_upstream_of_positive_effect""}, {""predicate"": ""biolink:coexpressed_with""}, {""predicate"": ""biolink:positively_correlated_with""}, {""predicate"": ""biolink:associated_with""}, {""predicate"": ""biolink:related_to""}]}"
Q6,13,NCBIGene:2308,NCBIGene:664,NCBIGene:2308|biolink:positively_correlated_with|NCBIGene:664,"{""edges"": [{""predicate"": ""biolink:regulates""}, {""predicate"": ""biolink:acts_upstream_of_positive_effect""}, {""predicate"": ""biolink:coexpressed_with""}, {""predicate"": ""biolink:positively_correlated_with""}, {""predicate"": ""biolink:associated_with""}, {""predicate"": ""biolink:related_to""}]}"
Q6,13,NCBIGene:2308,NCBIGene:664,NCBIGene:2308|biolink:regulates|NCBIGene:664,"{""edges"": [{""predicate"": ""biolink:regulates""}, {""predicate"": ""biolink:acts_upstream_of_positive_effect""}, {""predicate"": ""biolink:coexpressed_with""}, {""predicate"": ""biolink:positively_correlated_with""}, {""predicate"": ""biolink:associated_with""}, {""predicate"": ""biolink:related_to""}]}"
Q6,13,NCBIGene:2308,NCBIGene:664,NCBIGene:2308|biolink:related_to|NCBIGene:664,"{""edges"": [{""predicate"": ""biolink:regulates""}, {""predicate"": ""biolink:acts_upstream_of_positive_effect""}, {""predicate"": ""biolink:coexpressed_with""}, {""predicate"": ""biolink:positively_correlated_with""}, {""predicate"": ""biolink:associated_with""}, {""predicate"": ""biolink:related_to""}]}"
Q6,14,NCBIGene:2308,NCBIGene:664,NCBIGene:2308|biolink:acts_upstream_of_or_within_positive_effect|NCBIGene:664,"{""edges"":[{""predicate"":""biolink:regulates""},{""predicate"":""biolink:acts_upstream_of_or_within_positive_effect""}]}"
Q6,14,NCBIGene:2308,NCBIGene:664,NCBIGene:2308|biolink:regulates|NCBIGene:664,"{""edges"":[{""predicate"":""biolink:regulates""},{""predicate"":""biolink:acts_upstream_of_or_within_positive_effect""}]}"
Q6,15,NCBIGene:2308,NCBIGene:664,NCBIGene:2308|biolink:acts_upstream_of_positive_effect|NCBIGene:664,"{""edges"": [{""predicate"": ""biolink:acts_upstream_of_positive_effect""}, {""predicate"": ""biolink:regulates""}, {""predicate"": ""biolink:coexpressed_with""}]}"
Q6,15,NCBIGene:2308,NCBIGene:664,NCBIGene:2308|biolink:coexpressed_with|NCBIGene:664,"{""edges"": [{""predicate"": ""biolink:acts_upstream_of_positive_effect""}, {""predicate"": ""biolink:regulates""}, {""predicate"": ""biolink:coexpressed_with""}]}"
Q6,15,NCBIGene:2308,NCBIGene:664,NCBIGene:2308|biolink:regulates|NCBIGene:664,"{""edges"": [{""predicate"": ""biolink:acts_upstream_of_positive_effect""}, {""predicate"": ""biolink:regulates""}, {""predicate"": ""biolink:coexpressed_with""}]}"
Q6,16,NCBIGene:2308,NCBIGene:664,NCBIGene:2308|biolink:acts_upstream_of_positive_effect|NCBIGene:664,"{""edges"":[{""predicate"":""biolink:regulates""},{""predicate"":""biolink:acts_upstream_of_positive_effect""},{""predicate"":""biolink:coexpressed_with""}]}"
Q6,16,NCBIGene:2308,NCBIGene:664,NCBIGene:2308|biolink:coexpressed_with|NCBIGene:664,"{""edges"":[{""predicate"":""biolink:regulates""},{""predicate"":""biolink:acts_upstream_of_positive_effect""},{""predicate"":""biolink:coexpressed_with""}]}"
Q6,16,NCBIGene:2308,NCBIGene:664,NCBIGene:2308|biolink:regulates|NCBIGene:664,"{""edges"":[{""predicate"":""biolink:regulates""},{""predicate"":""biolink:acts_upstream_of_positive_effect""},{""predicate"":""biolink:coexpressed_with""}]}"
Q6,17,NCBIGene:2308,NCBIGene:664,NCBIGene:2308|biolink:acts_upstream_of_or_within_positive_effect|NCBIGene:664,"{""edges"": [{""predicate"": ""biolink:acts_upstream_of_or_within_positive_effect""}, {""predicate"": ""biolink:regulates""}, {""predicate"": ""biolink:coexpressed_with""}, {""predicate"": ""biolink:positively_correlated_with""}]}"
Q6,17,NCBIGene:2308,NCBIGene:664,NCBIGene:2308|biolink:coexpressed_with|NCBIGene:664,"{""edges"": [{""predicate"": ""biolink:acts_upstream_of_or_within_positive_effect""}, {""predicate"": ""biolink:regulates""}, {""predicate"": ""biolink:coexpressed_with""}, {""predicate"": ""biolink:positively_correlated_with""}]}"
Q6,17,NCBIGene:2308,NCBIGene:664,NCBIGene:2308|biolink:positively_correlated_with|NCBIGene:664,"{""edges"": [{""predicate"": ""biolink:acts_upstream_of_or_within_positive_effect""}, {""predicate"": ""biolink:regulates""}, {""predicate"": ""biolink:coexpressed_with""}, {""predicate"": ""biolink:positively_correlated_with""}]}"
Q6,17,NCBIGene:2308,NCBIGene:664,NCBIGene:2308|biolink:regulates|NCBIGene:664,"{""edges"": [{""predicate"": ""biolink:acts_upstream_of_or_within_positive_effect""}, {""predicate"": ""biolink:regulates""}, {""predicate"": ""biolink:coexpressed_with""}, {""predicate"": ""biolink:positively_correlated_with""}]}"
Q6,18,NCBIGene:2308,NCBIGene:664,NCBIGene:2308|biolink:acts_upstream_of_positive_effect|NCBIGene:664,"{""edges"": [{""predicate"": ""biolink:regulates""}, {""predicate"": ""biolink:acts_upstream_of_positive_effect""}, {""predicate"": ""biolink:related_to""}]}"
Q6,18,NCBIGene:2308,NCBIGene:664,NCBIGene:2308|biolink:regulates|NCBIGene:664,"{""edges"": [{""predicate"": ""biolink:regulates""}, {""predicate"": ""biolink:acts_upstream_of_positive_effect""}, {""predicate"": ""biolink:related_to""}]}"
Q6,18,NCBIGene:2308,NCBIGene:664,NCBIGene:2308|biolink:related_to|NCBIGene:664,"{""edges"": [{""predicate"": ""biolink:regulates""}, {""predicate"": ""biolink:acts_upstream_of_positive_effect""}, {""predicate"": ""biolink:related_to""}]}"
Q6,19,NCBIGene:2308,NCBIGene:664,NCBIGene:2308|biolink:related_to|NCBIGene:664,"{""edges"":[{""predicate"":""biolink:related_to""}]}"
Q6,20,NCBIGene:2308,NCBIGene:664,NCBIGene:2308|biolink:acts_upstream_of|NCBIGene:664,"{""edges"": [{""predicate"": ""biolink:related_to""}, {""predicate"": ""biolink:regulates""}, {""predicate"": ""biolink:acts_upstream_of""}]}"
Q6,20,NCBIGene:2308,NCBIGene:664,NCBIGene:2308|biolink:regulates|NCBIGene:664,"{""edges"": [{""predicate"": ""biolink:related_to""}, {""predicate"": ""biolink:regulates""}, {""predicate"": ""biolink:acts_upstream_of""}]}"
Q6,20,NCBIGene:2308,NCBIGene:664,NCBIGene:2308|biolink:related_to|NCBIGene:664,"{""edges"": [{""predicate"": ""biolink:related_to""}, {""predicate"": ""biolink:regulates""}, {""predicate"": ""biolink:acts_upstream_of""}]}"
Q7,1,NCBIGene:2308,NCBIGene:6648,NCBIGene:2308|biolink:acts_upstream_of_positive_effect|NCBIGene:6648,"{""edges"": [{""predicate"": ""biolink:regulates""}, {""predicate"": ""biolink:acts_upstream_of_positive_effect""}, {""predicate"": ""biolink:affects""}, {""predicate"": ""biolink:coexpressed_with""}, {""predicate"": ""biolink:positively_correlated_with""}, {""predicate"": ""biolink:related_to""}]}"
Q7,1,NCBIGene:2308,NCBIGene:6648,NCBIGene:2308|biolink:affects|NCBIGene:6648,"{""edges"": [{""predicate"": ""biolink:regulates""}, {""predicate"": ""biolink:acts_upstream_of_positive_effect""}, {""predicate"": ""biolink:affects""}, {""predicate"": ""biolink:coexpressed_with""}, {""predicate"": ""biolink:positively_correlated_with""}, {""predicate"": ""biolink:related_to""}]}"
Q7,1,NCBIGene:2308,NCBIGene:6648,NCBIGene:2308|biolink:coexpressed_with|NCBIGene:6648,"{""edges"": [{""predicate"": ""biolink:regulates""}, {""predicate"": ""biolink:acts_upstream_of_positive_effect""}, {""predicate"": ""biolink:affects""}, {""predicate"": ""biolink:coexpressed_with""}, {""predicate"": ""biolink:positively_correlated_with""}, {""predicate"": ""biolink:related_to""}]}"
Q7,1,NCBIGene:2308,NCBIGene:6648,NCBIGene:2308|biolink:positively_correlated_with|NCBIGene:6648,"{""edges"": [{""predicate"": ""biolink:regulates""}, {""predicate"": ""biolink:acts_upstream_of_positive_effect""}, {""predicate"": ""biolink:affects""}, {""predicate"": ""biolink:coexpressed_with""}, {""predicate"": ""biolink:positively_correlated_with""}, {""predicate"": ""biolink:related_to""}]}"
Q7,1,NCBIGene:2308,NCBIGene:6648,NCBIGene:2308|biolink:regulates|NCBIGene:6648,"{""edges"": [{""predicate"": ""biolink:regulates""}, {""predicate"": ""biolink:acts_upstream_of_positive_effect""}, {""predicate"": ""biolink:affects""}, {""predicate"": ""biolink:coexpressed_with""}, {""predicate"": ""biolink:positively_correlated_with""}, {""predicate"": ""biolink:related_to""}]}"
Q7,1,NCBIGene:2308,NCBIGene:6648,NCBIGene:2308|biolink:related_to|NCBIGene:6648,"{""edges"": [{""predicate"": ""biolink:regulates""}, {""predicate"": ""biolink:acts_upstream_of_positive_effect""}, {""predicate"": ""biolink:affects""}, {""predicate"": ""biolink:coexpressed_with""}, {""predicate"": ""biolink:positively_correlated_with""}, {""predicate"": ""biolink:related_to""}]}"
Q7,2,NCBIGene:2308,NCBIGene:6648,NCBIGene:2308|biolink:acts_upstream_of_positive_effect|NCBIGene:6648,"{""edges"":[{""predicate"":""biolink:regulates""},{""predicate"":""biolink:acts_upstream_of_positive_effect""},{""predicate"":""biolink:positively_correlated_with""},{""predicate"":""biolink:coexpressed_with""}]}"
Q7,2,NCBIGene:2308,NCBIGene:6648,NCBIGene:2308|biolink:coexpressed_with|NCBIGene:6648,"{""edges"":[{""predicate"":""biolink:regulates""},{""predicate"":""biolink:acts_upstream_of_positive_effect""},{""predicate"":""biolink:positively_correlated_with""},{""predicate"":""biolink:coexpressed_with""}]}"
Q7,2,NCBIGene:2308,NCBIGene:6648,NCBIGene:2308|biolink:positively_correlated_with|NCBIGene:6648,"{""edges"":[{""predicate"":""biolink:regulates""},{""predicate"":""biolink:acts_upstream_of_positive_effect""},{""predicate"":""biolink:positively_correlated_with""},{""predicate"":""biolink:coexpressed_with""}]}"
Q7,2,NCBIGene:2308,NCBIGene:6648,NCBIGene:2308|biolink:regulates|NCBIGene:6648,"{""edges"":[{""predicate"":""biolink:regulates""},{""predicate"":""biolink:acts_upstream_of_positive_effect""},{""predicate"":""biolink:positively_correlated_with""},{""predicate"":""biolink:coexpressed_with""}]}"
Q7,3,NCBIGene:2308,NCBIGene:6648,NCBIGene:2308|biolink:acts_upstream_of_positive_effect|NCBIGene:6648,"{""edges"":[{""predicate"":""biolink:acts_upstream_of_positive_effect""},{""predicate"":""biolink:regulates""},{""predicate"":""biolink:affects""},{""predicate"":""biolink:coexpressed_with""},{""predicate"":""biolink:positively_correlated_with""}]}"
Q7,3,NCBIGene:2308,NCBIGene:6648,NCBIGene:2308|biolink:affects|NCBIGene:6648,"{""edges"":[{""predicate"":""biolink:acts_upstream_of_positive_effect""},{""predicate"":""biolink:regulates""},{""predicate"":""biolink:affects""},{""predicate"":""biolink:coexpressed_with""},{""predicate"":""biolink:positively_correlated_with""}]}"
Q7,3,NCBIGene:2308,NCBIGene:6648,NCBIGene:2308|biolink:coexpressed_with|NCBIGene:6648,"{""edges"":[{""predicate"":""biolink:acts_upstream_of_positive_effect""},{""predicate"":""biolink:regulates""},{""predicate"":""biolink:affects""},{""predicate"":""biolink:coexpressed_with""},{""predicate"":""biolink:positively_correlated_with""}]}"
Q7,3,NCBIGene:2308,NCBIGene:6648,NCBIGene:2308|biolink:positively_correlated_with|NCBIGene:6648,"{""edges"":[{""predicate"":""biolink:acts_upstream_of_positive_effect""},{""predicate"":""biolink:regulates""},{""predicate"":""biolink:affects""},{""predicate"":""biolink:coexpressed_with""},{""predicate"":""biolink:positively_correlated_with""}]}"
Q7,3,NCBIGene:2308,NCBIGene:6648,NCBIGene:2308|biolink:regulates|NCBIGene:6648,"{""edges"":[{""predicate"":""biolink:acts_upstream_of_positive_effect""},{""predicate"":""biolink:regulates""},{""predicate"":""biolink:affects""},{""predicate"":""biolink:coexpressed_with""},{""predicate"":""biolink:positively_correlated_with""}]}"
Q7,4,NCBIGene:2308,NCBIGene:6648,NCBIGene:2308|biolink:acts_upstream_of_positive_effect|NCBIGene:6648,"{""edges"":[{""predicate"":""biolink:regulates""},{""predicate"":""biolink:acts_upstream_of_positive_effect""}]}"
Q7,4,NCBIGene:2308,NCBIGene:6648,NCBIGene:2308|biolink:regulates|NCBIGene:6648,"{""edges"":[{""predicate"":""biolink:regulates""},{""predicate"":""biolink:acts_upstream_of_positive_effect""}]}"
Q7,5,NCBIGene:2308,NCBIGene:6648,NCBIGene:2308|biolink:acts_upstream_of_or_within_positive_effect|NCBIGene:6648,"{""edges"":[{""predicate"":""biolink:regulates""},{""predicate"":""biolink:acts_upstream_of_positive_effect""},{""predicate"":""biolink:acts_upstream_of_or_within_positive_effect""},{""predicate"":""biolink:positively_correlated_with""},{""predicate"":""biolink:coexpressed_with""}]}"
Q7,5,NCBIGene:2308,NCBIGene:6648,NCBIGene:2308|biolink:acts_upstream_of_positive_effect|NCBIGene:6648,"{""edges"":[{""predicate"":""biolink:regulates""},{""predicate"":""biolink:acts_upstream_of_positive_effect""},{""predicate"":""biolink:acts_upstream_of_or_within_positive_effect""},{""predicate"":""biolink:positively_correlated_with""},{""predicate"":""biolink:coexpressed_with""}]}"
Q7,5,NCBIGene:2308,NCBIGene:6648,NCBIGene:2308|biolink:coexpressed_with|NCBIGene:6648,"{""edges"":[{""predicate"":""biolink:regulates""},{""predicate"":""biolink:acts_upstream_of_positive_effect""},{""predicate"":""biolink:acts_upstream_of_or_within_positive_effect""},{""predicate"":""biolink:positively_correlated_with""},{""predicate"":""biolink:coexpressed_with""}]}"
Q7,5,NCBIGene:2308,NCBIGene:6648,NCBIGene:2308|biolink:positively_correlated_with|NCBIGene:6648,"{""edges"":[{""predicate"":""biolink:regulates""},{""predicate"":""biolink:acts_upstream_of_positive_effect""},{""predicate"":""biolink:acts_upstream_of_or_within_positive_effect""},{""predicate"":""biolink:positively_correlated_with""},{""predicate"":""biolink:coexpressed_with""}]}"
Q7,5,NCBIGene:2308,NCBIGene:6648,NCBIGene:2308|biolink:regulates|NCBIGene:6648,"{""edges"":[{""predicate"":""biolink:regulates""},{""predicate"":""biolink:acts_upstream_of_positive_effect""},{""predicate"":""biolink:acts_upstream_of_or_within_positive_effect""},{""predicate"":""biolink:positively_correlated_with""},{""predicate"":""biolink:coexpressed_with""}]}"
Q7,6,NCBIGene:2308,NCBIGene:6648,NCBIGene:2308|biolink:acts_upstream_of_positive_effect|NCBIGene:6648,"{""edges"":[{""predicate"":""biolink:regulates""},{""predicate"":""biolink:acts_upstream_of_positive_effect""},{""predicate"":""biolink:coexpressed_with""},{""predicate"":""biolink:positively_correlated_with""}]}"
Q7,6,NCBIGene:2308,NCBIGene:6648,NCBIGene:2308|biolink:coexpressed_with|NCBIGene:6648,"{""edges"":[{""predicate"":""biolink:regulates""},{""predicate"":""biolink:acts_upstream_of_positive_effect""},{""predicate"":""biolink:coexpressed_with""},{""predicate"":""biolink:positively_correlated_with""}]}"
Q7,6,NCBIGene:2308,NCBIGene:6648,NCBIGene:2308|biolink:positively_correlated_with|NCBIGene:6648,"{""edges"":[{""predicate"":""biolink:regulates""},{""predicate"":""biolink:acts_upstream_of_positive_effect""},{""predicate"":""biolink:coexpressed_with""},{""predicate"":""biolink:positively_correlated_with""}]}"
Q7,6,NCBIGene:2308,NCBIGene:6648,NCBIGene:2308|biolink:regulates|NCBIGene:6648,"{""edges"":[{""predicate"":""biolink:regulates""},{""predicate"":""biolink:acts_upstream_of_positive_effect""},{""predicate"":""biolink:coexpressed_with""},{""predicate"":""biolink:positively_correlated_with""}]}"
Q7,7,NCBIGene:2308,NCBIGene:6648,NCBIGene:2308|biolink:acts_upstream_of_positive_effect|NCBIGene:6648,"{""edges"":[{""predicate"":""biolink:regulates""},{""predicate"":""biolink:acts_upstream_of_positive_effect""},{""predicate"":""biolink:positively_correlated_with""}]}"
Q7,7,NCBIGene:2308,NCBIGene:6648,NCBIGene:2308|biolink:positively_correlated_with|NCBIGene:6648,"{""edges"":[{""predicate"":""biolink:regulates""},{""predicate"":""biolink:acts_upstream_of_positive_effect""},{""predicate"":""biolink:positively_correlated_with""}]}"
Q7,7,NCBIGene:2308,NCBIGene:6648,NCBIGene:2308|biolink:regulates|NCBIGene:6648,"{""edges"":[{""predicate"":""biolink:regulates""},{""predicate"":""biolink:acts_upstream_of_positive_effect""},{""predicate"":""biolink:positively_correlated_with""}]}"
Q7,8,NCBIGene:2308,NCBIGene:6648,NCBIGene:2308|biolink:acts_upstream_of_positive_effect|NCBIGene:6648,"{""edges"":[{""predicate"":""biolink:regulates""},{""predicate"":""biolink:acts_upstream_of_positive_effect""},{""predicate"":""biolink:acts_upstream_of""},{""predicate"":""biolink:coexpressed_with""},{""predicate"":""biolink:positively_correlated_with""}]}"
Q7,8,NCBIGene:2308,NCBIGene:6648,NCBIGene:2308|biolink:acts_upstream_of|NCBIGene:6648,"{""edges"":[{""predicate"":""biolink:regulates""},{""predicate"":""biolink:acts_upstream_of_positive_effect""},{""predicate"":""biolink:acts_upstream_of""},{""predicate"":""biolink:coexpressed_with""},{""predicate"":""biolink:positively_correlated_with""}]}"
Q7,8,NCBIGene:2308,NCBIGene:6648,NCBIGene:2308|biolink:coexpressed_with|NCBIGene:6648,"{""edges"":[{""predicate"":""biolink:regulates""},{""predicate"":""biolink:acts_upstream_of_positive_effect""},{""predicate"":""biolink:acts_upstream_of""},{""predicate"":""biolink:coexpressed_with""},{""predicate"":""biolink:positively_correlated_with""}]}"
Q7,8,NCBIGene:2308,NCBIGene:6648,NCBIGene:2308|biolink:positively_correlated_with|NCBIGene:6648,"{""edges"":[{""predicate"":""biolink:regulates""},{""predicate"":""biolink:acts_upstream_of_positive_effect""},{""predicate"":""biolink:acts_upstream_of""},{""predicate"":""biolink:coexpressed_with""},{""predicate"":""biolink:positively_correlated_with""}]}"
Q7,8,NCBIGene:2308,NCBIGene:6648,NCBIGene:2308|biolink:regulates|NCBIGene:6648,"{""edges"":[{""predicate"":""biolink:regulates""},{""predicate"":""biolink:acts_upstream_of_positive_effect""},{""predicate"":""biolink:acts_upstream_of""},{""predicate"":""biolink:coexpressed_with""},{""predicate"":""biolink:positively_correlated_with""}]}"
Q7,9,NCBIGene:2308,NCBIGene:6648,NCBIGene:2308|biolink:acts_upstream_of_positive_effect|NCBIGene:6648,"{""edges"":[{""predicate"":""biolink:regulates""},{""predicate"":""biolink:acts_upstream_of_positive_effect""},{""predicate"":""biolink:coexpressed_with""},{""predicate"":""biolink:positively_correlated_with""}]}"
Q7,9,NCBIGene:2308,NCBIGene:6648,NCBIGene:2308|biolink:coexpressed_with|NCBIGene:6648,"{""edges"":[{""predicate"":""biolink:regulates""},{""predicate"":""biolink:acts_upstream_of_positive_effect""},{""predicate"":""biolink:coexpressed_with""},{""predicate"":""biolink:positively_correlated_with""}]}"
Q7,9,NCBIGene:2308,NCBIGene:6648,NCBIGene:2308|biolink:positively_correlated_with|NCBIGene:6648,"{""edges"":[{""predicate"":""biolink:regulates""},{""predicate"":""biolink:acts_upstream_of_positive_effect""},{""predicate"":""biolink:coexpressed_with""},{""predicate"":""biolink:positively_correlated_with""}]}"
Q7,9,NCBIGene:2308,NCBIGene:6648,NCBIGene:2308|biolink:regulates|NCBIGene:6648,"{""edges"":[{""predicate"":""biolink:regulates""},{""predicate"":""biolink:acts_upstream_of_positive_effect""},{""predicate"":""biolink:coexpressed_with""},{""predicate"":""biolink:positively_correlated_with""}]}"
Q7,10,NCBIGene:2308,NCBIGene:6648,NCBIGene:2308|biolink:acts_upstream_of_positive_effect|NCBIGene:6648,"{""edges"":[{""predicate"":""biolink:regulates""},{""predicate"":""biolink:acts_upstream_of_positive_effect""}]}"
Q7,10,NCBIGene:2308,NCBIGene:6648,NCBIGene:2308|biolink:regulates|NCBIGene:6648,"{""edges"":[{""predicate"":""biolink:regulates""},{""predicate"":""biolink:acts_upstream_of_positive_effect""}]}"
Q7,11,NCBIGene:2308,NCBIGene:6648,NCBIGene:2308|biolink:acts_upstream_of_positive_effect|NCBIGene:6648,"{""edges"": [{""predicate"": ""biolink:regulates""}, {""predicate"": ""biolink:acts_upstream_of_positive_effect""}]}"
Q7,11,NCBIGene:2308,NCBIGene:6648,NCBIGene:2308|biolink:regulates|NCBIGene:6648,"{""edges"": [{""predicate"": ""biolink:regulates""}, {""predicate"": ""biolink:acts_upstream_of_positive_effect""}]}"
Q7,12,NCBIGene:2308,NCBIGene:6648,NCBIGene:2308|biolink:acts_upstream_of_positive_effect|NCBIGene:6648,"{""edges"":[{""predicate"":""biolink:regulates""},{""predicate"":""biolink:acts_upstream_of_positive_effect""},{""predicate"":""biolink:coexpressed_with""},{""predicate"":""biolink:positively_correlated_with""}]}"
Q7,12,NCBIGene:2308,NCBIGene:6648,NCBIGene:2308|biolink:coexpressed_with|NCBIGene:6648,"{""edges"":[{""predicate"":""biolink:regulates""},{""predicate"":""biolink:acts_upstream_of_positive_effect""},{""predicate"":""biolink:coexpressed_with""},{""predicate"":""biolink:positively_correlated_with""}]}"
Q7,12,NCBIGene:2308,NCBIGene:6648,NCBIGene:2308|biolink:positively_correlated_with|NCBIGene:6648,"{""edges"":[{""predicate"":""biolink:regulates""},{""predicate"":""biolink:acts_upstream_of_positive_effect""},{""predicate"":""biolink:coexpressed_with""},{""predicate"":""biolink:positively_correlated_with""}]}"
Q7,12,NCBIGene:2308,NCBIGene:6648,NCBIGene:2308|biolink:regulates|NCBIGene:6648,"{""edges"":[{""predicate"":""biolink:regulates""},{""predicate"":""biolink:acts_upstream_of_positive_effect""},{""predicate"":""biolink:coexpressed_with""},{""predicate"":""biolink:positively_correlated_with""}]}"
Q7,13,NCBIGene:2308,NCBIGene:6648,NCBIGene:2308|biolink:acts_upstream_of_positive_effect|NCBIGene:6648,"{""edges"": [{""predicate"": ""biolink:regulates""}, {""predicate"": ""biolink:acts_upstream_of_positive_effect""}, {""predicate"": ""biolink:coexpressed_with""}, {""predicate"": ""biolink:positively_correlated_with""}]}"
Q7,13,NCBIGene:2308,NCBIGene:6648,NCBIGene:2308|biolink:coexpressed_with|NCBIGene:6648,"{""edges"": [{""predicate"": ""biolink:regulates""}, {""predicate"": ""biolink:acts_upstream_of_positive_effect""}, {""predicate"": ""biolink:coexpressed_with""}, {""predicate"": ""biolink:positively_correlated_with""}]}"
Q7,13,NCBIGene:2308,NCBIGene:6648,NCBIGene:2308|biolink:positively_correlated_with|NCBIGene:6648,"{""edges"": [{""predicate"": ""biolink:regulates""}, {""predicate"": ""biolink:acts_upstream_of_positive_effect""}, {""predicate"": ""biolink:coexpressed_with""}, {""predicate"": ""biolink:positively_correlated_with""}]}"
Q7,13,NCBIGene:2308,NCBIGene:6648,NCBIGene:2308|biolink:regulates|NCBIGene:6648,"{""edges"": [{""predicate"": ""biolink:regulates""}, {""predicate"": ""biolink:acts_upstream_of_positive_effect""}, {""predicate"": ""biolink:coexpressed_with""}, {""predicate"": ""biolink:positively_correlated_with""}]}"
Q7,14,NCBIGene:2308,NCBIGene:6648,NCBIGene:2308|biolink:acts_upstream_of_positive_effect|NCBIGene:6648,"{""edges"": [{""predicate"": ""biolink:regulates""}, {""predicate"": ""biolink:acts_upstream_of_positive_effect""}, {""predicate"": ""biolink:acts_upstream_of""}]}"
Q7,14,NCBIGene:2308,NCBIGene:6648,NCBIGene:2308|biolink:acts_upstream_of|NCBIGene:6648,"{""edges"": [{""predicate"": ""biolink:regulates""}, {""predicate"": ""biolink:acts_upstream_of_positive_effect""}, {""predicate"": ""biolink:acts_upstream_of""}]}"
Q7,14,NCBIGene:2308,NCBIGene:6648,NCBIGene:2308|biolink:regulates|NCBIGene:6648,"{""edges"": [{""predicate"": ""biolink:regulates""}, {""predicate"": ""biolink:acts_upstream_of_positive_effect""}, {""predicate"": ""biolink:acts_upstream_of""}]}"
Q7,15,NCBIGene:2308,NCBIGene:6648,NCBIGene:2308|biolink:acts_upstream_of_positive_effect|NCBIGene:6648,"{""edges"": [{""predicate"": ""biolink:regulates""}, {""predicate"": ""biolink:acts_upstream_of_positive_effect""}, {""predicate"": ""biolink:affects""}]}"
Q7,15,NCBIGene:2308,NCBIGene:6648,NCBIGene:2308|biolink:affects|NCBIGene:6648,"{""edges"": [{""predicate"": ""biolink:regulates""}, {""predicate"": ""biolink:acts_upstream_of_positive_effect""}, {""predicate"": ""biolink:affects""}]}"
Q7,15,NCBIGene:2308,NCBIGene:6648,NCBIGene:2308|biolink:regulates|NCBIGene:6648,"{""edges"": [{""predicate"": ""biolink:regulates""}, {""predicate"": ""biolink:acts_upstream_of_positive_effect""}, {""predicate"": ""biolink:affects""}]}"
Q7,16,NCBIGene:2308,NCBIGene:6648,NCBIGene:2308|biolink:acts_upstream_of_or_within_positive_effect|NCBIGene:6648,"{""edges"": [{""predicate"": ""biolink:regulates""}, {""predicate"": ""biolink:acts_upstream_of_positive_effect""}, {""predicate"": ""biolink:acts_upstream_of_or_within_positive_effect""}]}"
Q7,16,NCBIGene:2308,NCBIGene:6648,NCBIGene:2308|biolink:acts_upstream_of_positive_effect|NCBIGene:6648,"{""edges"": [{""predicate"": ""biolink:regulates""}, {""predicate"": ""biolink:acts_upstream_of_positive_effect""}, {""predicate"": ""biolink:acts_upstream_of_or_within_positive_effect""}]}"
Q7,16,NCBIGene:2308,NCBIGene:6648,NCBIGene:2308|biolink:regulates|NCBIGene:6648,"{""edges"": [{""predicate"": ""biolink:regulates""}, {""predicate"": ""biolink:acts_upstream_of_positive_effect""}, {""predicate"": ""biolink:acts_upstream_of_or_within_positive_effect""}]}"
Q7,17,NCBIGene:2308,NCBIGene:6648,NCBIGene:2308|biolink:acts_upstream_of_positive_effect|NCBIGene:6648,"{""edges"":[{""predicate"":""biolink:regulates""},{""predicate"":""biolink:acts_upstream_of_positive_effect""},{""predicate"":""biolink:coexpressed_with""},{""predicate"":""biolink:positively_correlated_with""}]}"
Q7,17,NCBIGene:2308,NCBIGene:6648,NCBIGene:2308|biolink:coexpressed_with|NCBIGene:6648,"{""edges"":[{""predicate"":""biolink:regulates""},{""predicate"":""biolink:acts_upstream_of_positive_effect""},{""predicate"":""biolink:coexpressed_with""},{""predicate"":""biolink:positively_correlated_with""}]}"
Q7,17,NCBIGene:2308,NCBIGene:6648,NCBIGene:2308|biolink:positively_correlated_with|NCBIGene:6648,"{""edges"":[{""predicate"":""biolink:regulates""},{""predicate"":""biolink:acts_upstream_of_positive_effect""},{""predicate"":""biolink:coexpressed_with""},{""predicate"":""biolink:positively_correlated_with""}]}"
Q7,17,NCBIGene:2308,NCBIGene:6648,NCBIGene:2308|biolink:regulates|NCBIGene:6648,"{""edges"":[{""predicate"":""biolink:regulates""},{""predicate"":""biolink:acts_upstream_of_positive_effect""},{""predicate"":""biolink:coexpressed_with""},{""predicate"":""biolink:positively_correlated_with""}]}"
Q7,18,NCBIGene:2308,NCBIGene:6648,NCBIGene:2308|biolink:acts_upstream_of_or_within_positive_effect|NCBIGene:6648,"{""edges"":[{""predicate"":""biolink:regulates""},{""predicate"":""biolink:acts_upstream_of_positive_effect""},{""predicate"":""biolink:acts_upstream_of_or_within_positive_effect""},{""predicate"":""biolink:acts_upstream_of""},{""predicate"":""biolink:affects""},{""predicate"":""biolink:coexpressed_with""},{""predicate"":""biolink:positively_correlated_with""}]}"
Q7,18,NCBIGene:2308,NCBIGene:6648,NCBIGene:2308|biolink:acts_upstream_of_positive_effect|NCBIGene:6648,"{""edges"":[{""predicate"":""biolink:regulates""},{""predicate"":""biolink:acts_upstream_of_positive_effect""},{""predicate"":""biolink:acts_upstream_of_or_within_positive_effect""},{""predicate"":""biolink:acts_upstream_of""},{""predicate"":""biolink:affects""},{""predicate"":""biolink:coexpressed_with""},{""predicate"":""biolink:positively_correlated_with""}]}"
Q7,18,NCBIGene:2308,NCBIGene:6648,NCBIGene:2308|biolink:acts_upstream_of|NCBIGene:6648,"{""edges"":[{""predicate"":""biolink:regulates""},{""predicate"":""biolink:acts_upstream_of_positive_effect""},{""predicate"":""biolink:acts_upstream_of_or_within_positive_effect""},{""predicate"":""biolink:acts_upstream_of""},{""predicate"":""biolink:affects""},{""predicate"":""biolink:coexpressed_with""},{""predicate"":""biolink:positively_correlated_with""}]}"
Q7,18,NCBIGene:2308,NCBIGene:6648,NCBIGene:2308|biolink:affects|NCBIGene:6648,"{""edges"":[{""predicate"":""biolink:regulates""},{""predicate"":""biolink:acts_upstream_of_positive_effect""},{""predicate"":""biolink:acts_upstream_of_or_within_positive_effect""},{""predicate"":""biolink:acts_upstream_of""},{""predicate"":""biolink:affects""},{""predicate"":""biolink:coexpressed_with""},{""predicate"":""biolink:positively_correlated_with""}]}"
Q7,18,NCBIGene:2308,NCBIGene:6648,NCBIGene:2308|biolink:coexpressed_with|NCBIGene:6648,"{""edges"":[{""predicate"":""biolink:regulates""},{""predicate"":""biolink:acts_upstream_of_positive_effect""},{""predicate"":""biolink:acts_upstream_of_or_within_positive_effect""},{""predicate"":""biolink:acts_upstream_of""},{""predicate"":""biolink:affects""},{""predicate"":""biolink:coexpressed_with""},{""predicate"":""biolink:positively_correlated_with""}]}"
Q7,18,NCBIGene:2308,NCBIGene:6648,NCBIGene:2308|biolink:positively_correlated_with|NCBIGene:6648,"{""edges"":[{""predicate"":""biolink:regulates""},{""predicate"":""biolink:acts_upstream_of_positive_effect""},{""predicate"":""biolink:acts_upstream_of_or_within_positive_effect""},{""predicate"":""biolink:acts_upstream_of""},{""predicate"":""biolink:affects""},{""predicate"":""biolink:coexpressed_with""},{""predicate"":""biolink:positively_correlated_with""}]}"
Q7,18,NCBIGene:2308,NCBIGene:6648,NCBIGene:2308|biolink:regulates|NCBIGene:6648,"{""edges"":[{""predicate"":""biolink:regulates""},{""predicate"":""biolink:acts_upstream_of_positive_effect""},{""predicate"":""biolink:acts_upstream_of_or_within_positive_effect""},{""predicate"":""biolink:acts_upstream_of""},{""predicate"":""biolink:affects""},{""predicate"":""biolink:coexpressed_with""},{""predicate"":""biolink:positively_correlated_with""}]}"
Q7,19,NCBIGene:2308,NCBIGene:6648,NCBIGene:2308|biolink:acts_upstream_of_positive_effect|NCBIGene:6648,"{""edges"": [{""predicate"": ""biolink:regulates""}, {""predicate"": ""biolink:acts_upstream_of_positive_effect""}]}"
Q7,19,NCBIGene:2308,NCBIGene:6648,NCBIGene:2308|biolink:regulates|NCBIGene:6648,"{""edges"": [{""predicate"": ""biolink:regulates""}, {""predicate"": ""biolink:acts_upstream_of_positive_effect""}]}"
Q7,20,NCBIGene:2308,NCBIGene:6648,NCBIGene:2308|biolink:acts_upstream_of_positive_effect|NCBIGene:6648,"{""edges"":[{""predicate"":""biolink:regulates""},{""predicate"":""biolink:acts_upstream_of_positive_effect""},{""predicate"":""biolink:affects""},{""predicate"":""biolink:coexpressed_with""},{""predicate"":""biolink:associated_with""},{""predicate"":""biolink:related_to""}]}"
Q7,20,NCBIGene:2308,NCBIGene:6648,NCBIGene:2308|biolink:affects|NCBIGene:6648,"{""edges"":[{""predicate"":""biolink:regulates""},{""predicate"":""biolink:acts_upstream_of_positive_effect""},{""predicate"":""biolink:affects""},{""predicate"":""biolink:coexpressed_with""},{""predicate"":""biolink:associated_with""},{""predicate"":""biolink:related_to""}]}"
Q7,20,NCBIGene:2308,NCBIGene:6648,NCBIGene:2308|biolink:associated_with|NCBIGene:6648,"{""edges"":[{""predicate"":""biolink:regulates""},{""predicate"":""biolink:acts_upstream_of_positive_effect""},{""predicate"":""biolink:affects""},{""predicate"":""biolink:coexpressed_with""},{""predicate"":""biolink:associated_with""},{""predicate"":""biolink:related_to""}]}"
Q7,20,NCBIGene:2308,NCBIGene:6648,NCBIGene:2308|biolink:coexpressed_with|NCBIGene:6648,"{""edges"":[{""predicate"":""biolink:regulates""},{""predicate"":""biolink:acts_upstream_of_positive_effect""},{""predicate"":""biolink:affects""},{""predicate"":""biolink:coexpressed_with""},{""predicate"":""biolink:associated_with""},{""predicate"":""biolink:related_to""}]}"
Q7,20,NCBIGene:2308,NCBIGene:6648,NCBIGene:2308|biolink:regulates|NCBIGene:6648,"{""edges"":[{""predicate"":""biolink:regulates""},{""predicate"":""biolink:acts_upstream_of_positive_effect""},{""predicate"":""biolink:affects""},{""predicate"":""biolink:coexpressed_with""},{""predicate"":""biolink:associated_with""},{""predicate"":""biolink:related_to""}]}"
Q7,20,NCBIGene:2308,NCBIGene:6648,NCBIGene:2308|biolink:related_to|NCBIGene:6648,"{""edges"":[{""predicate"":""biolink:regulates""},{""predicate"":""biolink:acts_upstream_of_positive_effect""},{""predicate"":""biolink:affects""},{""predicate"":""biolink:coexpressed_with""},{""predicate"":""biolink:associated_with""},{""predicate"":""biolink:related_to""}]}"
Q8,1,NCBIGene:2308,NCBIGene:3479,NCBIGene:2308|biolink:associated_with|NCBIGene:3479,"{""edges"":[{""predicate"":""biolink:related_to""},{""predicate"":""biolink:associated_with""},{""predicate"":""biolink:coexpressed_with""},{""predicate"":""biolink:correlated_with""},{""predicate"":""biolink:regulates""}]}"
Q8,1,NCBIGene:2308,NCBIGene:3479,NCBIGene:2308|biolink:coexpressed_with|NCBIGene:3479,"{""edges"":[{""predicate"":""biolink:related_to""},{""predicate"":""biolink:associated_with""},{""predicate"":""biolink:coexpressed_with""},{""predicate"":""biolink:correlated_with""},{""predicate"":""biolink:regulates""}]}"
Q8,1,NCBIGene:2308,NCBIGene:3479,NCBIGene:2308|biolink:correlated_with|NCBIGene:3479,"{""edges"":[{""predicate"":""biolink:related_to""},{""predicate"":""biolink:associated_with""},{""predicate"":""biolink:coexpressed_with""},{""predicate"":""biolink:correlated_with""},{""predicate"":""biolink:regulates""}]}"
Q8,1,NCBIGene:2308,NCBIGene:3479,NCBIGene:2308|biolink:regulates|NCBIGene:3479,"{""edges"":[{""predicate"":""biolink:related_to""},{""predicate"":""biolink:associated_with""},{""predicate"":""biolink:coexpressed_with""},{""predicate"":""biolink:correlated_with""},{""predicate"":""biolink:regulates""}]}"
Q8,1,NCBIGene:2308,NCBIGene:3479,NCBIGene:2308|biolink:related_to|NCBIGene:3479,"{""edges"":[{""predicate"":""biolink:related_to""},{""predicate"":""biolink:associated_with""},{""predicate"":""biolink:coexpressed_with""},{""predicate"":""biolink:correlated_with""},{""predicate"":""biolink:regulates""}]}"
Q8,2,NCBIGene:2308,NCBIGene:3479,NCBIGene:2308|biolink:acts_upstream_of_negative_effect|NCBIGene:3479,"{""edges"": [{""predicate"": ""biolink:acts_upstream_of_negative_effect""}, {""predicate"": ""biolink:regulates""}, {""predicate"": ""biolink:affects""}]}"
Q8,2,NCBIGene:2308,NCBIGene:3479,NCBIGene:2308|biolink:affects|NCBIGene:3479,"{""edges"": [{""predicate"": ""biolink:acts_upstream_of_negative_effect""}, {""predicate"": ""biolink:regulates""}, {""predicate"": ""biolink:affects""}]}"
Q8,2,NCBIGene:2308,NCBIGene:3479,NCBIGene:2308|biolink:regulates|NCBIGene:3479,"{""edges"": [{""predicate"": ""biolink:acts_upstream_of_negative_effect""}, {""predicate"": ""biolink:regulates""}, {""predicate"": ""biolink:affects""}]}"
Q8,3,NCBIGene:2308,NCBIGene:3479,NCBIGene:2308|biolink:acts_upstream_of_negative_effect|NCBIGene:3479,"{""edges"":[{""predicate"":""biolink:regulates""},{""predicate"":""biolink:acts_upstream_of_negative_effect""},{""predicate"":""biolink:negatively_correlated_with""}]}"
Q8,3,NCBIGene:2308,NCBIGene:3479,NCBIGene:2308|biolink:negatively_correlated_with|NCBIGene:3479,"{""edges"":[{""predicate"":""biolink:regulates""},{""predicate"":""biolink:acts_upstream_of_negative_effect""},{""predicate"":""biolink:negatively_correlated_with""}]}"
Q8,3,NCBIGene:2308,NCBIGene:3479,NCBIGene:2308|biolink:regulates|NCBIGene:3479,"{""edges"":[{""predicate"":""biolink:regulates""},{""predicate"":""biolink:acts_upstream_of_negative_effect""},{""predicate"":""biolink:negatively_correlated_with""}]}"
Q8,4,NCBIGene:2308,NCBIGene:3479,NCBIGene:2308|biolink:acts_upstream_of_negative_effect|NCBIGene:3479,"{""edges"": [{""predicate"": ""biolink:regulates""}, {""predicate"": ""biolink:acts_upstream_of_negative_effect""}, {""predicate"": ""biolink:affects""}, {""predicate"": ""biolink:related_to""}]}"
Q8,4,NCBIGene:2308,NCBIGene:3479,NCBIGene:2308|biolink:affects|NCBIGene:3479,"{""edges"": [{""predicate"": ""biolink:regulates""}, {""predicate"": ""biolink:acts_upstream_of_negative_effect""}, {""predicate"": ""biolink:affects""}, {""predicate"": ""biolink:related_to""}]}"
Q8,4,NCBIGene:2308,NCBIGene:3479,NCBIGene:2308|biolink:regulates|NCBIGene:3479,"{""edges"": [{""predicate"": ""biolink:regulates""}, {""predicate"": ""biolink:acts_upstream_of_negative_effect""}, {""predicate"": ""biolink:affects""}, {""predicate"": ""biolink:related_to""}]}"
Q8,4,NCBIGene:2308,NCBIGene:3479,NCBIGene:2308|biolink:related_to|NCBIGene:3479,"{""edges"": [{""predicate"": ""biolink:regulates""}, {""predicate"": ""biolink:acts_upstream_of_negative_effect""}, {""predicate"": ""biolink:affects""}, {""predicate"": ""biolink:related_to""}]}"
Q8,5,NCBIGene:2308,NCBIGene:3479,NCBIGene:2308|biolink:acts_upstream_of_negative_effect|NCBIGene:3479,"{""edges"":[{""predicate"":""biolink:acts_upstream_of_negative_effect""},{""predicate"":""biolink:regulates""},{""predicate"":""biolink:negatively_correlated_with""}]}"
Q8,5,NCBIGene:2308,NCBIGene:3479,NCBIGene:2308|biolink:negatively_correlated_with|NCBIGene:3479,"{""edges"":[{""predicate"":""biolink:acts_upstream_of_negative_effect""},{""predicate"":""biolink:regulates""},{""predicate"":""biolink:negatively_correlated_with""}]}"
Q8,5,NCBIGene:2308,NCBIGene:3479,NCBIGene:2308|biolink:regulates|NCBIGene:3479,"{""edges"":[{""predicate"":""biolink:acts_upstream_of_negative_effect""},{""predicate"":""biolink:regulates""},{""predicate"":""biolink:negatively_correlated_with""}]}"
Q8,6,NCBIGene:2308,NCBIGene:3479,NCBIGene:2308|biolink:associated_with|NCBIGene:3479,"{""edges"": [{""predicate"": ""biolink:related_to""}, {""predicate"": ""biolink:associated_with""}, {""predicate"": ""biolink:correlated_with""}]}"
Q8,6,NCBIGene:2308,NCBIGene:3479,NCBIGene:2308|biolink:correlated_with|NCBIGene:3479,"{""edges"": [{""predicate"": ""biolink:related_to""}, {""predicate"": ""biolink:associated_with""}, {""predicate"": ""biolink:correlated_with""}]}"
Q8,6,NCBIGene:2308,NCBIGene:3479,NCBIGene:2308|biolink:related_to|NCBIGene:3479,"{""edges"": [{""predicate"": ""biolink:related_to""}, {""predicate"": ""biolink:associated_with""}, {""predicate"": ""biolink:correlated_with""}]}"
Q8,7,NCBIGene:2308,NCBIGene:3479,NCBIGene:2308|biolink:acts_upstream_of_negative_effect|NCBIGene:3479,"{""edges"":[{""predicate"":""biolink:regulates""},{""predicate"":""biolink:acts_upstream_of_negative_effect""},{""predicate"":""biolink:affects""},{""predicate"":""biolink:negatively_correlated_with""},{""predicate"":""biolink:associated_with""},{""predicate"":""biolink:related_to""}]}"
Q8,7,NCBIGene:2308,NCBIGene:3479,NCBIGene:2308|biolink:affects|NCBIGene:3479,"{""edges"":[{""predicate"":""biolink:regulates""},{""predicate"":""biolink:acts_upstream_of_negative_effect""},{""predicate"":""biolink:affects""},{""predicate"":""biolink:negatively_correlated_with""},{""predicate"":""biolink:associated_with""},{""predicate"":""biolink:related_to""}]}"
Q8,7,NCBIGene:2308,NCBIGene:3479,NCBIGene:2308|biolink:associated_with|NCBIGene:3479,"{""edges"":[{""predicate"":""biolink:regulates""},{""predicate"":""biolink:acts_upstream_of_negative_effect""},{""predicate"":""biolink:affects""},{""predicate"":""biolink:negatively_correlated_with""},{""predicate"":""biolink:associated_with""},{""predicate"":""biolink:related_to""}]}"
Q8,7,NCBIGene:2308,NCBIGene:3479,NCBIGene:2308|biolink:negatively_correlated_with|NCBIGene:3479,"{""edges"":[{""predicate"":""biolink:regulates""},{""predicate"":""biolink:acts_upstream_of_negative_effect""},{""predicate"":""biolink:affects""},{""predicate"":""biolink:negatively_correlated_with""},{""predicate"":""biolink:associated_with""},{""predicate"":""biolink:related_to""}]}"
Q8,7,NCBIGene:2308,NCBIGene:3479,NCBIGene:2308|biolink:regulates|NCBIGene:3479,"{""edges"":[{""predicate"":""biolink:regulates""},{""predicate"":""biolink:acts_upstream_of_negative_effect""},{""predicate"":""biolink:affects""},{""predicate"":""biolink:negatively_correlated_with""},{""predicate"":""biolink:associated_with""},{""predicate"":""biolink:related_to""}]}"
Q8,7,NCBIGene:2308,NCBIGene:3479,NCBIGene:2308|biolink:related_to|NCBIGene:3479,"{""edges"":[{""predicate"":""biolink:regulates""},{""predicate"":""biolink:acts_upstream_of_negative_effect""},{""predicate"":""biolink:affects""},{""predicate"":""biolink:negatively_correlated_with""},{""predicate"":""biolink:associated_with""},{""predicate"":""biolink:related_to""}]}"
Q8,8,NCBIGene:2308,NCBIGene:3479,NCBIGene:2308|biolink:acts_upstream_of_negative_effect|NCBIGene:3479,"{""edges"":[{""predicate"":""biolink:acts_upstream_of_negative_effect""},{""predicate"":""biolink:acts_upstream_of_or_within_negative_effect""},{""predicate"":""biolink:regulates""},{""predicate"":""biolink:affects""},{""predicate"":""biolink:negatively_correlated_with""}]}"
Q8,8,NCBIGene:2308,NCBIGene:3479,NCBIGene:2308|biolink:acts_upstream_of_or_within_negative_effect|NCBIGene:3479,"{""edges"":[{""predicate"":""biolink:acts_upstream_of_negative_effect""},{""predicate"":""biolink:acts_upstream_of_or_within_negative_effect""},{""predicate"":""biolink:regulates""},{""predicate"":""biolink:affects""},{""predicate"":""biolink:negatively_correlated_with""}]}"
Q8,8,NCBIGene:2308,NCBIGene:3479,NCBIGene:2308|biolink:affects|NCBIGene:3479,"{""edges"":[{""predicate"":""biolink:acts_upstream_of_negative_effect""},{""predicate"":""biolink:acts_upstream_of_or_within_negative_effect""},{""predicate"":""biolink:regulates""},{""predicate"":""biolink:affects""},{""predicate"":""biolink:negatively_correlated_with""}]}"
Q8,8,NCBIGene:2308,NCBIGene:3479,NCBIGene:2308|biolink:negatively_correlated_with|NCBIGene:3479,"{""edges"":[{""predicate"":""biolink:acts_upstream_of_negative_effect""},{""predicate"":""biolink:acts_upstream_of_or_within_negative_effect""},{""predicate"":""biolink:regulates""},{""predicate"":""biolink:affects""},{""predicate"":""biolink:negatively_correlated_with""}]}"
Q8,8,NCBIGene:2308,NCBIGene:3479,NCBIGene:2308|biolink:regulates|NCBIGene:3479,"{""edges"":[{""predicate"":""biolink:acts_upstream_of_negative_effect""},{""predicate"":""biolink:acts_upstream_of_or_within_negative_effect""},{""predicate"":""biolink:regulates""},{""predicate"":""biolink:affects""},{""predicate"":""biolink:negatively_correlated_with""}]}"
Q8,9,NCBIGene:2308,NCBIGene:3479,NCBIGene:2308|biolink:acts_upstream_of_negative_effect|NCBIGene:3479,"{""edges"":[{""predicate"":""biolink:regulates""},{""predicate"":""biolink:acts_upstream_of_negative_effect""},{""predicate"":""biolink:affects""}]}"
Q8,9,NCBIGene:2308,NCBIGene:3479,NCBIGene:2308|biolink:affects|NCBIGene:3479,"{""edges"":[{""predicate"":""biolink:regulates""},{""predicate"":""biolink:acts_upstream_of_negative_effect""},{""predicate"":""biolink:affects""}]}"
Q8,9,NCBIGene:2308,NCBIGene:3479,NCBIGene:2308|biolink:regulates|NCBIGene:3479,"{""edges"":[{""predicate"":""biolink:regulates""},{""predicate"":""biolink:acts_upstream_of_negative_effect""},{""predicate"":""biolink:affects""}]}"
Q8,10,NCBIGene:2308,NCBIGene:3479,NCBIGene:2308|biolink:acts_upstream_of_negative_effect|NCBIGene:3479,"{""edges"":[{""predicate"":""biolink:acts_upstream_of_negative_effect""},{""predicate"":""biolink:regulates""},{""predicate"":""biolink:negatively_correlated_with""},{""predicate"":""biolink:affects""},{""predicate"":""biolink:related_to""}]}"
Q8,10,NCBIGene:2308,NCBIGene:3479,NCBIGene:2308|biolink:affects|NCBIGene:3479,"{""edges"":[{""predicate"":""biolink:acts_upstream_of_negative_effect""},{""predicate"":""biolink:regulates""},{""predicate"":""biolink:negatively_correlated_with""},{""predicate"":""biolink:affects""},{""predicate"":""biolink:related_to""}]}"
Q8,10,NCBIGene:2308,NCBIGene:3479,NCBIGene:2308|biolink:negatively_correlated_with|NCBIGene:3479,"{""edges"":[{""predicate"":""biolink:acts_upstream_of_negative_effect""},{""predicate"":""biolink:regulates""},{""predicate"":""biolink:negatively_correlated_with""},{""predicate"":""biolink:affects""},{""predicate"":""biolink:related_to""}]}"
Q8,10,NCBIGene:2308,NCBIGene:3479,NCBIGene:2308|biolink:regulates|NCBIGene:3479,"{""edges"":[{""predicate"":""biolink:acts_upstream_of_negative_effect""},{""predicate"":""biolink:regulates""},{""predicate"":""biolink:negatively_correlated_with""},{""predicate"":""biolink:affects""},{""predicate"":""biolink:related_to""}]}"
Q8,10,NCBIGene:2308,NCBIGene:3479,NCBIGene:2308|biolink:related_to|NCBIGene:3479,"{""edges"":[{""predicate"":""biolink:acts_upstream_of_negative_effect""},{""predicate"":""biolink:regulates""},{""predicate"":""biolink:negatively_correlated_with""},{""predicate"":""biolink:affects""},{""predicate"":""biolink:related_to""}]}"
Q8,11,NCBIGene:2308,NCBIGene:3479,NCBIGene:2308|biolink:acts_upstream_of_negative_effect|NCBIGene:3479,"{""edges"":[{""predicate"":""biolink:acts_upstream_of_negative_effect""},{""predicate"":""biolink:acts_upstream_of_or_within_negative_effect""},{""predicate"":""biolink:regulates""},{""predicate"":""biolink:affects""},{""predicate"":""biolink:associated_with""},{""predicate"":""biolink:related_to""}]}"
Q8,11,NCBIGene:2308,NCBIGene:3479,NCBIGene:2308|biolink:acts_upstream_of_or_within_negative_effect|NCBIGene:3479,"{""edges"":[{""predicate"":""biolink:acts_upstream_of_negative_effect""},{""predicate"":""biolink:acts_upstream_of_or_within_negative_effect""},{""predicate"":""biolink:regulates""},{""predicate"":""biolink:affects""},{""predicate"":""biolink:associated_with""},{""predicate"":""biolink:related_to""}]}"
Q8,11,NCBIGene:2308,NCBIGene:3479,NCBIGene:2308|biolink:affects|NCBIGene:3479,"{""edges"":[{""predicate"":""biolink:acts_upstream_of_negative_effect""},{""predicate"":""biolink:acts_upstream_of_or_within_negative_effect""},{""predicate"":""biolink:regulates""},{""predicate"":""biolink:affects""},{""predicate"":""biolink:associated_with""},{""predicate"":""biolink:related_to""}]}"
Q8,11,NCBIGene:2308,NCBIGene:3479,NCBIGene:2308|biolink:associated_with|NCBIGene:3479,"{""edges"":[{""predicate"":""biolink:acts_upstream_of_negative_effect""},{""predicate"":""biolink:acts_upstream_of_or_within_negative_effect""},{""predicate"":""biolink:regulates""},{""predicate"":""biolink:affects""},{""predicate"":""biolink:associated_with""},{""predicate"":""biolink:related_to""}]}"
Q8,11,NCBIGene:2308,NCBIGene:3479,NCBIGene:2308|biolink:regulates|NCBIGene:3479,"{""edges"":[{""predicate"":""biolink:acts_upstream_of_negative_effect""},{""predicate"":""biolink:acts_upstream_of_or_within_negative_effect""},{""predicate"":""biolink:regulates""},{""predicate"":""biolink:affects""},{""predicate"":""biolink:associated_with""},{""predicate"":""biolink:related_to""}]}"
Q8,11,NCBIGene:2308,NCBIGene:3479,NCBIGene:2308|biolink:related_to|NCBIGene:3479,"{""edges"":[{""predicate"":""biolink:acts_upstream_of_negative_effect""},{""predicate"":""biolink:acts_upstream_of_or_within_negative_effect""},{""predicate"":""biolink:regulates""},{""predicate"":""biolink:affects""},{""predicate"":""biolink:associated_with""},{""predicate"":""biolink:related_to""}]}"
Q8,12,NCBIGene:2308,NCBIGene:3479,NCBIGene:2308|biolink:acts_upstream_of_negative_effect|NCBIGene:3479,"{""edges"": [{""predicate"": ""biolink:acts_upstream_of_negative_effect""}, {""predicate"": ""biolink:regulates""}, {""predicate"": ""biolink:affects""}]}"
Q8,12,NCBIGene:2308,NCBIGene:3479,NCBIGene:2308|biolink:affects|NCBIGene:3479,"{""edges"": [{""predicate"": ""biolink:acts_upstream_of_negative_effect""}, {""predicate"": ""biolink:regulates""}, {""predicate"": ""biolink:affects""}]}"
Q8,12,NCBIGene:2308,NCBIGene:3479,NCBIGene:2308|biolink:regulates|NCBIGene:3479,"{""edges"": [{""predicate"": ""biolink:acts_upstream_of_negative_effect""}, {""predicate"": ""biolink:regulates""}, {""predicate"": ""biolink:affects""}]}"
Q8,13,NCBIGene:2308,NCBIGene:3479,NCBIGene:2308|biolink:acts_upstream_of_negative_effect|NCBIGene:3479,"{""edges"":[{""predicate"":""biolink:regulates""},{""predicate"":""biolink:acts_upstream_of_negative_effect""},{""predicate"":""biolink:negatively_correlated_with""},{""predicate"":""biolink:affects""},{""predicate"":""biolink:associated_with""},{""predicate"":""biolink:related_to""}]}"
Q8,13,NCBIGene:2308,NCBIGene:3479,NCBIGene:2308|biolink:affects|NCBIGene:3479,"{""edges"":[{""predicate"":""biolink:regulates""},{""predicate"":""biolink:acts_upstream_of_negative_effect""},{""predicate"":""biolink:negatively_correlated_with""},{""predicate"":""biolink:affects""},{""predicate"":""biolink:associated_with""},{""predicate"":""biolink:related_to""}]}"
Q8,13,NCBIGene:2308,NCBIGene:3479,NCBIGene:2308|biolink:associated_with|NCBIGene:3479,"{""edges"":[{""predicate"":""biolink:regulates""},{""predicate"":""biolink:acts_upstream_of_negative_effect""},{""predicate"":""biolink:negatively_correlated_with""},{""predicate"":""biolink:affects""},{""predicate"":""biolink:associated_with""},{""predicate"":""biolink:related_to""}]}"
Q8,13,NCBIGene:2308,NCBIGene:3479,NCBIGene:2308|biolink:negatively_correlated_with|NCBIGene:3479,"{""edges"":[{""predicate"":""biolink:regulates""},{""predicate"":""biolink:acts_upstream_of_negative_effect""},{""predicate"":""biolink:negatively_correlated_with""},{""predicate"":""biolink:affects""},{""predicate"":""biolink:associated_with""},{""predicate"":""biolink:related_to""}]}"
Q8,13,NCBIGene:2308,NCBIGene:3479,NCBIGene:2308|biolink:regulates|NCBIGene:3479,"{""edges"":[{""predicate"":""biolink:regulates""},{""predicate"":""biolink:acts_upstream_of_negative_effect""},{""predicate"":""biolink:negatively_correlated_with""},{""predicate"":""biolink:affects""},{""predicate"":""biolink:associated_with""},{""predicate"":""biolink:related_to""}]}"
Q8,13,NCBIGene:2308,NCBIGene:3479,NCBIGene:2308|biolink:related_to|NCBIGene:3479,"{""edges"":[{""predicate"":""biolink:regulates""},{""predicate"":""biolink:acts_upstream_of_negative_effect""},{""predicate"":""biolink:negatively_correlated_with""},{""predicate"":""biolink:affects""},{""predicate"":""biolink:associated_with""},{""predicate"":""biolink:related_to""}]}"
Q8,14,NCBIGene:2308,NCBIGene:3479,NCBIGene:2308|biolink:acts_upstream_of_or_within_negative_effect|NCBIGene:3479,"{""edges"":[{""predicate"":""biolink:regulates""},{""predicate"":""biolink:acts_upstream_of_or_within_negative_effect""},{""predicate"":""biolink:affects""},{""predicate"":""biolink:associated_with""},{""predicate"":""biolink:related_to""}]}"
Q8,14,NCBIGene:2308,NCBIGene:3479,NCBIGene:2308|biolink:affects|NCBIGene:3479,"{""edges"":[{""predicate"":""biolink:regulates""},{""predicate"":""biolink:acts_upstream_of_or_within_negative_effect""},{""predicate"":""biolink:affects""},{""predicate"":""biolink:associated_with""},{""predicate"":""biolink:related_to""}]}"
Q8,14,NCBIGene:2308,NCBIGene:3479,NCBIGene:2308|biolink:associated_with|NCBIGene:3479,"{""edges"":[{""predicate"":""biolink:regulates""},{""predicate"":""biolink:acts_upstream_of_or_within_negative_effect""},{""predicate"":""biolink:affects""},{""predicate"":""biolink:associated_with""},{""predicate"":""biolink:related_to""}]}"
Q8,14,NCBIGene:2308,NCBIGene:3479,NCBIGene:2308|biolink:regulates|NCBIGene:3479,"{""edges"":[{""predicate"":""biolink:regulates""},{""predicate"":""biolink:acts_upstream_of_or_within_negative_effect""},{""predicate"":""biolink:affects""},{""predicate"":""biolink:associated_with""},{""predicate"":""biolink:related_to""}]}"
Q8,14,NCBIGene:2308,NCBIGene:3479,NCBIGene:2308|biolink:related_to|NCBIGene:3479,"{""edges"":[{""predicate"":""biolink:regulates""},{""predicate"":""biolink:acts_upstream_of_or_within_negative_effect""},{""predicate"":""biolink:affects""},{""predicate"":""biolink:associated_with""},{""predicate"":""biolink:related_to""}]}"
Q8,15,NCBIGene:2308,NCBIGene:3479,NCBIGene:2308|biolink:acts_upstream_of_negative_effect|NCBIGene:3479,"{""edges"":[{""predicate"":""biolink:acts_upstream_of_negative_effect""},{""predicate"":""biolink:regulates""},{""predicate"":""biolink:affects""},{""predicate"":""biolink:negatively_correlated_with""},{""predicate"":""biolink:related_to""}]}"
Q8,15,NCBIGene:2308,NCBIGene:3479,NCBIGene:2308|biolink:affects|NCBIGene:3479,"{""edges"":[{""predicate"":""biolink:acts_upstream_of_negative_effect""},{""predicate"":""biolink:regulates""},{""predicate"":""biolink:affects""},{""predicate"":""biolink:negatively_correlated_with""},{""predicate"":""biolink:related_to""}]}"
Q8,15,NCBIGene:2308,NCBIGene:3479,NCBIGene:2308|biolink:negatively_correlated_with|NCBIGene:3479,"{""edges"":[{""predicate"":""biolink:acts_upstream_of_negative_effect""},{""predicate"":""biolink:regulates""},{""predicate"":""biolink:affects""},{""predicate"":""biolink:negatively_correlated_with""},{""predicate"":""biolink:related_to""}]}"
Q8,15,NCBIGene:2308,NCBIGene:3479,NCBIGene:2308|biolink:regulates|NCBIGene:3479,"{""edges"":[{""predicate"":""biolink:acts_upstream_of_negative_effect""},{""predicate"":""biolink:regulates""},{""predicate"":""biolink:affects""},{""predicate"":""biolink:negatively_correlated_with""},{""predicate"":""biolink:related_to""}]}"
Q8,15,NCBIGene:2308,NCBIGene:3479,NCBIGene:2308|biolink:related_to|NCBIGene:3479,"{""edges"":[{""predicate"":""biolink:acts_upstream_of_negative_effect""},{""predicate"":""biolink:regulates""},{""predicate"":""biolink:affects""},{""predicate"":""biolink:negatively_correlated_with""},{""predicate"":""biolink:related_to""}]}"
Q8,16,NCBIGene:2308,NCBIGene:3479,NCBIGene:2308|biolink:acts_upstream_of_negative_effect|NCBIGene:3479,"{""edges"":[{""predicate"":""biolink:acts_upstream_of_negative_effect""},{""predicate"":""biolink:regulates""},{""predicate"":""biolink:affects""},{""predicate"":""biolink:related_to""}]}"
Q8,16,NCBIGene:2308,NCBIGene:3479,NCBIGene:2308|biolink:affects|NCBIGene:3479,"{""edges"":[{""predicate"":""biolink:acts_upstream_of_negative_effect""},{""predicate"":""biolink:regulates""},{""predicate"":""biolink:affects""},{""predicate"":""biolink:related_to""}]}"
Q8,16,NCBIGene:2308,NCBIGene:3479,NCBIGene:2308|biolink:regulates|NCBIGene:3479,"{""edges"":[{""predicate"":""biolink:acts_upstream_of_negative_effect""},{""predicate"":""biolink:regulates""},{""predicate"":""biolink:affects""},{""predicate"":""biolink:related_to""}]}"
Q8,16,NCBIGene:2308,NCBIGene:3479,NCBIGene:2308|biolink:related_to|NCBIGene:3479,"{""edges"":[{""predicate"":""biolink:acts_upstream_of_negative_effect""},{""predicate"":""biolink:regulates""},{""predicate"":""biolink:affects""},{""predicate"":""biolink:related_to""}]}"
Q8,17,NCBIGene:2308,NCBIGene:3479,NCBIGene:2308|biolink:acts_upstream_of_negative_effect|NCBIGene:3479,"{""edges"": [{""predicate"": ""biolink:acts_upstream_of_negative_effect""}, {""predicate"": ""biolink:acts_upstream_of_or_within_negative_effect""}, {""predicate"": ""biolink:regulates""}, {""predicate"": ""biolink:affects""}]}"
Q8,17,NCBIGene:2308,NCBIGene:3479,NCBIGene:2308|biolink:acts_upstream_of_or_within_negative_effect|NCBIGene:3479,"{""edges"": [{""predicate"": ""biolink:acts_upstream_of_negative_effect""}, {""predicate"": ""biolink:acts_upstream_of_or_within_negative_effect""}, {""predicate"": ""biolink:regulates""}, {""predicate"": ""biolink:affects""}]}"
Q8,17,NCBIGene:2308,NCBIGene:3479,NCBIGene:2308|biolink:affects|NCBIGene:3479,"{""edges"": [{""predicate"": ""biolink:acts_upstream_of_negative_effect""}, {""predicate"": ""biolink:acts_upstream_of_or_within_negative_effect""}, {""predicate"": ""biolink:regulates""}, {""predicate"": ""biolink:affects""}]}"
Q8,17,NCBIGene:2308,NCBIGene:3479,NCBIGene:2308|biolink:regulates|NCBIGene:3479,"{""edges"": [{""predicate"": ""biolink:acts_upstream_of_negative_effect""}, {""predicate"": ""biolink:acts_upstream_of_or_within_negative_effect""}, {""predicate"": ""biolink:regulates""}, {""predicate"": ""biolink:affects""}]}"
Q8,18,NCBIGene:2308,NCBIGene:3479,NCBIGene:2308|biolink:affects|NCBIGene:3479,"{""edges"": [{""predicate"": ""biolink:associated_with""}, {""predicate"": ""biolink:related_to""}, {""predicate"": ""biolink:affects""}, {""predicate"": ""biolink:correlated_with""}]}"
Q8,18,NCBIGene:2308,NCBIGene:3479,NCBIGene:2308|biolink:associated_with|NCBIGene:3479,"{""edges"": [{""predicate"": ""biolink:associated_with""}, {""predicate"": ""biolink:related_to""}, {""predicate"": ""biolink:affects""}, {""predicate"": ""biolink:correlated_with""}]}"
Q8,18,NCBIGene:2308,NCBIGene:3479,NCBIGene:2308|biolink:correlated_with|NCBIGene:3479,"{""edges"": [{""predicate"": ""biolink:associated_with""}, {""predicate"": ""biolink:related_to""}, {""predicate"": ""biolink:affects""}, {""predicate"": ""biolink:correlated_with""}]}"
Q8,18,NCBIGene:2308,NCBIGene:3479,NCBIGene:2308|biolink:related_to|NCBIGene:3479,"{""edges"": [{""predicate"": ""biolink:associated_with""}, {""predicate"": ""biolink:related_to""}, {""predicate"": ""biolink:affects""}, {""predicate"": ""biolink:correlated_with""}]}"
Q8,19,NCBIGene:2308,NCBIGene:3479,NCBIGene:2308|biolink:acts_upstream_of_negative_effect|NCBIGene:3479,"{""edges"":[{""predicate"":""biolink:regulates""},{""predicate"":""biolink:acts_upstream_of_negative_effect""},{""predicate"":""biolink:affects""},{""predicate"":""biolink:coexpressed_with""},{""predicate"":""biolink:related_to""}]}"
Q8,19,NCBIGene:2308,NCBIGene:3479,NCBIGene:2308|biolink:affects|NCBIGene:3479,"{""edges"":[{""predicate"":""biolink:regulates""},{""predicate"":""biolink:acts_upstream_of_negative_effect""},{""predicate"":""biolink:affects""},{""predicate"":""biolink:coexpressed_with""},{""predicate"":""biolink:related_to""}]}"
Q8,19,NCBIGene:2308,NCBIGene:3479,NCBIGene:2308|biolink:coexpressed_with|NCBIGene:3479,"{""edges"":[{""predicate"":""biolink:regulates""},{""predicate"":""biolink:acts_upstream_of_negative_effect""},{""predicate"":""biolink:affects""},{""predicate"":""biolink:coexpressed_with""},{""predicate"":""biolink:related_to""}]}"
Q8,19,NCBIGene:2308,NCBIGene:3479,NCBIGene:2308|biolink:regulates|NCBIGene:3479,"{""edges"":[{""predicate"":""biolink:regulates""},{""predicate"":""biolink:acts_upstream_of_negative_effect""},{""predicate"":""biolink:affects""},{""predicate"":""biolink:coexpressed_with""},{""predicate"":""biolink:related_to""}]}"
Q8,19,NCBIGene:2308,NCBIGene:3479,NCBIGene:2308|biolink:related_to|NCBIGene:3479,"{""edges"":[{""predicate"":""biolink:regulates""},{""predicate"":""biolink:acts_upstream_of_negative_effect""},{""predicate"":""biolink:affects""},{""predicate"":""biolink:coexpressed_with""},{""predicate"":""biolink:related_to""}]}"
Q8,20,NCBIGene:2308,NCBIGene:3479,NCBIGene:2308|biolink:acts_upstream_of_negative_effect|NCBIGene:3479,"{""edges"": [{""predicate"": ""biolink:acts_upstream_of_negative_effect""}, {""predicate"": ""biolink:regulates""}, {""predicate"": ""biolink:affects""}, {""predicate"": ""biolink:negatively_correlated_with""}, {""predicate"": ""biolink:related_to""}]}"
Q8,20,NCBIGene:2308,NCBIGene:3479,NCBIGene:2308|biolink:affects|NCBIGene:3479,"{""edges"": [{""predicate"": ""biolink:acts_upstream_of_negative_effect""}, {""predicate"": ""biolink:regulates""}, {""predicate"": ""biolink:affects""}, {""predicate"": ""biolink:negatively_correlated_with""}, {""predicate"": ""biolink:related_to""}]}"
Q8,20,NCBIGene:2308,NCBIGene:3479,NCBIGene:2308|biolink:negatively_correlated_with|NCBIGene:3479,"{""edges"": [{""predicate"": ""biolink:acts_upstream_of_negative_effect""}, {""predicate"": ""biolink:regulates""}, {""predicate"": ""biolink:affects""}, {""predicate"": ""biolink:negatively_correlated_with""}, {""predicate"": ""biolink:related_to""}]}"
Q8,20,NCBIGene:2308,NCBIGene:3479,NCBIGene:2308|biolink:regulates|NCBIGene:3479,"{""edges"": [{""predicate"": ""biolink:acts_upstream_of_negative_effect""}, {""predicate"": ""biolink:regulates""}, {""predicate"": ""biolink:affects""}, {""predicate"": ""biolink:negatively_correlated_with""}, {""predicate"": ""biolink:related_to""}]}"
Q8,20,NCBIGene:2308,NCBIGene:3479,NCBIGene:2308|biolink:related_to|NCBIGene:3479,"{""edges"": [{""predicate"": ""biolink:acts_upstream_of_negative_effect""}, {""predicate"": ""biolink:regulates""}, {""predicate"": ""biolink:affects""}, {""predicate"": ""biolink:negatively_correlated_with""}, {""predicate"": ""biolink:related_to""}]}"
