question_id	run_id	curie1	curie2	gpt_edges	kg_edges	matched_edges	tp	fp	fn	precision	recall	f1	has_any_gpt_edge	has_any_match
Q1	1	MONDO:0005180	NCBIGene:348	1	2	0	0	1	2	0.0	0.0	0.0	1	0
Q1	2	MONDO:0005180	NCBIGene:348	1	2	0	0	1	2	0.0	0.0	0.0	1	0
Q1	3	MONDO:0005180	NCBIGene:348	1	2	0	0	1	2	0.0	0.0	0.0	1	0
Q1	4	MONDO:0005180	NCBIGene:348	1	2	0	0	1	2	0.0	0.0	0.0	1	0
Q1	5	MONDO:0005180	NCBIGene:348	1	2	0	0	1	2	0.0	0.0	0.0	1	0
Q1	6	MONDO:0005180	NCBIGene:348	1	2	0	0	1	2	0.0	0.0	0.0	1	0
Q1	7	MONDO:0005180	NCBIGene:348	1	2	0	0	1	2	0.0	0.0	0.0	1	0
Q1	8	MONDO:0005180	NCBIGene:348	1	2	0	0	1	2	0.0	0.0	0.0	1	0
Q1	9	MONDO:0005180	NCBIGene:348	1	2	0	0	1	2	0.0	0.0	0.0	1	0
Q1	10	MONDO:0005180	NCBIGene:348	1	2	0	0	1	2	0.0	0.0	0.0	1	0
Q1	11	MONDO:0005180	NCBIGene:348	1	2	0	0	1	2	0.0	0.0	0.0	1	0
Q1	12	MONDO:0005180	NCBIGene:348	1	2	0	0	1	2	0.0	0.0	0.0	1	0
Q1	13	MONDO:0005180	NCBIGene:348	1	2	0	0	1	2	0.0	0.0	0.0	1	0
Q1	14	MONDO:0005180	NCBIGene:348	1	2	0	0	1	2	0.0	0.0	0.0	1	0
Q1	15	MONDO:0005180	NCBIGene:348	1	2	0	0	1	2	0.0	0.0	0.0	1	0
Q1	16	MONDO:0005180	NCBIGene:348	1	2	0	0	1	2	0.0	0.0	0.0	1	0
Q1	17	MONDO:0005180	NCBIGene:348	1	2	0	0	1	2	0.0	0.0	0.0	1	0
Q1	18	MONDO:0005180	NCBIGene:348	1	2	0	0	1	2	0.0	0.0	0.0	1	0
Q1	19	MONDO:0005180	NCBIGene:348	1	2	0	0	1	2	0.0	0.0	0.0	1	0
Q1	20	MONDO:0005180	NCBIGene:348	1	2	0	0	1	2	0.0	0.0	0.0	1	0
Q1	21	MONDO:0005180	NCBIGene:348	1	2	0	0	1	2	0.0	0.0	0.0	1	0
Q1	22	MONDO:0005180	NCBIGene:348	1	2	0	0	1	2	0.0	0.0	0.0	1	0
Q1	23	MONDO:0005180	NCBIGene:348	1	2	0	0	1	2	0.0	0.0	0.0	1	0
Q1	24	MONDO:0005180	NCBIGene:348	1	2	0	0	1	2	0.0	0.0	0.0	1	0
Q1	25	MONDO:0005180	NCBIGene:348	1	2	0	0	1	2	0.0	0.0	0.0	1	0
Q2	1	MONDO:0005300	NCBIGene:3569	1	5	0	0	1	5	0.0	0.0	0.0	1	0
Q2	2	MONDO:0005300	NCBIGene:3569	1	5	0	0	1	5	0.0	0.0	0.0	1	0
Q2	3	MONDO:0005300	NCBIGene:3569	1	5	0	0	1	5	0.0	0.0	0.0	1	0
Q2	4	MONDO:0005300	NCBIGene:3569	1	5	0	0	1	5	0.0	0.0	0.0	1	0
Q2	5	MONDO:0005300	NCBIGene:3569	1	5	0	0	1	5	0.0	0.0	0.0	1	0
Q2	6	MONDO:0005300	NCBIGene:3569	1	5	0	0	1	5	0.0	0.0	0.0	1	0
Q2	7	MONDO:0005300	NCBIGene:3569	1	5	0	0	1	5	0.0	0.0	0.0	1	0
Q2	8	MONDO:0005300	NCBIGene:3569	1	5	0	0	1	5	0.0	0.0	0.0	1	0
Q2	9	MONDO:0005300	NCBIGene:3569	1	5	0	0	1	5	0.0	0.0	0.0	1	0
Q2	10	MONDO:0005300	NCBIGene:3569	1	5	0	0	1	5	0.0	0.0	0.0	1	0
Q2	11	MONDO:0005300	NCBIGene:3569	1	5	0	0	1	5	0.0	0.0	0.0	1	0
Q2	12	MONDO:0005300	NCBIGene:3569	1	5	0	0	1	5	0.0	0.0	0.0	1	0
Q2	13	MONDO:0005300	NCBIGene:3569	1	5	0	0	1	5	0.0	0.0	0.0	1	0
Q2	14	MONDO:0005300	NCBIGene:3569	1	5	0	0	1	5	0.0	0.0	0.0	1	0
Q2	15	MONDO:0005300	NCBIGene:3569	1	5	0	0	1	5	0.0	0.0	0.0	1	0
Q2	16	MONDO:0005300	NCBIGene:3569	1	5	0	0	1	5	0.0	0.0	0.0	1	0
Q2	17	MONDO:0005300	NCBIGene:3569	1	5	0	0	1	5	0.0	0.0	0.0	1	0
Q2	18	MONDO:0005300	NCBIGene:3569	1	5	0	0	1	5	0.0	0.0	0.0	1	0
Q2	19	MONDO:0005300	NCBIGene:3569	1	5	0	0	1	5	0.0	0.0	0.0	1	0
Q2	20	MONDO:0005300	NCBIGene:3569	1	5	0	0	1	5	0.0	0.0	0.0	1	0
Q2	21	MONDO:0005300	NCBIGene:3569	1	5	0	0	1	5	0.0	0.0	0.0	1	0
Q2	22	MONDO:0005300	NCBIGene:3569	1	5	0	0	1	5	0.0	0.0	0.0	1	0
Q2	23	MONDO:0005300	NCBIGene:3569	1	5	0	0	1	5	0.0	0.0	0.0	1	0
Q2	24	MONDO:0005300	NCBIGene:3569	1	5	0	0	1	5	0.0	0.0	0.0	1	0
Q2	25	MONDO:0005300	NCBIGene:3569	1	5	0	0	1	5	0.0	0.0	0.0	1	0
Q3	1	NCBIGene:7124	CHEBI:6801	1	1	0	0	1	1	0.0	0.0	0.0	1	0
Q3	2	NCBIGene:7124	CHEBI:6801	0	1	0	0	0	1	0.0	0.0	0.0	0	0
Q3	3	NCBIGene:7124	CHEBI:6801	0	1	0	0	0	1	0.0	0.0	0.0	0	0
Q3	4	NCBIGene:7124	CHEBI:6801	1	1	0	0	1	1	0.0	0.0	0.0	1	0
Q3	5	NCBIGene:7124	CHEBI:6801	0	1	0	0	0	1	0.0	0.0	0.0	0	0
Q3	6	NCBIGene:7124	CHEBI:6801	1	1	0	0	1	1	0.0	0.0	0.0	1	0
Q3	7	NCBIGene:7124	CHEBI:6801	0	1	0	0	0	1	0.0	0.0	0.0	0	0
Q3	8	NCBIGene:7124	CHEBI:6801	1	1	0	0	1	1	0.0	0.0	0.0	1	0
Q3	9	NCBIGene:7124	CHEBI:6801	0	1	0	0	0	1	0.0	0.0	0.0	0	0
Q3	10	NCBIGene:7124	CHEBI:6801	1	1	0	0	1	1	0.0	0.0	0.0	1	0
Q3	11	NCBIGene:7124	CHEBI:6801	1	1	0	0	1	1	0.0	0.0	0.0	1	0
Q3	12	NCBIGene:7124	CHEBI:6801	1	1	0	0	1	1	0.0	0.0	0.0	1	0
Q3	13	NCBIGene:7124	CHEBI:6801	1	1	0	0	1	1	0.0	0.0	0.0	1	0
Q3	14	NCBIGene:7124	CHEBI:6801	1	1	0	0	1	1	0.0	0.0	0.0	1	0
Q3	15	NCBIGene:7124	CHEBI:6801	1	1	0	0	1	1	0.0	0.0	0.0	1	0
Q3	16	NCBIGene:7124	CHEBI:6801	0	1	0	0	0	1	0.0	0.0	0.0	0	0
Q3	17	NCBIGene:7124	CHEBI:6801	1	1	0	0	1	1	0.0	0.0	0.0	1	0
Q3	18	NCBIGene:7124	CHEBI:6801	1	1	0	0	1	1	0.0	0.0	0.0	1	0
Q3	19	NCBIGene:7124	CHEBI:6801	1	1	0	0	1	1	0.0	0.0	0.0	1	0
Q3	20	NCBIGene:7124	CHEBI:6801	1	1	0	0	1	1	0.0	0.0	0.0	1	0
Q3	21	NCBIGene:7124	CHEBI:6801	0	1	0	0	0	1	0.0	0.0	0.0	0	0
Q3	22	NCBIGene:7124	CHEBI:6801	1	1	0	0	1	1	0.0	0.0	0.0	1	0
Q3	23	NCBIGene:7124	CHEBI:6801	0	1	0	0	0	1	0.0	0.0	0.0	0	0
Q3	24	NCBIGene:7124	CHEBI:6801	0	1	0	0	0	1	0.0	0.0	0.0	0	0
Q3	25	NCBIGene:7124	CHEBI:6801	0	1	0	0	0	1	0.0	0.0	0.0	0	0
Q4	1	MONDO:0005180	CHEBI:3756	0	3	0	0	0	3	0.0	0.0	0.0	0	0
Q4	2	MONDO:0005180	CHEBI:3756	0	3	0	0	0	3	0.0	0.0	0.0	0	0
Q4	3	MONDO:0005180	CHEBI:3756	0	3	0	0	0	3	0.0	0.0	0.0	0	0
Q4	4	MONDO:0005180	CHEBI:3756	0	3	0	0	0	3	0.0	0.0	0.0	0	0
Q4	5	MONDO:0005180	CHEBI:3756	0	3	0	0	0	3	0.0	0.0	0.0	0	0
Q4	6	MONDO:0005180	CHEBI:3756	0	3	0	0	0	3	0.0	0.0	0.0	0	0
Q4	7	MONDO:0005180	CHEBI:3756	0	3	0	0	0	3	0.0	0.0	0.0	0	0
Q4	8	MONDO:0005180	CHEBI:3756	0	3	0	0	0	3	0.0	0.0	0.0	0	0
Q4	9	MONDO:0005180	CHEBI:3756	0	3	0	0	0	3	0.0	0.0	0.0	0	0
Q4	10	MONDO:0005180	CHEBI:3756	0	3	0	0	0	3	0.0	0.0	0.0	0	0
Q4	11	MONDO:0005180	CHEBI:3756	0	3	0	0	0	3	0.0	0.0	0.0	0	0
Q4	12	MONDO:0005180	CHEBI:3756	0	3	0	0	0	3	0.0	0.0	0.0	0	0
Q4	13	MONDO:0005180	CHEBI:3756	0	3	0	0	0	3	0.0	0.0	0.0	0	0
Q4	14	MONDO:0005180	CHEBI:3756	0	3	0	0	0	3	0.0	0.0	0.0	0	0
Q4	15	MONDO:0005180	CHEBI:3756	0	3	0	0	0	3	0.0	0.0	0.0	0	0
Q4	16	MONDO:0005180	CHEBI:3756	0	3	0	0	0	3	0.0	0.0	0.0	0	0
Q4	17	MONDO:0005180	CHEBI:3756	0	3	0	0	0	3	0.0	0.0	0.0	0	0
Q4	18	MONDO:0005180	CHEBI:3756	0	3	0	0	0	3	0.0	0.0	0.0	0	0
Q4	19	MONDO:0005180	CHEBI:3756	0	3	0	0	0	3	0.0	0.0	0.0	0	0
Q4	20	MONDO:0005180	CHEBI:3756	0	3	0	0	0	3	0.0	0.0	0.0	0	0
Q4	21	MONDO:0005180	CHEBI:3756	0	3	0	0	0	3	0.0	0.0	0.0	0	0
Q4	22	MONDO:0005180	CHEBI:3756	0	3	0	0	0	3	0.0	0.0	0.0	0	0
Q4	23	MONDO:0005180	CHEBI:3756	0	3	0	0	0	3	0.0	0.0	0.0	0	0
Q4	24	MONDO:0005180	CHEBI:3756	0	3	0	0	0	3	0.0	0.0	0.0	0	0
Q4	25	MONDO:0005180	CHEBI:3756	0	3	0	0	0	3	0.0	0.0	0.0	0	0
Q5	1	MONDO:0005300	CHEBI:3756	0	7	0	0	0	7	0.0	0.0	0.0	0	0
Q5	2	MONDO:0005300	CHEBI:3756	0	7	0	0	0	7	0.0	0.0	0.0	0	0
Q5	3	MONDO:0005300	CHEBI:3756	0	7	0	0	0	7	0.0	0.0	0.0	0	0
Q5	4	MONDO:0005300	CHEBI:3756	0	7	0	0	0	7	0.0	0.0	0.0	0	0
Q5	5	MONDO:0005300	CHEBI:3756	0	7	0	0	0	7	0.0	0.0	0.0	0	0
Q5	6	MONDO:0005300	CHEBI:3756	0	7	0	0	0	7	0.0	0.0	0.0	0	0
Q5	7	MONDO:0005300	CHEBI:3756	0	7	0	0	0	7	0.0	0.0	0.0	0	0
Q5	8	MONDO:0005300	CHEBI:3756	0	7	0	0	0	7	0.0	0.0	0.0	0	0
Q5	9	MONDO:0005300	CHEBI:3756	0	7	0	0	0	7	0.0	0.0	0.0	0	0
Q5	10	MONDO:0005300	CHEBI:3756	0	7	0	0	0	7	0.0	0.0	0.0	0	0
Q5	11	MONDO:0005300	CHEBI:3756	0	7	0	0	0	7	0.0	0.0	0.0	0	0
Q5	12	MONDO:0005300	CHEBI:3756	0	7	0	0	0	7	0.0	0.0	0.0	0	0
Q5	13	MONDO:0005300	CHEBI:3756	0	7	0	0	0	7	0.0	0.0	0.0	0	0
Q5	14	MONDO:0005300	CHEBI:3756	0	7	0	0	0	7	0.0	0.0	0.0	0	0
Q5	15	MONDO:0005300	CHEBI:3756	0	7	0	0	0	7	0.0	0.0	0.0	0	0
Q5	16	MONDO:0005300	CHEBI:3756	0	7	0	0	0	7	0.0	0.0	0.0	0	0
Q5	17	MONDO:0005300	CHEBI:3756	0	7	0	0	0	7	0.0	0.0	0.0	0	0
Q5	18	MONDO:0005300	CHEBI:3756	0	7	0	0	0	7	0.0	0.0	0.0	0	0
Q5	19	MONDO:0005300	CHEBI:3756	0	7	0	0	0	7	0.0	0.0	0.0	0	0
Q5	20	MONDO:0005300	CHEBI:3756	0	7	0	0	0	7	0.0	0.0	0.0	0	0
Q5	21	MONDO:0005300	CHEBI:3756	0	7	0	0	0	7	0.0	0.0	0.0	0	0
Q5	22	MONDO:0005300	CHEBI:3756	0	7	0	0	0	7	0.0	0.0	0.0	0	0
Q5	23	MONDO:0005300	CHEBI:3756	0	7	0	0	0	7	0.0	0.0	0.0	0	0
Q5	24	MONDO:0005300	CHEBI:3756	0	7	0	0	0	7	0.0	0.0	0.0	0	0
Q5	25	MONDO:0005300	CHEBI:3756	0	7	0	0	0	7	0.0	0.0	0.0	0	0
Q6	1	MONDO:0008383	CHEBI:41774	0	1	0	0	0	1	0.0	0.0	0.0	0	0
Q6	2	MONDO:0008383	CHEBI:41774	0	1	0	0	0	1	0.0	0.0	0.0	0	0
Q6	3	MONDO:0008383	CHEBI:41774	0	1	0	0	0	1	0.0	0.0	0.0	0	0
Q6	4	MONDO:0008383	CHEBI:41774	0	1	0	0	0	1	0.0	0.0	0.0	0	0
Q6	5	MONDO:0008383	CHEBI:41774	0	1	0	0	0	1	0.0	0.0	0.0	0	0
Q6	6	MONDO:0008383	CHEBI:41774	0	1	0	0	0	1	0.0	0.0	0.0	0	0
Q6	7	MONDO:0008383	CHEBI:41774	0	1	0	0	0	1	0.0	0.0	0.0	0	0
Q6	8	MONDO:0008383	CHEBI:41774	0	1	0	0	0	1	0.0	0.0	0.0	0	0
Q6	9	MONDO:0008383	CHEBI:41774	0	1	0	0	0	1	0.0	0.0	0.0	0	0
Q6	10	MONDO:0008383	CHEBI:41774	0	1	0	0	0	1	0.0	0.0	0.0	0	0
Q6	11	MONDO:0008383	CHEBI:41774	0	1	0	0	0	1	0.0	0.0	0.0	0	0
Q6	12	MONDO:0008383	CHEBI:41774	0	1	0	0	0	1	0.0	0.0	0.0	0	0
Q6	13	MONDO:0008383	CHEBI:41774	0	1	0	0	0	1	0.0	0.0	0.0	0	0
Q6	14	MONDO:0008383	CHEBI:41774	0	1	0	0	0	1	0.0	0.0	0.0	0	0
Q6	15	MONDO:0008383	CHEBI:41774	0	1	0	0	0	1	0.0	0.0	0.0	0	0
Q6	16	MONDO:0008383	CHEBI:41774	0	1	0	0	0	1	0.0	0.0	0.0	0	0
Q6	17	MONDO:0008383	CHEBI:41774	0	1	0	0	0	1	0.0	0.0	0.0	0	0
Q6	18	MONDO:0008383	CHEBI:41774	0	1	0	0	0	1	0.0	0.0	0.0	0	0
Q6	19	MONDO:0008383	CHEBI:41774	0	1	0	0	0	1	0.0	0.0	0.0	0	0
Q6	20	MONDO:0008383	CHEBI:41774	0	1	0	0	0	1	0.0	0.0	0.0	0	0
Q6	21	MONDO:0008383	CHEBI:41774	0	1	0	0	0	1	0.0	0.0	0.0	0	0
Q6	22	MONDO:0008383	CHEBI:41774	0	1	0	0	0	1	0.0	0.0	0.0	0	0
Q6	23	MONDO:0008383	CHEBI:41774	0	1	0	0	0	1	0.0	0.0	0.0	0	0
Q6	24	MONDO:0008383	CHEBI:41774	0	1	0	0	0	1	0.0	0.0	0.0	0	0
Q6	25	MONDO:0008383	CHEBI:41774	0	1	0	0	0	1	0.0	0.0	0.0	0	0
Q7	1	NCBIGene:7422	CHEBI:15365	1	1	0	0	1	1	0.0	0.0	0.0	1	0
Q7	2	NCBIGene:7422	CHEBI:15365	1	1	0	0	1	1	0.0	0.0	0.0	1	0
Q7	3	NCBIGene:7422	CHEBI:15365	1	1	0	0	1	1	0.0	0.0	0.0	1	0
Q7	4	NCBIGene:7422	CHEBI:15365	1	1	0	0	1	1	0.0	0.0	0.0	1	0
Q7	5	NCBIGene:7422	CHEBI:15365	1	1	0	0	1	1	0.0	0.0	0.0	1	0
Q7	6	NCBIGene:7422	CHEBI:15365	1	1	0	0	1	1	0.0	0.0	0.0	1	0
Q7	7	NCBIGene:7422	CHEBI:15365	1	1	0	0	1	1	0.0	0.0	0.0	1	0
Q7	8	NCBIGene:7422	CHEBI:15365	1	1	0	0	1	1	0.0	0.0	0.0	1	0
Q7	9	NCBIGene:7422	CHEBI:15365	1	1	0	0	1	1	0.0	0.0	0.0	1	0
Q7	10	NCBIGene:7422	CHEBI:15365	1	1	0	0	1	1	0.0	0.0	0.0	1	0
Q7	11	NCBIGene:7422	CHEBI:15365	1	1	0	0	1	1	0.0	0.0	0.0	1	0
Q7	12	NCBIGene:7422	CHEBI:15365	1	1	0	0	1	1	0.0	0.0	0.0	1	0
Q7	13	NCBIGene:7422	CHEBI:15365	1	1	0	0	1	1	0.0	0.0	0.0	1	0
Q7	14	NCBIGene:7422	CHEBI:15365	1	1	0	0	1	1	0.0	0.0	0.0	1	0
Q7	15	NCBIGene:7422	CHEBI:15365	1	1	0	0	1	1	0.0	0.0	0.0	1	0
Q7	16	NCBIGene:7422	CHEBI:15365	1	1	0	0	1	1	0.0	0.0	0.0	1	0
Q7	17	NCBIGene:7422	CHEBI:15365	1	1	0	0	1	1	0.0	0.0	0.0	1	0
Q7	18	NCBIGene:7422	CHEBI:15365	1	1	0	0	1	1	0.0	0.0	0.0	1	0
Q7	19	NCBIGene:7422	CHEBI:15365	1	1	0	0	1	1	0.0	0.0	0.0	1	0
Q7	20	NCBIGene:7422	CHEBI:15365	1	1	0	0	1	1	0.0	0.0	0.0	1	0
Q7	21	NCBIGene:7422	CHEBI:15365	1	1	0	0	1	1	0.0	0.0	0.0	1	0
Q7	22	NCBIGene:7422	CHEBI:15365	1	1	0	0	1	1	0.0	0.0	0.0	1	0
Q7	23	NCBIGene:7422	CHEBI:15365	1	1	0	0	1	1	0.0	0.0	0.0	1	0
Q7	24	NCBIGene:7422	CHEBI:15365	1	1	0	0	1	1	0.0	0.0	0.0	1	0
Q7	25	NCBIGene:7422	CHEBI:15365	1	1	0	0	1	1	0.0	0.0	0.0	1	0
Q8	1	MONDO:0007254	NCBIGene:3569	1	5	0	0	1	5	0.0	0.0	0.0	1	0
Q8	2	MONDO:0007254	NCBIGene:3569	1	5	0	0	1	5	0.0	0.0	0.0	1	0
Q8	3	MONDO:0007254	NCBIGene:3569	1	5	0	0	1	5	0.0	0.0	0.0	1	0
Q8	4	MONDO:0007254	NCBIGene:3569	1	5	0	0	1	5	0.0	0.0	0.0	1	0
Q8	5	MONDO:0007254	NCBIGene:3569	1	5	0	0	1	5	0.0	0.0	0.0	1	0
Q8	6	MONDO:0007254	NCBIGene:3569	1	5	0	0	1	5	0.0	0.0	0.0	1	0
Q8	7	MONDO:0007254	NCBIGene:3569	1	5	0	0	1	5	0.0	0.0	0.0	1	0
Q8	8	MONDO:0007254	NCBIGene:3569	1	5	0	0	1	5	0.0	0.0	0.0	1	0
Q8	9	MONDO:0007254	NCBIGene:3569	1	5	0	0	1	5	0.0	0.0	0.0	1	0
Q8	10	MONDO:0007254	NCBIGene:3569	1	5	0	0	1	5	0.0	0.0	0.0	1	0
Q8	11	MONDO:0007254	NCBIGene:3569	1	5	0	0	1	5	0.0	0.0	0.0	1	0
Q8	12	MONDO:0007254	NCBIGene:3569	1	5	0	0	1	5	0.0	0.0	0.0	1	0
Q8	13	MONDO:0007254	NCBIGene:3569	1	5	0	0	1	5	0.0	0.0	0.0	1	0
Q8	14	MONDO:0007254	NCBIGene:3569	1	5	0	0	1	5	0.0	0.0	0.0	1	0
Q8	15	MONDO:0007254	NCBIGene:3569	1	5	0	0	1	5	0.0	0.0	0.0	1	0
Q8	16	MONDO:0007254	NCBIGene:3569	1	5	0	0	1	5	0.0	0.0	0.0	1	0
Q8	17	MONDO:0007254	NCBIGene:3569	1	5	0	0	1	5	0.0	0.0	0.0	1	0
Q8	18	MONDO:0007254	NCBIGene:3569	1	5	0	0	1	5	0.0	0.0	0.0	1	0
Q8	19	MONDO:0007254	NCBIGene:3569	1	5	0	0	1	5	0.0	0.0	0.0	1	0
Q8	20	MONDO:0007254	NCBIGene:3569	1	5	0	0	1	5	0.0	0.0	0.0	1	0
Q8	21	MONDO:0007254	NCBIGene:3569	1	5	0	0	1	5	0.0	0.0	0.0	1	0
Q8	22	MONDO:0007254	NCBIGene:3569	1	5	0	0	1	5	0.0	0.0	0.0	1	0
Q8	23	MONDO:0007254	NCBIGene:3569	1	5	0	0	1	5	0.0	0.0	0.0	1	0
Q8	24	MONDO:0007254	NCBIGene:3569	1	5	0	0	1	5	0.0	0.0	0.0	1	0
Q8	25	MONDO:0007254	NCBIGene:3569	1	5	0	0	1	5	0.0	0.0	0.0	1	0
Q9	1	MONDO:0005300	NCBIGene:7422	1	4	0	0	1	4	0.0	0.0	0.0	1	0
Q9	2	MONDO:0005300	NCBIGene:7422	1	4	0	0	1	4	0.0	0.0	0.0	1	0
Q9	3	MONDO:0005300	NCBIGene:7422	1	4	0	0	1	4	0.0	0.0	0.0	1	0
Q9	4	MONDO:0005300	NCBIGene:7422	1	4	0	0	1	4	0.0	0.0	0.0	1	0
Q9	5	MONDO:0005300	NCBIGene:7422	1	4	0	0	1	4	0.0	0.0	0.0	1	0
Q9	6	MONDO:0005300	NCBIGene:7422	1	4	0	0	1	4	0.0	0.0	0.0	1	0
Q9	7	MONDO:0005300	NCBIGene:7422	1	4	0	0	1	4	0.0	0.0	0.0	1	0
Q9	8	MONDO:0005300	NCBIGene:7422	1	4	0	0	1	4	0.0	0.0	0.0	1	0
Q9	9	MONDO:0005300	NCBIGene:7422	1	4	0	0	1	4	0.0	0.0	0.0	1	0
Q9	10	MONDO:0005300	NCBIGene:7422	1	4	0	0	1	4	0.0	0.0	0.0	1	0
Q9	11	MONDO:0005300	NCBIGene:7422	1	4	0	0	1	4	0.0	0.0	0.0	1	0
Q9	12	MONDO:0005300	NCBIGene:7422	1	4	0	0	1	4	0.0	0.0	0.0	1	0
Q9	13	MONDO:0005300	NCBIGene:7422	1	4	0	0	1	4	0.0	0.0	0.0	1	0
Q9	14	MONDO:0005300	NCBIGene:7422	1	4	0	0	1	4	0.0	0.0	0.0	1	0
Q9	15	MONDO:0005300	NCBIGene:7422	1	4	0	0	1	4	0.0	0.0	0.0	1	0
Q9	16	MONDO:0005300	NCBIGene:7422	1	4	0	0	1	4	0.0	0.0	0.0	1	0
Q9	17	MONDO:0005300	NCBIGene:7422	1	4	0	0	1	4	0.0	0.0	0.0	1	0
Q9	18	MONDO:0005300	NCBIGene:7422	1	4	0	0	1	4	0.0	0.0	0.0	1	0
Q9	19	MONDO:0005300	NCBIGene:7422	1	4	0	0	1	4	0.0	0.0	0.0	1	0
Q9	20	MONDO:0005300	NCBIGene:7422	1	4	0	0	1	4	0.0	0.0	0.0	1	0
Q9	21	MONDO:0005300	NCBIGene:7422	1	4	0	0	1	4	0.0	0.0	0.0	1	0
Q9	22	MONDO:0005300	NCBIGene:7422	1	4	0	0	1	4	0.0	0.0	0.0	1	0
Q9	23	MONDO:0005300	NCBIGene:7422	1	4	0	0	1	4	0.0	0.0	0.0	1	0
Q9	24	MONDO:0005300	NCBIGene:7422	1	4	0	0	1	4	0.0	0.0	0.0	1	0
Q9	25	MONDO:0005300	NCBIGene:7422	1	4	0	0	1	4	0.0	0.0	0.0	1	0
Q10	1	MONDO:0008383	CHEBI:27899	1	1	0	0	1	1	0.0	0.0	0.0	1	0
Q10	2	MONDO:0008383	CHEBI:27899	0	1	0	0	0	1	0.0	0.0	0.0	0	0
Q10	3	MONDO:0008383	CHEBI:27899	0	1	0	0	0	1	0.0	0.0	0.0	0	0
Q10	4	MONDO:0008383	CHEBI:27899	0	1	0	0	0	1	0.0	0.0	0.0	0	0
Q10	5	MONDO:0008383	CHEBI:27899	0	1	0	0	0	1	0.0	0.0	0.0	0	0
Q10	6	MONDO:0008383	CHEBI:27899	0	1	0	0	0	1	0.0	0.0	0.0	0	0
Q10	7	MONDO:0008383	CHEBI:27899	0	1	0	0	0	1	0.0	0.0	0.0	0	0
Q10	8	MONDO:0008383	CHEBI:27899	0	1	0	0	0	1	0.0	0.0	0.0	0	0
Q10	9	MONDO:0008383	CHEBI:27899	0	1	0	0	0	1	0.0	0.0	0.0	0	0
Q10	10	MONDO:0008383	CHEBI:27899	0	1	0	0	0	1	0.0	0.0	0.0	0	0
Q10	11	MONDO:0008383	CHEBI:27899	0	1	0	0	0	1	0.0	0.0	0.0	0	0
Q10	12	MONDO:0008383	CHEBI:27899	0	1	0	0	0	1	0.0	0.0	0.0	0	0
Q10	13	MONDO:0008383	CHEBI:27899	0	1	0	0	0	1	0.0	0.0	0.0	0	0
Q10	14	MONDO:0008383	CHEBI:27899	0	1	0	0	0	1	0.0	0.0	0.0	0	0
Q10	15	MONDO:0008383	CHEBI:27899	0	1	0	0	0	1	0.0	0.0	0.0	0	0
Q10	16	MONDO:0008383	CHEBI:27899	0	1	0	0	0	1	0.0	0.0	0.0	0	0
Q10	17	MONDO:0008383	CHEBI:27899	0	1	0	0	0	1	0.0	0.0	0.0	0	0
Q10	18	MONDO:0008383	CHEBI:27899	0	1	0	0	0	1	0.0	0.0	0.0	0	0
Q10	19	MONDO:0008383	CHEBI:27899	0	1	0	0	0	1	0.0	0.0	0.0	0	0
Q10	20	MONDO:0008383	CHEBI:27899	0	1	0	0	0	1	0.0	0.0	0.0	0	0
Q10	21	MONDO:0008383	CHEBI:27899	0	1	0	0	0	1	0.0	0.0	0.0	0	0
Q10	22	MONDO:0008383	CHEBI:27899	0	1	0	0	0	1	0.0	0.0	0.0	0	0
Q10	23	MONDO:0008383	CHEBI:27899	0	1	0	0	0	1	0.0	0.0	0.0	0	0
Q10	24	MONDO:0008383	CHEBI:27899	0	1	0	0	0	1	0.0	0.0	0.0	0	0
Q10	25	MONDO:0008383	CHEBI:27899	0	1	0	0	0	1	0.0	0.0	0.0	0	0
Q11	1	MONDO:0005300	CHEBI:5855	0	5	0	0	0	5	0.0	0.0	0.0	0	0
Q11	2	MONDO:0005300	CHEBI:5855	0	5	0	0	0	5	0.0	0.0	0.0	0	0
Q11	3	MONDO:0005300	CHEBI:5855	0	5	0	0	0	5	0.0	0.0	0.0	0	0
Q11	4	MONDO:0005300	CHEBI:5855	0	5	0	0	0	5	0.0	0.0	0.0	0	0
Q11	5	MONDO:0005300	CHEBI:5855	0	5	0	0	0	5	0.0	0.0	0.0	0	0
Q11	6	MONDO:0005300	CHEBI:5855	0	5	0	0	0	5	0.0	0.0	0.0	0	0
Q11	7	MONDO:0005300	CHEBI:5855	0	5	0	0	0	5	0.0	0.0	0.0	0	0
Q11	8	MONDO:0005300	CHEBI:5855	0	5	0	0	0	5	0.0	0.0	0.0	0	0
Q11	9	MONDO:0005300	CHEBI:5855	0	5	0	0	0	5	0.0	0.0	0.0	0	0
Q11	10	MONDO:0005300	CHEBI:5855	0	5	0	0	0	5	0.0	0.0	0.0	0	0
Q11	11	MONDO:0005300	CHEBI:5855	0	5	0	0	0	5	0.0	0.0	0.0	0	0
Q11	12	MONDO:0005300	CHEBI:5855	0	5	0	0	0	5	0.0	0.0	0.0	0	0
Q11	13	MONDO:0005300	CHEBI:5855	0	5	0	0	0	5	0.0	0.0	0.0	0	0
Q11	14	MONDO:0005300	CHEBI:5855	0	5	0	0	0	5	0.0	0.0	0.0	0	0
Q11	15	MONDO:0005300	CHEBI:5855	0	5	0	0	0	5	0.0	0.0	0.0	0	0
Q11	16	MONDO:0005300	CHEBI:5855	0	5	0	0	0	5	0.0	0.0	0.0	0	0
Q11	17	MONDO:0005300	CHEBI:5855	0	5	0	0	0	5	0.0	0.0	0.0	0	0
Q11	18	MONDO:0005300	CHEBI:5855	0	5	0	0	0	5	0.0	0.0	0.0	0	0
Q11	19	MONDO:0005300	CHEBI:5855	0	5	0	0	0	5	0.0	0.0	0.0	0	0
Q11	20	MONDO:0005300	CHEBI:5855	0	5	0	0	0	5	0.0	0.0	0.0	0	0
Q11	21	MONDO:0005300	CHEBI:5855	0	5	0	0	0	5	0.0	0.0	0.0	0	0
Q11	22	MONDO:0005300	CHEBI:5855	0	5	0	0	0	5	0.0	0.0	0.0	0	0
Q11	23	MONDO:0005300	CHEBI:5855	0	5	0	0	0	5	0.0	0.0	0.0	0	0
Q11	24	MONDO:0005300	CHEBI:5855	0	5	0	0	0	5	0.0	0.0	0.0	0	0
Q11	25	MONDO:0005300	CHEBI:5855	0	5	0	0	0	5	0.0	0.0	0.0	0	0
Q12	1	NCBIGene:3569	CHEBI:5855	1	1	0	0	1	1	0.0	0.0	0.0	1	0
Q12	2	NCBIGene:3569	CHEBI:5855	0	1	0	0	0	1	0.0	0.0	0.0	0	0
Q12	3	NCBIGene:3569	CHEBI:5855	1	1	0	0	1	1	0.0	0.0	0.0	1	0
Q12	4	NCBIGene:3569	CHEBI:5855	1	1	0	0	1	1	0.0	0.0	0.0	1	0
Q12	5	NCBIGene:3569	CHEBI:5855	0	1	0	0	0	1	0.0	0.0	0.0	0	0
Q12	6	NCBIGene:3569	CHEBI:5855	1	1	0	0	1	1	0.0	0.0	0.0	1	0
Q12	7	NCBIGene:3569	CHEBI:5855	1	1	0	0	1	1	0.0	0.0	0.0	1	0
Q12	8	NCBIGene:3569	CHEBI:5855	0	1	0	0	0	1	0.0	0.0	0.0	0	0
Q12	9	NCBIGene:3569	CHEBI:5855	1	1	0	0	1	1	0.0	0.0	0.0	1	0
Q12	10	NCBIGene:3569	CHEBI:5855	1	1	0	0	1	1	0.0	0.0	0.0	1	0
Q12	11	NCBIGene:3569	CHEBI:5855	1	1	0	0	1	1	0.0	0.0	0.0	1	0
Q12	12	NCBIGene:3569	CHEBI:5855	1	1	0	0	1	1	0.0	0.0	0.0	1	0
Q12	13	NCBIGene:3569	CHEBI:5855	0	1	0	0	0	1	0.0	0.0	0.0	0	0
Q12	14	NCBIGene:3569	CHEBI:5855	1	1	0	0	1	1	0.0	0.0	0.0	1	0
Q12	15	NCBIGene:3569	CHEBI:5855	1	1	0	0	1	1	0.0	0.0	0.0	1	0
Q12	16	NCBIGene:3569	CHEBI:5855	0	1	0	0	0	1	0.0	0.0	0.0	0	0
Q12	17	NCBIGene:3569	CHEBI:5855	1	1	0	0	1	1	0.0	0.0	0.0	1	0
Q12	18	NCBIGene:3569	CHEBI:5855	1	1	0	0	1	1	0.0	0.0	0.0	1	0
Q12	19	NCBIGene:3569	CHEBI:5855	1	1	0	0	1	1	0.0	0.0	0.0	1	0
Q12	20	NCBIGene:3569	CHEBI:5855	1	1	0	0	1	1	0.0	0.0	0.0	1	0
Q12	21	NCBIGene:3569	CHEBI:5855	0	1	0	0	0	1	0.0	0.0	0.0	0	0
Q12	22	NCBIGene:3569	CHEBI:5855	1	1	0	0	1	1	0.0	0.0	0.0	1	0
Q12	23	NCBIGene:3569	CHEBI:5855	1	1	0	0	1	1	0.0	0.0	0.0	1	0
Q12	24	NCBIGene:3569	CHEBI:5855	1	1	0	0	1	1	0.0	0.0	0.0	1	0
Q12	25	NCBIGene:3569	CHEBI:5855	1	1	0	0	1	1	0.0	0.0	0.0	1	0
Q13	1	MONDO:0005148	CHEBI:41774	0	1	0	0	0	1	0.0	0.0	0.0	0	0
Q13	2	MONDO:0005148	CHEBI:41774	0	1	0	0	0	1	0.0	0.0	0.0	0	0
Q13	3	MONDO:0005148	CHEBI:41774	0	1	0	0	0	1	0.0	0.0	0.0	0	0
Q13	4	MONDO:0005148	CHEBI:41774	0	1	0	0	0	1	0.0	0.0	0.0	0	0
Q13	5	MONDO:0005148	CHEBI:41774	0	1	0	0	0	1	0.0	0.0	0.0	0	0
Q13	6	MONDO:0005148	CHEBI:41774	0	1	0	0	0	1	0.0	0.0	0.0	0	0
Q13	7	MONDO:0005148	CHEBI:41774	0	1	0	0	0	1	0.0	0.0	0.0	0	0
Q13	8	MONDO:0005148	CHEBI:41774	0	1	0	0	0	1	0.0	0.0	0.0	0	0
Q13	9	MONDO:0005148	CHEBI:41774	0	1	0	0	0	1	0.0	0.0	0.0	0	0
Q13	10	MONDO:0005148	CHEBI:41774	0	1	0	0	0	1	0.0	0.0	0.0	0	0
Q13	11	MONDO:0005148	CHEBI:41774	0	1	0	0	0	1	0.0	0.0	0.0	0	0
Q13	12	MONDO:0005148	CHEBI:41774	0	1	0	0	0	1	0.0	0.0	0.0	0	0
Q13	13	MONDO:0005148	CHEBI:41774	0	1	0	0	0	1	0.0	0.0	0.0	0	0
Q13	14	MONDO:0005148	CHEBI:41774	1	1	0	0	1	1	0.0	0.0	0.0	1	0
Q13	15	MONDO:0005148	CHEBI:41774	0	1	0	0	0	1	0.0	0.0	0.0	0	0
Q13	16	MONDO:0005148	CHEBI:41774	0	1	0	0	0	1	0.0	0.0	0.0	0	0
Q13	17	MONDO:0005148	CHEBI:41774	0	1	0	0	0	1	0.0	0.0	0.0	0	0
Q13	18	MONDO:0005148	CHEBI:41774	0	1	0	0	0	1	0.0	0.0	0.0	0	0
Q13	19	MONDO:0005148	CHEBI:41774	0	1	0	0	0	1	0.0	0.0	0.0	0	0
Q13	20	MONDO:0005148	CHEBI:41774	0	1	0	0	0	1	0.0	0.0	0.0	0	0
Q13	21	MONDO:0005148	CHEBI:41774	0	1	0	0	0	1	0.0	0.0	0.0	0	0
Q13	22	MONDO:0005148	CHEBI:41774	0	1	0	0	0	1	0.0	0.0	0.0	0	0
Q13	23	MONDO:0005148	CHEBI:41774	1	1	0	0	1	1	0.0	0.0	0.0	1	0
Q13	24	MONDO:0005148	CHEBI:41774	0	1	0	0	0	1	0.0	0.0	0.0	0	0
Q13	25	MONDO:0005148	CHEBI:41774	0	1	0	0	0	1	0.0	0.0	0.0	0	0
Q14	1	MONDO:0004979	CHEBI:10033	0	6	0	0	0	6	0.0	0.0	0.0	0	0
Q14	2	MONDO:0004979	CHEBI:10033	0	6	0	0	0	6	0.0	0.0	0.0	0	0
Q14	3	MONDO:0004979	CHEBI:10033	0	6	0	0	0	6	0.0	0.0	0.0	0	0
Q14	4	MONDO:0004979	CHEBI:10033	0	6	0	0	0	6	0.0	0.0	0.0	0	0
Q14	5	MONDO:0004979	CHEBI:10033	0	6	0	0	0	6	0.0	0.0	0.0	0	0
Q14	6	MONDO:0004979	CHEBI:10033	0	6	0	0	0	6	0.0	0.0	0.0	0	0
Q14	7	MONDO:0004979	CHEBI:10033	0	6	0	0	0	6	0.0	0.0	0.0	0	0
Q14	8	MONDO:0004979	CHEBI:10033	0	6	0	0	0	6	0.0	0.0	0.0	0	0
Q14	9	MONDO:0004979	CHEBI:10033	0	6	0	0	0	6	0.0	0.0	0.0	0	0
Q14	10	MONDO:0004979	CHEBI:10033	0	6	0	0	0	6	0.0	0.0	0.0	0	0
Q14	11	MONDO:0004979	CHEBI:10033	0	6	0	0	0	6	0.0	0.0	0.0	0	0
Q14	12	MONDO:0004979	CHEBI:10033	0	6	0	0	0	6	0.0	0.0	0.0	0	0
Q14	13	MONDO:0004979	CHEBI:10033	0	6	0	0	0	6	0.0	0.0	0.0	0	0
Q14	14	MONDO:0004979	CHEBI:10033	0	6	0	0	0	6	0.0	0.0	0.0	0	0
Q14	15	MONDO:0004979	CHEBI:10033	0	6	0	0	0	6	0.0	0.0	0.0	0	0
Q14	16	MONDO:0004979	CHEBI:10033	0	6	0	0	0	6	0.0	0.0	0.0	0	0
Q14	17	MONDO:0004979	CHEBI:10033	0	6	0	0	0	6	0.0	0.0	0.0	0	0
Q14	18	MONDO:0004979	CHEBI:10033	0	6	0	0	0	6	0.0	0.0	0.0	0	0
Q14	19	MONDO:0004979	CHEBI:10033	0	6	0	0	0	6	0.0	0.0	0.0	0	0
Q14	20	MONDO:0004979	CHEBI:10033	0	6	0	0	0	6	0.0	0.0	0.0	0	0
Q14	21	MONDO:0004979	CHEBI:10033	0	6	0	0	0	6	0.0	0.0	0.0	0	0
Q14	22	MONDO:0004979	CHEBI:10033	0	6	0	0	0	6	0.0	0.0	0.0	0	0
Q14	23	MONDO:0004979	CHEBI:10033	0	6	0	0	0	6	0.0	0.0	0.0	0	0
Q14	24	MONDO:0004979	CHEBI:10033	0	6	0	0	0	6	0.0	0.0	0.0	0	0
Q14	25	MONDO:0004979	CHEBI:10033	0	6	0	0	0	6	0.0	0.0	0.0	0	0
Q15	1	MONDO:0005010	NCBIGene:3569	1	2	0	0	1	2	0.0	0.0	0.0	1	0
Q15	2	MONDO:0005010	NCBIGene:3569	1	2	0	0	1	2	0.0	0.0	0.0	1	0
Q15	3	MONDO:0005010	NCBIGene:3569	1	2	0	0	1	2	0.0	0.0	0.0	1	0
Q15	4	MONDO:0005010	NCBIGene:3569	1	2	0	0	1	2	0.0	0.0	0.0	1	0
Q15	5	MONDO:0005010	NCBIGene:3569	1	2	0	0	1	2	0.0	0.0	0.0	1	0
Q15	6	MONDO:0005010	NCBIGene:3569	1	2	0	0	1	2	0.0	0.0	0.0	1	0
Q15	7	MONDO:0005010	NCBIGene:3569	1	2	0	0	1	2	0.0	0.0	0.0	1	0
Q15	8	MONDO:0005010	NCBIGene:3569	1	2	0	0	1	2	0.0	0.0	0.0	1	0
Q15	9	MONDO:0005010	NCBIGene:3569	1	2	0	0	1	2	0.0	0.0	0.0	1	0
Q15	10	MONDO:0005010	NCBIGene:3569	1	2	0	0	1	2	0.0	0.0	0.0	1	0
Q15	11	MONDO:0005010	NCBIGene:3569	1	2	0	0	1	2	0.0	0.0	0.0	1	0
Q15	12	MONDO:0005010	NCBIGene:3569	1	2	0	0	1	2	0.0	0.0	0.0	1	0
Q15	13	MONDO:0005010	NCBIGene:3569	1	2	0	0	1	2	0.0	0.0	0.0	1	0
Q15	14	MONDO:0005010	NCBIGene:3569	1	2	0	0	1	2	0.0	0.0	0.0	1	0
Q15	15	MONDO:0005010	NCBIGene:3569	1	2	0	0	1	2	0.0	0.0	0.0	1	0
Q15	16	MONDO:0005010	NCBIGene:3569	1	2	0	0	1	2	0.0	0.0	0.0	1	0
Q15	17	MONDO:0005010	NCBIGene:3569	1	2	0	0	1	2	0.0	0.0	0.0	1	0
Q15	18	MONDO:0005010	NCBIGene:3569	1	2	0	0	1	2	0.0	0.0	0.0	1	0
Q15	19	MONDO:0005010	NCBIGene:3569	1	2	0	0	1	2	0.0	0.0	0.0	1	0
Q15	20	MONDO:0005010	NCBIGene:3569	1	2	0	0	1	2	0.0	0.0	0.0	1	0
Q15	21	MONDO:0005010	NCBIGene:3569	1	2	0	0	1	2	0.0	0.0	0.0	1	0
Q15	22	MONDO:0005010	NCBIGene:3569	1	2	0	0	1	2	0.0	0.0	0.0	1	0
Q15	23	MONDO:0005010	NCBIGene:3569	1	2	0	0	1	2	0.0	0.0	0.0	1	0
Q15	24	MONDO:0005010	NCBIGene:3569	1	2	0	0	1	2	0.0	0.0	0.0	1	0
Q15	25	MONDO:0005010	NCBIGene:3569	1	2	0	0	1	2	0.0	0.0	0.0	1	0
Q16	1	NCBIGene:673	CHEBI:6801	1	1	0	0	1	1	0.0	0.0	0.0	1	0
Q16	2	NCBIGene:673	CHEBI:6801	1	1	0	0	1	1	0.0	0.0	0.0	1	0
Q16	3	NCBIGene:673	CHEBI:6801	1	1	0	0	1	1	0.0	0.0	0.0	1	0
Q16	4	NCBIGene:673	CHEBI:6801	1	1	0	0	1	1	0.0	0.0	0.0	1	0
Q16	5	NCBIGene:673	CHEBI:6801	1	1	0	0	1	1	0.0	0.0	0.0	1	0
Q16	6	NCBIGene:673	CHEBI:6801	1	1	0	0	1	1	0.0	0.0	0.0	1	0
Q16	7	NCBIGene:673	CHEBI:6801	1	1	0	0	1	1	0.0	0.0	0.0	1	0
Q16	8	NCBIGene:673	CHEBI:6801	1	1	0	0	1	1	0.0	0.0	0.0	1	0
Q16	9	NCBIGene:673	CHEBI:6801	1	1	0	0	1	1	0.0	0.0	0.0	1	0
Q16	10	NCBIGene:673	CHEBI:6801	1	1	0	0	1	1	0.0	0.0	0.0	1	0
Q16	11	NCBIGene:673	CHEBI:6801	1	1	0	0	1	1	0.0	0.0	0.0	1	0
Q16	12	NCBIGene:673	CHEBI:6801	1	1	0	0	1	1	0.0	0.0	0.0	1	0
Q16	13	NCBIGene:673	CHEBI:6801	1	1	0	0	1	1	0.0	0.0	0.0	1	0
Q16	14	NCBIGene:673	CHEBI:6801	1	1	0	0	1	1	0.0	0.0	0.0	1	0
Q16	15	NCBIGene:673	CHEBI:6801	1	1	0	0	1	1	0.0	0.0	0.0	1	0
Q16	16	NCBIGene:673	CHEBI:6801	1	1	0	0	1	1	0.0	0.0	0.0	1	0
Q16	17	NCBIGene:673	CHEBI:6801	1	1	0	0	1	1	0.0	0.0	0.0	1	0
Q16	18	NCBIGene:673	CHEBI:6801	1	1	0	0	1	1	0.0	0.0	0.0	1	0
Q16	19	NCBIGene:673	CHEBI:6801	1	1	0	0	1	1	0.0	0.0	0.0	1	0
Q16	20	NCBIGene:673	CHEBI:6801	1	1	0	0	1	1	0.0	0.0	0.0	1	0
Q16	21	NCBIGene:673	CHEBI:6801	1	1	0	0	1	1	0.0	0.0	0.0	1	0
Q16	22	NCBIGene:673	CHEBI:6801	1	1	0	0	1	1	0.0	0.0	0.0	1	0
Q16	23	NCBIGene:673	CHEBI:6801	1	1	0	0	1	1	0.0	0.0	0.0	1	0
Q16	24	NCBIGene:673	CHEBI:6801	1	1	0	0	1	1	0.0	0.0	0.0	1	0
Q16	25	NCBIGene:673	CHEBI:6801	1	1	0	0	1	1	0.0	0.0	0.0	1	0
Q17	1	NCBIGene:1636	CHEBI:6801	1	1	0	0	1	1	0.0	0.0	0.0	1	0
Q17	2	NCBIGene:1636	CHEBI:6801	1	1	0	0	1	1	0.0	0.0	0.0	1	0
Q17	3	NCBIGene:1636	CHEBI:6801	1	1	0	0	1	1	0.0	0.0	0.0	1	0
Q17	4	NCBIGene:1636	CHEBI:6801	1	1	0	0	1	1	0.0	0.0	0.0	1	0
Q17	5	NCBIGene:1636	CHEBI:6801	1	1	0	0	1	1	0.0	0.0	0.0	1	0
Q17	6	NCBIGene:1636	CHEBI:6801	1	1	0	0	1	1	0.0	0.0	0.0	1	0
Q17	7	NCBIGene:1636	CHEBI:6801	1	1	0	0	1	1	0.0	0.0	0.0	1	0
Q17	8	NCBIGene:1636	CHEBI:6801	1	1	0	0	1	1	0.0	0.0	0.0	1	0
Q17	9	NCBIGene:1636	CHEBI:6801	1	1	0	0	1	1	0.0	0.0	0.0	1	0
Q17	10	NCBIGene:1636	CHEBI:6801	1	1	0	0	1	1	0.0	0.0	0.0	1	0
Q17	11	NCBIGene:1636	CHEBI:6801	1	1	0	0	1	1	0.0	0.0	0.0	1	0
Q17	12	NCBIGene:1636	CHEBI:6801	1	1	0	0	1	1	0.0	0.0	0.0	1	0
Q17	13	NCBIGene:1636	CHEBI:6801	1	1	0	0	1	1	0.0	0.0	0.0	1	0
Q17	14	NCBIGene:1636	CHEBI:6801	1	1	0	0	1	1	0.0	0.0	0.0	1	0
Q17	15	NCBIGene:1636	CHEBI:6801	1	1	0	0	1	1	0.0	0.0	0.0	1	0
Q17	16	NCBIGene:1636	CHEBI:6801	1	1	0	0	1	1	0.0	0.0	0.0	1	0
Q17	17	NCBIGene:1636	CHEBI:6801	1	1	0	0	1	1	0.0	0.0	0.0	1	0
Q17	18	NCBIGene:1636	CHEBI:6801	1	1	0	0	1	1	0.0	0.0	0.0	1	0
Q17	19	NCBIGene:1636	CHEBI:6801	1	1	0	0	1	1	0.0	0.0	0.0	1	0
Q17	20	NCBIGene:1636	CHEBI:6801	1	1	0	0	1	1	0.0	0.0	0.0	1	0
Q17	21	NCBIGene:1636	CHEBI:6801	1	1	0	0	1	1	0.0	0.0	0.0	1	0
Q17	22	NCBIGene:1636	CHEBI:6801	1	1	0	0	1	1	0.0	0.0	0.0	1	0
Q17	23	NCBIGene:1636	CHEBI:6801	1	1	0	0	1	1	0.0	0.0	0.0	1	0
Q17	24	NCBIGene:1636	CHEBI:6801	1	1	0	0	1	1	0.0	0.0	0.0	1	0
Q17	25	NCBIGene:1636	CHEBI:6801	1	1	0	0	1	1	0.0	0.0	0.0	1	0
Q18	1	MONDO:0004975	CHEBI:41774	0	1	0	0	0	1	0.0	0.0	0.0	0	0
Q18	2	MONDO:0004975	CHEBI:41774	0	1	0	0	0	1	0.0	0.0	0.0	0	0
Q18	3	MONDO:0004975	CHEBI:41774	0	1	0	0	0	1	0.0	0.0	0.0	0	0
Q18	4	MONDO:0004975	CHEBI:41774	0	1	0	0	0	1	0.0	0.0	0.0	0	0
Q18	5	MONDO:0004975	CHEBI:41774	0	1	0	0	0	1	0.0	0.0	0.0	0	0
Q18	6	MONDO:0004975	CHEBI:41774	0	1	0	0	0	1	0.0	0.0	0.0	0	0
Q18	7	MONDO:0004975	CHEBI:41774	0	1	0	0	0	1	0.0	0.0	0.0	0	0
Q18	8	MONDO:0004975	CHEBI:41774	0	1	0	0	0	1	0.0	0.0	0.0	0	0
Q18	9	MONDO:0004975	CHEBI:41774	0	1	0	0	0	1	0.0	0.0	0.0	0	0
Q18	10	MONDO:0004975	CHEBI:41774	0	1	0	0	0	1	0.0	0.0	0.0	0	0
Q18	11	MONDO:0004975	CHEBI:41774	0	1	0	0	0	1	0.0	0.0	0.0	0	0
Q18	12	MONDO:0004975	CHEBI:41774	0	1	0	0	0	1	0.0	0.0	0.0	0	0
Q18	13	MONDO:0004975	CHEBI:41774	0	1	0	0	0	1	0.0	0.0	0.0	0	0
Q18	14	MONDO:0004975	CHEBI:41774	0	1	0	0	0	1	0.0	0.0	0.0	0	0
Q18	15	MONDO:0004975	CHEBI:41774	0	1	0	0	0	1	0.0	0.0	0.0	0	0
Q18	16	MONDO:0004975	CHEBI:41774	0	1	0	0	0	1	0.0	0.0	0.0	0	0
Q18	17	MONDO:0004975	CHEBI:41774	0	1	0	0	0	1	0.0	0.0	0.0	0	0
Q18	18	MONDO:0004975	CHEBI:41774	0	1	0	0	0	1	0.0	0.0	0.0	0	0
Q18	19	MONDO:0004975	CHEBI:41774	0	1	0	0	0	1	0.0	0.0	0.0	0	0
Q18	20	MONDO:0004975	CHEBI:41774	0	1	0	0	0	1	0.0	0.0	0.0	0	0
Q18	21	MONDO:0004975	CHEBI:41774	0	1	0	0	0	1	0.0	0.0	0.0	0	0
Q18	22	MONDO:0004975	CHEBI:41774	0	1	0	0	0	1	0.0	0.0	0.0	0	0
Q18	23	MONDO:0004975	CHEBI:41774	0	1	0	0	0	1	0.0	0.0	0.0	0	0
Q18	24	MONDO:0004975	CHEBI:41774	0	1	0	0	0	1	0.0	0.0	0.0	0	0
Q18	25	MONDO:0004975	CHEBI:41774	0	1	0	0	0	1	0.0	0.0	0.0	0	0
Q19	1	MONDO:0007254	CHEBI:3756	0	1	0	0	0	1	0.0	0.0	0.0	0	0
Q19	2	MONDO:0007254	CHEBI:3756	0	1	0	0	0	1	0.0	0.0	0.0	0	0
Q19	3	MONDO:0007254	CHEBI:3756	0	1	0	0	0	1	0.0	0.0	0.0	0	0
Q19	4	MONDO:0007254	CHEBI:3756	0	1	0	0	0	1	0.0	0.0	0.0	0	0
Q19	5	MONDO:0007254	CHEBI:3756	0	1	0	0	0	1	0.0	0.0	0.0	0	0
Q19	6	MONDO:0007254	CHEBI:3756	0	1	0	0	0	1	0.0	0.0	0.0	0	0
Q19	7	MONDO:0007254	CHEBI:3756	0	1	0	0	0	1	0.0	0.0	0.0	0	0
Q19	8	MONDO:0007254	CHEBI:3756	0	1	0	0	0	1	0.0	0.0	0.0	0	0
Q19	9	MONDO:0007254	CHEBI:3756	0	1	0	0	0	1	0.0	0.0	0.0	0	0
Q19	10	MONDO:0007254	CHEBI:3756	0	1	0	0	0	1	0.0	0.0	0.0	0	0
Q19	11	MONDO:0007254	CHEBI:3756	1	1	0	0	1	1	0.0	0.0	0.0	1	0
Q19	12	MONDO:0007254	CHEBI:3756	0	1	0	0	0	1	0.0	0.0	0.0	0	0
Q19	13	MONDO:0007254	CHEBI:3756	0	1	0	0	0	1	0.0	0.0	0.0	0	0
Q19	14	MONDO:0007254	CHEBI:3756	0	1	0	0	0	1	0.0	0.0	0.0	0	0
Q19	15	MONDO:0007254	CHEBI:3756	0	1	0	0	0	1	0.0	0.0	0.0	0	0
Q19	16	MONDO:0007254	CHEBI:3756	0	1	0	0	0	1	0.0	0.0	0.0	0	0
Q19	17	MONDO:0007254	CHEBI:3756	0	1	0	0	0	1	0.0	0.0	0.0	0	0
Q19	18	MONDO:0007254	CHEBI:3756	0	1	0	0	0	1	0.0	0.0	0.0	0	0
Q19	19	MONDO:0007254	CHEBI:3756	0	1	0	0	0	1	0.0	0.0	0.0	0	0
Q19	20	MONDO:0007254	CHEBI:3756	0	1	0	0	0	1	0.0	0.0	0.0	0	0
Q19	21	MONDO:0007254	CHEBI:3756	0	1	0	0	0	1	0.0	0.0	0.0	0	0
Q19	22	MONDO:0007254	CHEBI:3756	0	1	0	0	0	1	0.0	0.0	0.0	0	0
Q19	23	MONDO:0007254	CHEBI:3756	0	1	0	0	0	1	0.0	0.0	0.0	0	0
Q19	24	MONDO:0007254	CHEBI:3756	0	1	0	0	0	1	0.0	0.0	0.0	0	0
Q19	25	MONDO:0007254	CHEBI:3756	0	1	0	0	0	1	0.0	0.0	0.0	0	0
Q20	1	NCBIGene:7422	CHEBI:6801	1	1	0	0	1	1	0.0	0.0	0.0	1	0
Q20	2	NCBIGene:7422	CHEBI:6801	1	1	0	0	1	1	0.0	0.0	0.0	1	0
Q20	3	NCBIGene:7422	CHEBI:6801	1	1	0	0	1	1	0.0	0.0	0.0	1	0
Q20	4	NCBIGene:7422	CHEBI:6801	1	1	0	0	1	1	0.0	0.0	0.0	1	0
Q20	5	NCBIGene:7422	CHEBI:6801	1	1	0	0	1	1	0.0	0.0	0.0	1	0
Q20	6	NCBIGene:7422	CHEBI:6801	1	1	0	0	1	1	0.0	0.0	0.0	1	0
Q20	7	NCBIGene:7422	CHEBI:6801	1	1	0	0	1	1	0.0	0.0	0.0	1	0
Q20	8	NCBIGene:7422	CHEBI:6801	1	1	0	0	1	1	0.0	0.0	0.0	1	0
Q20	9	NCBIGene:7422	CHEBI:6801	1	1	0	0	1	1	0.0	0.0	0.0	1	0
Q20	10	NCBIGene:7422	CHEBI:6801	1	1	0	0	1	1	0.0	0.0	0.0	1	0
Q20	11	NCBIGene:7422	CHEBI:6801	1	1	0	0	1	1	0.0	0.0	0.0	1	0
Q20	12	NCBIGene:7422	CHEBI:6801	1	1	0	0	1	1	0.0	0.0	0.0	1	0
Q20	13	NCBIGene:7422	CHEBI:6801	1	1	0	0	1	1	0.0	0.0	0.0	1	0
Q20	14	NCBIGene:7422	CHEBI:6801	1	1	0	0	1	1	0.0	0.0	0.0	1	0
Q20	15	NCBIGene:7422	CHEBI:6801	1	1	0	0	1	1	0.0	0.0	0.0	1	0
Q20	16	NCBIGene:7422	CHEBI:6801	1	1	0	0	1	1	0.0	0.0	0.0	1	0
Q20	17	NCBIGene:7422	CHEBI:6801	1	1	0	0	1	1	0.0	0.0	0.0	1	0
Q20	18	NCBIGene:7422	CHEBI:6801	1	1	0	0	1	1	0.0	0.0	0.0	1	0
Q20	19	NCBIGene:7422	CHEBI:6801	1	1	0	0	1	1	0.0	0.0	0.0	1	0
Q20	20	NCBIGene:7422	CHEBI:6801	1	1	0	0	1	1	0.0	0.0	0.0	1	0
Q20	21	NCBIGene:7422	CHEBI:6801	1	1	0	0	1	1	0.0	0.0	0.0	1	0
Q20	22	NCBIGene:7422	CHEBI:6801	1	1	0	0	1	1	0.0	0.0	0.0	1	0
Q20	23	NCBIGene:7422	CHEBI:6801	1	1	0	0	1	1	0.0	0.0	0.0	1	0
Q20	24	NCBIGene:7422	CHEBI:6801	1	1	0	0	1	1	0.0	0.0	0.0	1	0
Q20	25	NCBIGene:7422	CHEBI:6801	1	1	0	0	1	1	0.0	0.0	0.0	1	0
Q21	1	MONDO:0008383	NCBIGene:7422	1	2	0	0	1	2	0.0	0.0	0.0	1	0
Q21	2	MONDO:0008383	NCBIGene:7422	1	2	0	0	1	2	0.0	0.0	0.0	1	0
Q21	3	MONDO:0008383	NCBIGene:7422	1	2	0	0	1	2	0.0	0.0	0.0	1	0
Q21	4	MONDO:0008383	NCBIGene:7422	1	2	0	0	1	2	0.0	0.0	0.0	1	0
Q21	5	MONDO:0008383	NCBIGene:7422	1	2	0	0	1	2	0.0	0.0	0.0	1	0
Q21	6	MONDO:0008383	NCBIGene:7422	1	2	0	0	1	2	0.0	0.0	0.0	1	0
Q21	7	MONDO:0008383	NCBIGene:7422	1	2	0	0	1	2	0.0	0.0	0.0	1	0
Q21	8	MONDO:0008383	NCBIGene:7422	1	2	0	0	1	2	0.0	0.0	0.0	1	0
Q21	9	MONDO:0008383	NCBIGene:7422	1	2	0	0	1	2	0.0	0.0	0.0	1	0
Q21	10	MONDO:0008383	NCBIGene:7422	1	2	0	0	1	2	0.0	0.0	0.0	1	0
Q21	11	MONDO:0008383	NCBIGene:7422	1	2	0	0	1	2	0.0	0.0	0.0	1	0
Q21	12	MONDO:0008383	NCBIGene:7422	1	2	0	0	1	2	0.0	0.0	0.0	1	0
Q21	13	MONDO:0008383	NCBIGene:7422	1	2	0	0	1	2	0.0	0.0	0.0	1	0
Q21	14	MONDO:0008383	NCBIGene:7422	1	2	0	0	1	2	0.0	0.0	0.0	1	0
Q21	15	MONDO:0008383	NCBIGene:7422	1	2	0	0	1	2	0.0	0.0	0.0	1	0
Q21	16	MONDO:0008383	NCBIGene:7422	1	2	0	0	1	2	0.0	0.0	0.0	1	0
Q21	17	MONDO:0008383	NCBIGene:7422	1	2	0	0	1	2	0.0	0.0	0.0	1	0
Q21	18	MONDO:0008383	NCBIGene:7422	1	2	0	0	1	2	0.0	0.0	0.0	1	0
Q21	19	MONDO:0008383	NCBIGene:7422	1	2	0	0	1	2	0.0	0.0	0.0	1	0
Q21	20	MONDO:0008383	NCBIGene:7422	1	2	0	0	1	2	0.0	0.0	0.0	1	0
Q21	21	MONDO:0008383	NCBIGene:7422	1	2	0	0	1	2	0.0	0.0	0.0	1	0
Q21	22	MONDO:0008383	NCBIGene:7422	1	2	0	0	1	2	0.0	0.0	0.0	1	0
Q21	23	MONDO:0008383	NCBIGene:7422	1	2	0	0	1	2	0.0	0.0	0.0	1	0
Q21	24	MONDO:0008383	NCBIGene:7422	1	2	0	0	1	2	0.0	0.0	0.0	1	0
Q21	25	MONDO:0008383	NCBIGene:7422	1	2	0	0	1	2	0.0	0.0	0.0	1	0
Q22	1	MONDO:0001134	NCBIGene:1636	1	1	0	0	1	1	0.0	0.0	0.0	1	0
Q22	2	MONDO:0001134	NCBIGene:1636	1	1	0	0	1	1	0.0	0.0	0.0	1	0
Q22	3	MONDO:0001134	NCBIGene:1636	1	1	0	0	1	1	0.0	0.0	0.0	1	0
Q22	4	MONDO:0001134	NCBIGene:1636	1	1	0	0	1	1	0.0	0.0	0.0	1	0
Q22	5	MONDO:0001134	NCBIGene:1636	1	1	0	0	1	1	0.0	0.0	0.0	1	0
Q22	6	MONDO:0001134	NCBIGene:1636	1	1	0	0	1	1	0.0	0.0	0.0	1	0
Q22	7	MONDO:0001134	NCBIGene:1636	1	1	0	0	1	1	0.0	0.0	0.0	1	0
Q22	8	MONDO:0001134	NCBIGene:1636	1	1	0	0	1	1	0.0	0.0	0.0	1	0
Q22	9	MONDO:0001134	NCBIGene:1636	1	1	0	0	1	1	0.0	0.0	0.0	1	0
Q22	10	MONDO:0001134	NCBIGene:1636	1	1	0	0	1	1	0.0	0.0	0.0	1	0
Q22	11	MONDO:0001134	NCBIGene:1636	1	1	0	0	1	1	0.0	0.0	0.0	1	0
Q22	12	MONDO:0001134	NCBIGene:1636	1	1	0	0	1	1	0.0	0.0	0.0	1	0
Q22	13	MONDO:0001134	NCBIGene:1636	1	1	0	0	1	1	0.0	0.0	0.0	1	0
Q22	14	MONDO:0001134	NCBIGene:1636	1	1	0	0	1	1	0.0	0.0	0.0	1	0
Q22	15	MONDO:0001134	NCBIGene:1636	1	1	0	0	1	1	0.0	0.0	0.0	1	0
Q22	16	MONDO:0001134	NCBIGene:1636	1	1	0	0	1	1	0.0	0.0	0.0	1	0
Q22	17	MONDO:0001134	NCBIGene:1636	1	1	0	0	1	1	0.0	0.0	0.0	1	0
Q22	18	MONDO:0001134	NCBIGene:1636	1	1	0	0	1	1	0.0	0.0	0.0	1	0
Q22	19	MONDO:0001134	NCBIGene:1636	1	1	0	0	1	1	0.0	0.0	0.0	1	0
Q22	20	MONDO:0001134	NCBIGene:1636	1	1	0	0	1	1	0.0	0.0	0.0	1	0
Q22	21	MONDO:0001134	NCBIGene:1636	1	1	0	0	1	1	0.0	0.0	0.0	1	0
Q22	22	MONDO:0001134	NCBIGene:1636	1	1	0	0	1	1	0.0	0.0	0.0	1	0
Q22	23	MONDO:0001134	NCBIGene:1636	1	1	0	0	1	1	0.0	0.0	0.0	1	0
Q22	24	MONDO:0001134	NCBIGene:1636	1	1	0	0	1	1	0.0	0.0	0.0	1	0
Q22	25	MONDO:0001134	NCBIGene:1636	1	1	0	0	1	1	0.0	0.0	0.0	1	0
Q23	1	NCBIGene:7124	CHEBI:41774	1	1	0	0	1	1	0.0	0.0	0.0	1	0
Q23	2	NCBIGene:7124	CHEBI:41774	1	1	0	0	1	1	0.0	0.0	0.0	1	0
Q23	3	NCBIGene:7124	CHEBI:41774	0	1	0	0	0	1	0.0	0.0	0.0	0	0
Q23	4	NCBIGene:7124	CHEBI:41774	1	1	0	0	1	1	0.0	0.0	0.0	1	0
Q23	5	NCBIGene:7124	CHEBI:41774	0	1	0	0	0	1	0.0	0.0	0.0	0	0
Q23	6	NCBIGene:7124	CHEBI:41774	0	1	0	0	0	1	0.0	0.0	0.0	0	0
Q23	7	NCBIGene:7124	CHEBI:41774	0	1	0	0	0	1	0.0	0.0	0.0	0	0
Q23	8	NCBIGene:7124	CHEBI:41774	1	1	0	0	1	1	0.0	0.0	0.0	1	0
Q23	9	NCBIGene:7124	CHEBI:41774	0	1	0	0	0	1	0.0	0.0	0.0	0	0
Q23	10	NCBIGene:7124	CHEBI:41774	1	1	0	0	1	1	0.0	0.0	0.0	1	0
Q23	11	NCBIGene:7124	CHEBI:41774	0	1	0	0	0	1	0.0	0.0	0.0	0	0
Q23	12	NCBIGene:7124	CHEBI:41774	0	1	0	0	0	1	0.0	0.0	0.0	0	0
Q23	13	NCBIGene:7124	CHEBI:41774	1	1	0	0	1	1	0.0	0.0	0.0	1	0
Q23	14	NCBIGene:7124	CHEBI:41774	0	1	0	0	0	1	0.0	0.0	0.0	0	0
Q23	15	NCBIGene:7124	CHEBI:41774	1	1	0	0	1	1	0.0	0.0	0.0	1	0
Q23	16	NCBIGene:7124	CHEBI:41774	1	1	0	0	1	1	0.0	0.0	0.0	1	0
Q23	17	NCBIGene:7124	CHEBI:41774	1	1	0	0	1	1	0.0	0.0	0.0	1	0
Q23	18	NCBIGene:7124	CHEBI:41774	0	1	0	0	0	1	0.0	0.0	0.0	0	0
Q23	19	NCBIGene:7124	CHEBI:41774	0	1	0	0	0	1	0.0	0.0	0.0	0	0
Q23	20	NCBIGene:7124	CHEBI:41774	1	1	0	0	1	1	0.0	0.0	0.0	1	0
Q23	21	NCBIGene:7124	CHEBI:41774	0	1	0	0	0	1	0.0	0.0	0.0	0	0
Q23	22	NCBIGene:7124	CHEBI:41774	0	1	0	0	0	1	0.0	0.0	0.0	0	0
Q23	23	NCBIGene:7124	CHEBI:41774	0	1	0	0	0	1	0.0	0.0	0.0	0	0
Q23	24	NCBIGene:7124	CHEBI:41774	0	1	0	0	0	1	0.0	0.0	0.0	0	0
Q23	25	NCBIGene:7124	CHEBI:41774	0	1	0	0	0	1	0.0	0.0	0.0	0	0
Q24	1	MONDO:0004975	CHEBI:15365	0	8	0	0	0	8	0.0	0.0	0.0	0	0
Q24	2	MONDO:0004975	CHEBI:15365	0	8	0	0	0	8	0.0	0.0	0.0	0	0
Q24	3	MONDO:0004975	CHEBI:15365	0	8	0	0	0	8	0.0	0.0	0.0	0	0
Q24	4	MONDO:0004975	CHEBI:15365	1	8	0	0	1	8	0.0	0.0	0.0	1	0
Q24	5	MONDO:0004975	CHEBI:15365	0	8	0	0	0	8	0.0	0.0	0.0	0	0
Q24	6	MONDO:0004975	CHEBI:15365	0	8	0	0	0	8	0.0	0.0	0.0	0	0
Q24	7	MONDO:0004975	CHEBI:15365	1	8	0	0	1	8	0.0	0.0	0.0	1	0
Q24	8	MONDO:0004975	CHEBI:15365	1	8	0	0	1	8	0.0	0.0	0.0	1	0
Q24	9	MONDO:0004975	CHEBI:15365	1	8	0	0	1	8	0.0	0.0	0.0	1	0
Q24	10	MONDO:0004975	CHEBI:15365	1	8	0	0	1	8	0.0	0.0	0.0	1	0
Q24	11	MONDO:0004975	CHEBI:15365	1	8	0	0	1	8	0.0	0.0	0.0	1	0
Q24	12	MONDO:0004975	CHEBI:15365	1	8	0	0	1	8	0.0	0.0	0.0	1	0
Q24	13	MONDO:0004975	CHEBI:15365	1	8	0	0	1	8	0.0	0.0	0.0	1	0
Q24	14	MONDO:0004975	CHEBI:15365	1	8	0	0	1	8	0.0	0.0	0.0	1	0
Q24	15	MONDO:0004975	CHEBI:15365	1	8	0	0	1	8	0.0	0.0	0.0	1	0
Q24	16	MONDO:0004975	CHEBI:15365	1	8	0	0	1	8	0.0	0.0	0.0	1	0
Q24	17	MONDO:0004975	CHEBI:15365	0	8	0	0	0	8	0.0	0.0	0.0	0	0
Q24	18	MONDO:0004975	CHEBI:15365	1	8	0	0	1	8	0.0	0.0	0.0	1	0
Q24	19	MONDO:0004975	CHEBI:15365	1	8	0	0	1	8	0.0	0.0	0.0	1	0
Q24	20	MONDO:0004975	CHEBI:15365	1	8	0	0	1	8	0.0	0.0	0.0	1	0
Q24	21	MONDO:0004975	CHEBI:15365	1	8	0	0	1	8	0.0	0.0	0.0	1	0
Q24	22	MONDO:0004975	CHEBI:15365	1	8	0	0	1	8	0.0	0.0	0.0	1	0
Q24	23	MONDO:0004975	CHEBI:15365	0	8	0	0	0	8	0.0	0.0	0.0	0	0
Q24	24	MONDO:0004975	CHEBI:15365	0	8	0	0	0	8	0.0	0.0	0.0	0	0
Q24	25	MONDO:0004975	CHEBI:15365	1	8	0	0	1	8	0.0	0.0	0.0	1	0
Q25	1	MONDO:0005233	NCBIGene:7157	1	4	0	0	1	4	0.0	0.0	0.0	1	0
Q25	2	MONDO:0005233	NCBIGene:7157	1	4	0	0	1	4	0.0	0.0	0.0	1	0
Q25	3	MONDO:0005233	NCBIGene:7157	1	4	0	0	1	4	0.0	0.0	0.0	1	0
Q25	4	MONDO:0005233	NCBIGene:7157	1	4	0	0	1	4	0.0	0.0	0.0	1	0
Q25	5	MONDO:0005233	NCBIGene:7157	1	4	0	0	1	4	0.0	0.0	0.0	1	0
Q25	6	MONDO:0005233	NCBIGene:7157	1	4	0	0	1	4	0.0	0.0	0.0	1	0
Q25	7	MONDO:0005233	NCBIGene:7157	1	4	0	0	1	4	0.0	0.0	0.0	1	0
Q25	8	MONDO:0005233	NCBIGene:7157	1	4	0	0	1	4	0.0	0.0	0.0	1	0
Q25	9	MONDO:0005233	NCBIGene:7157	1	4	0	0	1	4	0.0	0.0	0.0	1	0
Q25	10	MONDO:0005233	NCBIGene:7157	1	4	0	0	1	4	0.0	0.0	0.0	1	0
Q25	11	MONDO:0005233	NCBIGene:7157	1	4	0	0	1	4	0.0	0.0	0.0	1	0
Q25	12	MONDO:0005233	NCBIGene:7157	1	4	0	0	1	4	0.0	0.0	0.0	1	0
Q25	13	MONDO:0005233	NCBIGene:7157	1	4	0	0	1	4	0.0	0.0	0.0	1	0
Q25	14	MONDO:0005233	NCBIGene:7157	1	4	0	0	1	4	0.0	0.0	0.0	1	0
Q25	15	MONDO:0005233	NCBIGene:7157	1	4	0	0	1	4	0.0	0.0	0.0	1	0
Q25	16	MONDO:0005233	NCBIGene:7157	1	4	0	0	1	4	0.0	0.0	0.0	1	0
Q25	17	MONDO:0005233	NCBIGene:7157	1	4	0	0	1	4	0.0	0.0	0.0	1	0
Q25	18	MONDO:0005233	NCBIGene:7157	1	4	0	0	1	4	0.0	0.0	0.0	1	0
Q25	19	MONDO:0005233	NCBIGene:7157	1	4	0	0	1	4	0.0	0.0	0.0	1	0
Q25	20	MONDO:0005233	NCBIGene:7157	1	4	0	0	1	4	0.0	0.0	0.0	1	0
Q25	21	MONDO:0005233	NCBIGene:7157	1	4	0	0	1	4	0.0	0.0	0.0	1	0
Q25	22	MONDO:0005233	NCBIGene:7157	1	4	0	0	1	4	0.0	0.0	0.0	1	0
Q25	23	MONDO:0005233	NCBIGene:7157	1	4	0	0	1	4	0.0	0.0	0.0	1	0
Q25	24	MONDO:0005233	NCBIGene:7157	1	4	0	0	1	4	0.0	0.0	0.0	1	0
Q25	25	MONDO:0005233	NCBIGene:7157	1	4	0	0	1	4	0.0	0.0	0.0	1	0
Q26	1	NCBIGene:7124	CHEBI:5855	0	4	0	0	0	4	0.0	0.0	0.0	0	0
Q26	2	NCBIGene:7124	CHEBI:5855	0	4	0	0	0	4	0.0	0.0	0.0	0	0
Q26	3	NCBIGene:7124	CHEBI:5855	0	4	0	0	0	4	0.0	0.0	0.0	0	0
Q26	4	NCBIGene:7124	CHEBI:5855	0	4	0	0	0	4	0.0	0.0	0.0	0	0
Q26	5	NCBIGene:7124	CHEBI:5855	1	4	0	0	1	4	0.0	0.0	0.0	1	0
Q26	6	NCBIGene:7124	CHEBI:5855	0	4	0	0	0	4	0.0	0.0	0.0	0	0
Q26	7	NCBIGene:7124	CHEBI:5855	0	4	0	0	0	4	0.0	0.0	0.0	0	0
Q26	8	NCBIGene:7124	CHEBI:5855	0	4	0	0	0	4	0.0	0.0	0.0	0	0
Q26	9	NCBIGene:7124	CHEBI:5855	0	4	0	0	0	4	0.0	0.0	0.0	0	0
Q26	10	NCBIGene:7124	CHEBI:5855	0	4	0	0	0	4	0.0	0.0	0.0	0	0
Q26	11	NCBIGene:7124	CHEBI:5855	0	4	0	0	0	4	0.0	0.0	0.0	0	0
Q26	12	NCBIGene:7124	CHEBI:5855	0	4	0	0	0	4	0.0	0.0	0.0	0	0
Q26	13	NCBIGene:7124	CHEBI:5855	0	4	0	0	0	4	0.0	0.0	0.0	0	0
Q26	14	NCBIGene:7124	CHEBI:5855	0	4	0	0	0	4	0.0	0.0	0.0	0	0
Q26	15	NCBIGene:7124	CHEBI:5855	0	4	0	0	0	4	0.0	0.0	0.0	0	0
Q26	16	NCBIGene:7124	CHEBI:5855	0	4	0	0	0	4	0.0	0.0	0.0	0	0
Q26	17	NCBIGene:7124	CHEBI:5855	1	4	0	0	1	4	0.0	0.0	0.0	1	0
Q26	18	NCBIGene:7124	CHEBI:5855	0	4	0	0	0	4	0.0	0.0	0.0	0	0
Q26	19	NCBIGene:7124	CHEBI:5855	0	4	0	0	0	4	0.0	0.0	0.0	0	0
Q26	20	NCBIGene:7124	CHEBI:5855	0	4	0	0	0	4	0.0	0.0	0.0	0	0
Q26	21	NCBIGene:7124	CHEBI:5855	0	4	0	0	0	4	0.0	0.0	0.0	0	0
Q26	22	NCBIGene:7124	CHEBI:5855	0	4	0	0	0	4	0.0	0.0	0.0	0	0
Q26	23	NCBIGene:7124	CHEBI:5855	0	4	0	0	0	4	0.0	0.0	0.0	0	0
Q26	24	NCBIGene:7124	CHEBI:5855	0	4	0	0	0	4	0.0	0.0	0.0	0	0
Q26	25	NCBIGene:7124	CHEBI:5855	0	4	0	0	0	4	0.0	0.0	0.0	0	0
Q27	1	MONDO:0005148	CHEBI:10033	0	2	0	0	0	2	0.0	0.0	0.0	0	0
Q27	2	MONDO:0005148	CHEBI:10033	0	2	0	0	0	2	0.0	0.0	0.0	0	0
Q27	3	MONDO:0005148	CHEBI:10033	0	2	0	0	0	2	0.0	0.0	0.0	0	0
Q27	4	MONDO:0005148	CHEBI:10033	0	2	0	0	0	2	0.0	0.0	0.0	0	0
Q27	5	MONDO:0005148	CHEBI:10033	0	2	0	0	0	2	0.0	0.0	0.0	0	0
Q27	6	MONDO:0005148	CHEBI:10033	0	2	0	0	0	2	0.0	0.0	0.0	0	0
Q27	7	MONDO:0005148	CHEBI:10033	0	2	0	0	0	2	0.0	0.0	0.0	0	0
Q27	8	MONDO:0005148	CHEBI:10033	0	2	0	0	0	2	0.0	0.0	0.0	0	0
Q27	9	MONDO:0005148	CHEBI:10033	0	2	0	0	0	2	0.0	0.0	0.0	0	0
Q27	10	MONDO:0005148	CHEBI:10033	0	2	0	0	0	2	0.0	0.0	0.0	0	0
Q27	11	MONDO:0005148	CHEBI:10033	0	2	0	0	0	2	0.0	0.0	0.0	0	0
Q27	12	MONDO:0005148	CHEBI:10033	0	2	0	0	0	2	0.0	0.0	0.0	0	0
Q27	13	MONDO:0005148	CHEBI:10033	0	2	0	0	0	2	0.0	0.0	0.0	0	0
Q27	14	MONDO:0005148	CHEBI:10033	0	2	0	0	0	2	0.0	0.0	0.0	0	0
Q27	15	MONDO:0005148	CHEBI:10033	0	2	0	0	0	2	0.0	0.0	0.0	0	0
Q27	16	MONDO:0005148	CHEBI:10033	0	2	0	0	0	2	0.0	0.0	0.0	0	0
Q27	17	MONDO:0005148	CHEBI:10033	0	2	0	0	0	2	0.0	0.0	0.0	0	0
Q27	18	MONDO:0005148	CHEBI:10033	0	2	0	0	0	2	0.0	0.0	0.0	0	0
Q27	19	MONDO:0005148	CHEBI:10033	0	2	0	0	0	2	0.0	0.0	0.0	0	0
Q27	20	MONDO:0005148	CHEBI:10033	0	2	0	0	0	2	0.0	0.0	0.0	0	0
Q27	21	MONDO:0005148	CHEBI:10033	0	2	0	0	0	2	0.0	0.0	0.0	0	0
Q27	22	MONDO:0005148	CHEBI:10033	0	2	0	0	0	2	0.0	0.0	0.0	0	0
Q27	23	MONDO:0005148	CHEBI:10033	0	2	0	0	0	2	0.0	0.0	0.0	0	0
Q27	24	MONDO:0005148	CHEBI:10033	0	2	0	0	0	2	0.0	0.0	0.0	0	0
Q27	25	MONDO:0005148	CHEBI:10033	0	2	0	0	0	2	0.0	0.0	0.0	0	0
Q28	1	NCBIGene:348	CHEBI:6801	1	1	0	0	1	1	0.0	0.0	0.0	1	0
Q28	2	NCBIGene:348	CHEBI:6801	1	1	0	0	1	1	0.0	0.0	0.0	1	0
Q28	3	NCBIGene:348	CHEBI:6801	1	1	0	0	1	1	0.0	0.0	0.0	1	0
Q28	4	NCBIGene:348	CHEBI:6801	1	1	0	0	1	1	0.0	0.0	0.0	1	0
Q28	5	NCBIGene:348	CHEBI:6801	1	1	0	0	1	1	0.0	0.0	0.0	1	0
Q28	6	NCBIGene:348	CHEBI:6801	1	1	0	0	1	1	0.0	0.0	0.0	1	0
Q28	7	NCBIGene:348	CHEBI:6801	1	1	0	0	1	1	0.0	0.0	0.0	1	0
Q28	8	NCBIGene:348	CHEBI:6801	1	1	0	0	1	1	0.0	0.0	0.0	1	0
Q28	9	NCBIGene:348	CHEBI:6801	1	1	0	0	1	1	0.0	0.0	0.0	1	0
Q28	10	NCBIGene:348	CHEBI:6801	1	1	0	0	1	1	0.0	0.0	0.0	1	0
Q28	11	NCBIGene:348	CHEBI:6801	1	1	0	0	1	1	0.0	0.0	0.0	1	0
Q28	12	NCBIGene:348	CHEBI:6801	1	1	0	0	1	1	0.0	0.0	0.0	1	0
Q28	13	NCBIGene:348	CHEBI:6801	1	1	0	0	1	1	0.0	0.0	0.0	1	0
Q28	14	NCBIGene:348	CHEBI:6801	1	1	0	0	1	1	0.0	0.0	0.0	1	0
Q28	15	NCBIGene:348	CHEBI:6801	1	1	0	0	1	1	0.0	0.0	0.0	1	0
Q28	16	NCBIGene:348	CHEBI:6801	1	1	0	0	1	1	0.0	0.0	0.0	1	0
Q28	17	NCBIGene:348	CHEBI:6801	1	1	0	0	1	1	0.0	0.0	0.0	1	0
Q28	18	NCBIGene:348	CHEBI:6801	1	1	0	0	1	1	0.0	0.0	0.0	1	0
Q28	19	NCBIGene:348	CHEBI:6801	1	1	0	0	1	1	0.0	0.0	0.0	1	0
Q28	20	NCBIGene:348	CHEBI:6801	1	1	0	0	1	1	0.0	0.0	0.0	1	0
Q28	21	NCBIGene:348	CHEBI:6801	1	1	0	0	1	1	0.0	0.0	0.0	1	0
Q28	22	NCBIGene:348	CHEBI:6801	1	1	0	0	1	1	0.0	0.0	0.0	1	0
Q28	23	NCBIGene:348	CHEBI:6801	1	1	0	0	1	1	0.0	0.0	0.0	1	0
Q28	24	NCBIGene:348	CHEBI:6801	1	1	0	0	1	1	0.0	0.0	0.0	1	0
Q28	25	NCBIGene:348	CHEBI:6801	1	1	0	0	1	1	0.0	0.0	0.0	1	0
Q29	1	MONDO:0005180	NCBIGene:1956	1	1	0	0	1	1	0.0	0.0	0.0	1	0
Q29	2	MONDO:0005180	NCBIGene:1956	1	1	0	0	1	1	0.0	0.0	0.0	1	0
Q29	3	MONDO:0005180	NCBIGene:1956	1	1	0	0	1	1	0.0	0.0	0.0	1	0
Q29	4	MONDO:0005180	NCBIGene:1956	1	1	0	0	1	1	0.0	0.0	0.0	1	0
Q29	5	MONDO:0005180	NCBIGene:1956	1	1	0	0	1	1	0.0	0.0	0.0	1	0
Q29	6	MONDO:0005180	NCBIGene:1956	1	1	0	0	1	1	0.0	0.0	0.0	1	0
Q29	7	MONDO:0005180	NCBIGene:1956	1	1	0	0	1	1	0.0	0.0	0.0	1	0
Q29	8	MONDO:0005180	NCBIGene:1956	1	1	0	0	1	1	0.0	0.0	0.0	1	0
Q29	9	MONDO:0005180	NCBIGene:1956	1	1	0	0	1	1	0.0	0.0	0.0	1	0
Q29	10	MONDO:0005180	NCBIGene:1956	1	1	0	0	1	1	0.0	0.0	0.0	1	0
Q29	11	MONDO:0005180	NCBIGene:1956	1	1	0	0	1	1	0.0	0.0	0.0	1	0
Q29	12	MONDO:0005180	NCBIGene:1956	1	1	0	0	1	1	0.0	0.0	0.0	1	0
Q29	13	MONDO:0005180	NCBIGene:1956	1	1	0	0	1	1	0.0	0.0	0.0	1	0
Q29	14	MONDO:0005180	NCBIGene:1956	1	1	0	0	1	1	0.0	0.0	0.0	1	0
Q29	15	MONDO:0005180	NCBIGene:1956	1	1	0	0	1	1	0.0	0.0	0.0	1	0
Q29	16	MONDO:0005180	NCBIGene:1956	1	1	0	0	1	1	0.0	0.0	0.0	1	0
Q29	17	MONDO:0005180	NCBIGene:1956	1	1	0	0	1	1	0.0	0.0	0.0	1	0
Q29	18	MONDO:0005180	NCBIGene:1956	1	1	0	0	1	1	0.0	0.0	0.0	1	0
Q29	19	MONDO:0005180	NCBIGene:1956	1	1	0	0	1	1	0.0	0.0	0.0	1	0
Q29	20	MONDO:0005180	NCBIGene:1956	1	1	0	0	1	1	0.0	0.0	0.0	1	0
Q29	21	MONDO:0005180	NCBIGene:1956	1	1	0	0	1	1	0.0	0.0	0.0	1	0
Q29	22	MONDO:0005180	NCBIGene:1956	1	1	0	0	1	1	0.0	0.0	0.0	1	0
Q29	23	MONDO:0005180	NCBIGene:1956	1	1	0	0	1	1	0.0	0.0	0.0	1	0
Q29	24	MONDO:0005180	NCBIGene:1956	1	1	0	0	1	1	0.0	0.0	0.0	1	0
Q29	25	MONDO:0005180	NCBIGene:1956	1	1	0	0	1	1	0.0	0.0	0.0	1	0
Q30	1	MONDO:0004979	NCBIGene:3569	1	2	0	0	1	2	0.0	0.0	0.0	1	0
Q30	2	MONDO:0004979	NCBIGene:3569	1	2	0	0	1	2	0.0	0.0	0.0	1	0
Q30	3	MONDO:0004979	NCBIGene:3569	1	2	0	0	1	2	0.0	0.0	0.0	1	0
Q30	4	MONDO:0004979	NCBIGene:3569	1	2	0	0	1	2	0.0	0.0	0.0	1	0
Q30	5	MONDO:0004979	NCBIGene:3569	1	2	0	0	1	2	0.0	0.0	0.0	1	0
Q30	6	MONDO:0004979	NCBIGene:3569	1	2	0	0	1	2	0.0	0.0	0.0	1	0
Q30	7	MONDO:0004979	NCBIGene:3569	1	2	0	0	1	2	0.0	0.0	0.0	1	0
Q30	8	MONDO:0004979	NCBIGene:3569	1	2	0	0	1	2	0.0	0.0	0.0	1	0
Q30	9	MONDO:0004979	NCBIGene:3569	1	2	0	0	1	2	0.0	0.0	0.0	1	0
Q30	10	MONDO:0004979	NCBIGene:3569	1	2	0	0	1	2	0.0	0.0	0.0	1	0
Q30	11	MONDO:0004979	NCBIGene:3569	1	2	0	0	1	2	0.0	0.0	0.0	1	0
Q30	12	MONDO:0004979	NCBIGene:3569	1	2	0	0	1	2	0.0	0.0	0.0	1	0
Q30	13	MONDO:0004979	NCBIGene:3569	1	2	0	0	1	2	0.0	0.0	0.0	1	0
Q30	14	MONDO:0004979	NCBIGene:3569	1	2	0	0	1	2	0.0	0.0	0.0	1	0
Q30	15	MONDO:0004979	NCBIGene:3569	1	2	0	0	1	2	0.0	0.0	0.0	1	0
Q30	16	MONDO:0004979	NCBIGene:3569	1	2	0	0	1	2	0.0	0.0	0.0	1	0
Q30	17	MONDO:0004979	NCBIGene:3569	1	2	0	0	1	2	0.0	0.0	0.0	1	0
Q30	18	MONDO:0004979	NCBIGene:3569	1	2	0	0	1	2	0.0	0.0	0.0	1	0
Q30	19	MONDO:0004979	NCBIGene:3569	1	2	0	0	1	2	0.0	0.0	0.0	1	0
Q30	20	MONDO:0004979	NCBIGene:3569	1	2	0	0	1	2	0.0	0.0	0.0	1	0
Q30	21	MONDO:0004979	NCBIGene:3569	1	2	0	0	1	2	0.0	0.0	0.0	1	0
Q30	22	MONDO:0004979	NCBIGene:3569	1	2	0	0	1	2	0.0	0.0	0.0	1	0
Q30	23	MONDO:0004979	NCBIGene:3569	1	2	0	0	1	2	0.0	0.0	0.0	1	0
Q30	24	MONDO:0004979	NCBIGene:3569	1	2	0	0	1	2	0.0	0.0	0.0	1	0
Q30	25	MONDO:0004979	NCBIGene:3569	1	2	0	0	1	2	0.0	0.0	0.0	1	0
Q31	1	NCBIGene:7422	CHEBI:41879	1	2	0	0	1	2	0.0	0.0	0.0	1	0
Q31	2	NCBIGene:7422	CHEBI:41879	0	2	0	0	0	2	0.0	0.0	0.0	0	0
Q31	3	NCBIGene:7422	CHEBI:41879	0	2	0	0	0	2	0.0	0.0	0.0	0	0
Q31	4	NCBIGene:7422	CHEBI:41879	0	2	0	0	0	2	0.0	0.0	0.0	0	0
Q31	5	NCBIGene:7422	CHEBI:41879	0	2	0	0	0	2	0.0	0.0	0.0	0	0
Q31	6	NCBIGene:7422	CHEBI:41879	1	2	0	0	1	2	0.0	0.0	0.0	1	0
Q31	7	NCBIGene:7422	CHEBI:41879	0	2	0	0	0	2	0.0	0.0	0.0	0	0
Q31	8	NCBIGene:7422	CHEBI:41879	0	2	0	0	0	2	0.0	0.0	0.0	0	0
Q31	9	NCBIGene:7422	CHEBI:41879	0	2	0	0	0	2	0.0	0.0	0.0	0	0
Q31	10	NCBIGene:7422	CHEBI:41879	1	2	0	0	1	2	0.0	0.0	0.0	1	0
Q31	11	NCBIGene:7422	CHEBI:41879	0	2	0	0	0	2	0.0	0.0	0.0	0	0
Q31	12	NCBIGene:7422	CHEBI:41879	1	2	0	0	1	2	0.0	0.0	0.0	1	0
Q31	13	NCBIGene:7422	CHEBI:41879	1	2	0	0	1	2	0.0	0.0	0.0	1	0
Q31	14	NCBIGene:7422	CHEBI:41879	0	2	0	0	0	2	0.0	0.0	0.0	0	0
Q31	15	NCBIGene:7422	CHEBI:41879	0	2	0	0	0	2	0.0	0.0	0.0	0	0
Q31	16	NCBIGene:7422	CHEBI:41879	0	2	0	0	0	2	0.0	0.0	0.0	0	0
Q31	17	NCBIGene:7422	CHEBI:41879	0	2	0	0	0	2	0.0	0.0	0.0	0	0
Q31	18	NCBIGene:7422	CHEBI:41879	1	2	0	0	1	2	0.0	0.0	0.0	1	0
Q31	19	NCBIGene:7422	CHEBI:41879	0	2	0	0	0	2	0.0	0.0	0.0	0	0
Q31	20	NCBIGene:7422	CHEBI:41879	0	2	0	0	0	2	0.0	0.0	0.0	0	0
Q31	21	NCBIGene:7422	CHEBI:41879	0	2	0	0	0	2	0.0	0.0	0.0	0	0
Q31	22	NCBIGene:7422	CHEBI:41879	1	2	0	0	1	2	0.0	0.0	0.0	1	0
Q31	23	NCBIGene:7422	CHEBI:41879	1	2	0	0	1	2	0.0	0.0	0.0	1	0
Q31	24	NCBIGene:7422	CHEBI:41879	1	2	0	0	1	2	0.0	0.0	0.0	1	0
Q31	25	NCBIGene:7422	CHEBI:41879	1	2	0	0	1	2	0.0	0.0	0.0	1	0
Q32	1	MONDO:0008383	NCBIGene:7157	1	1	0	0	1	1	0.0	0.0	0.0	1	0
Q32	2	MONDO:0008383	NCBIGene:7157	1	1	0	0	1	1	0.0	0.0	0.0	1	0
Q32	3	MONDO:0008383	NCBIGene:7157	1	1	0	0	1	1	0.0	0.0	0.0	1	0
Q32	4	MONDO:0008383	NCBIGene:7157	1	1	0	0	1	1	0.0	0.0	0.0	1	0
Q32	5	MONDO:0008383	NCBIGene:7157	1	1	0	0	1	1	0.0	0.0	0.0	1	0
Q32	6	MONDO:0008383	NCBIGene:7157	1	1	0	0	1	1	0.0	0.0	0.0	1	0
Q32	7	MONDO:0008383	NCBIGene:7157	1	1	0	0	1	1	0.0	0.0	0.0	1	0
Q32	8	MONDO:0008383	NCBIGene:7157	1	1	0	0	1	1	0.0	0.0	0.0	1	0
Q32	9	MONDO:0008383	NCBIGene:7157	1	1	0	0	1	1	0.0	0.0	0.0	1	0
Q32	10	MONDO:0008383	NCBIGene:7157	1	1	0	0	1	1	0.0	0.0	0.0	1	0
Q32	11	MONDO:0008383	NCBIGene:7157	1	1	0	0	1	1	0.0	0.0	0.0	1	0
Q32	12	MONDO:0008383	NCBIGene:7157	1	1	0	0	1	1	0.0	0.0	0.0	1	0
Q32	13	MONDO:0008383	NCBIGene:7157	1	1	0	0	1	1	0.0	0.0	0.0	1	0
Q32	14	MONDO:0008383	NCBIGene:7157	1	1	0	0	1	1	0.0	0.0	0.0	1	0
Q32	15	MONDO:0008383	NCBIGene:7157	1	1	0	0	1	1	0.0	0.0	0.0	1	0
Q32	16	MONDO:0008383	NCBIGene:7157	1	1	0	0	1	1	0.0	0.0	0.0	1	0
Q32	17	MONDO:0008383	NCBIGene:7157	1	1	0	0	1	1	0.0	0.0	0.0	1	0
Q32	18	MONDO:0008383	NCBIGene:7157	1	1	0	0	1	1	0.0	0.0	0.0	1	0
Q32	19	MONDO:0008383	NCBIGene:7157	1	1	0	0	1	1	0.0	0.0	0.0	1	0
Q32	20	MONDO:0008383	NCBIGene:7157	1	1	0	0	1	1	0.0	0.0	0.0	1	0
Q32	21	MONDO:0008383	NCBIGene:7157	1	1	0	0	1	1	0.0	0.0	0.0	1	0
Q32	22	MONDO:0008383	NCBIGene:7157	1	1	0	0	1	1	0.0	0.0	0.0	1	0
Q32	23	MONDO:0008383	NCBIGene:7157	1	1	0	0	1	1	0.0	0.0	0.0	1	0
Q32	24	MONDO:0008383	NCBIGene:7157	1	1	0	0	1	1	0.0	0.0	0.0	1	0
Q32	25	MONDO:0008383	NCBIGene:7157	1	1	0	0	1	1	0.0	0.0	0.0	1	0
Q33	1	MONDO:0005300	NCBIGene:7124	1	5	0	0	1	5	0.0	0.0	0.0	1	0
Q33	2	MONDO:0005300	NCBIGene:7124	1	5	0	0	1	5	0.0	0.0	0.0	1	0
Q33	3	MONDO:0005300	NCBIGene:7124	1	5	0	0	1	5	0.0	0.0	0.0	1	0
Q33	4	MONDO:0005300	NCBIGene:7124	1	5	0	0	1	5	0.0	0.0	0.0	1	0
Q33	5	MONDO:0005300	NCBIGene:7124	1	5	0	0	1	5	0.0	0.0	0.0	1	0
Q33	6	MONDO:0005300	NCBIGene:7124	1	5	0	0	1	5	0.0	0.0	0.0	1	0
Q33	7	MONDO:0005300	NCBIGene:7124	1	5	0	0	1	5	0.0	0.0	0.0	1	0
Q33	8	MONDO:0005300	NCBIGene:7124	1	5	0	0	1	5	0.0	0.0	0.0	1	0
Q33	9	MONDO:0005300	NCBIGene:7124	1	5	0	0	1	5	0.0	0.0	0.0	1	0
Q33	10	MONDO:0005300	NCBIGene:7124	1	5	0	0	1	5	0.0	0.0	0.0	1	0
Q33	11	MONDO:0005300	NCBIGene:7124	1	5	0	0	1	5	0.0	0.0	0.0	1	0
Q33	12	MONDO:0005300	NCBIGene:7124	1	5	0	0	1	5	0.0	0.0	0.0	1	0
Q33	13	MONDO:0005300	NCBIGene:7124	1	5	0	0	1	5	0.0	0.0	0.0	1	0
Q33	14	MONDO:0005300	NCBIGene:7124	1	5	0	0	1	5	0.0	0.0	0.0	1	0
Q33	15	MONDO:0005300	NCBIGene:7124	1	5	0	0	1	5	0.0	0.0	0.0	1	0
Q33	16	MONDO:0005300	NCBIGene:7124	1	5	0	0	1	5	0.0	0.0	0.0	1	0
Q33	17	MONDO:0005300	NCBIGene:7124	1	5	0	0	1	5	0.0	0.0	0.0	1	0
Q33	18	MONDO:0005300	NCBIGene:7124	1	5	0	0	1	5	0.0	0.0	0.0	1	0
Q33	19	MONDO:0005300	NCBIGene:7124	1	5	0	0	1	5	0.0	0.0	0.0	1	0
Q33	20	MONDO:0005300	NCBIGene:7124	1	5	0	0	1	5	0.0	0.0	0.0	1	0
Q33	21	MONDO:0005300	NCBIGene:7124	1	5	0	0	1	5	0.0	0.0	0.0	1	0
Q33	22	MONDO:0005300	NCBIGene:7124	1	5	0	0	1	5	0.0	0.0	0.0	1	0
Q33	23	MONDO:0005300	NCBIGene:7124	1	5	0	0	1	5	0.0	0.0	0.0	1	0
Q33	24	MONDO:0005300	NCBIGene:7124	1	5	0	0	1	5	0.0	0.0	0.0	1	0
Q33	25	MONDO:0005300	NCBIGene:7124	1	5	0	0	1	5	0.0	0.0	0.0	1	0
Q34	1	MONDO:0005148	CHEBI:41879	0	3	0	0	0	3	0.0	0.0	0.0	0	0
Q34	2	MONDO:0005148	CHEBI:41879	0	3	0	0	0	3	0.0	0.0	0.0	0	0
Q34	3	MONDO:0005148	CHEBI:41879	0	3	0	0	0	3	0.0	0.0	0.0	0	0
Q34	4	MONDO:0005148	CHEBI:41879	0	3	0	0	0	3	0.0	0.0	0.0	0	0
Q34	5	MONDO:0005148	CHEBI:41879	0	3	0	0	0	3	0.0	0.0	0.0	0	0
Q34	6	MONDO:0005148	CHEBI:41879	0	3	0	0	0	3	0.0	0.0	0.0	0	0
Q34	7	MONDO:0005148	CHEBI:41879	0	3	0	0	0	3	0.0	0.0	0.0	0	0
Q34	8	MONDO:0005148	CHEBI:41879	0	3	0	0	0	3	0.0	0.0	0.0	0	0
Q34	9	MONDO:0005148	CHEBI:41879	0	3	0	0	0	3	0.0	0.0	0.0	0	0
Q34	10	MONDO:0005148	CHEBI:41879	0	3	0	0	0	3	0.0	0.0	0.0	0	0
Q34	11	MONDO:0005148	CHEBI:41879	0	3	0	0	0	3	0.0	0.0	0.0	0	0
Q34	12	MONDO:0005148	CHEBI:41879	0	3	0	0	0	3	0.0	0.0	0.0	0	0
Q34	13	MONDO:0005148	CHEBI:41879	0	3	0	0	0	3	0.0	0.0	0.0	0	0
Q34	14	MONDO:0005148	CHEBI:41879	0	3	0	0	0	3	0.0	0.0	0.0	0	0
Q34	15	MONDO:0005148	CHEBI:41879	0	3	0	0	0	3	0.0	0.0	0.0	0	0
Q34	16	MONDO:0005148	CHEBI:41879	0	3	0	0	0	3	0.0	0.0	0.0	0	0
Q34	17	MONDO:0005148	CHEBI:41879	0	3	0	0	0	3	0.0	0.0	0.0	0	0
Q34	18	MONDO:0005148	CHEBI:41879	0	3	0	0	0	3	0.0	0.0	0.0	0	0
Q34	19	MONDO:0005148	CHEBI:41879	1	3	0	0	1	3	0.0	0.0	0.0	1	0
Q34	20	MONDO:0005148	CHEBI:41879	1	3	0	0	1	3	0.0	0.0	0.0	1	0
Q34	21	MONDO:0005148	CHEBI:41879	0	3	0	0	0	3	0.0	0.0	0.0	0	0
Q34	22	MONDO:0005148	CHEBI:41879	0	3	0	0	0	3	0.0	0.0	0.0	0	0
Q34	23	MONDO:0005148	CHEBI:41879	0	3	0	0	0	3	0.0	0.0	0.0	0	0
Q34	24	MONDO:0005148	CHEBI:41879	1	3	0	0	1	3	0.0	0.0	0.0	1	0
Q34	25	MONDO:0005148	CHEBI:41879	0	3	0	0	0	3	0.0	0.0	0.0	0	0
Q35	1	MONDO:0005180	CHEBI:27899	0	2	0	0	0	2	0.0	0.0	0.0	0	0
Q35	2	MONDO:0005180	CHEBI:27899	0	2	0	0	0	2	0.0	0.0	0.0	0	0
Q35	3	MONDO:0005180	CHEBI:27899	0	2	0	0	0	2	0.0	0.0	0.0	0	0
Q35	4	MONDO:0005180	CHEBI:27899	0	2	0	0	0	2	0.0	0.0	0.0	0	0
Q35	5	MONDO:0005180	CHEBI:27899	0	2	0	0	0	2	0.0	0.0	0.0	0	0
Q35	6	MONDO:0005180	CHEBI:27899	0	2	0	0	0	2	0.0	0.0	0.0	0	0
Q35	7	MONDO:0005180	CHEBI:27899	0	2	0	0	0	2	0.0	0.0	0.0	0	0
Q35	8	MONDO:0005180	CHEBI:27899	0	2	0	0	0	2	0.0	0.0	0.0	0	0
Q35	9	MONDO:0005180	CHEBI:27899	0	2	0	0	0	2	0.0	0.0	0.0	0	0
Q35	10	MONDO:0005180	CHEBI:27899	0	2	0	0	0	2	0.0	0.0	0.0	0	0
Q35	11	MONDO:0005180	CHEBI:27899	0	2	0	0	0	2	0.0	0.0	0.0	0	0
Q35	12	MONDO:0005180	CHEBI:27899	0	2	0	0	0	2	0.0	0.0	0.0	0	0
Q35	13	MONDO:0005180	CHEBI:27899	0	2	0	0	0	2	0.0	0.0	0.0	0	0
Q35	14	MONDO:0005180	CHEBI:27899	0	2	0	0	0	2	0.0	0.0	0.0	0	0
Q35	15	MONDO:0005180	CHEBI:27899	0	2	0	0	0	2	0.0	0.0	0.0	0	0
Q35	16	MONDO:0005180	CHEBI:27899	0	2	0	0	0	2	0.0	0.0	0.0	0	0
Q35	17	MONDO:0005180	CHEBI:27899	0	2	0	0	0	2	0.0	0.0	0.0	0	0
Q35	18	MONDO:0005180	CHEBI:27899	0	2	0	0	0	2	0.0	0.0	0.0	0	0
Q35	19	MONDO:0005180	CHEBI:27899	0	2	0	0	0	2	0.0	0.0	0.0	0	0
Q35	20	MONDO:0005180	CHEBI:27899	0	2	0	0	0	2	0.0	0.0	0.0	0	0
Q35	21	MONDO:0005180	CHEBI:27899	0	2	0	0	0	2	0.0	0.0	0.0	0	0
Q35	22	MONDO:0005180	CHEBI:27899	0	2	0	0	0	2	0.0	0.0	0.0	0	0
Q35	23	MONDO:0005180	CHEBI:27899	0	2	0	0	0	2	0.0	0.0	0.0	0	0
Q35	24	MONDO:0005180	CHEBI:27899	0	2	0	0	0	2	0.0	0.0	0.0	0	0
Q35	25	MONDO:0005180	CHEBI:27899	0	2	0	0	0	2	0.0	0.0	0.0	0	0
Q36	1	MONDO:0005148	NCBIGene:673	1	2	0	0	1	2	0.0	0.0	0.0	1	0
Q36	2	MONDO:0005148	NCBIGene:673	1	2	0	0	1	2	0.0	0.0	0.0	1	0
Q36	3	MONDO:0005148	NCBIGene:673	1	2	0	0	1	2	0.0	0.0	0.0	1	0
Q36	4	MONDO:0005148	NCBIGene:673	1	2	0	0	1	2	0.0	0.0	0.0	1	0
Q36	5	MONDO:0005148	NCBIGene:673	1	2	0	0	1	2	0.0	0.0	0.0	1	0
Q36	6	MONDO:0005148	NCBIGene:673	1	2	0	0	1	2	0.0	0.0	0.0	1	0
Q36	7	MONDO:0005148	NCBIGene:673	1	2	0	0	1	2	0.0	0.0	0.0	1	0
Q36	8	MONDO:0005148	NCBIGene:673	1	2	0	0	1	2	0.0	0.0	0.0	1	0
Q36	9	MONDO:0005148	NCBIGene:673	1	2	0	0	1	2	0.0	0.0	0.0	1	0
Q36	10	MONDO:0005148	NCBIGene:673	1	2	0	0	1	2	0.0	0.0	0.0	1	0
Q36	11	MONDO:0005148	NCBIGene:673	1	2	0	0	1	2	0.0	0.0	0.0	1	0
Q36	12	MONDO:0005148	NCBIGene:673	1	2	0	0	1	2	0.0	0.0	0.0	1	0
Q36	13	MONDO:0005148	NCBIGene:673	1	2	0	0	1	2	0.0	0.0	0.0	1	0
Q36	14	MONDO:0005148	NCBIGene:673	1	2	0	0	1	2	0.0	0.0	0.0	1	0
Q36	15	MONDO:0005148	NCBIGene:673	1	2	0	0	1	2	0.0	0.0	0.0	1	0
Q36	16	MONDO:0005148	NCBIGene:673	1	2	0	0	1	2	0.0	0.0	0.0	1	0
Q36	17	MONDO:0005148	NCBIGene:673	1	2	0	0	1	2	0.0	0.0	0.0	1	0
Q36	18	MONDO:0005148	NCBIGene:673	1	2	0	0	1	2	0.0	0.0	0.0	1	0
Q36	19	MONDO:0005148	NCBIGene:673	1	2	0	0	1	2	0.0	0.0	0.0	1	0
Q36	20	MONDO:0005148	NCBIGene:673	1	2	0	0	1	2	0.0	0.0	0.0	1	0
Q36	21	MONDO:0005148	NCBIGene:673	1	2	0	0	1	2	0.0	0.0	0.0	1	0
Q36	22	MONDO:0005148	NCBIGene:673	1	2	0	0	1	2	0.0	0.0	0.0	1	0
Q36	23	MONDO:0005148	NCBIGene:673	1	2	0	0	1	2	0.0	0.0	0.0	1	0
Q36	24	MONDO:0005148	NCBIGene:673	1	2	0	0	1	2	0.0	0.0	0.0	1	0
Q36	25	MONDO:0005148	NCBIGene:673	1	2	0	0	1	2	0.0	0.0	0.0	1	0
Q37	1	MONDO:0004975	CHEBI:27899	0	2	0	0	0	2	0.0	0.0	0.0	0	0
Q37	2	MONDO:0004975	CHEBI:27899	0	2	0	0	0	2	0.0	0.0	0.0	0	0
Q37	3	MONDO:0004975	CHEBI:27899	0	2	0	0	0	2	0.0	0.0	0.0	0	0
Q37	4	MONDO:0004975	CHEBI:27899	0	2	0	0	0	2	0.0	0.0	0.0	0	0
Q37	5	MONDO:0004975	CHEBI:27899	0	2	0	0	0	2	0.0	0.0	0.0	0	0
Q37	6	MONDO:0004975	CHEBI:27899	0	2	0	0	0	2	0.0	0.0	0.0	0	0
Q37	7	MONDO:0004975	CHEBI:27899	0	2	0	0	0	2	0.0	0.0	0.0	0	0
Q37	8	MONDO:0004975	CHEBI:27899	0	2	0	0	0	2	0.0	0.0	0.0	0	0
Q37	9	MONDO:0004975	CHEBI:27899	0	2	0	0	0	2	0.0	0.0	0.0	0	0
Q37	10	MONDO:0004975	CHEBI:27899	0	2	0	0	0	2	0.0	0.0	0.0	0	0
Q37	11	MONDO:0004975	CHEBI:27899	0	2	0	0	0	2	0.0	0.0	0.0	0	0
Q37	12	MONDO:0004975	CHEBI:27899	0	2	0	0	0	2	0.0	0.0	0.0	0	0
Q37	13	MONDO:0004975	CHEBI:27899	0	2	0	0	0	2	0.0	0.0	0.0	0	0
Q37	14	MONDO:0004975	CHEBI:27899	0	2	0	0	0	2	0.0	0.0	0.0	0	0
Q37	15	MONDO:0004975	CHEBI:27899	0	2	0	0	0	2	0.0	0.0	0.0	0	0
Q37	16	MONDO:0004975	CHEBI:27899	0	2	0	0	0	2	0.0	0.0	0.0	0	0
Q37	17	MONDO:0004975	CHEBI:27899	0	2	0	0	0	2	0.0	0.0	0.0	0	0
Q37	18	MONDO:0004975	CHEBI:27899	0	2	0	0	0	2	0.0	0.0	0.0	0	0
Q37	19	MONDO:0004975	CHEBI:27899	0	2	0	0	0	2	0.0	0.0	0.0	0	0
Q37	20	MONDO:0004975	CHEBI:27899	0	2	0	0	0	2	0.0	0.0	0.0	0	0
Q37	21	MONDO:0004975	CHEBI:27899	0	2	0	0	0	2	0.0	0.0	0.0	0	0
Q37	22	MONDO:0004975	CHEBI:27899	0	2	0	0	0	2	0.0	0.0	0.0	0	0
Q37	23	MONDO:0004975	CHEBI:27899	0	2	0	0	0	2	0.0	0.0	0.0	0	0
Q37	24	MONDO:0004975	CHEBI:27899	0	2	0	0	0	2	0.0	0.0	0.0	0	0
Q37	25	MONDO:0004975	CHEBI:27899	0	2	0	0	0	2	0.0	0.0	0.0	0	0
Q38	1	NCBIGene:7157	CHEBI:41879	1	1	0	0	1	1	0.0	0.0	0.0	1	0
Q38	2	NCBIGene:7157	CHEBI:41879	1	1	0	0	1	1	0.0	0.0	0.0	1	0
Q38	3	NCBIGene:7157	CHEBI:41879	1	1	0	0	1	1	0.0	0.0	0.0	1	0
Q38	4	NCBIGene:7157	CHEBI:41879	1	1	0	0	1	1	0.0	0.0	0.0	1	0
Q38	5	NCBIGene:7157	CHEBI:41879	1	1	0	0	1	1	0.0	0.0	0.0	1	0
Q38	6	NCBIGene:7157	CHEBI:41879	1	1	0	0	1	1	0.0	0.0	0.0	1	0
Q38	7	NCBIGene:7157	CHEBI:41879	1	1	0	0	1	1	0.0	0.0	0.0	1	0
Q38	8	NCBIGene:7157	CHEBI:41879	1	1	0	0	1	1	0.0	0.0	0.0	1	0
Q38	9	NCBIGene:7157	CHEBI:41879	1	1	0	0	1	1	0.0	0.0	0.0	1	0
Q38	10	NCBIGene:7157	CHEBI:41879	1	1	0	0	1	1	0.0	0.0	0.0	1	0
Q38	11	NCBIGene:7157	CHEBI:41879	1	1	0	0	1	1	0.0	0.0	0.0	1	0
Q38	12	NCBIGene:7157	CHEBI:41879	1	1	0	0	1	1	0.0	0.0	0.0	1	0
Q38	13	NCBIGene:7157	CHEBI:41879	1	1	0	0	1	1	0.0	0.0	0.0	1	0
Q38	14	NCBIGene:7157	CHEBI:41879	1	1	0	0	1	1	0.0	0.0	0.0	1	0
Q38	15	NCBIGene:7157	CHEBI:41879	1	1	0	0	1	1	0.0	0.0	0.0	1	0
Q38	16	NCBIGene:7157	CHEBI:41879	1	1	0	0	1	1	0.0	0.0	0.0	1	0
Q38	17	NCBIGene:7157	CHEBI:41879	1	1	0	0	1	1	0.0	0.0	0.0	1	0
Q38	18	NCBIGene:7157	CHEBI:41879	1	1	0	0	1	1	0.0	0.0	0.0	1	0
Q38	19	NCBIGene:7157	CHEBI:41879	1	1	0	0	1	1	0.0	0.0	0.0	1	0
Q38	20	NCBIGene:7157	CHEBI:41879	1	1	0	0	1	1	0.0	0.0	0.0	1	0
Q38	21	NCBIGene:7157	CHEBI:41879	1	1	0	0	1	1	0.0	0.0	0.0	1	0
Q38	22	NCBIGene:7157	CHEBI:41879	1	1	0	0	1	1	0.0	0.0	0.0	1	0
Q38	23	NCBIGene:7157	CHEBI:41879	1	1	0	0	1	1	0.0	0.0	0.0	1	0
Q38	24	NCBIGene:7157	CHEBI:41879	1	1	0	0	1	1	0.0	0.0	0.0	1	0
Q38	25	NCBIGene:7157	CHEBI:41879	1	1	0	0	1	1	0.0	0.0	0.0	1	0
Q39	1	MONDO:0005148	CHEBI:3756	0	1	0	0	0	1	0.0	0.0	0.0	0	0
Q39	2	MONDO:0005148	CHEBI:3756	0	1	0	0	0	1	0.0	0.0	0.0	0	0
Q39	3	MONDO:0005148	CHEBI:3756	1	1	0	0	1	1	0.0	0.0	0.0	1	0
Q39	4	MONDO:0005148	CHEBI:3756	0	1	0	0	0	1	0.0	0.0	0.0	0	0
Q39	5	MONDO:0005148	CHEBI:3756	0	1	0	0	0	1	0.0	0.0	0.0	0	0
Q39	6	MONDO:0005148	CHEBI:3756	0	1	0	0	0	1	0.0	0.0	0.0	0	0
Q39	7	MONDO:0005148	CHEBI:3756	0	1	0	0	0	1	0.0	0.0	0.0	0	0
Q39	8	MONDO:0005148	CHEBI:3756	0	1	0	0	0	1	0.0	0.0	0.0	0	0
Q39	9	MONDO:0005148	CHEBI:3756	0	1	0	0	0	1	0.0	0.0	0.0	0	0
Q39	10	MONDO:0005148	CHEBI:3756	0	1	0	0	0	1	0.0	0.0	0.0	0	0
Q39	11	MONDO:0005148	CHEBI:3756	0	1	0	0	0	1	0.0	0.0	0.0	0	0
Q39	12	MONDO:0005148	CHEBI:3756	0	1	0	0	0	1	0.0	0.0	0.0	0	0
Q39	13	MONDO:0005148	CHEBI:3756	0	1	0	0	0	1	0.0	0.0	0.0	0	0
Q39	14	MONDO:0005148	CHEBI:3756	0	1	0	0	0	1	0.0	0.0	0.0	0	0
Q39	15	MONDO:0005148	CHEBI:3756	0	1	0	0	0	1	0.0	0.0	0.0	0	0
Q39	16	MONDO:0005148	CHEBI:3756	0	1	0	0	0	1	0.0	0.0	0.0	0	0
Q39	17	MONDO:0005148	CHEBI:3756	0	1	0	0	0	1	0.0	0.0	0.0	0	0
Q39	18	MONDO:0005148	CHEBI:3756	0	1	0	0	0	1	0.0	0.0	0.0	0	0
Q39	19	MONDO:0005148	CHEBI:3756	0	1	0	0	0	1	0.0	0.0	0.0	0	0
Q39	20	MONDO:0005148	CHEBI:3756	0	1	0	0	0	1	0.0	0.0	0.0	0	0
Q39	21	MONDO:0005148	CHEBI:3756	0	1	0	0	0	1	0.0	0.0	0.0	0	0
Q39	22	MONDO:0005148	CHEBI:3756	0	1	0	0	0	1	0.0	0.0	0.0	0	0
Q39	23	MONDO:0005148	CHEBI:3756	0	1	0	0	0	1	0.0	0.0	0.0	0	0
Q39	24	MONDO:0005148	CHEBI:3756	0	1	0	0	0	1	0.0	0.0	0.0	0	0
Q39	25	MONDO:0005148	CHEBI:3756	0	1	0	0	0	1	0.0	0.0	0.0	0	0
Q40	1	MONDO:0004979	NCBIGene:7422	1	2	0	0	1	2	0.0	0.0	0.0	1	0
Q40	2	MONDO:0004979	NCBIGene:7422	1	2	0	0	1	2	0.0	0.0	0.0	1	0
Q40	3	MONDO:0004979	NCBIGene:7422	1	2	0	0	1	2	0.0	0.0	0.0	1	0
Q40	4	MONDO:0004979	NCBIGene:7422	1	2	0	0	1	2	0.0	0.0	0.0	1	0
Q40	5	MONDO:0004979	NCBIGene:7422	1	2	0	0	1	2	0.0	0.0	0.0	1	0
Q40	6	MONDO:0004979	NCBIGene:7422	1	2	0	0	1	2	0.0	0.0	0.0	1	0
Q40	7	MONDO:0004979	NCBIGene:7422	1	2	0	0	1	2	0.0	0.0	0.0	1	0
Q40	8	MONDO:0004979	NCBIGene:7422	1	2	0	0	1	2	0.0	0.0	0.0	1	0
Q40	9	MONDO:0004979	NCBIGene:7422	1	2	0	0	1	2	0.0	0.0	0.0	1	0
Q40	10	MONDO:0004979	NCBIGene:7422	1	2	0	0	1	2	0.0	0.0	0.0	1	0
Q40	11	MONDO:0004979	NCBIGene:7422	1	2	0	0	1	2	0.0	0.0	0.0	1	0
Q40	12	MONDO:0004979	NCBIGene:7422	1	2	0	0	1	2	0.0	0.0	0.0	1	0
Q40	13	MONDO:0004979	NCBIGene:7422	1	2	0	0	1	2	0.0	0.0	0.0	1	0
Q40	14	MONDO:0004979	NCBIGene:7422	1	2	0	0	1	2	0.0	0.0	0.0	1	0
Q40	15	MONDO:0004979	NCBIGene:7422	1	2	0	0	1	2	0.0	0.0	0.0	1	0
Q40	16	MONDO:0004979	NCBIGene:7422	1	2	0	0	1	2	0.0	0.0	0.0	1	0
Q40	17	MONDO:0004979	NCBIGene:7422	1	2	0	0	1	2	0.0	0.0	0.0	1	0
Q40	18	MONDO:0004979	NCBIGene:7422	1	2	0	0	1	2	0.0	0.0	0.0	1	0
Q40	19	MONDO:0004979	NCBIGene:7422	1	2	0	0	1	2	0.0	0.0	0.0	1	0
Q40	20	MONDO:0004979	NCBIGene:7422	1	2	0	0	1	2	0.0	0.0	0.0	1	0
Q40	21	MONDO:0004979	NCBIGene:7422	1	2	0	0	1	2	0.0	0.0	0.0	1	0
Q40	22	MONDO:0004979	NCBIGene:7422	1	2	0	0	1	2	0.0	0.0	0.0	1	0
Q40	23	MONDO:0004979	NCBIGene:7422	1	2	0	0	1	2	0.0	0.0	0.0	1	0
Q40	24	MONDO:0004979	NCBIGene:7422	1	2	0	0	1	2	0.0	0.0	0.0	1	0
Q40	25	MONDO:0004979	NCBIGene:7422	1	2	0	0	1	2	0.0	0.0	0.0	1	0
Q41	1	NCBIGene:3569	CHEBI:3756	0	1	0	0	0	1	0.0	0.0	0.0	0	0
Q41	2	NCBIGene:3569	CHEBI:3756	0	1	0	0	0	1	0.0	0.0	0.0	0	0
Q41	3	NCBIGene:3569	CHEBI:3756	0	1	0	0	0	1	0.0	0.0	0.0	0	0
Q41	4	NCBIGene:3569	CHEBI:3756	0	1	0	0	0	1	0.0	0.0	0.0	0	0
Q41	5	NCBIGene:3569	CHEBI:3756	1	1	0	0	1	1	0.0	0.0	0.0	1	0
Q41	6	NCBIGene:3569	CHEBI:3756	1	1	0	0	1	1	0.0	0.0	0.0	1	0
Q41	7	NCBIGene:3569	CHEBI:3756	1	1	0	0	1	1	0.0	0.0	0.0	1	0
Q41	8	NCBIGene:3569	CHEBI:3756	0	1	0	0	0	1	0.0	0.0	0.0	0	0
Q41	9	NCBIGene:3569	CHEBI:3756	1	1	0	0	1	1	0.0	0.0	0.0	1	0
Q41	10	NCBIGene:3569	CHEBI:3756	1	1	0	0	1	1	0.0	0.0	0.0	1	0
Q41	11	NCBIGene:3569	CHEBI:3756	0	1	0	0	0	1	0.0	0.0	0.0	0	0
Q41	12	NCBIGene:3569	CHEBI:3756	1	1	0	0	1	1	0.0	0.0	0.0	1	0
Q41	13	NCBIGene:3569	CHEBI:3756	1	1	0	0	1	1	0.0	0.0	0.0	1	0
Q41	14	NCBIGene:3569	CHEBI:3756	0	1	0	0	0	1	0.0	0.0	0.0	0	0
Q41	15	NCBIGene:3569	CHEBI:3756	0	1	0	0	0	1	0.0	0.0	0.0	0	0
Q41	16	NCBIGene:3569	CHEBI:3756	0	1	0	0	0	1	0.0	0.0	0.0	0	0
Q41	17	NCBIGene:3569	CHEBI:3756	1	1	0	0	1	1	0.0	0.0	0.0	1	0
Q41	18	NCBIGene:3569	CHEBI:3756	0	1	0	0	0	1	0.0	0.0	0.0	0	0
Q41	19	NCBIGene:3569	CHEBI:3756	1	1	0	0	1	1	0.0	0.0	0.0	1	0
Q41	20	NCBIGene:3569	CHEBI:3756	1	1	0	0	1	1	0.0	0.0	0.0	1	0
Q41	21	NCBIGene:3569	CHEBI:3756	1	1	0	0	1	1	0.0	0.0	0.0	1	0
Q41	22	NCBIGene:3569	CHEBI:3756	0	1	0	0	0	1	0.0	0.0	0.0	0	0
Q41	23	NCBIGene:3569	CHEBI:3756	1	1	0	0	1	1	0.0	0.0	0.0	1	0
Q41	24	NCBIGene:3569	CHEBI:3756	1	1	0	0	1	1	0.0	0.0	0.0	1	0
Q41	25	NCBIGene:3569	CHEBI:3756	0	1	0	0	0	1	0.0	0.0	0.0	0	0
Q42	1	NCBIGene:7422	CHEBI:5855	1	1	0	0	1	1	0.0	0.0	0.0	1	0
Q42	2	NCBIGene:7422	CHEBI:5855	1	1	0	0	1	1	0.0	0.0	0.0	1	0
Q42	3	NCBIGene:7422	CHEBI:5855	1	1	0	0	1	1	0.0	0.0	0.0	1	0
Q42	4	NCBIGene:7422	CHEBI:5855	1	1	0	0	1	1	0.0	0.0	0.0	1	0
Q42	5	NCBIGene:7422	CHEBI:5855	1	1	0	0	1	1	0.0	0.0	0.0	1	0
Q42	6	NCBIGene:7422	CHEBI:5855	1	1	0	0	1	1	0.0	0.0	0.0	1	0
Q42	7	NCBIGene:7422	CHEBI:5855	1	1	0	0	1	1	0.0	0.0	0.0	1	0
Q42	8	NCBIGene:7422	CHEBI:5855	1	1	0	0	1	1	0.0	0.0	0.0	1	0
Q42	9	NCBIGene:7422	CHEBI:5855	1	1	0	0	1	1	0.0	0.0	0.0	1	0
Q42	10	NCBIGene:7422	CHEBI:5855	1	1	0	0	1	1	0.0	0.0	0.0	1	0
Q42	11	NCBIGene:7422	CHEBI:5855	1	1	0	0	1	1	0.0	0.0	0.0	1	0
Q42	12	NCBIGene:7422	CHEBI:5855	1	1	0	0	1	1	0.0	0.0	0.0	1	0
Q42	13	NCBIGene:7422	CHEBI:5855	1	1	0	0	1	1	0.0	0.0	0.0	1	0
Q42	14	NCBIGene:7422	CHEBI:5855	1	1	0	0	1	1	0.0	0.0	0.0	1	0
Q42	15	NCBIGene:7422	CHEBI:5855	1	1	0	0	1	1	0.0	0.0	0.0	1	0
Q42	16	NCBIGene:7422	CHEBI:5855	1	1	0	0	1	1	0.0	0.0	0.0	1	0
Q42	17	NCBIGene:7422	CHEBI:5855	1	1	0	0	1	1	0.0	0.0	0.0	1	0
Q42	18	NCBIGene:7422	CHEBI:5855	1	1	0	0	1	1	0.0	0.0	0.0	1	0
Q42	19	NCBIGene:7422	CHEBI:5855	1	1	0	0	1	1	0.0	0.0	0.0	1	0
Q42	20	NCBIGene:7422	CHEBI:5855	1	1	0	0	1	1	0.0	0.0	0.0	1	0
Q42	21	NCBIGene:7422	CHEBI:5855	1	1	0	0	1	1	0.0	0.0	0.0	1	0
Q42	22	NCBIGene:7422	CHEBI:5855	1	1	0	0	1	1	0.0	0.0	0.0	1	0
Q42	23	NCBIGene:7422	CHEBI:5855	1	1	0	0	1	1	0.0	0.0	0.0	1	0
Q42	24	NCBIGene:7422	CHEBI:5855	1	1	0	0	1	1	0.0	0.0	0.0	1	0
Q42	25	NCBIGene:7422	CHEBI:5855	1	1	0	0	1	1	0.0	0.0	0.0	1	0
Q43	1	NCBIGene:7124	CHEBI:3756	1	1	0	0	1	1	0.0	0.0	0.0	1	0
Q43	2	NCBIGene:7124	CHEBI:3756	1	1	0	0	1	1	0.0	0.0	0.0	1	0
Q43	3	NCBIGene:7124	CHEBI:3756	1	1	0	0	1	1	0.0	0.0	0.0	1	0
Q43	4	NCBIGene:7124	CHEBI:3756	1	1	0	0	1	1	0.0	0.0	0.0	1	0
Q43	5	NCBIGene:7124	CHEBI:3756	1	1	0	0	1	1	0.0	0.0	0.0	1	0
Q43	6	NCBIGene:7124	CHEBI:3756	1	1	0	0	1	1	0.0	0.0	0.0	1	0
Q43	7	NCBIGene:7124	CHEBI:3756	1	1	0	0	1	1	0.0	0.0	0.0	1	0
Q43	8	NCBIGene:7124	CHEBI:3756	1	1	0	0	1	1	0.0	0.0	0.0	1	0
Q43	9	NCBIGene:7124	CHEBI:3756	1	1	0	0	1	1	0.0	0.0	0.0	1	0
Q43	10	NCBIGene:7124	CHEBI:3756	1	1	0	0	1	1	0.0	0.0	0.0	1	0
Q43	11	NCBIGene:7124	CHEBI:3756	1	1	0	0	1	1	0.0	0.0	0.0	1	0
Q43	12	NCBIGene:7124	CHEBI:3756	1	1	0	0	1	1	0.0	0.0	0.0	1	0
Q43	13	NCBIGene:7124	CHEBI:3756	1	1	0	0	1	1	0.0	0.0	0.0	1	0
Q43	14	NCBIGene:7124	CHEBI:3756	1	1	0	0	1	1	0.0	0.0	0.0	1	0
Q43	15	NCBIGene:7124	CHEBI:3756	1	1	0	0	1	1	0.0	0.0	0.0	1	0
Q43	16	NCBIGene:7124	CHEBI:3756	1	1	0	0	1	1	0.0	0.0	0.0	1	0
Q43	17	NCBIGene:7124	CHEBI:3756	1	1	0	0	1	1	0.0	0.0	0.0	1	0
Q43	18	NCBIGene:7124	CHEBI:3756	1	1	0	0	1	1	0.0	0.0	0.0	1	0
Q43	19	NCBIGene:7124	CHEBI:3756	1	1	0	0	1	1	0.0	0.0	0.0	1	0
Q43	20	NCBIGene:7124	CHEBI:3756	1	1	0	0	1	1	0.0	0.0	0.0	1	0
Q43	21	NCBIGene:7124	CHEBI:3756	1	1	0	0	1	1	0.0	0.0	0.0	1	0
Q43	22	NCBIGene:7124	CHEBI:3756	1	1	0	0	1	1	0.0	0.0	0.0	1	0
Q43	23	NCBIGene:7124	CHEBI:3756	1	1	0	0	1	1	0.0	0.0	0.0	1	0
Q43	24	NCBIGene:7124	CHEBI:3756	1	1	0	0	1	1	0.0	0.0	0.0	1	0
Q43	25	NCBIGene:7124	CHEBI:3756	1	1	0	0	1	1	0.0	0.0	0.0	1	0
Q44	1	MONDO:0005148	NCBIGene:1636	1	1	0	0	1	1	0.0	0.0	0.0	1	0
Q44	2	MONDO:0005148	NCBIGene:1636	1	1	0	0	1	1	0.0	0.0	0.0	1	0
Q44	3	MONDO:0005148	NCBIGene:1636	1	1	0	0	1	1	0.0	0.0	0.0	1	0
Q44	4	MONDO:0005148	NCBIGene:1636	1	1	0	0	1	1	0.0	0.0	0.0	1	0
Q44	5	MONDO:0005148	NCBIGene:1636	1	1	0	0	1	1	0.0	0.0	0.0	1	0
Q44	6	MONDO:0005148	NCBIGene:1636	1	1	0	0	1	1	0.0	0.0	0.0	1	0
Q44	7	MONDO:0005148	NCBIGene:1636	1	1	0	0	1	1	0.0	0.0	0.0	1	0
Q44	8	MONDO:0005148	NCBIGene:1636	1	1	0	0	1	1	0.0	0.0	0.0	1	0
Q44	9	MONDO:0005148	NCBIGene:1636	1	1	0	0	1	1	0.0	0.0	0.0	1	0
Q44	10	MONDO:0005148	NCBIGene:1636	1	1	0	0	1	1	0.0	0.0	0.0	1	0
Q44	11	MONDO:0005148	NCBIGene:1636	1	1	0	0	1	1	0.0	0.0	0.0	1	0
Q44	12	MONDO:0005148	NCBIGene:1636	1	1	0	0	1	1	0.0	0.0	0.0	1	0
Q44	13	MONDO:0005148	NCBIGene:1636	1	1	0	0	1	1	0.0	0.0	0.0	1	0
Q44	14	MONDO:0005148	NCBIGene:1636	1	1	0	0	1	1	0.0	0.0	0.0	1	0
Q44	15	MONDO:0005148	NCBIGene:1636	1	1	0	0	1	1	0.0	0.0	0.0	1	0
Q44	16	MONDO:0005148	NCBIGene:1636	1	1	0	0	1	1	0.0	0.0	0.0	1	0
Q44	17	MONDO:0005148	NCBIGene:1636	1	1	0	0	1	1	0.0	0.0	0.0	1	0
Q44	18	MONDO:0005148	NCBIGene:1636	1	1	0	0	1	1	0.0	0.0	0.0	1	0
Q44	19	MONDO:0005148	NCBIGene:1636	1	1	0	0	1	1	0.0	0.0	0.0	1	0
Q44	20	MONDO:0005148	NCBIGene:1636	1	1	0	0	1	1	0.0	0.0	0.0	1	0
Q44	21	MONDO:0005148	NCBIGene:1636	1	1	0	0	1	1	0.0	0.0	0.0	1	0
Q44	22	MONDO:0005148	NCBIGene:1636	1	1	0	0	1	1	0.0	0.0	0.0	1	0
Q44	23	MONDO:0005148	NCBIGene:1636	1	1	0	0	1	1	0.0	0.0	0.0	1	0
Q44	24	MONDO:0005148	NCBIGene:1636	1	1	0	0	1	1	0.0	0.0	0.0	1	0
Q44	25	MONDO:0005148	NCBIGene:1636	1	1	0	0	1	1	0.0	0.0	0.0	1	0
Q45	1	NCBIGene:7422	CHEBI:41774	1	2	0	0	1	2	0.0	0.0	0.0	1	0
Q45	2	NCBIGene:7422	CHEBI:41774	0	2	0	0	0	2	0.0	0.0	0.0	0	0
Q45	3	NCBIGene:7422	CHEBI:41774	1	2	0	0	1	2	0.0	0.0	0.0	1	0
Q45	4	NCBIGene:7422	CHEBI:41774	0	2	0	0	0	2	0.0	0.0	0.0	0	0
Q45	5	NCBIGene:7422	CHEBI:41774	1	2	0	0	1	2	0.0	0.0	0.0	1	0
Q45	6	NCBIGene:7422	CHEBI:41774	1	2	0	0	1	2	0.0	0.0	0.0	1	0
Q45	7	NCBIGene:7422	CHEBI:41774	0	2	0	0	0	2	0.0	0.0	0.0	0	0
Q45	8	NCBIGene:7422	CHEBI:41774	1	2	0	0	1	2	0.0	0.0	0.0	1	0
Q45	9	NCBIGene:7422	CHEBI:41774	0	2	0	0	0	2	0.0	0.0	0.0	0	0
Q45	10	NCBIGene:7422	CHEBI:41774	0	2	0	0	0	2	0.0	0.0	0.0	0	0
Q45	11	NCBIGene:7422	CHEBI:41774	1	2	0	0	1	2	0.0	0.0	0.0	1	0
Q45	12	NCBIGene:7422	CHEBI:41774	1	2	0	0	1	2	0.0	0.0	0.0	1	0
Q45	13	NCBIGene:7422	CHEBI:41774	0	2	0	0	0	2	0.0	0.0	0.0	0	0
Q45	14	NCBIGene:7422	CHEBI:41774	0	2	0	0	0	2	0.0	0.0	0.0	0	0
Q45	15	NCBIGene:7422	CHEBI:41774	1	2	0	0	1	2	0.0	0.0	0.0	1	0
Q45	16	NCBIGene:7422	CHEBI:41774	0	2	0	0	0	2	0.0	0.0	0.0	0	0
Q45	17	NCBIGene:7422	CHEBI:41774	1	2	0	0	1	2	0.0	0.0	0.0	1	0
Q45	18	NCBIGene:7422	CHEBI:41774	0	2	0	0	0	2	0.0	0.0	0.0	0	0
Q45	19	NCBIGene:7422	CHEBI:41774	0	2	0	0	0	2	0.0	0.0	0.0	0	0
Q45	20	NCBIGene:7422	CHEBI:41774	0	2	0	0	0	2	0.0	0.0	0.0	0	0
Q45	21	NCBIGene:7422	CHEBI:41774	1	2	0	0	1	2	0.0	0.0	0.0	1	0
Q45	22	NCBIGene:7422	CHEBI:41774	1	2	0	0	1	2	0.0	0.0	0.0	1	0
Q45	23	NCBIGene:7422	CHEBI:41774	1	2	0	0	1	2	0.0	0.0	0.0	1	0
Q45	24	NCBIGene:7422	CHEBI:41774	1	2	0	0	1	2	0.0	0.0	0.0	1	0
Q45	25	NCBIGene:7422	CHEBI:41774	0	2	0	0	0	2	0.0	0.0	0.0	0	0
Q46	1	NCBIGene:675	CHEBI:41774	1	1	0	0	1	1	0.0	0.0	0.0	1	0
Q46	2	NCBIGene:675	CHEBI:41774	1	1	0	0	1	1	0.0	0.0	0.0	1	0
Q46	3	NCBIGene:675	CHEBI:41774	1	1	0	0	1	1	0.0	0.0	0.0	1	0
Q46	4	NCBIGene:675	CHEBI:41774	1	1	0	0	1	1	0.0	0.0	0.0	1	0
Q46	5	NCBIGene:675	CHEBI:41774	1	1	0	0	1	1	0.0	0.0	0.0	1	0
Q46	6	NCBIGene:675	CHEBI:41774	1	1	0	0	1	1	0.0	0.0	0.0	1	0
Q46	7	NCBIGene:675	CHEBI:41774	1	1	0	0	1	1	0.0	0.0	0.0	1	0
Q46	8	NCBIGene:675	CHEBI:41774	1	1	0	0	1	1	0.0	0.0	0.0	1	0
Q46	9	NCBIGene:675	CHEBI:41774	1	1	0	0	1	1	0.0	0.0	0.0	1	0
Q46	10	NCBIGene:675	CHEBI:41774	1	1	0	0	1	1	0.0	0.0	0.0	1	0
Q46	11	NCBIGene:675	CHEBI:41774	1	1	0	0	1	1	0.0	0.0	0.0	1	0
Q46	12	NCBIGene:675	CHEBI:41774	1	1	0	0	1	1	0.0	0.0	0.0	1	0
Q46	13	NCBIGene:675	CHEBI:41774	1	1	0	0	1	1	0.0	0.0	0.0	1	0
Q46	14	NCBIGene:675	CHEBI:41774	1	1	0	0	1	1	0.0	0.0	0.0	1	0
Q46	15	NCBIGene:675	CHEBI:41774	1	1	0	0	1	1	0.0	0.0	0.0	1	0
Q46	16	NCBIGene:675	CHEBI:41774	1	1	0	0	1	1	0.0	0.0	0.0	1	0
Q46	17	NCBIGene:675	CHEBI:41774	1	1	0	0	1	1	0.0	0.0	0.0	1	0
Q46	18	NCBIGene:675	CHEBI:41774	1	1	0	0	1	1	0.0	0.0	0.0	1	0
Q46	19	NCBIGene:675	CHEBI:41774	1	1	0	0	1	1	0.0	0.0	0.0	1	0
Q46	20	NCBIGene:675	CHEBI:41774	1	1	0	0	1	1	0.0	0.0	0.0	1	0
Q46	21	NCBIGene:675	CHEBI:41774	1	1	0	0	1	1	0.0	0.0	0.0	1	0
Q46	22	NCBIGene:675	CHEBI:41774	1	1	0	0	1	1	0.0	0.0	0.0	1	0
Q46	23	NCBIGene:675	CHEBI:41774	1	1	0	0	1	1	0.0	0.0	0.0	1	0
Q46	24	NCBIGene:675	CHEBI:41774	1	1	0	0	1	1	0.0	0.0	0.0	1	0
Q46	25	NCBIGene:675	CHEBI:41774	1	1	0	0	1	1	0.0	0.0	0.0	1	0
Q47	1	MONDO:0005010	CHEBI:3756	0	1	0	0	0	1	0.0	0.0	0.0	0	0
Q47	2	MONDO:0005010	CHEBI:3756	0	1	0	0	0	1	0.0	0.0	0.0	0	0
Q47	3	MONDO:0005010	CHEBI:3756	0	1	0	0	0	1	0.0	0.0	0.0	0	0
Q47	4	MONDO:0005010	CHEBI:3756	1	1	0	0	1	1	0.0	0.0	0.0	1	0
Q47	5	MONDO:0005010	CHEBI:3756	0	1	0	0	0	1	0.0	0.0	0.0	0	0
Q47	6	MONDO:0005010	CHEBI:3756	0	1	0	0	0	1	0.0	0.0	0.0	0	0
Q47	7	MONDO:0005010	CHEBI:3756	0	1	0	0	0	1	0.0	0.0	0.0	0	0
Q47	8	MONDO:0005010	CHEBI:3756	0	1	0	0	0	1	0.0	0.0	0.0	0	0
Q47	9	MONDO:0005010	CHEBI:3756	1	1	0	0	1	1	0.0	0.0	0.0	1	0
Q47	10	MONDO:0005010	CHEBI:3756	0	1	0	0	0	1	0.0	0.0	0.0	0	0
Q47	11	MONDO:0005010	CHEBI:3756	0	1	0	0	0	1	0.0	0.0	0.0	0	0
Q47	12	MONDO:0005010	CHEBI:3756	1	1	0	0	1	1	0.0	0.0	0.0	1	0
Q47	13	MONDO:0005010	CHEBI:3756	0	1	0	0	0	1	0.0	0.0	0.0	0	0
Q47	14	MONDO:0005010	CHEBI:3756	0	1	0	0	0	1	0.0	0.0	0.0	0	0
Q47	15	MONDO:0005010	CHEBI:3756	0	1	0	0	0	1	0.0	0.0	0.0	0	0
Q47	16	MONDO:0005010	CHEBI:3756	0	1	0	0	0	1	0.0	0.0	0.0	0	0
Q47	17	MONDO:0005010	CHEBI:3756	0	1	0	0	0	1	0.0	0.0	0.0	0	0
Q47	18	MONDO:0005010	CHEBI:3756	0	1	0	0	0	1	0.0	0.0	0.0	0	0
Q47	19	MONDO:0005010	CHEBI:3756	0	1	0	0	0	1	0.0	0.0	0.0	0	0
Q47	20	MONDO:0005010	CHEBI:3756	0	1	0	0	0	1	0.0	0.0	0.0	0	0
Q47	21	MONDO:0005010	CHEBI:3756	0	1	0	0	0	1	0.0	0.0	0.0	0	0
Q47	22	MONDO:0005010	CHEBI:3756	1	1	0	0	1	1	0.0	0.0	0.0	1	0
Q47	23	MONDO:0005010	CHEBI:3756	1	1	0	0	1	1	0.0	0.0	0.0	1	0
Q47	24	MONDO:0005010	CHEBI:3756	0	1	0	0	0	1	0.0	0.0	0.0	0	0
Q47	25	MONDO:0005010	CHEBI:3756	1	1	0	0	1	1	0.0	0.0	0.0	1	0
Q48	1	NCBIGene:7157	CHEBI:15365	1	2	0	0	1	2	0.0	0.0	0.0	1	0
Q48	2	NCBIGene:7157	CHEBI:15365	1	2	0	0	1	2	0.0	0.0	0.0	1	0
Q48	3	NCBIGene:7157	CHEBI:15365	1	2	0	0	1	2	0.0	0.0	0.0	1	0
Q48	4	NCBIGene:7157	CHEBI:15365	1	2	0	0	1	2	0.0	0.0	0.0	1	0
Q48	5	NCBIGene:7157	CHEBI:15365	1	2	0	0	1	2	0.0	0.0	0.0	1	0
Q48	6	NCBIGene:7157	CHEBI:15365	1	2	0	0	1	2	0.0	0.0	0.0	1	0
Q48	7	NCBIGene:7157	CHEBI:15365	1	2	0	0	1	2	0.0	0.0	0.0	1	0
Q48	8	NCBIGene:7157	CHEBI:15365	1	2	0	0	1	2	0.0	0.0	0.0	1	0
Q48	9	NCBIGene:7157	CHEBI:15365	1	2	0	0	1	2	0.0	0.0	0.0	1	0
Q48	10	NCBIGene:7157	CHEBI:15365	1	2	0	0	1	2	0.0	0.0	0.0	1	0
Q48	11	NCBIGene:7157	CHEBI:15365	1	2	0	0	1	2	0.0	0.0	0.0	1	0
Q48	12	NCBIGene:7157	CHEBI:15365	1	2	0	0	1	2	0.0	0.0	0.0	1	0
Q48	13	NCBIGene:7157	CHEBI:15365	1	2	0	0	1	2	0.0	0.0	0.0	1	0
Q48	14	NCBIGene:7157	CHEBI:15365	1	2	0	0	1	2	0.0	0.0	0.0	1	0
Q48	15	NCBIGene:7157	CHEBI:15365	1	2	0	0	1	2	0.0	0.0	0.0	1	0
Q48	16	NCBIGene:7157	CHEBI:15365	1	2	0	0	1	2	0.0	0.0	0.0	1	0
Q48	17	NCBIGene:7157	CHEBI:15365	1	2	0	0	1	2	0.0	0.0	0.0	1	0
Q48	18	NCBIGene:7157	CHEBI:15365	1	2	0	0	1	2	0.0	0.0	0.0	1	0
Q48	19	NCBIGene:7157	CHEBI:15365	1	2	0	0	1	2	0.0	0.0	0.0	1	0
Q48	20	NCBIGene:7157	CHEBI:15365	1	2	0	0	1	2	0.0	0.0	0.0	1	0
Q48	21	NCBIGene:7157	CHEBI:15365	1	2	0	0	1	2	0.0	0.0	0.0	1	0
Q48	22	NCBIGene:7157	CHEBI:15365	1	2	0	0	1	2	0.0	0.0	0.0	1	0
Q48	23	NCBIGene:7157	CHEBI:15365	1	2	0	0	1	2	0.0	0.0	0.0	1	0
Q48	24	NCBIGene:7157	CHEBI:15365	1	2	0	0	1	2	0.0	0.0	0.0	1	0
Q48	25	NCBIGene:7157	CHEBI:15365	1	2	0	0	1	2	0.0	0.0	0.0	1	0
Q49	1	MONDO:0004979	CHEBI:6801	0	7	0	0	0	7	0.0	0.0	0.0	0	0
Q49	2	MONDO:0004979	CHEBI:6801	1	7	0	0	1	7	0.0	0.0	0.0	1	0
Q49	3	MONDO:0004979	CHEBI:6801	0	7	0	0	0	7	0.0	0.0	0.0	0	0
Q49	4	MONDO:0004979	CHEBI:6801	0	7	0	0	0	7	0.0	0.0	0.0	0	0
Q49	5	MONDO:0004979	CHEBI:6801	0	7	0	0	0	7	0.0	0.0	0.0	0	0
Q49	6	MONDO:0004979	CHEBI:6801	0	7	0	0	0	7	0.0	0.0	0.0	0	0
Q49	7	MONDO:0004979	CHEBI:6801	0	7	0	0	0	7	0.0	0.0	0.0	0	0
Q49	8	MONDO:0004979	CHEBI:6801	0	7	0	0	0	7	0.0	0.0	0.0	0	0
Q49	9	MONDO:0004979	CHEBI:6801	1	7	0	0	1	7	0.0	0.0	0.0	1	0
Q49	10	MONDO:0004979	CHEBI:6801	0	7	0	0	0	7	0.0	0.0	0.0	0	0
Q49	11	MONDO:0004979	CHEBI:6801	0	7	0	0	0	7	0.0	0.0	0.0	0	0
Q49	12	MONDO:0004979	CHEBI:6801	0	7	0	0	0	7	0.0	0.0	0.0	0	0
Q49	13	MONDO:0004979	CHEBI:6801	1	7	0	0	1	7	0.0	0.0	0.0	1	0
Q49	14	MONDO:0004979	CHEBI:6801	0	7	0	0	0	7	0.0	0.0	0.0	0	0
Q49	15	MONDO:0004979	CHEBI:6801	0	7	0	0	0	7	0.0	0.0	0.0	0	0
Q49	16	MONDO:0004979	CHEBI:6801	0	7	0	0	0	7	0.0	0.0	0.0	0	0
Q49	17	MONDO:0004979	CHEBI:6801	0	7	0	0	0	7	0.0	0.0	0.0	0	0
Q49	18	MONDO:0004979	CHEBI:6801	0	7	0	0	0	7	0.0	0.0	0.0	0	0
Q49	19	MONDO:0004979	CHEBI:6801	0	7	0	0	0	7	0.0	0.0	0.0	0	0
Q49	20	MONDO:0004979	CHEBI:6801	0	7	0	0	0	7	0.0	0.0	0.0	0	0
Q49	21	MONDO:0004979	CHEBI:6801	0	7	0	0	0	7	0.0	0.0	0.0	0	0
Q49	22	MONDO:0004979	CHEBI:6801	1	7	0	0	1	7	0.0	0.0	0.0	1	0
Q49	23	MONDO:0004979	CHEBI:6801	0	7	0	0	0	7	0.0	0.0	0.0	0	0
Q49	24	MONDO:0004979	CHEBI:6801	0	7	0	0	0	7	0.0	0.0	0.0	0	0
Q49	25	MONDO:0004979	CHEBI:6801	0	7	0	0	0	7	0.0	0.0	0.0	0	0
Q50	1	MONDO:0004979	NCBIGene:1956	1	1	0	0	1	1	0.0	0.0	0.0	1	0
Q50	2	MONDO:0004979	NCBIGene:1956	1	1	0	0	1	1	0.0	0.0	0.0	1	0
Q50	3	MONDO:0004979	NCBIGene:1956	1	1	0	0	1	1	0.0	0.0	0.0	1	0
Q50	4	MONDO:0004979	NCBIGene:1956	1	1	0	0	1	1	0.0	0.0	0.0	1	0
Q50	5	MONDO:0004979	NCBIGene:1956	1	1	0	0	1	1	0.0	0.0	0.0	1	0
Q50	6	MONDO:0004979	NCBIGene:1956	1	1	0	0	1	1	0.0	0.0	0.0	1	0
Q50	7	MONDO:0004979	NCBIGene:1956	1	1	0	0	1	1	0.0	0.0	0.0	1	0
Q50	8	MONDO:0004979	NCBIGene:1956	1	1	0	0	1	1	0.0	0.0	0.0	1	0
Q50	9	MONDO:0004979	NCBIGene:1956	1	1	0	0	1	1	0.0	0.0	0.0	1	0
Q50	10	MONDO:0004979	NCBIGene:1956	1	1	0	0	1	1	0.0	0.0	0.0	1	0
Q50	11	MONDO:0004979	NCBIGene:1956	1	1	0	0	1	1	0.0	0.0	0.0	1	0
Q50	12	MONDO:0004979	NCBIGene:1956	1	1	0	0	1	1	0.0	0.0	0.0	1	0
Q50	13	MONDO:0004979	NCBIGene:1956	1	1	0	0	1	1	0.0	0.0	0.0	1	0
Q50	14	MONDO:0004979	NCBIGene:1956	1	1	0	0	1	1	0.0	0.0	0.0	1	0
Q50	15	MONDO:0004979	NCBIGene:1956	1	1	0	0	1	1	0.0	0.0	0.0	1	0
Q50	16	MONDO:0004979	NCBIGene:1956	1	1	0	0	1	1	0.0	0.0	0.0	1	0
Q50	17	MONDO:0004979	NCBIGene:1956	1	1	0	0	1	1	0.0	0.0	0.0	1	0
Q50	18	MONDO:0004979	NCBIGene:1956	1	1	0	0	1	1	0.0	0.0	0.0	1	0
Q50	19	MONDO:0004979	NCBIGene:1956	1	1	0	0	1	1	0.0	0.0	0.0	1	0
Q50	20	MONDO:0004979	NCBIGene:1956	1	1	0	0	1	1	0.0	0.0	0.0	1	0
Q50	21	MONDO:0004979	NCBIGene:1956	1	1	0	0	1	1	0.0	0.0	0.0	1	0
Q50	22	MONDO:0004979	NCBIGene:1956	1	1	0	0	1	1	0.0	0.0	0.0	1	0
Q50	23	MONDO:0004979	NCBIGene:1956	1	1	0	0	1	1	0.0	0.0	0.0	1	0
Q50	24	MONDO:0004979	NCBIGene:1956	1	1	0	0	1	1	0.0	0.0	0.0	1	0
Q50	25	MONDO:0004979	NCBIGene:1956	1	1	0	0	1	1	0.0	0.0	0.0	1	0
Q51	1	NCBIGene:3569	CHEBI:10033	0	1	0	0	0	1	0.0	0.0	0.0	0	0
Q51	2	NCBIGene:3569	CHEBI:10033	1	1	0	0	1	1	0.0	0.0	0.0	1	0
Q51	3	NCBIGene:3569	CHEBI:10033	1	1	0	0	1	1	0.0	0.0	0.0	1	0
Q51	4	NCBIGene:3569	CHEBI:10033	1	1	0	0	1	1	0.0	0.0	0.0	1	0
Q51	5	NCBIGene:3569	CHEBI:10033	1	1	0	0	1	1	0.0	0.0	0.0	1	0
Q51	6	NCBIGene:3569	CHEBI:10033	0	1	0	0	0	1	0.0	0.0	0.0	0	0
Q51	7	NCBIGene:3569	CHEBI:10033	1	1	0	0	1	1	0.0	0.0	0.0	1	0
Q51	8	NCBIGene:3569	CHEBI:10033	1	1	0	0	1	1	0.0	0.0	0.0	1	0
Q51	9	NCBIGene:3569	CHEBI:10033	1	1	0	0	1	1	0.0	0.0	0.0	1	0
Q51	10	NCBIGene:3569	CHEBI:10033	1	1	0	0	1	1	0.0	0.0	0.0	1	0
Q51	11	NCBIGene:3569	CHEBI:10033	1	1	0	0	1	1	0.0	0.0	0.0	1	0
Q51	12	NCBIGene:3569	CHEBI:10033	1	1	0	0	1	1	0.0	0.0	0.0	1	0
Q51	13	NCBIGene:3569	CHEBI:10033	1	1	0	0	1	1	0.0	0.0	0.0	1	0
Q51	14	NCBIGene:3569	CHEBI:10033	1	1	0	0	1	1	0.0	0.0	0.0	1	0
Q51	15	NCBIGene:3569	CHEBI:10033	1	1	0	0	1	1	0.0	0.0	0.0	1	0
Q51	16	NCBIGene:3569	CHEBI:10033	1	1	0	0	1	1	0.0	0.0	0.0	1	0
Q51	17	NCBIGene:3569	CHEBI:10033	1	1	0	0	1	1	0.0	0.0	0.0	1	0
Q51	18	NCBIGene:3569	CHEBI:10033	1	1	0	0	1	1	0.0	0.0	0.0	1	0
Q51	19	NCBIGene:3569	CHEBI:10033	1	1	0	0	1	1	0.0	0.0	0.0	1	0
Q51	20	NCBIGene:3569	CHEBI:10033	1	1	0	0	1	1	0.0	0.0	0.0	1	0
Q51	21	NCBIGene:3569	CHEBI:10033	1	1	0	0	1	1	0.0	0.0	0.0	1	0
Q51	22	NCBIGene:3569	CHEBI:10033	1	1	0	0	1	1	0.0	0.0	0.0	1	0
Q51	23	NCBIGene:3569	CHEBI:10033	1	1	0	0	1	1	0.0	0.0	0.0	1	0
Q51	24	NCBIGene:3569	CHEBI:10033	1	1	0	0	1	1	0.0	0.0	0.0	1	0
Q51	25	NCBIGene:3569	CHEBI:10033	1	1	0	0	1	1	0.0	0.0	0.0	1	0
Q52	1	MONDO:0005148	NCBIGene:348	1	2	0	0	1	2	0.0	0.0	0.0	1	0
Q52	2	MONDO:0005148	NCBIGene:348	1	2	0	0	1	2	0.0	0.0	0.0	1	0
Q52	3	MONDO:0005148	NCBIGene:348	1	2	0	0	1	2	0.0	0.0	0.0	1	0
Q52	4	MONDO:0005148	NCBIGene:348	1	2	0	0	1	2	0.0	0.0	0.0	1	0
Q52	5	MONDO:0005148	NCBIGene:348	1	2	0	0	1	2	0.0	0.0	0.0	1	0
Q52	6	MONDO:0005148	NCBIGene:348	1	2	0	0	1	2	0.0	0.0	0.0	1	0
Q52	7	MONDO:0005148	NCBIGene:348	1	2	0	0	1	2	0.0	0.0	0.0	1	0
Q52	8	MONDO:0005148	NCBIGene:348	1	2	0	0	1	2	0.0	0.0	0.0	1	0
Q52	9	MONDO:0005148	NCBIGene:348	1	2	0	0	1	2	0.0	0.0	0.0	1	0
Q52	10	MONDO:0005148	NCBIGene:348	1	2	0	0	1	2	0.0	0.0	0.0	1	0
Q52	11	MONDO:0005148	NCBIGene:348	1	2	0	0	1	2	0.0	0.0	0.0	1	0
Q52	12	MONDO:0005148	NCBIGene:348	1	2	0	0	1	2	0.0	0.0	0.0	1	0
Q52	13	MONDO:0005148	NCBIGene:348	1	2	0	0	1	2	0.0	0.0	0.0	1	0
Q52	14	MONDO:0005148	NCBIGene:348	1	2	0	0	1	2	0.0	0.0	0.0	1	0
Q52	15	MONDO:0005148	NCBIGene:348	1	2	0	0	1	2	0.0	0.0	0.0	1	0
Q52	16	MONDO:0005148	NCBIGene:348	1	2	0	0	1	2	0.0	0.0	0.0	1	0
Q52	17	MONDO:0005148	NCBIGene:348	1	2	0	0	1	2	0.0	0.0	0.0	1	0
Q52	18	MONDO:0005148	NCBIGene:348	1	2	0	0	1	2	0.0	0.0	0.0	1	0
Q52	19	MONDO:0005148	NCBIGene:348	1	2	0	0	1	2	0.0	0.0	0.0	1	0
Q52	20	MONDO:0005148	NCBIGene:348	1	2	0	0	1	2	0.0	0.0	0.0	1	0
Q52	21	MONDO:0005148	NCBIGene:348	1	2	0	0	1	2	0.0	0.0	0.0	1	0
Q52	22	MONDO:0005148	NCBIGene:348	1	2	0	0	1	2	0.0	0.0	0.0	1	0
Q52	23	MONDO:0005148	NCBIGene:348	1	2	0	0	1	2	0.0	0.0	0.0	1	0
Q52	24	MONDO:0005148	NCBIGene:348	1	2	0	0	1	2	0.0	0.0	0.0	1	0
Q52	25	MONDO:0005148	NCBIGene:348	1	2	0	0	1	2	0.0	0.0	0.0	1	0
Q53	1	NCBIGene:348	CHEBI:41774	0	2	0	0	0	2	0.0	0.0	0.0	0	0
Q53	2	NCBIGene:348	CHEBI:41774	0	2	0	0	0	2	0.0	0.0	0.0	0	0
Q53	3	NCBIGene:348	CHEBI:41774	0	2	0	0	0	2	0.0	0.0	0.0	0	0
Q53	4	NCBIGene:348	CHEBI:41774	0	2	0	0	0	2	0.0	0.0	0.0	0	0
Q53	5	NCBIGene:348	CHEBI:41774	0	2	0	0	0	2	0.0	0.0	0.0	0	0
Q53	6	NCBIGene:348	CHEBI:41774	0	2	0	0	0	2	0.0	0.0	0.0	0	0
Q53	7	NCBIGene:348	CHEBI:41774	0	2	0	0	0	2	0.0	0.0	0.0	0	0
Q53	8	NCBIGene:348	CHEBI:41774	0	2	0	0	0	2	0.0	0.0	0.0	0	0
Q53	9	NCBIGene:348	CHEBI:41774	0	2	0	0	0	2	0.0	0.0	0.0	0	0
Q53	10	NCBIGene:348	CHEBI:41774	0	2	0	0	0	2	0.0	0.0	0.0	0	0
Q53	11	NCBIGene:348	CHEBI:41774	0	2	0	0	0	2	0.0	0.0	0.0	0	0
Q53	12	NCBIGene:348	CHEBI:41774	0	2	0	0	0	2	0.0	0.0	0.0	0	0
Q53	13	NCBIGene:348	CHEBI:41774	0	2	0	0	0	2	0.0	0.0	0.0	0	0
Q53	14	NCBIGene:348	CHEBI:41774	0	2	0	0	0	2	0.0	0.0	0.0	0	0
Q53	15	NCBIGene:348	CHEBI:41774	0	2	0	0	0	2	0.0	0.0	0.0	0	0
Q53	16	NCBIGene:348	CHEBI:41774	0	2	0	0	0	2	0.0	0.0	0.0	0	0
Q53	17	NCBIGene:348	CHEBI:41774	0	2	0	0	0	2	0.0	0.0	0.0	0	0
Q53	18	NCBIGene:348	CHEBI:41774	0	2	0	0	0	2	0.0	0.0	0.0	0	0
Q53	19	NCBIGene:348	CHEBI:41774	0	2	0	0	0	2	0.0	0.0	0.0	0	0
Q53	20	NCBIGene:348	CHEBI:41774	0	2	0	0	0	2	0.0	0.0	0.0	0	0
Q53	21	NCBIGene:348	CHEBI:41774	0	2	0	0	0	2	0.0	0.0	0.0	0	0
Q53	22	NCBIGene:348	CHEBI:41774	0	2	0	0	0	2	0.0	0.0	0.0	0	0
Q53	23	NCBIGene:348	CHEBI:41774	0	2	0	0	0	2	0.0	0.0	0.0	0	0
Q53	24	NCBIGene:348	CHEBI:41774	0	2	0	0	0	2	0.0	0.0	0.0	0	0
Q53	25	NCBIGene:348	CHEBI:41774	0	2	0	0	0	2	0.0	0.0	0.0	0	0
Q54	1	NCBIGene:348	CHEBI:15365	1	1	0	0	1	1	0.0	0.0	0.0	1	0
Q54	2	NCBIGene:348	CHEBI:15365	1	1	0	0	1	1	0.0	0.0	0.0	1	0
Q54	3	NCBIGene:348	CHEBI:15365	1	1	0	0	1	1	0.0	0.0	0.0	1	0
Q54	4	NCBIGene:348	CHEBI:15365	1	1	0	0	1	1	0.0	0.0	0.0	1	0
Q54	5	NCBIGene:348	CHEBI:15365	1	1	0	0	1	1	0.0	0.0	0.0	1	0
Q54	6	NCBIGene:348	CHEBI:15365	1	1	0	0	1	1	0.0	0.0	0.0	1	0
Q54	7	NCBIGene:348	CHEBI:15365	1	1	0	0	1	1	0.0	0.0	0.0	1	0
Q54	8	NCBIGene:348	CHEBI:15365	1	1	0	0	1	1	0.0	0.0	0.0	1	0
Q54	9	NCBIGene:348	CHEBI:15365	1	1	0	0	1	1	0.0	0.0	0.0	1	0
Q54	10	NCBIGene:348	CHEBI:15365	1	1	0	0	1	1	0.0	0.0	0.0	1	0
Q54	11	NCBIGene:348	CHEBI:15365	1	1	0	0	1	1	0.0	0.0	0.0	1	0
Q54	12	NCBIGene:348	CHEBI:15365	1	1	0	0	1	1	0.0	0.0	0.0	1	0
Q54	13	NCBIGene:348	CHEBI:15365	1	1	0	0	1	1	0.0	0.0	0.0	1	0
Q54	14	NCBIGene:348	CHEBI:15365	1	1	0	0	1	1	0.0	0.0	0.0	1	0
Q54	15	NCBIGene:348	CHEBI:15365	1	1	0	0	1	1	0.0	0.0	0.0	1	0
Q54	16	NCBIGene:348	CHEBI:15365	1	1	0	0	1	1	0.0	0.0	0.0	1	0
Q54	17	NCBIGene:348	CHEBI:15365	1	1	0	0	1	1	0.0	0.0	0.0	1	0
Q54	18	NCBIGene:348	CHEBI:15365	1	1	0	0	1	1	0.0	0.0	0.0	1	0
Q54	19	NCBIGene:348	CHEBI:15365	1	1	0	0	1	1	0.0	0.0	0.0	1	0
Q54	20	NCBIGene:348	CHEBI:15365	1	1	0	0	1	1	0.0	0.0	0.0	1	0
Q54	21	NCBIGene:348	CHEBI:15365	1	1	0	0	1	1	0.0	0.0	0.0	1	0
Q54	22	NCBIGene:348	CHEBI:15365	1	1	0	0	1	1	0.0	0.0	0.0	1	0
Q54	23	NCBIGene:348	CHEBI:15365	1	1	0	0	1	1	0.0	0.0	0.0	1	0
Q54	24	NCBIGene:348	CHEBI:15365	1	1	0	0	1	1	0.0	0.0	0.0	1	0
Q54	25	NCBIGene:348	CHEBI:15365	1	1	0	0	1	1	0.0	0.0	0.0	1	0
Q55	1	MONDO:0004975	NCBIGene:7124	1	5	0	0	1	5	0.0	0.0	0.0	1	0
Q55	2	MONDO:0004975	NCBIGene:7124	1	5	0	0	1	5	0.0	0.0	0.0	1	0
Q55	3	MONDO:0004975	NCBIGene:7124	1	5	0	0	1	5	0.0	0.0	0.0	1	0
Q55	4	MONDO:0004975	NCBIGene:7124	1	5	0	0	1	5	0.0	0.0	0.0	1	0
Q55	5	MONDO:0004975	NCBIGene:7124	1	5	0	0	1	5	0.0	0.0	0.0	1	0
Q55	6	MONDO:0004975	NCBIGene:7124	1	5	0	0	1	5	0.0	0.0	0.0	1	0
Q55	7	MONDO:0004975	NCBIGene:7124	1	5	0	0	1	5	0.0	0.0	0.0	1	0
Q55	8	MONDO:0004975	NCBIGene:7124	1	5	0	0	1	5	0.0	0.0	0.0	1	0
Q55	9	MONDO:0004975	NCBIGene:7124	1	5	0	0	1	5	0.0	0.0	0.0	1	0
Q55	10	MONDO:0004975	NCBIGene:7124	1	5	0	0	1	5	0.0	0.0	0.0	1	0
Q55	11	MONDO:0004975	NCBIGene:7124	1	5	0	0	1	5	0.0	0.0	0.0	1	0
Q55	12	MONDO:0004975	NCBIGene:7124	1	5	0	0	1	5	0.0	0.0	0.0	1	0
Q55	13	MONDO:0004975	NCBIGene:7124	1	5	0	0	1	5	0.0	0.0	0.0	1	0
Q55	14	MONDO:0004975	NCBIGene:7124	1	5	0	0	1	5	0.0	0.0	0.0	1	0
Q55	15	MONDO:0004975	NCBIGene:7124	1	5	0	0	1	5	0.0	0.0	0.0	1	0
Q55	16	MONDO:0004975	NCBIGene:7124	1	5	0	0	1	5	0.0	0.0	0.0	1	0
Q55	17	MONDO:0004975	NCBIGene:7124	1	5	0	0	1	5	0.0	0.0	0.0	1	0
Q55	18	MONDO:0004975	NCBIGene:7124	1	5	0	0	1	5	0.0	0.0	0.0	1	0
Q55	19	MONDO:0004975	NCBIGene:7124	1	5	0	0	1	5	0.0	0.0	0.0	1	0
Q55	20	MONDO:0004975	NCBIGene:7124	1	5	0	0	1	5	0.0	0.0	0.0	1	0
Q55	21	MONDO:0004975	NCBIGene:7124	1	5	0	0	1	5	0.0	0.0	0.0	1	0
Q55	22	MONDO:0004975	NCBIGene:7124	1	5	0	0	1	5	0.0	0.0	0.0	1	0
Q55	23	MONDO:0004975	NCBIGene:7124	1	5	0	0	1	5	0.0	0.0	0.0	1	0
Q55	24	MONDO:0004975	NCBIGene:7124	1	5	0	0	1	5	0.0	0.0	0.0	1	0
Q55	25	MONDO:0004975	NCBIGene:7124	1	5	0	0	1	5	0.0	0.0	0.0	1	0
Q56	1	MONDO:0008383	CHEBI:10033	0	9	0	0	0	9	0.0	0.0	0.0	0	0
Q56	2	MONDO:0008383	CHEBI:10033	0	9	0	0	0	9	0.0	0.0	0.0	0	0
Q56	3	MONDO:0008383	CHEBI:10033	0	9	0	0	0	9	0.0	0.0	0.0	0	0
Q56	4	MONDO:0008383	CHEBI:10033	0	9	0	0	0	9	0.0	0.0	0.0	0	0
Q56	5	MONDO:0008383	CHEBI:10033	0	9	0	0	0	9	0.0	0.0	0.0	0	0
Q56	6	MONDO:0008383	CHEBI:10033	0	9	0	0	0	9	0.0	0.0	0.0	0	0
Q56	7	MONDO:0008383	CHEBI:10033	0	9	0	0	0	9	0.0	0.0	0.0	0	0
Q56	8	MONDO:0008383	CHEBI:10033	0	9	0	0	0	9	0.0	0.0	0.0	0	0
Q56	9	MONDO:0008383	CHEBI:10033	0	9	0	0	0	9	0.0	0.0	0.0	0	0
Q56	10	MONDO:0008383	CHEBI:10033	0	9	0	0	0	9	0.0	0.0	0.0	0	0
Q56	11	MONDO:0008383	CHEBI:10033	0	9	0	0	0	9	0.0	0.0	0.0	0	0
Q56	12	MONDO:0008383	CHEBI:10033	0	9	0	0	0	9	0.0	0.0	0.0	0	0
Q56	13	MONDO:0008383	CHEBI:10033	0	9	0	0	0	9	0.0	0.0	0.0	0	0
Q56	14	MONDO:0008383	CHEBI:10033	0	9	0	0	0	9	0.0	0.0	0.0	0	0
Q56	15	MONDO:0008383	CHEBI:10033	0	9	0	0	0	9	0.0	0.0	0.0	0	0
Q56	16	MONDO:0008383	CHEBI:10033	0	9	0	0	0	9	0.0	0.0	0.0	0	0
Q56	17	MONDO:0008383	CHEBI:10033	0	9	0	0	0	9	0.0	0.0	0.0	0	0
Q56	18	MONDO:0008383	CHEBI:10033	0	9	0	0	0	9	0.0	0.0	0.0	0	0
Q56	19	MONDO:0008383	CHEBI:10033	0	9	0	0	0	9	0.0	0.0	0.0	0	0
Q56	20	MONDO:0008383	CHEBI:10033	0	9	0	0	0	9	0.0	0.0	0.0	0	0
Q56	21	MONDO:0008383	CHEBI:10033	0	9	0	0	0	9	0.0	0.0	0.0	0	0
Q56	22	MONDO:0008383	CHEBI:10033	0	9	0	0	0	9	0.0	0.0	0.0	0	0
Q56	23	MONDO:0008383	CHEBI:10033	0	9	0	0	0	9	0.0	0.0	0.0	0	0
Q56	24	MONDO:0008383	CHEBI:10033	0	9	0	0	0	9	0.0	0.0	0.0	0	0
Q56	25	MONDO:0008383	CHEBI:10033	0	9	0	0	0	9	0.0	0.0	0.0	0	0
Q57	1	NCBIGene:672	CHEBI:6801	1	2	0	0	1	2	0.0	0.0	0.0	1	0
Q57	2	NCBIGene:672	CHEBI:6801	1	2	0	0	1	2	0.0	0.0	0.0	1	0
Q57	3	NCBIGene:672	CHEBI:6801	1	2	0	0	1	2	0.0	0.0	0.0	1	0
Q57	4	NCBIGene:672	CHEBI:6801	1	2	0	0	1	2	0.0	0.0	0.0	1	0
Q57	5	NCBIGene:672	CHEBI:6801	1	2	0	0	1	2	0.0	0.0	0.0	1	0
Q57	6	NCBIGene:672	CHEBI:6801	1	2	0	0	1	2	0.0	0.0	0.0	1	0
Q57	7	NCBIGene:672	CHEBI:6801	1	2	0	0	1	2	0.0	0.0	0.0	1	0
Q57	8	NCBIGene:672	CHEBI:6801	1	2	0	0	1	2	0.0	0.0	0.0	1	0
Q57	9	NCBIGene:672	CHEBI:6801	1	2	0	0	1	2	0.0	0.0	0.0	1	0
Q57	10	NCBIGene:672	CHEBI:6801	1	2	0	0	1	2	0.0	0.0	0.0	1	0
Q57	11	NCBIGene:672	CHEBI:6801	1	2	0	0	1	2	0.0	0.0	0.0	1	0
Q57	12	NCBIGene:672	CHEBI:6801	1	2	0	0	1	2	0.0	0.0	0.0	1	0
Q57	13	NCBIGene:672	CHEBI:6801	1	2	0	0	1	2	0.0	0.0	0.0	1	0
Q57	14	NCBIGene:672	CHEBI:6801	1	2	0	0	1	2	0.0	0.0	0.0	1	0
Q57	15	NCBIGene:672	CHEBI:6801	1	2	0	0	1	2	0.0	0.0	0.0	1	0
Q57	16	NCBIGene:672	CHEBI:6801	1	2	0	0	1	2	0.0	0.0	0.0	1	0
Q57	17	NCBIGene:672	CHEBI:6801	1	2	0	0	1	2	0.0	0.0	0.0	1	0
Q57	18	NCBIGene:672	CHEBI:6801	1	2	0	0	1	2	0.0	0.0	0.0	1	0
Q57	19	NCBIGene:672	CHEBI:6801	1	2	0	0	1	2	0.0	0.0	0.0	1	0
Q57	20	NCBIGene:672	CHEBI:6801	1	2	0	0	1	2	0.0	0.0	0.0	1	0
Q57	21	NCBIGene:672	CHEBI:6801	1	2	0	0	1	2	0.0	0.0	0.0	1	0
Q57	22	NCBIGene:672	CHEBI:6801	1	2	0	0	1	2	0.0	0.0	0.0	1	0
Q57	23	NCBIGene:672	CHEBI:6801	1	2	0	0	1	2	0.0	0.0	0.0	1	0
Q57	24	NCBIGene:672	CHEBI:6801	1	2	0	0	1	2	0.0	0.0	0.0	1	0
Q57	25	NCBIGene:672	CHEBI:6801	1	2	0	0	1	2	0.0	0.0	0.0	1	0
Q58	1	MONDO:0004975	CHEBI:41879	0	2	0	0	0	2	0.0	0.0	0.0	0	0
Q58	2	MONDO:0004975	CHEBI:41879	0	2	0	0	0	2	0.0	0.0	0.0	0	0
Q58	3	MONDO:0004975	CHEBI:41879	0	2	0	0	0	2	0.0	0.0	0.0	0	0
Q58	4	MONDO:0004975	CHEBI:41879	0	2	0	0	0	2	0.0	0.0	0.0	0	0
Q58	5	MONDO:0004975	CHEBI:41879	0	2	0	0	0	2	0.0	0.0	0.0	0	0
Q58	6	MONDO:0004975	CHEBI:41879	0	2	0	0	0	2	0.0	0.0	0.0	0	0
Q58	7	MONDO:0004975	CHEBI:41879	0	2	0	0	0	2	0.0	0.0	0.0	0	0
Q58	8	MONDO:0004975	CHEBI:41879	0	2	0	0	0	2	0.0	0.0	0.0	0	0
Q58	9	MONDO:0004975	CHEBI:41879	0	2	0	0	0	2	0.0	0.0	0.0	0	0
Q58	10	MONDO:0004975	CHEBI:41879	0	2	0	0	0	2	0.0	0.0	0.0	0	0
Q58	11	MONDO:0004975	CHEBI:41879	0	2	0	0	0	2	0.0	0.0	0.0	0	0
Q58	12	MONDO:0004975	CHEBI:41879	0	2	0	0	0	2	0.0	0.0	0.0	0	0
Q58	13	MONDO:0004975	CHEBI:41879	0	2	0	0	0	2	0.0	0.0	0.0	0	0
Q58	14	MONDO:0004975	CHEBI:41879	0	2	0	0	0	2	0.0	0.0	0.0	0	0
Q58	15	MONDO:0004975	CHEBI:41879	0	2	0	0	0	2	0.0	0.0	0.0	0	0
Q58	16	MONDO:0004975	CHEBI:41879	0	2	0	0	0	2	0.0	0.0	0.0	0	0
Q58	17	MONDO:0004975	CHEBI:41879	0	2	0	0	0	2	0.0	0.0	0.0	0	0
Q58	18	MONDO:0004975	CHEBI:41879	0	2	0	0	0	2	0.0	0.0	0.0	0	0
Q58	19	MONDO:0004975	CHEBI:41879	0	2	0	0	0	2	0.0	0.0	0.0	0	0
Q58	20	MONDO:0004975	CHEBI:41879	0	2	0	0	0	2	0.0	0.0	0.0	0	0
Q58	21	MONDO:0004975	CHEBI:41879	0	2	0	0	0	2	0.0	0.0	0.0	0	0
Q58	22	MONDO:0004975	CHEBI:41879	0	2	0	0	0	2	0.0	0.0	0.0	0	0
Q58	23	MONDO:0004975	CHEBI:41879	0	2	0	0	0	2	0.0	0.0	0.0	0	0
Q58	24	MONDO:0004975	CHEBI:41879	0	2	0	0	0	2	0.0	0.0	0.0	0	0
Q58	25	MONDO:0004975	CHEBI:41879	0	2	0	0	0	2	0.0	0.0	0.0	0	0
Q59	1	NCBIGene:3569	CHEBI:6801	0	1	0	0	0	1	0.0	0.0	0.0	0	0
Q59	2	NCBIGene:3569	CHEBI:6801	0	1	0	0	0	1	0.0	0.0	0.0	0	0
Q59	3	NCBIGene:3569	CHEBI:6801	1	1	0	0	1	1	0.0	0.0	0.0	1	0
Q59	4	NCBIGene:3569	CHEBI:6801	0	1	0	0	0	1	0.0	0.0	0.0	0	0
Q59	5	NCBIGene:3569	CHEBI:6801	1	1	0	0	1	1	0.0	0.0	0.0	1	0
Q59	6	NCBIGene:3569	CHEBI:6801	0	1	0	0	0	1	0.0	0.0	0.0	0	0
Q59	7	NCBIGene:3569	CHEBI:6801	1	1	0	0	1	1	0.0	0.0	0.0	1	0
Q59	8	NCBIGene:3569	CHEBI:6801	1	1	0	0	1	1	0.0	0.0	0.0	1	0
Q59	9	NCBIGene:3569	CHEBI:6801	1	1	0	0	1	1	0.0	0.0	0.0	1	0
Q59	10	NCBIGene:3569	CHEBI:6801	0	1	0	0	0	1	0.0	0.0	0.0	0	0
Q59	11	NCBIGene:3569	CHEBI:6801	1	1	0	0	1	1	0.0	0.0	0.0	1	0
Q59	12	NCBIGene:3569	CHEBI:6801	1	1	0	0	1	1	0.0	0.0	0.0	1	0
Q59	13	NCBIGene:3569	CHEBI:6801	1	1	0	0	1	1	0.0	0.0	0.0	1	0
Q59	14	NCBIGene:3569	CHEBI:6801	1	1	0	0	1	1	0.0	0.0	0.0	1	0
Q59	15	NCBIGene:3569	CHEBI:6801	0	1	0	0	0	1	0.0	0.0	0.0	0	0
Q59	16	NCBIGene:3569	CHEBI:6801	1	1	0	0	1	1	0.0	0.0	0.0	1	0
Q59	17	NCBIGene:3569	CHEBI:6801	1	1	0	0	1	1	0.0	0.0	0.0	1	0
Q59	18	NCBIGene:3569	CHEBI:6801	1	1	0	0	1	1	0.0	0.0	0.0	1	0
Q59	19	NCBIGene:3569	CHEBI:6801	1	1	0	0	1	1	0.0	0.0	0.0	1	0
Q59	20	NCBIGene:3569	CHEBI:6801	1	1	0	0	1	1	0.0	0.0	0.0	1	0
Q59	21	NCBIGene:3569	CHEBI:6801	1	1	0	0	1	1	0.0	0.0	0.0	1	0
Q59	22	NCBIGene:3569	CHEBI:6801	1	1	0	0	1	1	0.0	0.0	0.0	1	0
Q59	23	NCBIGene:3569	CHEBI:6801	1	1	0	0	1	1	0.0	0.0	0.0	1	0
Q59	24	NCBIGene:3569	CHEBI:6801	1	1	0	0	1	1	0.0	0.0	0.0	1	0
Q59	25	NCBIGene:3569	CHEBI:6801	1	1	0	0	1	1	0.0	0.0	0.0	1	0
Q60	1	MONDO:0004979	CHEBI:5855	0	8	0	0	0	8	0.0	0.0	0.0	0	0
Q60	2	MONDO:0004979	CHEBI:5855	0	8	0	0	0	8	0.0	0.0	0.0	0	0
Q60	3	MONDO:0004979	CHEBI:5855	0	8	0	0	0	8	0.0	0.0	0.0	0	0
Q60	4	MONDO:0004979	CHEBI:5855	0	8	0	0	0	8	0.0	0.0	0.0	0	0
Q60	5	MONDO:0004979	CHEBI:5855	0	8	0	0	0	8	0.0	0.0	0.0	0	0
Q60	6	MONDO:0004979	CHEBI:5855	0	8	0	0	0	8	0.0	0.0	0.0	0	0
Q60	7	MONDO:0004979	CHEBI:5855	0	8	0	0	0	8	0.0	0.0	0.0	0	0
Q60	8	MONDO:0004979	CHEBI:5855	0	8	0	0	0	8	0.0	0.0	0.0	0	0
Q60	9	MONDO:0004979	CHEBI:5855	0	8	0	0	0	8	0.0	0.0	0.0	0	0
Q60	10	MONDO:0004979	CHEBI:5855	0	8	0	0	0	8	0.0	0.0	0.0	0	0
Q60	11	MONDO:0004979	CHEBI:5855	0	8	0	0	0	8	0.0	0.0	0.0	0	0
Q60	12	MONDO:0004979	CHEBI:5855	0	8	0	0	0	8	0.0	0.0	0.0	0	0
Q60	13	MONDO:0004979	CHEBI:5855	0	8	0	0	0	8	0.0	0.0	0.0	0	0
Q60	14	MONDO:0004979	CHEBI:5855	0	8	0	0	0	8	0.0	0.0	0.0	0	0
Q60	15	MONDO:0004979	CHEBI:5855	0	8	0	0	0	8	0.0	0.0	0.0	0	0
Q60	16	MONDO:0004979	CHEBI:5855	0	8	0	0	0	8	0.0	0.0	0.0	0	0
Q60	17	MONDO:0004979	CHEBI:5855	0	8	0	0	0	8	0.0	0.0	0.0	0	0
Q60	18	MONDO:0004979	CHEBI:5855	0	8	0	0	0	8	0.0	0.0	0.0	0	0
Q60	19	MONDO:0004979	CHEBI:5855	0	8	0	0	0	8	0.0	0.0	0.0	0	0
Q60	20	MONDO:0004979	CHEBI:5855	0	8	0	0	0	8	0.0	0.0	0.0	0	0
Q60	21	MONDO:0004979	CHEBI:5855	0	8	0	0	0	8	0.0	0.0	0.0	0	0
Q60	22	MONDO:0004979	CHEBI:5855	0	8	0	0	0	8	0.0	0.0	0.0	0	0
Q60	23	MONDO:0004979	CHEBI:5855	0	8	0	0	0	8	0.0	0.0	0.0	0	0
Q60	24	MONDO:0004979	CHEBI:5855	0	8	0	0	0	8	0.0	0.0	0.0	0	0
Q60	25	MONDO:0004979	CHEBI:5855	0	8	0	0	0	8	0.0	0.0	0.0	0	0
Q61	1	NCBIGene:675	CHEBI:15365	1	1	0	0	1	1	0.0	0.0	0.0	1	0
Q61	2	NCBIGene:675	CHEBI:15365	1	1	0	0	1	1	0.0	0.0	0.0	1	0
Q61	3	NCBIGene:675	CHEBI:15365	1	1	0	0	1	1	0.0	0.0	0.0	1	0
Q61	4	NCBIGene:675	CHEBI:15365	1	1	0	0	1	1	0.0	0.0	0.0	1	0
Q61	5	NCBIGene:675	CHEBI:15365	1	1	0	0	1	1	0.0	0.0	0.0	1	0
Q61	6	NCBIGene:675	CHEBI:15365	1	1	0	0	1	1	0.0	0.0	0.0	1	0
Q61	7	NCBIGene:675	CHEBI:15365	1	1	0	0	1	1	0.0	0.0	0.0	1	0
Q61	8	NCBIGene:675	CHEBI:15365	1	1	0	0	1	1	0.0	0.0	0.0	1	0
Q61	9	NCBIGene:675	CHEBI:15365	1	1	0	0	1	1	0.0	0.0	0.0	1	0
Q61	10	NCBIGene:675	CHEBI:15365	1	1	0	0	1	1	0.0	0.0	0.0	1	0
Q61	11	NCBIGene:675	CHEBI:15365	1	1	0	0	1	1	0.0	0.0	0.0	1	0
Q61	12	NCBIGene:675	CHEBI:15365	1	1	0	0	1	1	0.0	0.0	0.0	1	0
Q61	13	NCBIGene:675	CHEBI:15365	1	1	0	0	1	1	0.0	0.0	0.0	1	0
Q61	14	NCBIGene:675	CHEBI:15365	1	1	0	0	1	1	0.0	0.0	0.0	1	0
Q61	15	NCBIGene:675	CHEBI:15365	1	1	0	0	1	1	0.0	0.0	0.0	1	0
Q61	16	NCBIGene:675	CHEBI:15365	1	1	0	0	1	1	0.0	0.0	0.0	1	0
Q61	17	NCBIGene:675	CHEBI:15365	1	1	0	0	1	1	0.0	0.0	0.0	1	0
Q61	18	NCBIGene:675	CHEBI:15365	1	1	0	0	1	1	0.0	0.0	0.0	1	0
Q61	19	NCBIGene:675	CHEBI:15365	1	1	0	0	1	1	0.0	0.0	0.0	1	0
Q61	20	NCBIGene:675	CHEBI:15365	1	1	0	0	1	1	0.0	0.0	0.0	1	0
Q61	21	NCBIGene:675	CHEBI:15365	1	1	0	0	1	1	0.0	0.0	0.0	1	0
Q61	22	NCBIGene:675	CHEBI:15365	1	1	0	0	1	1	0.0	0.0	0.0	1	0
Q61	23	NCBIGene:675	CHEBI:15365	1	1	0	0	1	1	0.0	0.0	0.0	1	0
Q61	24	NCBIGene:675	CHEBI:15365	1	1	0	0	1	1	0.0	0.0	0.0	1	0
Q61	25	NCBIGene:675	CHEBI:15365	1	1	0	0	1	1	0.0	0.0	0.0	1	0
Q62	1	NCBIGene:1636	CHEBI:41879	0	1	0	0	0	1	0.0	0.0	0.0	0	0
Q62	2	NCBIGene:1636	CHEBI:41879	0	1	0	0	0	1	0.0	0.0	0.0	0	0
Q62	3	NCBIGene:1636	CHEBI:41879	0	1	0	0	0	1	0.0	0.0	0.0	0	0
Q62	4	NCBIGene:1636	CHEBI:41879	0	1	0	0	0	1	0.0	0.0	0.0	0	0
Q62	5	NCBIGene:1636	CHEBI:41879	1	1	0	0	1	1	0.0	0.0	0.0	1	0
Q62	6	NCBIGene:1636	CHEBI:41879	0	1	0	0	0	1	0.0	0.0	0.0	0	0
Q62	7	NCBIGene:1636	CHEBI:41879	0	1	0	0	0	1	0.0	0.0	0.0	0	0
Q62	8	NCBIGene:1636	CHEBI:41879	0	1	0	0	0	1	0.0	0.0	0.0	0	0
Q62	9	NCBIGene:1636	CHEBI:41879	1	1	0	0	1	1	0.0	0.0	0.0	1	0
Q62	10	NCBIGene:1636	CHEBI:41879	0	1	0	0	0	1	0.0	0.0	0.0	0	0
Q62	11	NCBIGene:1636	CHEBI:41879	0	1	0	0	0	1	0.0	0.0	0.0	0	0
Q62	12	NCBIGene:1636	CHEBI:41879	0	1	0	0	0	1	0.0	0.0	0.0	0	0
Q62	13	NCBIGene:1636	CHEBI:41879	1	1	0	0	1	1	0.0	0.0	0.0	1	0
Q62	14	NCBIGene:1636	CHEBI:41879	0	1	0	0	0	1	0.0	0.0	0.0	0	0
Q62	15	NCBIGene:1636	CHEBI:41879	0	1	0	0	0	1	0.0	0.0	0.0	0	0
Q62	16	NCBIGene:1636	CHEBI:41879	0	1	0	0	0	1	0.0	0.0	0.0	0	0
Q62	17	NCBIGene:1636	CHEBI:41879	0	1	0	0	0	1	0.0	0.0	0.0	0	0
Q62	18	NCBIGene:1636	CHEBI:41879	1	1	0	0	1	1	0.0	0.0	0.0	1	0
Q62	19	NCBIGene:1636	CHEBI:41879	0	1	0	0	0	1	0.0	0.0	0.0	0	0
Q62	20	NCBIGene:1636	CHEBI:41879	0	1	0	0	0	1	0.0	0.0	0.0	0	0
Q62	21	NCBIGene:1636	CHEBI:41879	1	1	0	0	1	1	0.0	0.0	0.0	1	0
Q62	22	NCBIGene:1636	CHEBI:41879	1	1	0	0	1	1	0.0	0.0	0.0	1	0
Q62	23	NCBIGene:1636	CHEBI:41879	1	1	0	0	1	1	0.0	0.0	0.0	1	0
Q62	24	NCBIGene:1636	CHEBI:41879	0	1	0	0	0	1	0.0	0.0	0.0	0	0
Q62	25	NCBIGene:1636	CHEBI:41879	1	1	0	0	1	1	0.0	0.0	0.0	1	0
Q63	1	NCBIGene:348	CHEBI:5855	1	1	0	0	1	1	0.0	0.0	0.0	1	0
Q63	2	NCBIGene:348	CHEBI:5855	0	1	0	0	0	1	0.0	0.0	0.0	0	0
Q63	3	NCBIGene:348	CHEBI:5855	0	1	0	0	0	1	0.0	0.0	0.0	0	0
Q63	4	NCBIGene:348	CHEBI:5855	1	1	0	0	1	1	0.0	0.0	0.0	1	0
Q63	5	NCBIGene:348	CHEBI:5855	0	1	0	0	0	1	0.0	0.0	0.0	0	0
Q63	6	NCBIGene:348	CHEBI:5855	0	1	0	0	0	1	0.0	0.0	0.0	0	0
Q63	7	NCBIGene:348	CHEBI:5855	1	1	0	0	1	1	0.0	0.0	0.0	1	0
Q63	8	NCBIGene:348	CHEBI:5855	1	1	0	0	1	1	0.0	0.0	0.0	1	0
Q63	9	NCBIGene:348	CHEBI:5855	1	1	0	0	1	1	0.0	0.0	0.0	1	0
Q63	10	NCBIGene:348	CHEBI:5855	0	1	0	0	0	1	0.0	0.0	0.0	0	0
Q63	11	NCBIGene:348	CHEBI:5855	1	1	0	0	1	1	0.0	0.0	0.0	1	0
Q63	12	NCBIGene:348	CHEBI:5855	1	1	0	0	1	1	0.0	0.0	0.0	1	0
Q63	13	NCBIGene:348	CHEBI:5855	0	1	0	0	0	1	0.0	0.0	0.0	0	0
Q63	14	NCBIGene:348	CHEBI:5855	1	1	0	0	1	1	0.0	0.0	0.0	1	0
Q63	15	NCBIGene:348	CHEBI:5855	0	1	0	0	0	1	0.0	0.0	0.0	0	0
Q63	16	NCBIGene:348	CHEBI:5855	0	1	0	0	0	1	0.0	0.0	0.0	0	0
Q63	17	NCBIGene:348	CHEBI:5855	0	1	0	0	0	1	0.0	0.0	0.0	0	0
Q63	18	NCBIGene:348	CHEBI:5855	1	1	0	0	1	1	0.0	0.0	0.0	1	0
Q63	19	NCBIGene:348	CHEBI:5855	1	1	0	0	1	1	0.0	0.0	0.0	1	0
Q63	20	NCBIGene:348	CHEBI:5855	1	1	0	0	1	1	0.0	0.0	0.0	1	0
Q63	21	NCBIGene:348	CHEBI:5855	1	1	0	0	1	1	0.0	0.0	0.0	1	0
Q63	22	NCBIGene:348	CHEBI:5855	0	1	0	0	0	1	0.0	0.0	0.0	0	0
Q63	23	NCBIGene:348	CHEBI:5855	0	1	0	0	0	1	0.0	0.0	0.0	0	0
Q63	24	NCBIGene:348	CHEBI:5855	0	1	0	0	0	1	0.0	0.0	0.0	0	0
Q63	25	NCBIGene:348	CHEBI:5855	1	1	0	0	1	1	0.0	0.0	0.0	1	0
Q64	1	NCBIGene:1956	CHEBI:6801	1	1	0	0	1	1	0.0	0.0	0.0	1	0
Q64	2	NCBIGene:1956	CHEBI:6801	1	1	0	0	1	1	0.0	0.0	0.0	1	0
Q64	3	NCBIGene:1956	CHEBI:6801	1	1	0	0	1	1	0.0	0.0	0.0	1	0
Q64	4	NCBIGene:1956	CHEBI:6801	1	1	0	0	1	1	0.0	0.0	0.0	1	0
Q64	5	NCBIGene:1956	CHEBI:6801	1	1	0	0	1	1	0.0	0.0	0.0	1	0
Q64	6	NCBIGene:1956	CHEBI:6801	1	1	0	0	1	1	0.0	0.0	0.0	1	0
Q64	7	NCBIGene:1956	CHEBI:6801	1	1	0	0	1	1	0.0	0.0	0.0	1	0
Q64	8	NCBIGene:1956	CHEBI:6801	1	1	0	0	1	1	0.0	0.0	0.0	1	0
Q64	9	NCBIGene:1956	CHEBI:6801	1	1	0	0	1	1	0.0	0.0	0.0	1	0
Q64	10	NCBIGene:1956	CHEBI:6801	1	1	0	0	1	1	0.0	0.0	0.0	1	0
Q64	11	NCBIGene:1956	CHEBI:6801	1	1	0	0	1	1	0.0	0.0	0.0	1	0
Q64	12	NCBIGene:1956	CHEBI:6801	1	1	0	0	1	1	0.0	0.0	0.0	1	0
Q64	13	NCBIGene:1956	CHEBI:6801	1	1	0	0	1	1	0.0	0.0	0.0	1	0
Q64	14	NCBIGene:1956	CHEBI:6801	1	1	0	0	1	1	0.0	0.0	0.0	1	0
Q64	15	NCBIGene:1956	CHEBI:6801	1	1	0	0	1	1	0.0	0.0	0.0	1	0
Q64	16	NCBIGene:1956	CHEBI:6801	1	1	0	0	1	1	0.0	0.0	0.0	1	0
Q64	17	NCBIGene:1956	CHEBI:6801	1	1	0	0	1	1	0.0	0.0	0.0	1	0
Q64	18	NCBIGene:1956	CHEBI:6801	1	1	0	0	1	1	0.0	0.0	0.0	1	0
Q64	19	NCBIGene:1956	CHEBI:6801	1	1	0	0	1	1	0.0	0.0	0.0	1	0
Q64	20	NCBIGene:1956	CHEBI:6801	1	1	0	0	1	1	0.0	0.0	0.0	1	0
Q64	21	NCBIGene:1956	CHEBI:6801	1	1	0	0	1	1	0.0	0.0	0.0	1	0
Q64	22	NCBIGene:1956	CHEBI:6801	1	1	0	0	1	1	0.0	0.0	0.0	1	0
Q64	23	NCBIGene:1956	CHEBI:6801	1	1	0	0	1	1	0.0	0.0	0.0	1	0
Q64	24	NCBIGene:1956	CHEBI:6801	1	1	0	0	1	1	0.0	0.0	0.0	1	0
Q64	25	NCBIGene:1956	CHEBI:6801	1	1	0	0	1	1	0.0	0.0	0.0	1	0
Q65	1	MONDO:0005148	CHEBI:5855	0	4	0	0	0	4	0.0	0.0	0.0	0	0
Q65	2	MONDO:0005148	CHEBI:5855	0	4	0	0	0	4	0.0	0.0	0.0	0	0
Q65	3	MONDO:0005148	CHEBI:5855	0	4	0	0	0	4	0.0	0.0	0.0	0	0
Q65	4	MONDO:0005148	CHEBI:5855	0	4	0	0	0	4	0.0	0.0	0.0	0	0
Q65	5	MONDO:0005148	CHEBI:5855	0	4	0	0	0	4	0.0	0.0	0.0	0	0
Q65	6	MONDO:0005148	CHEBI:5855	0	4	0	0	0	4	0.0	0.0	0.0	0	0
Q65	7	MONDO:0005148	CHEBI:5855	0	4	0	0	0	4	0.0	0.0	0.0	0	0
Q65	8	MONDO:0005148	CHEBI:5855	0	4	0	0	0	4	0.0	0.0	0.0	0	0
Q65	9	MONDO:0005148	CHEBI:5855	0	4	0	0	0	4	0.0	0.0	0.0	0	0
Q65	10	MONDO:0005148	CHEBI:5855	0	4	0	0	0	4	0.0	0.0	0.0	0	0
Q65	11	MONDO:0005148	CHEBI:5855	0	4	0	0	0	4	0.0	0.0	0.0	0	0
Q65	12	MONDO:0005148	CHEBI:5855	0	4	0	0	0	4	0.0	0.0	0.0	0	0
Q65	13	MONDO:0005148	CHEBI:5855	0	4	0	0	0	4	0.0	0.0	0.0	0	0
Q65	14	MONDO:0005148	CHEBI:5855	0	4	0	0	0	4	0.0	0.0	0.0	0	0
Q65	15	MONDO:0005148	CHEBI:5855	0	4	0	0	0	4	0.0	0.0	0.0	0	0
Q65	16	MONDO:0005148	CHEBI:5855	0	4	0	0	0	4	0.0	0.0	0.0	0	0
Q65	17	MONDO:0005148	CHEBI:5855	0	4	0	0	0	4	0.0	0.0	0.0	0	0
Q65	18	MONDO:0005148	CHEBI:5855	0	4	0	0	0	4	0.0	0.0	0.0	0	0
Q65	19	MONDO:0005148	CHEBI:5855	0	4	0	0	0	4	0.0	0.0	0.0	0	0
Q65	20	MONDO:0005148	CHEBI:5855	0	4	0	0	0	4	0.0	0.0	0.0	0	0
Q65	21	MONDO:0005148	CHEBI:5855	0	4	0	0	0	4	0.0	0.0	0.0	0	0
Q65	22	MONDO:0005148	CHEBI:5855	0	4	0	0	0	4	0.0	0.0	0.0	0	0
Q65	23	MONDO:0005148	CHEBI:5855	0	4	0	0	0	4	0.0	0.0	0.0	0	0
Q65	24	MONDO:0005148	CHEBI:5855	0	4	0	0	0	4	0.0	0.0	0.0	0	0
Q65	25	MONDO:0005148	CHEBI:5855	0	4	0	0	0	4	0.0	0.0	0.0	0	0
Q66	1	NCBIGene:675	CHEBI:6801	1	1	0	0	1	1	0.0	0.0	0.0	1	0
Q66	2	NCBIGene:675	CHEBI:6801	1	1	0	0	1	1	0.0	0.0	0.0	1	0
Q66	3	NCBIGene:675	CHEBI:6801	1	1	0	0	1	1	0.0	0.0	0.0	1	0
Q66	4	NCBIGene:675	CHEBI:6801	1	1	0	0	1	1	0.0	0.0	0.0	1	0
Q66	5	NCBIGene:675	CHEBI:6801	1	1	0	0	1	1	0.0	0.0	0.0	1	0
Q66	6	NCBIGene:675	CHEBI:6801	1	1	0	0	1	1	0.0	0.0	0.0	1	0
Q66	7	NCBIGene:675	CHEBI:6801	1	1	0	0	1	1	0.0	0.0	0.0	1	0
Q66	8	NCBIGene:675	CHEBI:6801	1	1	0	0	1	1	0.0	0.0	0.0	1	0
Q66	9	NCBIGene:675	CHEBI:6801	1	1	0	0	1	1	0.0	0.0	0.0	1	0
Q66	10	NCBIGene:675	CHEBI:6801	1	1	0	0	1	1	0.0	0.0	0.0	1	0
Q66	11	NCBIGene:675	CHEBI:6801	1	1	0	0	1	1	0.0	0.0	0.0	1	0
Q66	12	NCBIGene:675	CHEBI:6801	1	1	0	0	1	1	0.0	0.0	0.0	1	0
Q66	13	NCBIGene:675	CHEBI:6801	1	1	0	0	1	1	0.0	0.0	0.0	1	0
Q66	14	NCBIGene:675	CHEBI:6801	1	1	0	0	1	1	0.0	0.0	0.0	1	0
Q66	15	NCBIGene:675	CHEBI:6801	1	1	0	0	1	1	0.0	0.0	0.0	1	0
Q66	16	NCBIGene:675	CHEBI:6801	1	1	0	0	1	1	0.0	0.0	0.0	1	0
Q66	17	NCBIGene:675	CHEBI:6801	1	1	0	0	1	1	0.0	0.0	0.0	1	0
Q66	18	NCBIGene:675	CHEBI:6801	1	1	0	0	1	1	0.0	0.0	0.0	1	0
Q66	19	NCBIGene:675	CHEBI:6801	1	1	0	0	1	1	0.0	0.0	0.0	1	0
Q66	20	NCBIGene:675	CHEBI:6801	1	1	0	0	1	1	0.0	0.0	0.0	1	0
Q66	21	NCBIGene:675	CHEBI:6801	1	1	0	0	1	1	0.0	0.0	0.0	1	0
Q66	22	NCBIGene:675	CHEBI:6801	1	1	0	0	1	1	0.0	0.0	0.0	1	0
Q66	23	NCBIGene:675	CHEBI:6801	1	1	0	0	1	1	0.0	0.0	0.0	1	0
Q66	24	NCBIGene:675	CHEBI:6801	1	1	0	0	1	1	0.0	0.0	0.0	1	0
Q66	25	NCBIGene:675	CHEBI:6801	1	1	0	0	1	1	0.0	0.0	0.0	1	0
Q67	1	NCBIGene:3569	CHEBI:15365	1	1	0	0	1	1	0.0	0.0	0.0	1	0
Q67	2	NCBIGene:3569	CHEBI:15365	1	1	0	0	1	1	0.0	0.0	0.0	1	0
Q67	3	NCBIGene:3569	CHEBI:15365	1	1	0	0	1	1	0.0	0.0	0.0	1	0
Q67	4	NCBIGene:3569	CHEBI:15365	1	1	0	0	1	1	0.0	0.0	0.0	1	0
Q67	5	NCBIGene:3569	CHEBI:15365	1	1	0	0	1	1	0.0	0.0	0.0	1	0
Q67	6	NCBIGene:3569	CHEBI:15365	1	1	0	0	1	1	0.0	0.0	0.0	1	0
Q67	7	NCBIGene:3569	CHEBI:15365	1	1	0	0	1	1	0.0	0.0	0.0	1	0
Q67	8	NCBIGene:3569	CHEBI:15365	1	1	0	0	1	1	0.0	0.0	0.0	1	0
Q67	9	NCBIGene:3569	CHEBI:15365	1	1	0	0	1	1	0.0	0.0	0.0	1	0
Q67	10	NCBIGene:3569	CHEBI:15365	1	1	0	0	1	1	0.0	0.0	0.0	1	0
Q67	11	NCBIGene:3569	CHEBI:15365	1	1	0	0	1	1	0.0	0.0	0.0	1	0
Q67	12	NCBIGene:3569	CHEBI:15365	1	1	0	0	1	1	0.0	0.0	0.0	1	0
Q67	13	NCBIGene:3569	CHEBI:15365	1	1	0	0	1	1	0.0	0.0	0.0	1	0
Q67	14	NCBIGene:3569	CHEBI:15365	1	1	0	0	1	1	0.0	0.0	0.0	1	0
Q67	15	NCBIGene:3569	CHEBI:15365	1	1	0	0	1	1	0.0	0.0	0.0	1	0
Q67	16	NCBIGene:3569	CHEBI:15365	1	1	0	0	1	1	0.0	0.0	0.0	1	0
Q67	17	NCBIGene:3569	CHEBI:15365	1	1	0	0	1	1	0.0	0.0	0.0	1	0
Q67	18	NCBIGene:3569	CHEBI:15365	1	1	0	0	1	1	0.0	0.0	0.0	1	0
Q67	19	NCBIGene:3569	CHEBI:15365	1	1	0	0	1	1	0.0	0.0	0.0	1	0
Q67	20	NCBIGene:3569	CHEBI:15365	1	1	0	0	1	1	0.0	0.0	0.0	1	0
Q67	21	NCBIGene:3569	CHEBI:15365	1	1	0	0	1	1	0.0	0.0	0.0	1	0
Q67	22	NCBIGene:3569	CHEBI:15365	1	1	0	0	1	1	0.0	0.0	0.0	1	0
Q67	23	NCBIGene:3569	CHEBI:15365	1	1	0	0	1	1	0.0	0.0	0.0	1	0
Q67	24	NCBIGene:3569	CHEBI:15365	1	1	0	0	1	1	0.0	0.0	0.0	1	0
Q67	25	NCBIGene:3569	CHEBI:15365	1	1	0	0	1	1	0.0	0.0	0.0	1	0
Q68	1	NCBIGene:7157	CHEBI:41774	1	2	0	0	1	2	0.0	0.0	0.0	1	0
Q68	2	NCBIGene:7157	CHEBI:41774	1	2	0	0	1	2	0.0	0.0	0.0	1	0
Q68	3	NCBIGene:7157	CHEBI:41774	1	2	0	0	1	2	0.0	0.0	0.0	1	0
Q68	4	NCBIGene:7157	CHEBI:41774	1	2	0	0	1	2	0.0	0.0	0.0	1	0
Q68	5	NCBIGene:7157	CHEBI:41774	1	2	0	0	1	2	0.0	0.0	0.0	1	0
Q68	6	NCBIGene:7157	CHEBI:41774	1	2	0	0	1	2	0.0	0.0	0.0	1	0
Q68	7	NCBIGene:7157	CHEBI:41774	1	2	0	0	1	2	0.0	0.0	0.0	1	0
Q68	8	NCBIGene:7157	CHEBI:41774	1	2	0	0	1	2	0.0	0.0	0.0	1	0
Q68	9	NCBIGene:7157	CHEBI:41774	1	2	0	0	1	2	0.0	0.0	0.0	1	0
Q68	10	NCBIGene:7157	CHEBI:41774	1	2	0	0	1	2	0.0	0.0	0.0	1	0
Q68	11	NCBIGene:7157	CHEBI:41774	1	2	0	0	1	2	0.0	0.0	0.0	1	0
Q68	12	NCBIGene:7157	CHEBI:41774	1	2	0	0	1	2	0.0	0.0	0.0	1	0
Q68	13	NCBIGene:7157	CHEBI:41774	1	2	0	0	1	2	0.0	0.0	0.0	1	0
Q68	14	NCBIGene:7157	CHEBI:41774	1	2	0	0	1	2	0.0	0.0	0.0	1	0
Q68	15	NCBIGene:7157	CHEBI:41774	1	2	0	0	1	2	0.0	0.0	0.0	1	0
Q68	16	NCBIGene:7157	CHEBI:41774	1	2	0	0	1	2	0.0	0.0	0.0	1	0
Q68	17	NCBIGene:7157	CHEBI:41774	1	2	0	0	1	2	0.0	0.0	0.0	1	0
Q68	18	NCBIGene:7157	CHEBI:41774	1	2	0	0	1	2	0.0	0.0	0.0	1	0
Q68	19	NCBIGene:7157	CHEBI:41774	1	2	0	0	1	2	0.0	0.0	0.0	1	0
Q68	20	NCBIGene:7157	CHEBI:41774	1	2	0	0	1	2	0.0	0.0	0.0	1	0
Q68	21	NCBIGene:7157	CHEBI:41774	1	2	0	0	1	2	0.0	0.0	0.0	1	0
Q68	22	NCBIGene:7157	CHEBI:41774	1	2	0	0	1	2	0.0	0.0	0.0	1	0
Q68	23	NCBIGene:7157	CHEBI:41774	1	2	0	0	1	2	0.0	0.0	0.0	1	0
Q68	24	NCBIGene:7157	CHEBI:41774	1	2	0	0	1	2	0.0	0.0	0.0	1	0
Q68	25	NCBIGene:7157	CHEBI:41774	1	2	0	0	1	2	0.0	0.0	0.0	1	0
Q69	1	NCBIGene:3569	CHEBI:27899	1	2	0	0	1	2	0.0	0.0	0.0	1	0
Q69	2	NCBIGene:3569	CHEBI:27899	1	2	0	0	1	2	0.0	0.0	0.0	1	0
Q69	3	NCBIGene:3569	CHEBI:27899	1	2	0	0	1	2	0.0	0.0	0.0	1	0
Q69	4	NCBIGene:3569	CHEBI:27899	0	2	0	0	0	2	0.0	0.0	0.0	0	0
Q69	5	NCBIGene:3569	CHEBI:27899	1	2	0	0	1	2	0.0	0.0	0.0	1	0
Q69	6	NCBIGene:3569	CHEBI:27899	0	2	0	0	0	2	0.0	0.0	0.0	0	0
Q69	7	NCBIGene:3569	CHEBI:27899	1	2	0	0	1	2	0.0	0.0	0.0	1	0
Q69	8	NCBIGene:3569	CHEBI:27899	0	2	0	0	0	2	0.0	0.0	0.0	0	0
Q69	9	NCBIGene:3569	CHEBI:27899	1	2	0	0	1	2	0.0	0.0	0.0	1	0
Q69	10	NCBIGene:3569	CHEBI:27899	1	2	0	0	1	2	0.0	0.0	0.0	1	0
Q69	11	NCBIGene:3569	CHEBI:27899	1	2	0	0	1	2	0.0	0.0	0.0	1	0
Q69	12	NCBIGene:3569	CHEBI:27899	1	2	0	0	1	2	0.0	0.0	0.0	1	0
Q69	13	NCBIGene:3569	CHEBI:27899	1	2	0	0	1	2	0.0	0.0	0.0	1	0
Q69	14	NCBIGene:3569	CHEBI:27899	1	2	0	0	1	2	0.0	0.0	0.0	1	0
Q69	15	NCBIGene:3569	CHEBI:27899	1	2	0	0	1	2	0.0	0.0	0.0	1	0
Q69	16	NCBIGene:3569	CHEBI:27899	1	2	0	0	1	2	0.0	0.0	0.0	1	0
Q69	17	NCBIGene:3569	CHEBI:27899	1	2	0	0	1	2	0.0	0.0	0.0	1	0
Q69	18	NCBIGene:3569	CHEBI:27899	1	2	0	0	1	2	0.0	0.0	0.0	1	0
Q69	19	NCBIGene:3569	CHEBI:27899	1	2	0	0	1	2	0.0	0.0	0.0	1	0
Q69	20	NCBIGene:3569	CHEBI:27899	1	2	0	0	1	2	0.0	0.0	0.0	1	0
Q69	21	NCBIGene:3569	CHEBI:27899	1	2	0	0	1	2	0.0	0.0	0.0	1	0
Q69	22	NCBIGene:3569	CHEBI:27899	1	2	0	0	1	2	0.0	0.0	0.0	1	0
Q69	23	NCBIGene:3569	CHEBI:27899	1	2	0	0	1	2	0.0	0.0	0.0	1	0
Q69	24	NCBIGene:3569	CHEBI:27899	1	2	0	0	1	2	0.0	0.0	0.0	1	0
Q69	25	NCBIGene:3569	CHEBI:27899	1	2	0	0	1	2	0.0	0.0	0.0	1	0
Q70	1	NCBIGene:672	CHEBI:41879	1	1	0	0	1	1	0.0	0.0	0.0	1	0
Q70	2	NCBIGene:672	CHEBI:41879	1	1	0	0	1	1	0.0	0.0	0.0	1	0
Q70	3	NCBIGene:672	CHEBI:41879	1	1	0	0	1	1	0.0	0.0	0.0	1	0
Q70	4	NCBIGene:672	CHEBI:41879	1	1	0	0	1	1	0.0	0.0	0.0	1	0
Q70	5	NCBIGene:672	CHEBI:41879	1	1	0	0	1	1	0.0	0.0	0.0	1	0
Q70	6	NCBIGene:672	CHEBI:41879	1	1	0	0	1	1	0.0	0.0	0.0	1	0
Q70	7	NCBIGene:672	CHEBI:41879	1	1	0	0	1	1	0.0	0.0	0.0	1	0
Q70	8	NCBIGene:672	CHEBI:41879	1	1	0	0	1	1	0.0	0.0	0.0	1	0
Q70	9	NCBIGene:672	CHEBI:41879	1	1	0	0	1	1	0.0	0.0	0.0	1	0
Q70	10	NCBIGene:672	CHEBI:41879	1	1	0	0	1	1	0.0	0.0	0.0	1	0
Q70	11	NCBIGene:672	CHEBI:41879	1	1	0	0	1	1	0.0	0.0	0.0	1	0
Q70	12	NCBIGene:672	CHEBI:41879	1	1	0	0	1	1	0.0	0.0	0.0	1	0
Q70	13	NCBIGene:672	CHEBI:41879	1	1	0	0	1	1	0.0	0.0	0.0	1	0
Q70	14	NCBIGene:672	CHEBI:41879	1	1	0	0	1	1	0.0	0.0	0.0	1	0
Q70	15	NCBIGene:672	CHEBI:41879	1	1	0	0	1	1	0.0	0.0	0.0	1	0
Q70	16	NCBIGene:672	CHEBI:41879	1	1	0	0	1	1	0.0	0.0	0.0	1	0
Q70	17	NCBIGene:672	CHEBI:41879	1	1	0	0	1	1	0.0	0.0	0.0	1	0
Q70	18	NCBIGene:672	CHEBI:41879	1	1	0	0	1	1	0.0	0.0	0.0	1	0
Q70	19	NCBIGene:672	CHEBI:41879	1	1	0	0	1	1	0.0	0.0	0.0	1	0
Q70	20	NCBIGene:672	CHEBI:41879	1	1	0	0	1	1	0.0	0.0	0.0	1	0
Q70	21	NCBIGene:672	CHEBI:41879	1	1	0	0	1	1	0.0	0.0	0.0	1	0
Q70	22	NCBIGene:672	CHEBI:41879	1	1	0	0	1	1	0.0	0.0	0.0	1	0
Q70	23	NCBIGene:672	CHEBI:41879	1	1	0	0	1	1	0.0	0.0	0.0	1	0
Q70	24	NCBIGene:672	CHEBI:41879	1	1	0	0	1	1	0.0	0.0	0.0	1	0
Q70	25	NCBIGene:672	CHEBI:41879	1	1	0	0	1	1	0.0	0.0	0.0	1	0
Q71	1	MONDO:0005180	NCBIGene:7124	1	2	0	0	1	2	0.0	0.0	0.0	1	0
Q71	2	MONDO:0005180	NCBIGene:7124	1	2	0	0	1	2	0.0	0.0	0.0	1	0
Q71	3	MONDO:0005180	NCBIGene:7124	1	2	0	0	1	2	0.0	0.0	0.0	1	0
Q71	4	MONDO:0005180	NCBIGene:7124	1	2	0	0	1	2	0.0	0.0	0.0	1	0
Q71	5	MONDO:0005180	NCBIGene:7124	1	2	0	0	1	2	0.0	0.0	0.0	1	0
Q71	6	MONDO:0005180	NCBIGene:7124	1	2	0	0	1	2	0.0	0.0	0.0	1	0
Q71	7	MONDO:0005180	NCBIGene:7124	1	2	0	0	1	2	0.0	0.0	0.0	1	0
Q71	8	MONDO:0005180	NCBIGene:7124	1	2	0	0	1	2	0.0	0.0	0.0	1	0
Q71	9	MONDO:0005180	NCBIGene:7124	1	2	0	0	1	2	0.0	0.0	0.0	1	0
Q71	10	MONDO:0005180	NCBIGene:7124	1	2	0	0	1	2	0.0	0.0	0.0	1	0
Q71	11	MONDO:0005180	NCBIGene:7124	1	2	0	0	1	2	0.0	0.0	0.0	1	0
Q71	12	MONDO:0005180	NCBIGene:7124	1	2	0	0	1	2	0.0	0.0	0.0	1	0
Q71	13	MONDO:0005180	NCBIGene:7124	1	2	0	0	1	2	0.0	0.0	0.0	1	0
Q71	14	MONDO:0005180	NCBIGene:7124	1	2	0	0	1	2	0.0	0.0	0.0	1	0
Q71	15	MONDO:0005180	NCBIGene:7124	1	2	0	0	1	2	0.0	0.0	0.0	1	0
Q71	16	MONDO:0005180	NCBIGene:7124	1	2	0	0	1	2	0.0	0.0	0.0	1	0
Q71	17	MONDO:0005180	NCBIGene:7124	1	2	0	0	1	2	0.0	0.0	0.0	1	0
Q71	18	MONDO:0005180	NCBIGene:7124	1	2	0	0	1	2	0.0	0.0	0.0	1	0
Q71	19	MONDO:0005180	NCBIGene:7124	1	2	0	0	1	2	0.0	0.0	0.0	1	0
Q71	20	MONDO:0005180	NCBIGene:7124	1	2	0	0	1	2	0.0	0.0	0.0	1	0
Q71	21	MONDO:0005180	NCBIGene:7124	1	2	0	0	1	2	0.0	0.0	0.0	1	0
Q71	22	MONDO:0005180	NCBIGene:7124	1	2	0	0	1	2	0.0	0.0	0.0	1	0
Q71	23	MONDO:0005180	NCBIGene:7124	1	2	0	0	1	2	0.0	0.0	0.0	1	0
Q71	24	MONDO:0005180	NCBIGene:7124	1	2	0	0	1	2	0.0	0.0	0.0	1	0
Q71	25	MONDO:0005180	NCBIGene:7124	1	2	0	0	1	2	0.0	0.0	0.0	1	0
Q72	1	MONDO:0008383	NCBIGene:1956	1	1	0	0	1	1	0.0	0.0	0.0	1	0
Q72	2	MONDO:0008383	NCBIGene:1956	1	1	0	0	1	1	0.0	0.0	0.0	1	0
Q72	3	MONDO:0008383	NCBIGene:1956	1	1	0	0	1	1	0.0	0.0	0.0	1	0
Q72	4	MONDO:0008383	NCBIGene:1956	1	1	0	0	1	1	0.0	0.0	0.0	1	0
Q72	5	MONDO:0008383	NCBIGene:1956	1	1	0	0	1	1	0.0	0.0	0.0	1	0
Q72	6	MONDO:0008383	NCBIGene:1956	1	1	0	0	1	1	0.0	0.0	0.0	1	0
Q72	7	MONDO:0008383	NCBIGene:1956	1	1	0	0	1	1	0.0	0.0	0.0	1	0
Q72	8	MONDO:0008383	NCBIGene:1956	1	1	0	0	1	1	0.0	0.0	0.0	1	0
Q72	9	MONDO:0008383	NCBIGene:1956	1	1	0	0	1	1	0.0	0.0	0.0	1	0
Q72	10	MONDO:0008383	NCBIGene:1956	1	1	0	0	1	1	0.0	0.0	0.0	1	0
Q72	11	MONDO:0008383	NCBIGene:1956	1	1	0	0	1	1	0.0	0.0	0.0	1	0
Q72	12	MONDO:0008383	NCBIGene:1956	1	1	0	0	1	1	0.0	0.0	0.0	1	0
Q72	13	MONDO:0008383	NCBIGene:1956	1	1	0	0	1	1	0.0	0.0	0.0	1	0
Q72	14	MONDO:0008383	NCBIGene:1956	1	1	0	0	1	1	0.0	0.0	0.0	1	0
Q72	15	MONDO:0008383	NCBIGene:1956	1	1	0	0	1	1	0.0	0.0	0.0	1	0
Q72	16	MONDO:0008383	NCBIGene:1956	1	1	0	0	1	1	0.0	0.0	0.0	1	0
Q72	17	MONDO:0008383	NCBIGene:1956	1	1	0	0	1	1	0.0	0.0	0.0	1	0
Q72	18	MONDO:0008383	NCBIGene:1956	1	1	0	0	1	1	0.0	0.0	0.0	1	0
Q72	19	MONDO:0008383	NCBIGene:1956	1	1	0	0	1	1	0.0	0.0	0.0	1	0
Q72	20	MONDO:0008383	NCBIGene:1956	1	1	0	0	1	1	0.0	0.0	0.0	1	0
Q72	21	MONDO:0008383	NCBIGene:1956	1	1	0	0	1	1	0.0	0.0	0.0	1	0
Q72	22	MONDO:0008383	NCBIGene:1956	1	1	0	0	1	1	0.0	0.0	0.0	1	0
Q72	23	MONDO:0008383	NCBIGene:1956	1	1	0	0	1	1	0.0	0.0	0.0	1	0
Q72	24	MONDO:0008383	NCBIGene:1956	1	1	0	0	1	1	0.0	0.0	0.0	1	0
Q72	25	MONDO:0008383	NCBIGene:1956	1	1	0	0	1	1	0.0	0.0	0.0	1	0
Q73	1	MONDO:0005300	CHEBI:10033	0	10	0	0	0	10	0.0	0.0	0.0	0	0
Q73	2	MONDO:0005300	CHEBI:10033	0	10	0	0	0	10	0.0	0.0	0.0	0	0
Q73	3	MONDO:0005300	CHEBI:10033	0	10	0	0	0	10	0.0	0.0	0.0	0	0
Q73	4	MONDO:0005300	CHEBI:10033	0	10	0	0	0	10	0.0	0.0	0.0	0	0
Q73	5	MONDO:0005300	CHEBI:10033	0	10	0	0	0	10	0.0	0.0	0.0	0	0
Q73	6	MONDO:0005300	CHEBI:10033	0	10	0	0	0	10	0.0	0.0	0.0	0	0
Q73	7	MONDO:0005300	CHEBI:10033	0	10	0	0	0	10	0.0	0.0	0.0	0	0
Q73	8	MONDO:0005300	CHEBI:10033	0	10	0	0	0	10	0.0	0.0	0.0	0	0
Q73	9	MONDO:0005300	CHEBI:10033	0	10	0	0	0	10	0.0	0.0	0.0	0	0
Q73	10	MONDO:0005300	CHEBI:10033	0	10	0	0	0	10	0.0	0.0	0.0	0	0
Q73	11	MONDO:0005300	CHEBI:10033	0	10	0	0	0	10	0.0	0.0	0.0	0	0
Q73	12	MONDO:0005300	CHEBI:10033	0	10	0	0	0	10	0.0	0.0	0.0	0	0
Q73	13	MONDO:0005300	CHEBI:10033	0	10	0	0	0	10	0.0	0.0	0.0	0	0
Q73	14	MONDO:0005300	CHEBI:10033	0	10	0	0	0	10	0.0	0.0	0.0	0	0
Q73	15	MONDO:0005300	CHEBI:10033	0	10	0	0	0	10	0.0	0.0	0.0	0	0
Q73	16	MONDO:0005300	CHEBI:10033	0	10	0	0	0	10	0.0	0.0	0.0	0	0
Q73	17	MONDO:0005300	CHEBI:10033	0	10	0	0	0	10	0.0	0.0	0.0	0	0
Q73	18	MONDO:0005300	CHEBI:10033	0	10	0	0	0	10	0.0	0.0	0.0	0	0
Q73	19	MONDO:0005300	CHEBI:10033	0	10	0	0	0	10	0.0	0.0	0.0	0	0
Q73	20	MONDO:0005300	CHEBI:10033	0	10	0	0	0	10	0.0	0.0	0.0	0	0
Q73	21	MONDO:0005300	CHEBI:10033	0	10	0	0	0	10	0.0	0.0	0.0	0	0
Q73	22	MONDO:0005300	CHEBI:10033	0	10	0	0	0	10	0.0	0.0	0.0	0	0
Q73	23	MONDO:0005300	CHEBI:10033	0	10	0	0	0	10	0.0	0.0	0.0	0	0
Q73	24	MONDO:0005300	CHEBI:10033	0	10	0	0	0	10	0.0	0.0	0.0	0	0
Q73	25	MONDO:0005300	CHEBI:10033	0	10	0	0	0	10	0.0	0.0	0.0	0	0
Q74	1	MONDO:0005180	CHEBI:15365	1	4	0	0	1	4	0.0	0.0	0.0	1	0
Q74	2	MONDO:0005180	CHEBI:15365	1	4	0	0	1	4	0.0	0.0	0.0	1	0
Q74	3	MONDO:0005180	CHEBI:15365	1	4	0	0	1	4	0.0	0.0	0.0	1	0
Q74	4	MONDO:0005180	CHEBI:15365	1	4	0	0	1	4	0.0	0.0	0.0	1	0
Q74	5	MONDO:0005180	CHEBI:15365	1	4	0	0	1	4	0.0	0.0	0.0	1	0
Q74	6	MONDO:0005180	CHEBI:15365	1	4	0	0	1	4	0.0	0.0	0.0	1	0
Q74	7	MONDO:0005180	CHEBI:15365	1	4	0	0	1	4	0.0	0.0	0.0	1	0
Q74	8	MONDO:0005180	CHEBI:15365	1	4	0	0	1	4	0.0	0.0	0.0	1	0
Q74	9	MONDO:0005180	CHEBI:15365	1	4	0	0	1	4	0.0	0.0	0.0	1	0
Q74	10	MONDO:0005180	CHEBI:15365	1	4	0	0	1	4	0.0	0.0	0.0	1	0
Q74	11	MONDO:0005180	CHEBI:15365	1	4	0	0	1	4	0.0	0.0	0.0	1	0
Q74	12	MONDO:0005180	CHEBI:15365	1	4	0	0	1	4	0.0	0.0	0.0	1	0
Q74	13	MONDO:0005180	CHEBI:15365	1	4	0	0	1	4	0.0	0.0	0.0	1	0
Q74	14	MONDO:0005180	CHEBI:15365	1	4	0	0	1	4	0.0	0.0	0.0	1	0
Q74	15	MONDO:0005180	CHEBI:15365	1	4	0	0	1	4	0.0	0.0	0.0	1	0
Q74	16	MONDO:0005180	CHEBI:15365	1	4	0	0	1	4	0.0	0.0	0.0	1	0
Q74	17	MONDO:0005180	CHEBI:15365	1	4	0	0	1	4	0.0	0.0	0.0	1	0
Q74	18	MONDO:0005180	CHEBI:15365	0	4	0	0	0	4	0.0	0.0	0.0	0	0
Q74	19	MONDO:0005180	CHEBI:15365	1	4	0	0	1	4	0.0	0.0	0.0	1	0
Q74	20	MONDO:0005180	CHEBI:15365	1	4	0	0	1	4	0.0	0.0	0.0	1	0
Q74	21	MONDO:0005180	CHEBI:15365	1	4	0	0	1	4	0.0	0.0	0.0	1	0
Q74	22	MONDO:0005180	CHEBI:15365	1	4	0	0	1	4	0.0	0.0	0.0	1	0
Q74	23	MONDO:0005180	CHEBI:15365	1	4	0	0	1	4	0.0	0.0	0.0	1	0
Q74	24	MONDO:0005180	CHEBI:15365	1	4	0	0	1	4	0.0	0.0	0.0	1	0
Q74	25	MONDO:0005180	CHEBI:15365	1	4	0	0	1	4	0.0	0.0	0.0	1	0
Q75	1	MONDO:0007254	NCBIGene:348	1	3	0	0	1	3	0.0	0.0	0.0	1	0
Q75	2	MONDO:0007254	NCBIGene:348	1	3	0	0	1	3	0.0	0.0	0.0	1	0
Q75	3	MONDO:0007254	NCBIGene:348	1	3	0	0	1	3	0.0	0.0	0.0	1	0
Q75	4	MONDO:0007254	NCBIGene:348	1	3	0	0	1	3	0.0	0.0	0.0	1	0
Q75	5	MONDO:0007254	NCBIGene:348	1	3	0	0	1	3	0.0	0.0	0.0	1	0
Q75	6	MONDO:0007254	NCBIGene:348	1	3	0	0	1	3	0.0	0.0	0.0	1	0
Q75	7	MONDO:0007254	NCBIGene:348	1	3	0	0	1	3	0.0	0.0	0.0	1	0
Q75	8	MONDO:0007254	NCBIGene:348	1	3	0	0	1	3	0.0	0.0	0.0	1	0
Q75	9	MONDO:0007254	NCBIGene:348	1	3	0	0	1	3	0.0	0.0	0.0	1	0
Q75	10	MONDO:0007254	NCBIGene:348	1	3	0	0	1	3	0.0	0.0	0.0	1	0
Q75	11	MONDO:0007254	NCBIGene:348	1	3	0	0	1	3	0.0	0.0	0.0	1	0
Q75	12	MONDO:0007254	NCBIGene:348	1	3	0	0	1	3	0.0	0.0	0.0	1	0
Q75	13	MONDO:0007254	NCBIGene:348	1	3	0	0	1	3	0.0	0.0	0.0	1	0
Q75	14	MONDO:0007254	NCBIGene:348	1	3	0	0	1	3	0.0	0.0	0.0	1	0
Q75	15	MONDO:0007254	NCBIGene:348	1	3	0	0	1	3	0.0	0.0	0.0	1	0
Q75	16	MONDO:0007254	NCBIGene:348	1	3	0	0	1	3	0.0	0.0	0.0	1	0
Q75	17	MONDO:0007254	NCBIGene:348	1	3	0	0	1	3	0.0	0.0	0.0	1	0
Q75	18	MONDO:0007254	NCBIGene:348	1	3	0	0	1	3	0.0	0.0	0.0	1	0
Q75	19	MONDO:0007254	NCBIGene:348	1	3	0	0	1	3	0.0	0.0	0.0	1	0
Q75	20	MONDO:0007254	NCBIGene:348	1	3	0	0	1	3	0.0	0.0	0.0	1	0
Q75	21	MONDO:0007254	NCBIGene:348	1	3	0	0	1	3	0.0	0.0	0.0	1	0
Q75	22	MONDO:0007254	NCBIGene:348	1	3	0	0	1	3	0.0	0.0	0.0	1	0
Q75	23	MONDO:0007254	NCBIGene:348	1	3	0	0	1	3	0.0	0.0	0.0	1	0
Q75	24	MONDO:0007254	NCBIGene:348	1	3	0	0	1	3	0.0	0.0	0.0	1	0
Q75	25	MONDO:0007254	NCBIGene:348	1	3	0	0	1	3	0.0	0.0	0.0	1	0
Q76	1	MONDO:0005148	NCBIGene:3630	1	2	0	0	1	2	0.0	0.0	0.0	1	0
Q76	2	MONDO:0005148	NCBIGene:3630	1	2	0	0	1	2	0.0	0.0	0.0	1	0
Q76	3	MONDO:0005148	NCBIGene:3630	1	2	0	0	1	2	0.0	0.0	0.0	1	0
Q76	4	MONDO:0005148	NCBIGene:3630	1	2	0	0	1	2	0.0	0.0	0.0	1	0
Q76	5	MONDO:0005148	NCBIGene:3630	1	2	0	0	1	2	0.0	0.0	0.0	1	0
Q76	6	MONDO:0005148	NCBIGene:3630	1	2	0	0	1	2	0.0	0.0	0.0	1	0
Q76	7	MONDO:0005148	NCBIGene:3630	1	2	0	0	1	2	0.0	0.0	0.0	1	0
Q76	8	MONDO:0005148	NCBIGene:3630	1	2	0	0	1	2	0.0	0.0	0.0	1	0
Q76	9	MONDO:0005148	NCBIGene:3630	1	2	0	0	1	2	0.0	0.0	0.0	1	0
Q76	10	MONDO:0005148	NCBIGene:3630	1	2	0	0	1	2	0.0	0.0	0.0	1	0
Q76	11	MONDO:0005148	NCBIGene:3630	1	2	0	0	1	2	0.0	0.0	0.0	1	0
Q76	12	MONDO:0005148	NCBIGene:3630	1	2	0	0	1	2	0.0	0.0	0.0	1	0
Q76	13	MONDO:0005148	NCBIGene:3630	1	2	0	0	1	2	0.0	0.0	0.0	1	0
Q76	14	MONDO:0005148	NCBIGene:3630	1	2	0	0	1	2	0.0	0.0	0.0	1	0
Q76	15	MONDO:0005148	NCBIGene:3630	1	2	0	0	1	2	0.0	0.0	0.0	1	0
Q76	16	MONDO:0005148	NCBIGene:3630	1	2	0	0	1	2	0.0	0.0	0.0	1	0
Q76	17	MONDO:0005148	NCBIGene:3630	1	2	0	0	1	2	0.0	0.0	0.0	1	0
Q76	18	MONDO:0005148	NCBIGene:3630	1	2	0	0	1	2	0.0	0.0	0.0	1	0
Q76	19	MONDO:0005148	NCBIGene:3630	1	2	0	0	1	2	0.0	0.0	0.0	1	0
Q76	20	MONDO:0005148	NCBIGene:3630	1	2	0	0	1	2	0.0	0.0	0.0	1	0
Q76	21	MONDO:0005148	NCBIGene:3630	1	2	0	0	1	2	0.0	0.0	0.0	1	0
Q76	22	MONDO:0005148	NCBIGene:3630	1	2	0	0	1	2	0.0	0.0	0.0	1	0
Q76	23	MONDO:0005148	NCBIGene:3630	1	2	0	0	1	2	0.0	0.0	0.0	1	0
Q76	24	MONDO:0005148	NCBIGene:3630	1	2	0	0	1	2	0.0	0.0	0.0	1	0
Q76	25	MONDO:0005148	NCBIGene:3630	1	2	0	0	1	2	0.0	0.0	0.0	1	0
Q77	1	MONDO:0005061	NCBIGene:1956	1	5	0	0	1	5	0.0	0.0	0.0	1	0
Q77	2	MONDO:0005061	NCBIGene:1956	1	5	0	0	1	5	0.0	0.0	0.0	1	0
Q77	3	MONDO:0005061	NCBIGene:1956	1	5	0	0	1	5	0.0	0.0	0.0	1	0
Q77	4	MONDO:0005061	NCBIGene:1956	1	5	0	0	1	5	0.0	0.0	0.0	1	0
Q77	5	MONDO:0005061	NCBIGene:1956	1	5	0	0	1	5	0.0	0.0	0.0	1	0
Q77	6	MONDO:0005061	NCBIGene:1956	1	5	0	0	1	5	0.0	0.0	0.0	1	0
Q77	7	MONDO:0005061	NCBIGene:1956	1	5	0	0	1	5	0.0	0.0	0.0	1	0
Q77	8	MONDO:0005061	NCBIGene:1956	1	5	0	0	1	5	0.0	0.0	0.0	1	0
Q77	9	MONDO:0005061	NCBIGene:1956	1	5	0	0	1	5	0.0	0.0	0.0	1	0
Q77	10	MONDO:0005061	NCBIGene:1956	1	5	0	0	1	5	0.0	0.0	0.0	1	0
Q77	11	MONDO:0005061	NCBIGene:1956	1	5	0	0	1	5	0.0	0.0	0.0	1	0
Q77	12	MONDO:0005061	NCBIGene:1956	1	5	0	0	1	5	0.0	0.0	0.0	1	0
Q77	13	MONDO:0005061	NCBIGene:1956	1	5	0	0	1	5	0.0	0.0	0.0	1	0
Q77	14	MONDO:0005061	NCBIGene:1956	1	5	0	0	1	5	0.0	0.0	0.0	1	0
Q77	15	MONDO:0005061	NCBIGene:1956	1	5	0	0	1	5	0.0	0.0	0.0	1	0
Q77	16	MONDO:0005061	NCBIGene:1956	1	5	0	0	1	5	0.0	0.0	0.0	1	0
Q77	17	MONDO:0005061	NCBIGene:1956	1	5	0	0	1	5	0.0	0.0	0.0	1	0
Q77	18	MONDO:0005061	NCBIGene:1956	1	5	0	0	1	5	0.0	0.0	0.0	1	0
Q77	19	MONDO:0005061	NCBIGene:1956	1	5	0	0	1	5	0.0	0.0	0.0	1	0
Q77	20	MONDO:0005061	NCBIGene:1956	1	5	0	0	1	5	0.0	0.0	0.0	1	0
Q77	21	MONDO:0005061	NCBIGene:1956	1	5	0	0	1	5	0.0	0.0	0.0	1	0
Q77	22	MONDO:0005061	NCBIGene:1956	1	5	0	0	1	5	0.0	0.0	0.0	1	0
Q77	23	MONDO:0005061	NCBIGene:1956	1	5	0	0	1	5	0.0	0.0	0.0	1	0
Q77	24	MONDO:0005061	NCBIGene:1956	1	5	0	0	1	5	0.0	0.0	0.0	1	0
Q77	25	MONDO:0005061	NCBIGene:1956	1	5	0	0	1	5	0.0	0.0	0.0	1	0
Q78	1	MONDO:0004979	NCBIGene:3565	1	2	0	0	1	2	0.0	0.0	0.0	1	0
Q78	2	MONDO:0004979	NCBIGene:3565	1	2	0	0	1	2	0.0	0.0	0.0	1	0
Q78	3	MONDO:0004979	NCBIGene:3565	1	2	0	0	1	2	0.0	0.0	0.0	1	0
Q78	4	MONDO:0004979	NCBIGene:3565	1	2	0	0	1	2	0.0	0.0	0.0	1	0
Q78	5	MONDO:0004979	NCBIGene:3565	1	2	0	0	1	2	0.0	0.0	0.0	1	0
Q78	6	MONDO:0004979	NCBIGene:3565	1	2	0	0	1	2	0.0	0.0	0.0	1	0
Q78	7	MONDO:0004979	NCBIGene:3565	1	2	0	0	1	2	0.0	0.0	0.0	1	0
Q78	8	MONDO:0004979	NCBIGene:3565	1	2	0	0	1	2	0.0	0.0	0.0	1	0
Q78	9	MONDO:0004979	NCBIGene:3565	1	2	0	0	1	2	0.0	0.0	0.0	1	0
Q78	10	MONDO:0004979	NCBIGene:3565	1	2	0	0	1	2	0.0	0.0	0.0	1	0
Q78	11	MONDO:0004979	NCBIGene:3565	1	2	0	0	1	2	0.0	0.0	0.0	1	0
Q78	12	MONDO:0004979	NCBIGene:3565	1	2	0	0	1	2	0.0	0.0	0.0	1	0
Q78	13	MONDO:0004979	NCBIGene:3565	1	2	0	0	1	2	0.0	0.0	0.0	1	0
Q78	14	MONDO:0004979	NCBIGene:3565	1	2	0	0	1	2	0.0	0.0	0.0	1	0
Q78	15	MONDO:0004979	NCBIGene:3565	1	2	0	0	1	2	0.0	0.0	0.0	1	0
Q78	16	MONDO:0004979	NCBIGene:3565	1	2	0	0	1	2	0.0	0.0	0.0	1	0
Q78	17	MONDO:0004979	NCBIGene:3565	1	2	0	0	1	2	0.0	0.0	0.0	1	0
Q78	18	MONDO:0004979	NCBIGene:3565	1	2	0	0	1	2	0.0	0.0	0.0	1	0
Q78	19	MONDO:0004979	NCBIGene:3565	1	2	0	0	1	2	0.0	0.0	0.0	1	0
Q78	20	MONDO:0004979	NCBIGene:3565	1	2	0	0	1	2	0.0	0.0	0.0	1	0
Q78	21	MONDO:0004979	NCBIGene:3565	1	2	0	0	1	2	0.0	0.0	0.0	1	0
Q78	22	MONDO:0004979	NCBIGene:3565	1	2	0	0	1	2	0.0	0.0	0.0	1	0
Q78	23	MONDO:0004979	NCBIGene:3565	1	2	0	0	1	2	0.0	0.0	0.0	1	0
Q78	24	MONDO:0004979	NCBIGene:3565	1	2	0	0	1	2	0.0	0.0	0.0	1	0
Q78	25	MONDO:0004979	NCBIGene:3565	1	2	0	0	1	2	0.0	0.0	0.0	1	0
Q79	1	MONDO:0007915	NCBIGene:6775	1	3	0	0	1	3	0.0	0.0	0.0	1	0
Q79	2	MONDO:0007915	NCBIGene:6775	1	3	0	0	1	3	0.0	0.0	0.0	1	0
Q79	3	MONDO:0007915	NCBIGene:6775	1	3	0	0	1	3	0.0	0.0	0.0	1	0
Q79	4	MONDO:0007915	NCBIGene:6775	1	3	0	0	1	3	0.0	0.0	0.0	1	0
Q79	5	MONDO:0007915	NCBIGene:6775	1	3	0	0	1	3	0.0	0.0	0.0	1	0
Q79	6	MONDO:0007915	NCBIGene:6775	1	3	0	0	1	3	0.0	0.0	0.0	1	0
Q79	7	MONDO:0007915	NCBIGene:6775	1	3	0	0	1	3	0.0	0.0	0.0	1	0
Q79	8	MONDO:0007915	NCBIGene:6775	1	3	0	0	1	3	0.0	0.0	0.0	1	0
Q79	9	MONDO:0007915	NCBIGene:6775	1	3	0	0	1	3	0.0	0.0	0.0	1	0
Q79	10	MONDO:0007915	NCBIGene:6775	1	3	0	0	1	3	0.0	0.0	0.0	1	0
Q79	11	MONDO:0007915	NCBIGene:6775	1	3	0	0	1	3	0.0	0.0	0.0	1	0
Q79	12	MONDO:0007915	NCBIGene:6775	1	3	0	0	1	3	0.0	0.0	0.0	1	0
Q79	13	MONDO:0007915	NCBIGene:6775	1	3	0	0	1	3	0.0	0.0	0.0	1	0
Q79	14	MONDO:0007915	NCBIGene:6775	1	3	0	0	1	3	0.0	0.0	0.0	1	0
Q79	15	MONDO:0007915	NCBIGene:6775	1	3	0	0	1	3	0.0	0.0	0.0	1	0
Q79	16	MONDO:0007915	NCBIGene:6775	1	3	0	0	1	3	0.0	0.0	0.0	1	0
Q79	17	MONDO:0007915	NCBIGene:6775	1	3	0	0	1	3	0.0	0.0	0.0	1	0
Q79	18	MONDO:0007915	NCBIGene:6775	1	3	0	0	1	3	0.0	0.0	0.0	1	0
Q79	19	MONDO:0007915	NCBIGene:6775	1	3	0	0	1	3	0.0	0.0	0.0	1	0
Q79	20	MONDO:0007915	NCBIGene:6775	1	3	0	0	1	3	0.0	0.0	0.0	1	0
Q79	21	MONDO:0007915	NCBIGene:6775	1	3	0	0	1	3	0.0	0.0	0.0	1	0
Q79	22	MONDO:0007915	NCBIGene:6775	1	3	0	0	1	3	0.0	0.0	0.0	1	0
Q79	23	MONDO:0007915	NCBIGene:6775	1	3	0	0	1	3	0.0	0.0	0.0	1	0
Q79	24	MONDO:0007915	NCBIGene:6775	1	3	0	0	1	3	0.0	0.0	0.0	1	0
Q79	25	MONDO:0007915	NCBIGene:6775	1	3	0	0	1	3	0.0	0.0	0.0	1	0
Q80	1	MONDO:0005301	NCBIGene:3123	1	2	0	0	1	2	0.0	0.0	0.0	1	0
Q80	2	MONDO:0005301	NCBIGene:3123	1	2	0	0	1	2	0.0	0.0	0.0	1	0
Q80	3	MONDO:0005301	NCBIGene:3123	1	2	0	0	1	2	0.0	0.0	0.0	1	0
Q80	4	MONDO:0005301	NCBIGene:3123	1	2	0	0	1	2	0.0	0.0	0.0	1	0
Q80	5	MONDO:0005301	NCBIGene:3123	1	2	0	0	1	2	0.0	0.0	0.0	1	0
Q80	6	MONDO:0005301	NCBIGene:3123	1	2	0	0	1	2	0.0	0.0	0.0	1	0
Q80	7	MONDO:0005301	NCBIGene:3123	1	2	0	0	1	2	0.0	0.0	0.0	1	0
Q80	8	MONDO:0005301	NCBIGene:3123	1	2	0	0	1	2	0.0	0.0	0.0	1	0
Q80	9	MONDO:0005301	NCBIGene:3123	1	2	0	0	1	2	0.0	0.0	0.0	1	0
Q80	10	MONDO:0005301	NCBIGene:3123	1	2	0	0	1	2	0.0	0.0	0.0	1	0
Q80	11	MONDO:0005301	NCBIGene:3123	1	2	0	0	1	2	0.0	0.0	0.0	1	0
Q80	12	MONDO:0005301	NCBIGene:3123	1	2	0	0	1	2	0.0	0.0	0.0	1	0
Q80	13	MONDO:0005301	NCBIGene:3123	1	2	0	0	1	2	0.0	0.0	0.0	1	0
Q80	14	MONDO:0005301	NCBIGene:3123	1	2	0	0	1	2	0.0	0.0	0.0	1	0
Q80	15	MONDO:0005301	NCBIGene:3123	1	2	0	0	1	2	0.0	0.0	0.0	1	0
Q80	16	MONDO:0005301	NCBIGene:3123	1	2	0	0	1	2	0.0	0.0	0.0	1	0
Q80	17	MONDO:0005301	NCBIGene:3123	1	2	0	0	1	2	0.0	0.0	0.0	1	0
Q80	18	MONDO:0005301	NCBIGene:3123	1	2	0	0	1	2	0.0	0.0	0.0	1	0
Q80	19	MONDO:0005301	NCBIGene:3123	1	2	0	0	1	2	0.0	0.0	0.0	1	0
Q80	20	MONDO:0005301	NCBIGene:3123	1	2	0	0	1	2	0.0	0.0	0.0	1	0
Q80	21	MONDO:0005301	NCBIGene:3123	1	2	0	0	1	2	0.0	0.0	0.0	1	0
Q80	22	MONDO:0005301	NCBIGene:3123	1	2	0	0	1	2	0.0	0.0	0.0	1	0
Q80	23	MONDO:0005301	NCBIGene:3123	1	2	0	0	1	2	0.0	0.0	0.0	1	0
Q80	24	MONDO:0005301	NCBIGene:3123	1	2	0	0	1	2	0.0	0.0	0.0	1	0
Q80	25	MONDO:0005301	NCBIGene:3123	1	2	0	0	1	2	0.0	0.0	0.0	1	0
Q81	1	MONDO:0005148	NCBIGene:3952	1	2	0	0	1	2	0.0	0.0	0.0	1	0
Q81	2	MONDO:0005148	NCBIGene:3952	1	2	0	0	1	2	0.0	0.0	0.0	1	0
Q81	3	MONDO:0005148	NCBIGene:3952	1	2	0	0	1	2	0.0	0.0	0.0	1	0
Q81	4	MONDO:0005148	NCBIGene:3952	1	2	0	0	1	2	0.0	0.0	0.0	1	0
Q81	5	MONDO:0005148	NCBIGene:3952	1	2	0	0	1	2	0.0	0.0	0.0	1	0
Q81	6	MONDO:0005148	NCBIGene:3952	1	2	0	0	1	2	0.0	0.0	0.0	1	0
Q81	7	MONDO:0005148	NCBIGene:3952	1	2	0	0	1	2	0.0	0.0	0.0	1	0
Q81	8	MONDO:0005148	NCBIGene:3952	1	2	0	0	1	2	0.0	0.0	0.0	1	0
Q81	9	MONDO:0005148	NCBIGene:3952	1	2	0	0	1	2	0.0	0.0	0.0	1	0
Q81	10	MONDO:0005148	NCBIGene:3952	1	2	0	0	1	2	0.0	0.0	0.0	1	0
Q81	11	MONDO:0005148	NCBIGene:3952	1	2	0	0	1	2	0.0	0.0	0.0	1	0
Q81	12	MONDO:0005148	NCBIGene:3952	1	2	0	0	1	2	0.0	0.0	0.0	1	0
Q81	13	MONDO:0005148	NCBIGene:3952	1	2	0	0	1	2	0.0	0.0	0.0	1	0
Q81	14	MONDO:0005148	NCBIGene:3952	1	2	0	0	1	2	0.0	0.0	0.0	1	0
Q81	15	MONDO:0005148	NCBIGene:3952	1	2	0	0	1	2	0.0	0.0	0.0	1	0
Q81	16	MONDO:0005148	NCBIGene:3952	1	2	0	0	1	2	0.0	0.0	0.0	1	0
Q81	17	MONDO:0005148	NCBIGene:3952	1	2	0	0	1	2	0.0	0.0	0.0	1	0
Q81	18	MONDO:0005148	NCBIGene:3952	1	2	0	0	1	2	0.0	0.0	0.0	1	0
Q81	19	MONDO:0005148	NCBIGene:3952	1	2	0	0	1	2	0.0	0.0	0.0	1	0
Q81	20	MONDO:0005148	NCBIGene:3952	1	2	0	0	1	2	0.0	0.0	0.0	1	0
Q81	21	MONDO:0005148	NCBIGene:3952	1	2	0	0	1	2	0.0	0.0	0.0	1	0
Q81	22	MONDO:0005148	NCBIGene:3952	1	2	0	0	1	2	0.0	0.0	0.0	1	0
Q81	23	MONDO:0005148	NCBIGene:3952	1	2	0	0	1	2	0.0	0.0	0.0	1	0
Q81	24	MONDO:0005148	NCBIGene:3952	1	2	0	0	1	2	0.0	0.0	0.0	1	0
Q81	25	MONDO:0005148	NCBIGene:3952	1	2	0	0	1	2	0.0	0.0	0.0	1	0
Q82	1	MONDO:0005090	NCBIGene:1813	1	3	0	0	1	3	0.0	0.0	0.0	1	0
Q82	2	MONDO:0005090	NCBIGene:1813	1	3	0	0	1	3	0.0	0.0	0.0	1	0
Q82	3	MONDO:0005090	NCBIGene:1813	1	3	0	0	1	3	0.0	0.0	0.0	1	0
Q82	4	MONDO:0005090	NCBIGene:1813	1	3	0	0	1	3	0.0	0.0	0.0	1	0
Q82	5	MONDO:0005090	NCBIGene:1813	1	3	0	0	1	3	0.0	0.0	0.0	1	0
Q82	6	MONDO:0005090	NCBIGene:1813	1	3	0	0	1	3	0.0	0.0	0.0	1	0
Q82	7	MONDO:0005090	NCBIGene:1813	1	3	0	0	1	3	0.0	0.0	0.0	1	0
Q82	8	MONDO:0005090	NCBIGene:1813	1	3	0	0	1	3	0.0	0.0	0.0	1	0
Q82	9	MONDO:0005090	NCBIGene:1813	1	3	0	0	1	3	0.0	0.0	0.0	1	0
Q82	10	MONDO:0005090	NCBIGene:1813	1	3	0	0	1	3	0.0	0.0	0.0	1	0
Q82	11	MONDO:0005090	NCBIGene:1813	1	3	0	0	1	3	0.0	0.0	0.0	1	0
Q82	12	MONDO:0005090	NCBIGene:1813	1	3	0	0	1	3	0.0	0.0	0.0	1	0
Q82	13	MONDO:0005090	NCBIGene:1813	1	3	0	0	1	3	0.0	0.0	0.0	1	0
Q82	14	MONDO:0005090	NCBIGene:1813	1	3	0	0	1	3	0.0	0.0	0.0	1	0
Q82	15	MONDO:0005090	NCBIGene:1813	1	3	0	0	1	3	0.0	0.0	0.0	1	0
Q82	16	MONDO:0005090	NCBIGene:1813	1	3	0	0	1	3	0.0	0.0	0.0	1	0
Q82	17	MONDO:0005090	NCBIGene:1813	1	3	0	0	1	3	0.0	0.0	0.0	1	0
Q82	18	MONDO:0005090	NCBIGene:1813	1	3	0	0	1	3	0.0	0.0	0.0	1	0
Q82	19	MONDO:0005090	NCBIGene:1813	1	3	0	0	1	3	0.0	0.0	0.0	1	0
Q82	20	MONDO:0005090	NCBIGene:1813	1	3	0	0	1	3	0.0	0.0	0.0	1	0
Q82	21	MONDO:0005090	NCBIGene:1813	1	3	0	0	1	3	0.0	0.0	0.0	1	0
Q82	22	MONDO:0005090	NCBIGene:1813	1	3	0	0	1	3	0.0	0.0	0.0	1	0
Q82	23	MONDO:0005090	NCBIGene:1813	1	3	0	0	1	3	0.0	0.0	0.0	1	0
Q82	24	MONDO:0005090	NCBIGene:1813	1	3	0	0	1	3	0.0	0.0	0.0	1	0
Q82	25	MONDO:0005090	NCBIGene:1813	1	3	0	0	1	3	0.0	0.0	0.0	1	0
Q83	1	MONDO:0005147	NCBIGene:3119	1	3	0	0	1	3	0.0	0.0	0.0	1	0
Q83	2	MONDO:0005147	NCBIGene:3119	1	3	0	0	1	3	0.0	0.0	0.0	1	0
Q83	3	MONDO:0005147	NCBIGene:3119	1	3	0	0	1	3	0.0	0.0	0.0	1	0
Q83	4	MONDO:0005147	NCBIGene:3119	1	3	0	0	1	3	0.0	0.0	0.0	1	0
Q83	5	MONDO:0005147	NCBIGene:3119	1	3	0	0	1	3	0.0	0.0	0.0	1	0
Q83	6	MONDO:0005147	NCBIGene:3119	1	3	0	0	1	3	0.0	0.0	0.0	1	0
Q83	7	MONDO:0005147	NCBIGene:3119	1	3	0	0	1	3	0.0	0.0	0.0	1	0
Q83	8	MONDO:0005147	NCBIGene:3119	1	3	0	0	1	3	0.0	0.0	0.0	1	0
Q83	9	MONDO:0005147	NCBIGene:3119	1	3	0	0	1	3	0.0	0.0	0.0	1	0
Q83	10	MONDO:0005147	NCBIGene:3119	1	3	0	0	1	3	0.0	0.0	0.0	1	0
Q83	11	MONDO:0005147	NCBIGene:3119	1	3	0	0	1	3	0.0	0.0	0.0	1	0
Q83	12	MONDO:0005147	NCBIGene:3119	1	3	0	0	1	3	0.0	0.0	0.0	1	0
Q83	13	MONDO:0005147	NCBIGene:3119	1	3	0	0	1	3	0.0	0.0	0.0	1	0
Q83	14	MONDO:0005147	NCBIGene:3119	1	3	0	0	1	3	0.0	0.0	0.0	1	0
Q83	15	MONDO:0005147	NCBIGene:3119	1	3	0	0	1	3	0.0	0.0	0.0	1	0
Q83	16	MONDO:0005147	NCBIGene:3119	1	3	0	0	1	3	0.0	0.0	0.0	1	0
Q83	17	MONDO:0005147	NCBIGene:3119	1	3	0	0	1	3	0.0	0.0	0.0	1	0
Q83	18	MONDO:0005147	NCBIGene:3119	1	3	0	0	1	3	0.0	0.0	0.0	1	0
Q83	19	MONDO:0005147	NCBIGene:3119	1	3	0	0	1	3	0.0	0.0	0.0	1	0
Q83	20	MONDO:0005147	NCBIGene:3119	1	3	0	0	1	3	0.0	0.0	0.0	1	0
Q83	21	MONDO:0005147	NCBIGene:3119	1	3	0	0	1	3	0.0	0.0	0.0	1	0
Q83	22	MONDO:0005147	NCBIGene:3119	1	3	0	0	1	3	0.0	0.0	0.0	1	0
Q83	23	MONDO:0005147	NCBIGene:3119	1	3	0	0	1	3	0.0	0.0	0.0	1	0
Q83	24	MONDO:0005147	NCBIGene:3119	1	3	0	0	1	3	0.0	0.0	0.0	1	0
Q83	25	MONDO:0005147	NCBIGene:3119	1	3	0	0	1	3	0.0	0.0	0.0	1	0
Q84	1	MONDO:0005083	NCBIGene:3605	1	1	0	0	1	1	0.0	0.0	0.0	1	0
Q84	2	MONDO:0005083	NCBIGene:3605	1	1	0	0	1	1	0.0	0.0	0.0	1	0
Q84	3	MONDO:0005083	NCBIGene:3605	1	1	0	0	1	1	0.0	0.0	0.0	1	0
Q84	4	MONDO:0005083	NCBIGene:3605	1	1	0	0	1	1	0.0	0.0	0.0	1	0
Q84	5	MONDO:0005083	NCBIGene:3605	1	1	0	0	1	1	0.0	0.0	0.0	1	0
Q84	6	MONDO:0005083	NCBIGene:3605	1	1	0	0	1	1	0.0	0.0	0.0	1	0
Q84	7	MONDO:0005083	NCBIGene:3605	1	1	0	0	1	1	0.0	0.0	0.0	1	0
Q84	8	MONDO:0005083	NCBIGene:3605	1	1	0	0	1	1	0.0	0.0	0.0	1	0
Q84	9	MONDO:0005083	NCBIGene:3605	1	1	0	0	1	1	0.0	0.0	0.0	1	0
Q84	10	MONDO:0005083	NCBIGene:3605	1	1	0	0	1	1	0.0	0.0	0.0	1	0
Q84	11	MONDO:0005083	NCBIGene:3605	1	1	0	0	1	1	0.0	0.0	0.0	1	0
Q84	12	MONDO:0005083	NCBIGene:3605	1	1	0	0	1	1	0.0	0.0	0.0	1	0
Q84	13	MONDO:0005083	NCBIGene:3605	1	1	0	0	1	1	0.0	0.0	0.0	1	0
Q84	14	MONDO:0005083	NCBIGene:3605	1	1	0	0	1	1	0.0	0.0	0.0	1	0
Q84	15	MONDO:0005083	NCBIGene:3605	1	1	0	0	1	1	0.0	0.0	0.0	1	0
Q84	16	MONDO:0005083	NCBIGene:3605	1	1	0	0	1	1	0.0	0.0	0.0	1	0
Q84	17	MONDO:0005083	NCBIGene:3605	1	1	0	0	1	1	0.0	0.0	0.0	1	0
Q84	18	MONDO:0005083	NCBIGene:3605	1	1	0	0	1	1	0.0	0.0	0.0	1	0
Q84	19	MONDO:0005083	NCBIGene:3605	1	1	0	0	1	1	0.0	0.0	0.0	1	0
Q84	20	MONDO:0005083	NCBIGene:3605	1	1	0	0	1	1	0.0	0.0	0.0	1	0
Q84	21	MONDO:0005083	NCBIGene:3605	1	1	0	0	1	1	0.0	0.0	0.0	1	0
Q84	22	MONDO:0005083	NCBIGene:3605	1	1	0	0	1	1	0.0	0.0	0.0	1	0
Q84	23	MONDO:0005083	NCBIGene:3605	1	1	0	0	1	1	0.0	0.0	0.0	1	0
Q84	24	MONDO:0005083	NCBIGene:3605	1	1	0	0	1	1	0.0	0.0	0.0	1	0
Q84	25	MONDO:0005083	NCBIGene:3605	1	1	0	0	1	1	0.0	0.0	0.0	1	0
Q85	1	MONDO:0005140	NCBIGene:675	1	1	0	0	1	1	0.0	0.0	0.0	1	0
Q85	2	MONDO:0005140	NCBIGene:675	1	1	0	0	1	1	0.0	0.0	0.0	1	0
Q85	3	MONDO:0005140	NCBIGene:675	1	1	0	0	1	1	0.0	0.0	0.0	1	0
Q85	4	MONDO:0005140	NCBIGene:675	1	1	0	0	1	1	0.0	0.0	0.0	1	0
Q85	5	MONDO:0005140	NCBIGene:675	1	1	0	0	1	1	0.0	0.0	0.0	1	0
Q85	6	MONDO:0005140	NCBIGene:675	1	1	0	0	1	1	0.0	0.0	0.0	1	0
Q85	7	MONDO:0005140	NCBIGene:675	1	1	0	0	1	1	0.0	0.0	0.0	1	0
Q85	8	MONDO:0005140	NCBIGene:675	1	1	0	0	1	1	0.0	0.0	0.0	1	0
Q85	9	MONDO:0005140	NCBIGene:675	1	1	0	0	1	1	0.0	0.0	0.0	1	0
Q85	10	MONDO:0005140	NCBIGene:675	1	1	0	0	1	1	0.0	0.0	0.0	1	0
Q85	11	MONDO:0005140	NCBIGene:675	1	1	0	0	1	1	0.0	0.0	0.0	1	0
Q85	12	MONDO:0005140	NCBIGene:675	1	1	0	0	1	1	0.0	0.0	0.0	1	0
Q85	13	MONDO:0005140	NCBIGene:675	1	1	0	0	1	1	0.0	0.0	0.0	1	0
Q85	14	MONDO:0005140	NCBIGene:675	1	1	0	0	1	1	0.0	0.0	0.0	1	0
Q85	15	MONDO:0005140	NCBIGene:675	1	1	0	0	1	1	0.0	0.0	0.0	1	0
Q85	16	MONDO:0005140	NCBIGene:675	1	1	0	0	1	1	0.0	0.0	0.0	1	0
Q85	17	MONDO:0005140	NCBIGene:675	1	1	0	0	1	1	0.0	0.0	0.0	1	0
Q85	18	MONDO:0005140	NCBIGene:675	1	1	0	0	1	1	0.0	0.0	0.0	1	0
Q85	19	MONDO:0005140	NCBIGene:675	1	1	0	0	1	1	0.0	0.0	0.0	1	0
Q85	20	MONDO:0005140	NCBIGene:675	1	1	0	0	1	1	0.0	0.0	0.0	1	0
Q85	21	MONDO:0005140	NCBIGene:675	1	1	0	0	1	1	0.0	0.0	0.0	1	0
Q85	22	MONDO:0005140	NCBIGene:675	1	1	0	0	1	1	0.0	0.0	0.0	1	0
Q85	23	MONDO:0005140	NCBIGene:675	1	1	0	0	1	1	0.0	0.0	0.0	1	0
Q85	24	MONDO:0005140	NCBIGene:675	1	1	0	0	1	1	0.0	0.0	0.0	1	0
Q85	25	MONDO:0005140	NCBIGene:675	1	1	0	0	1	1	0.0	0.0	0.0	1	0
Q86	1	NCBIGene:3630	CHEBI:6801	0	1	0	0	0	1	0.0	0.0	0.0	0	0
Q86	2	NCBIGene:3630	CHEBI:6801	0	1	0	0	0	1	0.0	0.0	0.0	0	0
Q86	3	NCBIGene:3630	CHEBI:6801	0	1	0	0	0	1	0.0	0.0	0.0	0	0
Q86	4	NCBIGene:3630	CHEBI:6801	0	1	0	0	0	1	0.0	0.0	0.0	0	0
Q86	5	NCBIGene:3630	CHEBI:6801	0	1	0	0	0	1	0.0	0.0	0.0	0	0
Q86	6	NCBIGene:3630	CHEBI:6801	0	1	0	0	0	1	0.0	0.0	0.0	0	0
Q86	7	NCBIGene:3630	CHEBI:6801	0	1	0	0	0	1	0.0	0.0	0.0	0	0
Q86	8	NCBIGene:3630	CHEBI:6801	0	1	0	0	0	1	0.0	0.0	0.0	0	0
Q86	9	NCBIGene:3630	CHEBI:6801	0	1	0	0	0	1	0.0	0.0	0.0	0	0
Q86	10	NCBIGene:3630	CHEBI:6801	0	1	0	0	0	1	0.0	0.0	0.0	0	0
Q86	11	NCBIGene:3630	CHEBI:6801	0	1	0	0	0	1	0.0	0.0	0.0	0	0
Q86	12	NCBIGene:3630	CHEBI:6801	0	1	0	0	0	1	0.0	0.0	0.0	0	0
Q86	13	NCBIGene:3630	CHEBI:6801	0	1	0	0	0	1	0.0	0.0	0.0	0	0
Q86	14	NCBIGene:3630	CHEBI:6801	0	1	0	0	0	1	0.0	0.0	0.0	0	0
Q86	15	NCBIGene:3630	CHEBI:6801	0	1	0	0	0	1	0.0	0.0	0.0	0	0
Q86	16	NCBIGene:3630	CHEBI:6801	0	1	0	0	0	1	0.0	0.0	0.0	0	0
Q86	17	NCBIGene:3630	CHEBI:6801	0	1	0	0	0	1	0.0	0.0	0.0	0	0
Q86	18	NCBIGene:3630	CHEBI:6801	1	1	0	0	1	1	0.0	0.0	0.0	1	0
Q86	19	NCBIGene:3630	CHEBI:6801	1	1	0	0	1	1	0.0	0.0	0.0	1	0
Q86	20	NCBIGene:3630	CHEBI:6801	1	1	0	0	1	1	0.0	0.0	0.0	1	0
Q86	21	NCBIGene:3630	CHEBI:6801	1	1	0	0	1	1	0.0	0.0	0.0	1	0
Q86	22	NCBIGene:3630	CHEBI:6801	1	1	0	0	1	1	0.0	0.0	0.0	1	0
Q86	23	NCBIGene:3630	CHEBI:6801	0	1	0	0	0	1	0.0	0.0	0.0	0	0
Q86	24	NCBIGene:3630	CHEBI:6801	0	1	0	0	0	1	0.0	0.0	0.0	0	0
Q86	25	NCBIGene:3630	CHEBI:6801	0	1	0	0	0	1	0.0	0.0	0.0	0	0
Q87	1	NCBIGene:1029	NCBIGene:5925	1	5	0	0	1	5	0.0	0.0	0.0	1	0
Q87	2	NCBIGene:1029	NCBIGene:5925	1	5	0	0	1	5	0.0	0.0	0.0	1	0
Q87	3	NCBIGene:1029	NCBIGene:5925	1	5	0	0	1	5	0.0	0.0	0.0	1	0
Q87	4	NCBIGene:1029	NCBIGene:5925	1	5	0	0	1	5	0.0	0.0	0.0	1	0
Q87	5	NCBIGene:1029	NCBIGene:5925	1	5	0	0	1	5	0.0	0.0	0.0	1	0
Q87	6	NCBIGene:1029	NCBIGene:5925	1	5	0	0	1	5	0.0	0.0	0.0	1	0
Q87	7	NCBIGene:1029	NCBIGene:5925	1	5	0	0	1	5	0.0	0.0	0.0	1	0
Q87	8	NCBIGene:1029	NCBIGene:5925	1	5	0	0	1	5	0.0	0.0	0.0	1	0
Q87	9	NCBIGene:1029	NCBIGene:5925	1	5	0	0	1	5	0.0	0.0	0.0	1	0
Q87	10	NCBIGene:1029	NCBIGene:5925	1	5	0	0	1	5	0.0	0.0	0.0	1	0
Q87	11	NCBIGene:1029	NCBIGene:5925	1	5	0	0	1	5	0.0	0.0	0.0	1	0
Q87	12	NCBIGene:1029	NCBIGene:5925	1	5	0	0	1	5	0.0	0.0	0.0	1	0
Q87	13	NCBIGene:1029	NCBIGene:5925	1	5	0	0	1	5	0.0	0.0	0.0	1	0
Q87	14	NCBIGene:1029	NCBIGene:5925	1	5	0	0	1	5	0.0	0.0	0.0	1	0
Q87	15	NCBIGene:1029	NCBIGene:5925	1	5	0	0	1	5	0.0	0.0	0.0	1	0
Q87	16	NCBIGene:1029	NCBIGene:5925	1	5	0	0	1	5	0.0	0.0	0.0	1	0
Q87	17	NCBIGene:1029	NCBIGene:5925	1	5	0	0	1	5	0.0	0.0	0.0	1	0
Q87	18	NCBIGene:1029	NCBIGene:5925	1	5	0	0	1	5	0.0	0.0	0.0	1	0
Q87	19	NCBIGene:1029	NCBIGene:5925	1	5	0	0	1	5	0.0	0.0	0.0	1	0
Q87	20	NCBIGene:1029	NCBIGene:5925	1	5	0	0	1	5	0.0	0.0	0.0	1	0
Q87	21	NCBIGene:1029	NCBIGene:5925	1	5	0	0	1	5	0.0	0.0	0.0	1	0
Q87	22	NCBIGene:1029	NCBIGene:5925	1	5	0	0	1	5	0.0	0.0	0.0	1	0
Q87	23	NCBIGene:1029	NCBIGene:5925	1	5	0	0	1	5	0.0	0.0	0.0	1	0
Q87	24	NCBIGene:1029	NCBIGene:5925	1	5	0	0	1	5	0.0	0.0	0.0	1	0
Q87	25	NCBIGene:1029	NCBIGene:5925	1	5	0	0	1	5	0.0	0.0	0.0	1	0
Q88	1	MONDO:0005089	NCBIGene:5979	1	3	0	0	1	3	0.0	0.0	0.0	1	0
Q88	2	MONDO:0005089	NCBIGene:5979	1	3	0	0	1	3	0.0	0.0	0.0	1	0
Q88	3	MONDO:0005089	NCBIGene:5979	1	3	0	0	1	3	0.0	0.0	0.0	1	0
Q88	4	MONDO:0005089	NCBIGene:5979	1	3	0	0	1	3	0.0	0.0	0.0	1	0
Q88	5	MONDO:0005089	NCBIGene:5979	1	3	0	0	1	3	0.0	0.0	0.0	1	0
Q88	6	MONDO:0005089	NCBIGene:5979	1	3	0	0	1	3	0.0	0.0	0.0	1	0
Q88	7	MONDO:0005089	NCBIGene:5979	1	3	0	0	1	3	0.0	0.0	0.0	1	0
Q88	8	MONDO:0005089	NCBIGene:5979	1	3	0	0	1	3	0.0	0.0	0.0	1	0
Q88	9	MONDO:0005089	NCBIGene:5979	1	3	0	0	1	3	0.0	0.0	0.0	1	0
Q88	10	MONDO:0005089	NCBIGene:5979	1	3	0	0	1	3	0.0	0.0	0.0	1	0
Q88	11	MONDO:0005089	NCBIGene:5979	1	3	0	0	1	3	0.0	0.0	0.0	1	0
Q88	12	MONDO:0005089	NCBIGene:5979	1	3	0	0	1	3	0.0	0.0	0.0	1	0
Q88	13	MONDO:0005089	NCBIGene:5979	1	3	0	0	1	3	0.0	0.0	0.0	1	0
Q88	14	MONDO:0005089	NCBIGene:5979	1	3	0	0	1	3	0.0	0.0	0.0	1	0
Q88	15	MONDO:0005089	NCBIGene:5979	1	3	0	0	1	3	0.0	0.0	0.0	1	0
Q88	16	MONDO:0005089	NCBIGene:5979	1	3	0	0	1	3	0.0	0.0	0.0	1	0
Q88	17	MONDO:0005089	NCBIGene:5979	1	3	0	0	1	3	0.0	0.0	0.0	1	0
Q88	18	MONDO:0005089	NCBIGene:5979	1	3	0	0	1	3	0.0	0.0	0.0	1	0
Q88	19	MONDO:0005089	NCBIGene:5979	1	3	0	0	1	3	0.0	0.0	0.0	1	0
Q88	20	MONDO:0005089	NCBIGene:5979	1	3	0	0	1	3	0.0	0.0	0.0	1	0
Q88	21	MONDO:0005089	NCBIGene:5979	1	3	0	0	1	3	0.0	0.0	0.0	1	0
Q88	22	MONDO:0005089	NCBIGene:5979	1	3	0	0	1	3	0.0	0.0	0.0	1	0
Q88	23	MONDO:0005089	NCBIGene:5979	1	3	0	0	1	3	0.0	0.0	0.0	1	0
Q88	24	MONDO:0005089	NCBIGene:5979	1	3	0	0	1	3	0.0	0.0	0.0	1	0
Q88	25	MONDO:0005089	NCBIGene:5979	1	3	0	0	1	3	0.0	0.0	0.0	1	0
Q89	1	MONDO:0005130	NCBIGene:3117	1	3	0	0	1	3	0.0	0.0	0.0	1	0
Q89	2	MONDO:0005130	NCBIGene:3117	1	3	0	0	1	3	0.0	0.0	0.0	1	0
Q89	3	MONDO:0005130	NCBIGene:3117	1	3	0	0	1	3	0.0	0.0	0.0	1	0
Q89	4	MONDO:0005130	NCBIGene:3117	1	3	0	0	1	3	0.0	0.0	0.0	1	0
Q89	5	MONDO:0005130	NCBIGene:3117	1	3	0	0	1	3	0.0	0.0	0.0	1	0
Q89	6	MONDO:0005130	NCBIGene:3117	1	3	0	0	1	3	0.0	0.0	0.0	1	0
Q89	7	MONDO:0005130	NCBIGene:3117	1	3	0	0	1	3	0.0	0.0	0.0	1	0
Q89	8	MONDO:0005130	NCBIGene:3117	1	3	0	0	1	3	0.0	0.0	0.0	1	0
Q89	9	MONDO:0005130	NCBIGene:3117	1	3	0	0	1	3	0.0	0.0	0.0	1	0
Q89	10	MONDO:0005130	NCBIGene:3117	1	3	0	0	1	3	0.0	0.0	0.0	1	0
Q89	11	MONDO:0005130	NCBIGene:3117	1	3	0	0	1	3	0.0	0.0	0.0	1	0
Q89	12	MONDO:0005130	NCBIGene:3117	1	3	0	0	1	3	0.0	0.0	0.0	1	0
Q89	13	MONDO:0005130	NCBIGene:3117	1	3	0	0	1	3	0.0	0.0	0.0	1	0
Q89	14	MONDO:0005130	NCBIGene:3117	1	3	0	0	1	3	0.0	0.0	0.0	1	0
Q89	15	MONDO:0005130	NCBIGene:3117	1	3	0	0	1	3	0.0	0.0	0.0	1	0
Q89	16	MONDO:0005130	NCBIGene:3117	1	3	0	0	1	3	0.0	0.0	0.0	1	0
Q89	17	MONDO:0005130	NCBIGene:3117	1	3	0	0	1	3	0.0	0.0	0.0	1	0
Q89	18	MONDO:0005130	NCBIGene:3117	1	3	0	0	1	3	0.0	0.0	0.0	1	0
Q89	19	MONDO:0005130	NCBIGene:3117	1	3	0	0	1	3	0.0	0.0	0.0	1	0
Q89	20	MONDO:0005130	NCBIGene:3117	1	3	0	0	1	3	0.0	0.0	0.0	1	0
Q89	21	MONDO:0005130	NCBIGene:3117	1	3	0	0	1	3	0.0	0.0	0.0	1	0
Q89	22	MONDO:0005130	NCBIGene:3117	1	3	0	0	1	3	0.0	0.0	0.0	1	0
Q89	23	MONDO:0005130	NCBIGene:3117	1	3	0	0	1	3	0.0	0.0	0.0	1	0
Q89	24	MONDO:0005130	NCBIGene:3117	1	3	0	0	1	3	0.0	0.0	0.0	1	0
Q89	25	MONDO:0005130	NCBIGene:3117	1	3	0	0	1	3	0.0	0.0	0.0	1	0
Q90	1	MONDO:0005148	NCBIGene:4160	1	3	0	0	1	3	0.0	0.0	0.0	1	0
Q90	2	MONDO:0005148	NCBIGene:4160	1	3	0	0	1	3	0.0	0.0	0.0	1	0
Q90	3	MONDO:0005148	NCBIGene:4160	1	3	0	0	1	3	0.0	0.0	0.0	1	0
Q90	4	MONDO:0005148	NCBIGene:4160	1	3	0	0	1	3	0.0	0.0	0.0	1	0
Q90	5	MONDO:0005148	NCBIGene:4160	1	3	0	0	1	3	0.0	0.0	0.0	1	0
Q90	6	MONDO:0005148	NCBIGene:4160	1	3	0	0	1	3	0.0	0.0	0.0	1	0
Q90	7	MONDO:0005148	NCBIGene:4160	1	3	0	0	1	3	0.0	0.0	0.0	1	0
Q90	8	MONDO:0005148	NCBIGene:4160	1	3	0	0	1	3	0.0	0.0	0.0	1	0
Q90	9	MONDO:0005148	NCBIGene:4160	1	3	0	0	1	3	0.0	0.0	0.0	1	0
Q90	10	MONDO:0005148	NCBIGene:4160	1	3	0	0	1	3	0.0	0.0	0.0	1	0
Q90	11	MONDO:0005148	NCBIGene:4160	1	3	0	0	1	3	0.0	0.0	0.0	1	0
Q90	12	MONDO:0005148	NCBIGene:4160	1	3	0	0	1	3	0.0	0.0	0.0	1	0
Q90	13	MONDO:0005148	NCBIGene:4160	1	3	0	0	1	3	0.0	0.0	0.0	1	0
Q90	14	MONDO:0005148	NCBIGene:4160	1	3	0	0	1	3	0.0	0.0	0.0	1	0
Q90	15	MONDO:0005148	NCBIGene:4160	1	3	0	0	1	3	0.0	0.0	0.0	1	0
Q90	16	MONDO:0005148	NCBIGene:4160	1	3	0	0	1	3	0.0	0.0	0.0	1	0
Q90	17	MONDO:0005148	NCBIGene:4160	1	3	0	0	1	3	0.0	0.0	0.0	1	0
Q90	18	MONDO:0005148	NCBIGene:4160	1	3	0	0	1	3	0.0	0.0	0.0	1	0
Q90	19	MONDO:0005148	NCBIGene:4160	1	3	0	0	1	3	0.0	0.0	0.0	1	0
Q90	20	MONDO:0005148	NCBIGene:4160	1	3	0	0	1	3	0.0	0.0	0.0	1	0
Q90	21	MONDO:0005148	NCBIGene:4160	1	3	0	0	1	3	0.0	0.0	0.0	1	0
Q90	22	MONDO:0005148	NCBIGene:4160	1	3	0	0	1	3	0.0	0.0	0.0	1	0
Q90	23	MONDO:0005148	NCBIGene:4160	1	3	0	0	1	3	0.0	0.0	0.0	1	0
Q90	24	MONDO:0005148	NCBIGene:4160	1	3	0	0	1	3	0.0	0.0	0.0	1	0
Q90	25	MONDO:0005148	NCBIGene:4160	1	3	0	0	1	3	0.0	0.0	0.0	1	0
Q91	1	NCBIGene:613	CHEBI:45783	0	2	0	0	0	2	0.0	0.0	0.0	0	0
Q91	2	NCBIGene:613	CHEBI:45783	0	2	0	0	0	2	0.0	0.0	0.0	0	0
Q91	3	NCBIGene:613	CHEBI:45783	0	2	0	0	0	2	0.0	0.0	0.0	0	0
Q91	4	NCBIGene:613	CHEBI:45783	0	2	0	0	0	2	0.0	0.0	0.0	0	0
Q91	5	NCBIGene:613	CHEBI:45783	0	2	0	0	0	2	0.0	0.0	0.0	0	0
Q91	6	NCBIGene:613	CHEBI:45783	0	2	0	0	0	2	0.0	0.0	0.0	0	0
Q91	7	NCBIGene:613	CHEBI:45783	0	2	0	0	0	2	0.0	0.0	0.0	0	0
Q91	8	NCBIGene:613	CHEBI:45783	0	2	0	0	0	2	0.0	0.0	0.0	0	0
Q91	9	NCBIGene:613	CHEBI:45783	0	2	0	0	0	2	0.0	0.0	0.0	0	0
Q91	10	NCBIGene:613	CHEBI:45783	0	2	0	0	0	2	0.0	0.0	0.0	0	0
Q91	11	NCBIGene:613	CHEBI:45783	0	2	0	0	0	2	0.0	0.0	0.0	0	0
Q91	12	NCBIGene:613	CHEBI:45783	0	2	0	0	0	2	0.0	0.0	0.0	0	0
Q91	13	NCBIGene:613	CHEBI:45783	0	2	0	0	0	2	0.0	0.0	0.0	0	0
Q91	14	NCBIGene:613	CHEBI:45783	0	2	0	0	0	2	0.0	0.0	0.0	0	0
Q91	15	NCBIGene:613	CHEBI:45783	0	2	0	0	0	2	0.0	0.0	0.0	0	0
Q91	16	NCBIGene:613	CHEBI:45783	0	2	0	0	0	2	0.0	0.0	0.0	0	0
Q91	17	NCBIGene:613	CHEBI:45783	0	2	0	0	0	2	0.0	0.0	0.0	0	0
Q91	18	NCBIGene:613	CHEBI:45783	0	2	0	0	0	2	0.0	0.0	0.0	0	0
Q91	19	NCBIGene:613	CHEBI:45783	0	2	0	0	0	2	0.0	0.0	0.0	0	0
Q91	20	NCBIGene:613	CHEBI:45783	0	2	0	0	0	2	0.0	0.0	0.0	0	0
Q91	21	NCBIGene:613	CHEBI:45783	0	2	0	0	0	2	0.0	0.0	0.0	0	0
Q91	22	NCBIGene:613	CHEBI:45783	0	2	0	0	0	2	0.0	0.0	0.0	0	0
Q91	23	NCBIGene:613	CHEBI:45783	0	2	0	0	0	2	0.0	0.0	0.0	0	0
Q91	24	NCBIGene:613	CHEBI:45783	0	2	0	0	0	2	0.0	0.0	0.0	0	0
Q91	25	NCBIGene:613	CHEBI:45783	0	2	0	0	0	2	0.0	0.0	0.0	0	0
Q92	1	NCBIGene:1565	CHEBI:16714	1	5	0	0	1	5	0.0	0.0	0.0	1	0
Q92	2	NCBIGene:1565	CHEBI:16714	1	5	0	0	1	5	0.0	0.0	0.0	1	0
Q92	3	NCBIGene:1565	CHEBI:16714	1	5	0	0	1	5	0.0	0.0	0.0	1	0
Q92	4	NCBIGene:1565	CHEBI:16714	1	5	0	0	1	5	0.0	0.0	0.0	1	0
Q92	5	NCBIGene:1565	CHEBI:16714	1	5	0	0	1	5	0.0	0.0	0.0	1	0
Q92	6	NCBIGene:1565	CHEBI:16714	1	5	0	0	1	5	0.0	0.0	0.0	1	0
Q92	7	NCBIGene:1565	CHEBI:16714	1	5	0	0	1	5	0.0	0.0	0.0	1	0
Q92	8	NCBIGene:1565	CHEBI:16714	1	5	0	0	1	5	0.0	0.0	0.0	1	0
Q92	9	NCBIGene:1565	CHEBI:16714	1	5	0	0	1	5	0.0	0.0	0.0	1	0
Q92	10	NCBIGene:1565	CHEBI:16714	1	5	0	0	1	5	0.0	0.0	0.0	1	0
Q92	11	NCBIGene:1565	CHEBI:16714	1	5	0	0	1	5	0.0	0.0	0.0	1	0
Q92	12	NCBIGene:1565	CHEBI:16714	1	5	0	0	1	5	0.0	0.0	0.0	1	0
Q92	13	NCBIGene:1565	CHEBI:16714	1	5	0	0	1	5	0.0	0.0	0.0	1	0
Q92	14	NCBIGene:1565	CHEBI:16714	1	5	0	0	1	5	0.0	0.0	0.0	1	0
Q92	15	NCBIGene:1565	CHEBI:16714	1	5	0	0	1	5	0.0	0.0	0.0	1	0
Q92	16	NCBIGene:1565	CHEBI:16714	1	5	0	0	1	5	0.0	0.0	0.0	1	0
Q92	17	NCBIGene:1565	CHEBI:16714	1	5	0	0	1	5	0.0	0.0	0.0	1	0
Q92	18	NCBIGene:1565	CHEBI:16714	1	5	0	0	1	5	0.0	0.0	0.0	1	0
Q92	19	NCBIGene:1565	CHEBI:16714	1	5	0	0	1	5	0.0	0.0	0.0	1	0
Q92	20	NCBIGene:1565	CHEBI:16714	1	5	0	0	1	5	0.0	0.0	0.0	1	0
Q92	21	NCBIGene:1565	CHEBI:16714	1	5	0	0	1	5	0.0	0.0	0.0	1	0
Q92	22	NCBIGene:1565	CHEBI:16714	1	5	0	0	1	5	0.0	0.0	0.0	1	0
Q92	23	NCBIGene:1565	CHEBI:16714	1	5	0	0	1	5	0.0	0.0	0.0	1	0
Q92	24	NCBIGene:1565	CHEBI:16714	1	5	0	0	1	5	0.0	0.0	0.0	1	0
Q92	25	NCBIGene:1565	CHEBI:16714	1	5	0	0	1	5	0.0	0.0	0.0	1	0
Q93	1	NCBIGene:7471	NCBIGene:1499	1	5	1	1	0	4	1.0	0.2	0.33333333333333337	1	1
Q93	2	NCBIGene:7471	NCBIGene:1499	1	5	1	1	0	4	1.0	0.2	0.33333333333333337	1	1
Q93	3	NCBIGene:7471	NCBIGene:1499	1	5	1	1	0	4	1.0	0.2	0.33333333333333337	1	1
Q93	4	NCBIGene:7471	NCBIGene:1499	1	5	1	1	0	4	1.0	0.2	0.33333333333333337	1	1
Q93	5	NCBIGene:7471	NCBIGene:1499	1	5	1	1	0	4	1.0	0.2	0.33333333333333337	1	1
Q93	6	NCBIGene:7471	NCBIGene:1499	1	5	1	1	0	4	1.0	0.2	0.33333333333333337	1	1
Q93	7	NCBIGene:7471	NCBIGene:1499	1	5	1	1	0	4	1.0	0.2	0.33333333333333337	1	1
Q93	8	NCBIGene:7471	NCBIGene:1499	1	5	0	0	1	5	0.0	0.0	0.0	1	0
Q93	9	NCBIGene:7471	NCBIGene:1499	1	5	0	0	1	5	0.0	0.0	0.0	1	0
Q93	10	NCBIGene:7471	NCBIGene:1499	1	5	1	1	0	4	1.0	0.2	0.33333333333333337	1	1
Q93	11	NCBIGene:7471	NCBIGene:1499	1	5	0	0	1	5	0.0	0.0	0.0	1	0
Q93	12	NCBIGene:7471	NCBIGene:1499	1	5	1	1	0	4	1.0	0.2	0.33333333333333337	1	1
Q93	13	NCBIGene:7471	NCBIGene:1499	1	5	1	1	0	4	1.0	0.2	0.33333333333333337	1	1
Q93	14	NCBIGene:7471	NCBIGene:1499	1	5	0	0	1	5	0.0	0.0	0.0	1	0
Q93	15	NCBIGene:7471	NCBIGene:1499	1	5	0	0	1	5	0.0	0.0	0.0	1	0
Q93	16	NCBIGene:7471	NCBIGene:1499	1	5	0	0	1	5	0.0	0.0	0.0	1	0
Q93	17	NCBIGene:7471	NCBIGene:1499	1	5	1	1	0	4	1.0	0.2	0.33333333333333337	1	1
Q93	18	NCBIGene:7471	NCBIGene:1499	1	5	0	0	1	5	0.0	0.0	0.0	1	0
Q93	19	NCBIGene:7471	NCBIGene:1499	1	5	1	1	0	4	1.0	0.2	0.33333333333333337	1	1
Q93	20	NCBIGene:7471	NCBIGene:1499	1	5	0	0	1	5	0.0	0.0	0.0	1	0
Q93	21	NCBIGene:7471	NCBIGene:1499	1	5	1	1	0	4	1.0	0.2	0.33333333333333337	1	1
Q93	22	NCBIGene:7471	NCBIGene:1499	1	5	1	1	0	4	1.0	0.2	0.33333333333333337	1	1
Q93	23	NCBIGene:7471	NCBIGene:1499	1	5	1	1	0	4	1.0	0.2	0.33333333333333337	1	1
Q93	24	NCBIGene:7471	NCBIGene:1499	1	5	0	0	1	5	0.0	0.0	0.0	1	0
Q93	25	NCBIGene:7471	NCBIGene:1499	1	5	0	0	1	5	0.0	0.0	0.0	1	0
Q94	1	NCBIGene:9451	NCBIGene:468	1	3	1	1	0	2	1.0	0.3333333333333333	0.5	1	1
Q94	2	NCBIGene:9451	NCBIGene:468	1	3	1	1	0	2	1.0	0.3333333333333333	0.5	1	1
Q94	3	NCBIGene:9451	NCBIGene:468	1	3	0	0	1	3	0.0	0.0	0.0	1	0
Q94	4	NCBIGene:9451	NCBIGene:468	1	3	0	0	1	3	0.0	0.0	0.0	1	0
Q94	5	NCBIGene:9451	NCBIGene:468	1	3	0	0	1	3	0.0	0.0	0.0	1	0
Q94	6	NCBIGene:9451	NCBIGene:468	1	3	0	0	1	3	0.0	0.0	0.0	1	0
Q94	7	NCBIGene:9451	NCBIGene:468	1	3	0	0	1	3	0.0	0.0	0.0	1	0
Q94	8	NCBIGene:9451	NCBIGene:468	1	3	0	0	1	3	0.0	0.0	0.0	1	0
Q94	9	NCBIGene:9451	NCBIGene:468	1	3	0	0	1	3	0.0	0.0	0.0	1	0
Q94	10	NCBIGene:9451	NCBIGene:468	1	3	0	0	1	3	0.0	0.0	0.0	1	0
Q94	11	NCBIGene:9451	NCBIGene:468	1	3	0	0	1	3	0.0	0.0	0.0	1	0
Q94	12	NCBIGene:9451	NCBIGene:468	1	3	0	0	1	3	0.0	0.0	0.0	1	0
Q94	13	NCBIGene:9451	NCBIGene:468	1	3	0	0	1	3	0.0	0.0	0.0	1	0
Q94	14	NCBIGene:9451	NCBIGene:468	1	3	1	1	0	2	1.0	0.3333333333333333	0.5	1	1
Q94	15	NCBIGene:9451	NCBIGene:468	1	3	1	1	0	2	1.0	0.3333333333333333	0.5	1	1
Q94	16	NCBIGene:9451	NCBIGene:468	1	3	0	0	1	3	0.0	0.0	0.0	1	0
Q94	17	NCBIGene:9451	NCBIGene:468	1	3	0	0	1	3	0.0	0.0	0.0	1	0
Q94	18	NCBIGene:9451	NCBIGene:468	1	3	0	0	1	3	0.0	0.0	0.0	1	0
Q94	19	NCBIGene:9451	NCBIGene:468	1	3	1	1	0	2	1.0	0.3333333333333333	0.5	1	1
Q94	20	NCBIGene:9451	NCBIGene:468	1	3	0	0	1	3	0.0	0.0	0.0	1	0
Q94	21	NCBIGene:9451	NCBIGene:468	1	3	0	0	1	3	0.0	0.0	0.0	1	0
Q94	22	NCBIGene:9451	NCBIGene:468	1	3	0	0	1	3	0.0	0.0	0.0	1	0
Q94	23	NCBIGene:9451	NCBIGene:468	1	3	0	0	1	3	0.0	0.0	0.0	1	0
Q94	24	NCBIGene:9451	NCBIGene:468	1	3	1	1	0	2	1.0	0.3333333333333333	0.5	1	1
Q94	25	NCBIGene:9451	NCBIGene:468	1	3	0	0	1	3	0.0	0.0	0.0	1	0
Q95	1	NCBIGene:50943	NCBIGene:3559	0	7	0	0	0	7	0.0	0.0	0.0	0	0
Q95	2	NCBIGene:50943	NCBIGene:3559	0	7	0	0	0	7	0.0	0.0	0.0	0	0
Q95	3	NCBIGene:50943	NCBIGene:3559	0	7	0	0	0	7	0.0	0.0	0.0	0	0
Q95	4	NCBIGene:50943	NCBIGene:3559	0	7	0	0	0	7	0.0	0.0	0.0	0	0
Q95	5	NCBIGene:50943	NCBIGene:3559	0	7	0	0	0	7	0.0	0.0	0.0	0	0
Q95	6	NCBIGene:50943	NCBIGene:3559	0	7	0	0	0	7	0.0	0.0	0.0	0	0
Q95	7	NCBIGene:50943	NCBIGene:3559	0	7	0	0	0	7	0.0	0.0	0.0	0	0
Q95	8	NCBIGene:50943	NCBIGene:3559	0	7	0	0	0	7	0.0	0.0	0.0	0	0
Q95	9	NCBIGene:50943	NCBIGene:3559	0	7	0	0	0	7	0.0	0.0	0.0	0	0
Q95	10	NCBIGene:50943	NCBIGene:3559	0	7	0	0	0	7	0.0	0.0	0.0	0	0
Q95	11	NCBIGene:50943	NCBIGene:3559	0	7	0	0	0	7	0.0	0.0	0.0	0	0
Q95	12	NCBIGene:50943	NCBIGene:3559	0	7	0	0	0	7	0.0	0.0	0.0	0	0
Q95	13	NCBIGene:50943	NCBIGene:3559	0	7	0	0	0	7	0.0	0.0	0.0	0	0
Q95	14	NCBIGene:50943	NCBIGene:3559	0	7	0	0	0	7	0.0	0.0	0.0	0	0
Q95	15	NCBIGene:50943	NCBIGene:3559	0	7	0	0	0	7	0.0	0.0	0.0	0	0
Q95	16	NCBIGene:50943	NCBIGene:3559	0	7	0	0	0	7	0.0	0.0	0.0	0	0
Q95	17	NCBIGene:50943	NCBIGene:3559	0	7	0	0	0	7	0.0	0.0	0.0	0	0
Q95	18	NCBIGene:50943	NCBIGene:3559	0	7	0	0	0	7	0.0	0.0	0.0	0	0
Q95	19	NCBIGene:50943	NCBIGene:3559	0	7	0	0	0	7	0.0	0.0	0.0	0	0
Q95	20	NCBIGene:50943	NCBIGene:3559	0	7	0	0	0	7	0.0	0.0	0.0	0	0
Q95	21	NCBIGene:50943	NCBIGene:3559	0	7	0	0	0	7	0.0	0.0	0.0	0	0
Q95	22	NCBIGene:50943	NCBIGene:3559	0	7	0	0	0	7	0.0	0.0	0.0	0	0
Q95	23	NCBIGene:50943	NCBIGene:3559	0	7	0	0	0	7	0.0	0.0	0.0	0	0
Q95	24	NCBIGene:50943	NCBIGene:3559	0	7	0	0	0	7	0.0	0.0	0.0	0	0
Q95	25	NCBIGene:50943	NCBIGene:3559	0	7	0	0	0	7	0.0	0.0	0.0	0	0
Q96	1	MONDO:0004985	NCBIGene:775	1	8	0	0	1	8	0.0	0.0	0.0	1	0
Q96	2	MONDO:0004985	NCBIGene:775	1	8	0	0	1	8	0.0	0.0	0.0	1	0
Q96	3	MONDO:0004985	NCBIGene:775	1	8	0	0	1	8	0.0	0.0	0.0	1	0
Q96	4	MONDO:0004985	NCBIGene:775	1	8	0	0	1	8	0.0	0.0	0.0	1	0
Q96	5	MONDO:0004985	NCBIGene:775	1	8	0	0	1	8	0.0	0.0	0.0	1	0
Q96	6	MONDO:0004985	NCBIGene:775	0	8	0	0	0	8	0.0	0.0	0.0	0	0
Q96	7	MONDO:0004985	NCBIGene:775	1	8	0	0	1	8	0.0	0.0	0.0	1	0
Q96	8	MONDO:0004985	NCBIGene:775	1	8	0	0	1	8	0.0	0.0	0.0	1	0
Q96	9	MONDO:0004985	NCBIGene:775	1	8	0	0	1	8	0.0	0.0	0.0	1	0
Q96	10	MONDO:0004985	NCBIGene:775	1	8	0	0	1	8	0.0	0.0	0.0	1	0
Q96	11	MONDO:0004985	NCBIGene:775	1	8	0	0	1	8	0.0	0.0	0.0	1	0
Q96	12	MONDO:0004985	NCBIGene:775	1	8	0	0	1	8	0.0	0.0	0.0	1	0
Q96	13	MONDO:0004985	NCBIGene:775	1	8	0	0	1	8	0.0	0.0	0.0	1	0
Q96	14	MONDO:0004985	NCBIGene:775	1	8	0	0	1	8	0.0	0.0	0.0	1	0
Q96	15	MONDO:0004985	NCBIGene:775	1	8	0	0	1	8	0.0	0.0	0.0	1	0
Q96	16	MONDO:0004985	NCBIGene:775	1	8	0	0	1	8	0.0	0.0	0.0	1	0
Q96	17	MONDO:0004985	NCBIGene:775	0	8	0	0	0	8	0.0	0.0	0.0	0	0
Q96	18	MONDO:0004985	NCBIGene:775	1	8	0	0	1	8	0.0	0.0	0.0	1	0
Q96	19	MONDO:0004985	NCBIGene:775	1	8	0	0	1	8	0.0	0.0	0.0	1	0
Q96	20	MONDO:0004985	NCBIGene:775	0	8	0	0	0	8	0.0	0.0	0.0	0	0
Q96	21	MONDO:0004985	NCBIGene:775	1	8	0	0	1	8	0.0	0.0	0.0	1	0
Q96	22	MONDO:0004985	NCBIGene:775	1	8	0	0	1	8	0.0	0.0	0.0	1	0
Q96	23	MONDO:0004985	NCBIGene:775	1	8	0	0	1	8	0.0	0.0	0.0	1	0
Q96	24	MONDO:0004985	NCBIGene:775	1	8	0	0	1	8	0.0	0.0	0.0	1	0
Q96	25	MONDO:0004985	NCBIGene:775	1	8	0	0	1	8	0.0	0.0	0.0	1	0
Q97	1	MONDO:0100096	NCBIGene:59272	0	5	0	0	0	5	0.0	0.0	0.0	0	0
Q97	2	MONDO:0100096	NCBIGene:59272	0	5	0	0	0	5	0.0	0.0	0.0	0	0
Q97	3	MONDO:0100096	NCBIGene:59272	0	5	0	0	0	5	0.0	0.0	0.0	0	0
Q97	4	MONDO:0100096	NCBIGene:59272	1	5	0	0	1	5	0.0	0.0	0.0	1	0
Q97	5	MONDO:0100096	NCBIGene:59272	0	5	0	0	0	5	0.0	0.0	0.0	0	0
Q97	6	MONDO:0100096	NCBIGene:59272	0	5	0	0	0	5	0.0	0.0	0.0	0	0
Q97	7	MONDO:0100096	NCBIGene:59272	0	5	0	0	0	5	0.0	0.0	0.0	0	0
Q97	8	MONDO:0100096	NCBIGene:59272	0	5	0	0	0	5	0.0	0.0	0.0	0	0
Q97	9	MONDO:0100096	NCBIGene:59272	1	5	0	0	1	5	0.0	0.0	0.0	1	0
Q97	10	MONDO:0100096	NCBIGene:59272	0	5	0	0	0	5	0.0	0.0	0.0	0	0
Q97	11	MONDO:0100096	NCBIGene:59272	0	5	0	0	0	5	0.0	0.0	0.0	0	0
Q97	12	MONDO:0100096	NCBIGene:59272	0	5	0	0	0	5	0.0	0.0	0.0	0	0
Q97	13	MONDO:0100096	NCBIGene:59272	0	5	0	0	0	5	0.0	0.0	0.0	0	0
Q97	14	MONDO:0100096	NCBIGene:59272	0	5	0	0	0	5	0.0	0.0	0.0	0	0
Q97	15	MONDO:0100096	NCBIGene:59272	0	5	0	0	0	5	0.0	0.0	0.0	0	0
Q97	16	MONDO:0100096	NCBIGene:59272	0	5	0	0	0	5	0.0	0.0	0.0	0	0
Q97	17	MONDO:0100096	NCBIGene:59272	0	5	0	0	0	5	0.0	0.0	0.0	0	0
Q97	18	MONDO:0100096	NCBIGene:59272	0	5	0	0	0	5	0.0	0.0	0.0	0	0
Q97	19	MONDO:0100096	NCBIGene:59272	0	5	0	0	0	5	0.0	0.0	0.0	0	0
Q97	20	MONDO:0100096	NCBIGene:59272	0	5	0	0	0	5	0.0	0.0	0.0	0	0
Q97	21	MONDO:0100096	NCBIGene:59272	0	5	0	0	0	5	0.0	0.0	0.0	0	0
Q97	22	MONDO:0100096	NCBIGene:59272	0	5	0	0	0	5	0.0	0.0	0.0	0	0
Q97	23	MONDO:0100096	NCBIGene:59272	0	5	0	0	0	5	0.0	0.0	0.0	0	0
Q97	24	MONDO:0100096	NCBIGene:59272	0	5	0	0	0	5	0.0	0.0	0.0	0	0
Q97	25	MONDO:0100096	NCBIGene:59272	0	5	0	0	0	5	0.0	0.0	0.0	0	0
Q98	1	MONDO:0005812	NCBIGene:51284	0	1	0	0	0	1	0.0	0.0	0.0	0	0
Q98	2	MONDO:0005812	NCBIGene:51284	0	1	0	0	0	1	0.0	0.0	0.0	0	0
Q98	3	MONDO:0005812	NCBIGene:51284	1	1	0	0	1	1	0.0	0.0	0.0	1	0
Q98	4	MONDO:0005812	NCBIGene:51284	1	1	0	0	1	1	0.0	0.0	0.0	1	0
Q98	5	MONDO:0005812	NCBIGene:51284	1	1	0	0	1	1	0.0	0.0	0.0	1	0
Q98	6	MONDO:0005812	NCBIGene:51284	1	1	0	0	1	1	0.0	0.0	0.0	1	0
Q98	7	MONDO:0005812	NCBIGene:51284	0	1	0	0	0	1	0.0	0.0	0.0	0	0
Q98	8	MONDO:0005812	NCBIGene:51284	1	1	0	0	1	1	0.0	0.0	0.0	1	0
Q98	9	MONDO:0005812	NCBIGene:51284	0	1	0	0	0	1	0.0	0.0	0.0	0	0
Q98	10	MONDO:0005812	NCBIGene:51284	0	1	0	0	0	1	0.0	0.0	0.0	0	0
Q98	11	MONDO:0005812	NCBIGene:51284	1	1	0	0	1	1	0.0	0.0	0.0	1	0
Q98	12	MONDO:0005812	NCBIGene:51284	1	1	0	0	1	1	0.0	0.0	0.0	1	0
Q98	13	MONDO:0005812	NCBIGene:51284	1	1	0	0	1	1	0.0	0.0	0.0	1	0
Q98	14	MONDO:0005812	NCBIGene:51284	1	1	0	0	1	1	0.0	0.0	0.0	1	0
Q98	15	MONDO:0005812	NCBIGene:51284	0	1	0	0	0	1	0.0	0.0	0.0	0	0
Q98	16	MONDO:0005812	NCBIGene:51284	1	1	0	0	1	1	0.0	0.0	0.0	1	0
Q98	17	MONDO:0005812	NCBIGene:51284	1	1	0	0	1	1	0.0	0.0	0.0	1	0
Q98	18	MONDO:0005812	NCBIGene:51284	1	1	0	0	1	1	0.0	0.0	0.0	1	0
Q98	19	MONDO:0005812	NCBIGene:51284	1	1	0	0	1	1	0.0	0.0	0.0	1	0
Q98	20	MONDO:0005812	NCBIGene:51284	1	1	0	0	1	1	0.0	0.0	0.0	1	0
Q98	21	MONDO:0005812	NCBIGene:51284	0	1	0	0	0	1	0.0	0.0	0.0	0	0
Q98	22	MONDO:0005812	NCBIGene:51284	0	1	0	0	0	1	0.0	0.0	0.0	0	0
Q98	23	MONDO:0005812	NCBIGene:51284	0	1	0	0	0	1	0.0	0.0	0.0	0	0
Q98	24	MONDO:0005812	NCBIGene:51284	0	1	0	0	0	1	0.0	0.0	0.0	0	0
Q98	25	MONDO:0005812	NCBIGene:51284	1	1	0	0	1	1	0.0	0.0	0.0	1	0
Q99	1	MONDO:0005109	NCBIGene:1234	0	5	0	0	0	5	0.0	0.0	0.0	0	0
Q99	2	MONDO:0005109	NCBIGene:1234	0	5	0	0	0	5	0.0	0.0	0.0	0	0
Q99	3	MONDO:0005109	NCBIGene:1234	0	5	0	0	0	5	0.0	0.0	0.0	0	0
Q99	4	MONDO:0005109	NCBIGene:1234	0	5	0	0	0	5	0.0	0.0	0.0	0	0
Q99	5	MONDO:0005109	NCBIGene:1234	1	5	0	0	1	5	0.0	0.0	0.0	1	0
Q99	6	MONDO:0005109	NCBIGene:1234	0	5	0	0	0	5	0.0	0.0	0.0	0	0
Q99	7	MONDO:0005109	NCBIGene:1234	0	5	0	0	0	5	0.0	0.0	0.0	0	0
Q99	8	MONDO:0005109	NCBIGene:1234	0	5	0	0	0	5	0.0	0.0	0.0	0	0
Q99	9	MONDO:0005109	NCBIGene:1234	0	5	0	0	0	5	0.0	0.0	0.0	0	0
Q99	10	MONDO:0005109	NCBIGene:1234	0	5	0	0	0	5	0.0	0.0	0.0	0	0
Q99	11	MONDO:0005109	NCBIGene:1234	0	5	0	0	0	5	0.0	0.0	0.0	0	0
Q99	12	MONDO:0005109	NCBIGene:1234	0	5	0	0	0	5	0.0	0.0	0.0	0	0
Q99	13	MONDO:0005109	NCBIGene:1234	0	5	0	0	0	5	0.0	0.0	0.0	0	0
Q99	14	MONDO:0005109	NCBIGene:1234	0	5	0	0	0	5	0.0	0.0	0.0	0	0
Q99	15	MONDO:0005109	NCBIGene:1234	0	5	0	0	0	5	0.0	0.0	0.0	0	0
Q99	16	MONDO:0005109	NCBIGene:1234	1	5	0	0	1	5	0.0	0.0	0.0	1	0
Q99	17	MONDO:0005109	NCBIGene:1234	0	5	0	0	0	5	0.0	0.0	0.0	0	0
Q99	18	MONDO:0005109	NCBIGene:1234	0	5	0	0	0	5	0.0	0.0	0.0	0	0
Q99	19	MONDO:0005109	NCBIGene:1234	0	5	0	0	0	5	0.0	0.0	0.0	0	0
Q99	20	MONDO:0005109	NCBIGene:1234	0	5	0	0	0	5	0.0	0.0	0.0	0	0
Q99	21	MONDO:0005109	NCBIGene:1234	0	5	0	0	0	5	0.0	0.0	0.0	0	0
Q99	22	MONDO:0005109	NCBIGene:1234	0	5	0	0	0	5	0.0	0.0	0.0	0	0
Q99	23	MONDO:0005109	NCBIGene:1234	0	5	0	0	0	5	0.0	0.0	0.0	0	0
Q99	24	MONDO:0005109	NCBIGene:1234	0	5	0	0	0	5	0.0	0.0	0.0	0	0
Q99	25	MONDO:0005109	NCBIGene:1234	0	5	0	0	0	5	0.0	0.0	0.0	0	0
Q100	1	NCBIGene:348	NCBIGene:4023	1	3	0	0	1	3	0.0	0.0	0.0	1	0
Q100	2	NCBIGene:348	NCBIGene:4023	1	3	0	0	1	3	0.0	0.0	0.0	1	0
Q100	3	NCBIGene:348	NCBIGene:4023	1	3	0	0	1	3	0.0	0.0	0.0	1	0
Q100	4	NCBIGene:348	NCBIGene:4023	1	3	0	0	1	3	0.0	0.0	0.0	1	0
Q100	5	NCBIGene:348	NCBIGene:4023	1	3	1	1	0	2	1.0	0.3333333333333333	0.5	1	1
Q100	6	NCBIGene:348	NCBIGene:4023	1	3	1	1	0	2	1.0	0.3333333333333333	0.5	1	1
Q100	7	NCBIGene:348	NCBIGene:4023	1	3	0	0	1	3	0.0	0.0	0.0	1	0
Q100	8	NCBIGene:348	NCBIGene:4023	1	3	0	0	1	3	0.0	0.0	0.0	1	0
Q100	9	NCBIGene:348	NCBIGene:4023	1	3	0	0	1	3	0.0	0.0	0.0	1	0
Q100	10	NCBIGene:348	NCBIGene:4023	1	3	1	1	0	2	1.0	0.3333333333333333	0.5	1	1
Q100	11	NCBIGene:348	NCBIGene:4023	1	3	0	0	1	3	0.0	0.0	0.0	1	0
Q100	12	NCBIGene:348	NCBIGene:4023	1	3	1	1	0	2	1.0	0.3333333333333333	0.5	1	1
Q100	13	NCBIGene:348	NCBIGene:4023	1	3	0	0	1	3	0.0	0.0	0.0	1	0
Q100	14	NCBIGene:348	NCBIGene:4023	1	3	0	0	1	3	0.0	0.0	0.0	1	0
Q100	15	NCBIGene:348	NCBIGene:4023	1	3	0	0	1	3	0.0	0.0	0.0	1	0
Q100	16	NCBIGene:348	NCBIGene:4023	1	3	1	1	0	2	1.0	0.3333333333333333	0.5	1	1
Q100	17	NCBIGene:348	NCBIGene:4023	1	3	1	1	0	2	1.0	0.3333333333333333	0.5	1	1
Q100	18	NCBIGene:348	NCBIGene:4023	1	3	0	0	1	3	0.0	0.0	0.0	1	0
Q100	19	NCBIGene:348	NCBIGene:4023	1	3	0	0	1	3	0.0	0.0	0.0	1	0
Q100	20	NCBIGene:348	NCBIGene:4023	1	3	0	0	1	3	0.0	0.0	0.0	1	0
Q100	21	NCBIGene:348	NCBIGene:4023	1	3	0	0	1	3	0.0	0.0	0.0	1	0
Q100	22	NCBIGene:348	NCBIGene:4023	1	3	0	0	1	3	0.0	0.0	0.0	1	0
Q100	23	NCBIGene:348	NCBIGene:4023	1	3	0	0	1	3	0.0	0.0	0.0	1	0
Q100	24	NCBIGene:348	NCBIGene:4023	1	3	0	0	1	3	0.0	0.0	0.0	1	0
Q100	25	NCBIGene:348	NCBIGene:4023	1	3	0	0	1	3	0.0	0.0	0.0	1	0
Q101	1	NCBIGene:65018	NCBIGene:11315	0	8	0	0	0	8	0.0	0.0	0.0	0	0
Q101	2	NCBIGene:65018	NCBIGene:11315	0	8	0	0	0	8	0.0	0.0	0.0	0	0
Q101	3	NCBIGene:65018	NCBIGene:11315	0	8	0	0	0	8	0.0	0.0	0.0	0	0
Q101	4	NCBIGene:65018	NCBIGene:11315	0	8	0	0	0	8	0.0	0.0	0.0	0	0
Q101	5	NCBIGene:65018	NCBIGene:11315	0	8	0	0	0	8	0.0	0.0	0.0	0	0
Q101	6	NCBIGene:65018	NCBIGene:11315	0	8	0	0	0	8	0.0	0.0	0.0	0	0
Q101	7	NCBIGene:65018	NCBIGene:11315	0	8	0	0	0	8	0.0	0.0	0.0	0	0
Q101	8	NCBIGene:65018	NCBIGene:11315	0	8	0	0	0	8	0.0	0.0	0.0	0	0
Q101	9	NCBIGene:65018	NCBIGene:11315	0	8	0	0	0	8	0.0	0.0	0.0	0	0
Q101	10	NCBIGene:65018	NCBIGene:11315	0	8	0	0	0	8	0.0	0.0	0.0	0	0
Q101	11	NCBIGene:65018	NCBIGene:11315	0	8	0	0	0	8	0.0	0.0	0.0	0	0
Q101	12	NCBIGene:65018	NCBIGene:11315	0	8	0	0	0	8	0.0	0.0	0.0	0	0
Q101	13	NCBIGene:65018	NCBIGene:11315	0	8	0	0	0	8	0.0	0.0	0.0	0	0
Q101	14	NCBIGene:65018	NCBIGene:11315	0	8	0	0	0	8	0.0	0.0	0.0	0	0
Q101	15	NCBIGene:65018	NCBIGene:11315	0	8	0	0	0	8	0.0	0.0	0.0	0	0
Q101	16	NCBIGene:65018	NCBIGene:11315	0	8	0	0	0	8	0.0	0.0	0.0	0	0
Q101	17	NCBIGene:65018	NCBIGene:11315	0	8	0	0	0	8	0.0	0.0	0.0	0	0
Q101	18	NCBIGene:65018	NCBIGene:11315	0	8	0	0	0	8	0.0	0.0	0.0	0	0
Q101	19	NCBIGene:65018	NCBIGene:11315	0	8	0	0	0	8	0.0	0.0	0.0	0	0
Q101	20	NCBIGene:65018	NCBIGene:11315	0	8	0	0	0	8	0.0	0.0	0.0	0	0
Q101	21	NCBIGene:65018	NCBIGene:11315	0	8	0	0	0	8	0.0	0.0	0.0	0	0
Q101	22	NCBIGene:65018	NCBIGene:11315	0	8	0	0	0	8	0.0	0.0	0.0	0	0
Q101	23	NCBIGene:65018	NCBIGene:11315	0	8	0	0	0	8	0.0	0.0	0.0	0	0
Q101	24	NCBIGene:65018	NCBIGene:11315	0	8	0	0	0	8	0.0	0.0	0.0	0	0
Q101	25	NCBIGene:65018	NCBIGene:11315	0	8	0	0	0	8	0.0	0.0	0.0	0	0
Q102	1	NCBIGene:2247	NCBIGene:2260	1	5	0	0	1	5	0.0	0.0	0.0	1	0
Q102	2	NCBIGene:2247	NCBIGene:2260	1	5	0	0	1	5	0.0	0.0	0.0	1	0
Q102	3	NCBIGene:2247	NCBIGene:2260	1	5	0	0	1	5	0.0	0.0	0.0	1	0
Q102	4	NCBIGene:2247	NCBIGene:2260	1	5	0	0	1	5	0.0	0.0	0.0	1	0
Q102	5	NCBIGene:2247	NCBIGene:2260	1	5	0	0	1	5	0.0	0.0	0.0	1	0
Q102	6	NCBIGene:2247	NCBIGene:2260	1	5	0	0	1	5	0.0	0.0	0.0	1	0
Q102	7	NCBIGene:2247	NCBIGene:2260	1	5	0	0	1	5	0.0	0.0	0.0	1	0
Q102	8	NCBIGene:2247	NCBIGene:2260	1	5	0	0	1	5	0.0	0.0	0.0	1	0
Q102	9	NCBIGene:2247	NCBIGene:2260	1	5	0	0	1	5	0.0	0.0	0.0	1	0
Q102	10	NCBIGene:2247	NCBIGene:2260	1	5	1	1	0	4	1.0	0.2	0.33333333333333337	1	1
Q102	11	NCBIGene:2247	NCBIGene:2260	1	5	0	0	1	5	0.0	0.0	0.0	1	0
Q102	12	NCBIGene:2247	NCBIGene:2260	1	5	0	0	1	5	0.0	0.0	0.0	1	0
Q102	13	NCBIGene:2247	NCBIGene:2260	1	5	0	0	1	5	0.0	0.0	0.0	1	0
Q102	14	NCBIGene:2247	NCBIGene:2260	1	5	0	0	1	5	0.0	0.0	0.0	1	0
Q102	15	NCBIGene:2247	NCBIGene:2260	1	5	0	0	1	5	0.0	0.0	0.0	1	0
Q102	16	NCBIGene:2247	NCBIGene:2260	1	5	0	0	1	5	0.0	0.0	0.0	1	0
Q102	17	NCBIGene:2247	NCBIGene:2260	1	5	1	1	0	4	1.0	0.2	0.33333333333333337	1	1
Q102	18	NCBIGene:2247	NCBIGene:2260	1	5	1	1	0	4	1.0	0.2	0.33333333333333337	1	1
Q102	19	NCBIGene:2247	NCBIGene:2260	1	5	0	0	1	5	0.0	0.0	0.0	1	0
Q102	20	NCBIGene:2247	NCBIGene:2260	1	5	0	0	1	5	0.0	0.0	0.0	1	0
Q102	21	NCBIGene:2247	NCBIGene:2260	1	5	0	0	1	5	0.0	0.0	0.0	1	0
Q102	22	NCBIGene:2247	NCBIGene:2260	1	5	0	0	1	5	0.0	0.0	0.0	1	0
Q102	23	NCBIGene:2247	NCBIGene:2260	1	5	1	1	0	4	1.0	0.2	0.33333333333333337	1	1
Q102	24	NCBIGene:2247	NCBIGene:2260	1	5	0	0	1	5	0.0	0.0	0.0	1	0
Q102	25	NCBIGene:2247	NCBIGene:2260	1	5	0	0	1	5	0.0	0.0	0.0	1	0
Q103	1	NCBIGene:367	NCBIGene:23028	0	8	0	0	0	8	0.0	0.0	0.0	0	0
Q103	2	NCBIGene:367	NCBIGene:23028	0	8	0	0	0	8	0.0	0.0	0.0	0	0
Q103	3	NCBIGene:367	NCBIGene:23028	1	8	1	1	0	7	1.0	0.125	0.2222222222222222	1	1
Q103	4	NCBIGene:367	NCBIGene:23028	0	8	0	0	0	8	0.0	0.0	0.0	0	0
Q103	5	NCBIGene:367	NCBIGene:23028	1	8	1	1	0	7	1.0	0.125	0.2222222222222222	1	1
Q103	6	NCBIGene:367	NCBIGene:23028	0	8	0	0	0	8	0.0	0.0	0.0	0	0
Q103	7	NCBIGene:367	NCBIGene:23028	0	8	0	0	0	8	0.0	0.0	0.0	0	0
Q103	8	NCBIGene:367	NCBIGene:23028	0	8	0	0	0	8	0.0	0.0	0.0	0	0
Q103	9	NCBIGene:367	NCBIGene:23028	1	8	1	1	0	7	1.0	0.125	0.2222222222222222	1	1
Q103	10	NCBIGene:367	NCBIGene:23028	1	8	1	1	0	7	1.0	0.125	0.2222222222222222	1	1
Q103	11	NCBIGene:367	NCBIGene:23028	0	8	0	0	0	8	0.0	0.0	0.0	0	0
Q103	12	NCBIGene:367	NCBIGene:23028	0	8	0	0	0	8	0.0	0.0	0.0	0	0
Q103	13	NCBIGene:367	NCBIGene:23028	0	8	0	0	0	8	0.0	0.0	0.0	0	0
Q103	14	NCBIGene:367	NCBIGene:23028	0	8	0	0	0	8	0.0	0.0	0.0	0	0
Q103	15	NCBIGene:367	NCBIGene:23028	1	8	1	1	0	7	1.0	0.125	0.2222222222222222	1	1
Q103	16	NCBIGene:367	NCBIGene:23028	1	8	0	0	1	8	0.0	0.0	0.0	1	0
Q103	17	NCBIGene:367	NCBIGene:23028	0	8	0	0	0	8	0.0	0.0	0.0	0	0
Q103	18	NCBIGene:367	NCBIGene:23028	0	8	0	0	0	8	0.0	0.0	0.0	0	0
Q103	19	NCBIGene:367	NCBIGene:23028	0	8	0	0	0	8	0.0	0.0	0.0	0	0
Q103	20	NCBIGene:367	NCBIGene:23028	0	8	0	0	0	8	0.0	0.0	0.0	0	0
Q103	21	NCBIGene:367	NCBIGene:23028	0	8	0	0	0	8	0.0	0.0	0.0	0	0
Q103	22	NCBIGene:367	NCBIGene:23028	0	8	0	0	0	8	0.0	0.0	0.0	0	0
Q103	23	NCBIGene:367	NCBIGene:23028	0	8	0	0	0	8	0.0	0.0	0.0	0	0
Q103	24	NCBIGene:367	NCBIGene:23028	1	8	1	1	0	7	1.0	0.125	0.2222222222222222	1	1
Q103	25	NCBIGene:367	NCBIGene:23028	0	8	0	0	0	8	0.0	0.0	0.0	0	0
Q104	1	NCBIGene:3091	NCBIGene:2034	1	7	1	1	0	6	1.0	0.14285714285714285	0.25	1	1
Q104	2	NCBIGene:3091	NCBIGene:2034	1	7	0	0	1	7	0.0	0.0	0.0	1	0
Q104	3	NCBIGene:3091	NCBIGene:2034	1	7	1	1	0	6	1.0	0.14285714285714285	0.25	1	1
Q104	4	NCBIGene:3091	NCBIGene:2034	1	7	1	1	0	6	1.0	0.14285714285714285	0.25	1	1
Q104	5	NCBIGene:3091	NCBIGene:2034	1	7	0	0	1	7	0.0	0.0	0.0	1	0
Q104	6	NCBIGene:3091	NCBIGene:2034	1	7	1	1	0	6	1.0	0.14285714285714285	0.25	1	1
Q104	7	NCBIGene:3091	NCBIGene:2034	1	7	1	1	0	6	1.0	0.14285714285714285	0.25	1	1
Q104	8	NCBIGene:3091	NCBIGene:2034	1	7	1	1	0	6	1.0	0.14285714285714285	0.25	1	1
Q104	9	NCBIGene:3091	NCBIGene:2034	1	7	1	1	0	6	1.0	0.14285714285714285	0.25	1	1
Q104	10	NCBIGene:3091	NCBIGene:2034	1	7	1	1	0	6	1.0	0.14285714285714285	0.25	1	1
Q104	11	NCBIGene:3091	NCBIGene:2034	1	7	1	1	0	6	1.0	0.14285714285714285	0.25	1	1
Q104	12	NCBIGene:3091	NCBIGene:2034	1	7	1	1	0	6	1.0	0.14285714285714285	0.25	1	1
Q104	13	NCBIGene:3091	NCBIGene:2034	1	7	1	1	0	6	1.0	0.14285714285714285	0.25	1	1
Q104	14	NCBIGene:3091	NCBIGene:2034	1	7	0	0	1	7	0.0	0.0	0.0	1	0
Q104	15	NCBIGene:3091	NCBIGene:2034	1	7	1	1	0	6	1.0	0.14285714285714285	0.25	1	1
Q104	16	NCBIGene:3091	NCBIGene:2034	1	7	0	0	1	7	0.0	0.0	0.0	1	0
Q104	17	NCBIGene:3091	NCBIGene:2034	1	7	1	1	0	6	1.0	0.14285714285714285	0.25	1	1
Q104	18	NCBIGene:3091	NCBIGene:2034	1	7	1	1	0	6	1.0	0.14285714285714285	0.25	1	1
Q104	19	NCBIGene:3091	NCBIGene:2034	1	7	1	1	0	6	1.0	0.14285714285714285	0.25	1	1
Q104	20	NCBIGene:3091	NCBIGene:2034	1	7	1	1	0	6	1.0	0.14285714285714285	0.25	1	1
Q104	21	NCBIGene:3091	NCBIGene:2034	1	7	1	1	0	6	1.0	0.14285714285714285	0.25	1	1
Q104	22	NCBIGene:3091	NCBIGene:2034	1	7	1	1	0	6	1.0	0.14285714285714285	0.25	1	1
Q104	23	NCBIGene:3091	NCBIGene:2034	1	7	1	1	0	6	1.0	0.14285714285714285	0.25	1	1
Q104	24	NCBIGene:3091	NCBIGene:2034	1	7	0	0	1	7	0.0	0.0	0.0	1	0
Q104	25	NCBIGene:3091	NCBIGene:2034	1	7	1	1	0	6	1.0	0.14285714285714285	0.25	1	1
Q105	1	NCBIGene:7099	NCBIGene:4615	1	7	0	0	1	7	0.0	0.0	0.0	1	0
Q105	2	NCBIGene:7099	NCBIGene:4615	1	7	0	0	1	7	0.0	0.0	0.0	1	0
Q105	3	NCBIGene:7099	NCBIGene:4615	1	7	1	1	0	6	1.0	0.14285714285714285	0.25	1	1
Q105	4	NCBIGene:7099	NCBIGene:4615	1	7	0	0	1	7	0.0	0.0	0.0	1	0
Q105	5	NCBIGene:7099	NCBIGene:4615	1	7	1	1	0	6	1.0	0.14285714285714285	0.25	1	1
Q105	6	NCBIGene:7099	NCBIGene:4615	1	7	1	1	0	6	1.0	0.14285714285714285	0.25	1	1
Q105	7	NCBIGene:7099	NCBIGene:4615	1	7	0	0	1	7	0.0	0.0	0.0	1	0
Q105	8	NCBIGene:7099	NCBIGene:4615	1	7	1	1	0	6	1.0	0.14285714285714285	0.25	1	1
Q105	9	NCBIGene:7099	NCBIGene:4615	1	7	1	1	0	6	1.0	0.14285714285714285	0.25	1	1
Q105	10	NCBIGene:7099	NCBIGene:4615	1	7	1	1	0	6	1.0	0.14285714285714285	0.25	1	1
Q105	11	NCBIGene:7099	NCBIGene:4615	1	7	0	0	1	7	0.0	0.0	0.0	1	0
Q105	12	NCBIGene:7099	NCBIGene:4615	1	7	1	1	0	6	1.0	0.14285714285714285	0.25	1	1
Q105	13	NCBIGene:7099	NCBIGene:4615	1	7	1	1	0	6	1.0	0.14285714285714285	0.25	1	1
Q105	14	NCBIGene:7099	NCBIGene:4615	1	7	1	1	0	6	1.0	0.14285714285714285	0.25	1	1
Q105	15	NCBIGene:7099	NCBIGene:4615	1	7	1	1	0	6	1.0	0.14285714285714285	0.25	1	1
Q105	16	NCBIGene:7099	NCBIGene:4615	1	7	1	1	0	6	1.0	0.14285714285714285	0.25	1	1
Q105	17	NCBIGene:7099	NCBIGene:4615	1	7	0	0	1	7	0.0	0.0	0.0	1	0
Q105	18	NCBIGene:7099	NCBIGene:4615	1	7	0	0	1	7	0.0	0.0	0.0	1	0
Q105	19	NCBIGene:7099	NCBIGene:4615	1	7	0	0	1	7	0.0	0.0	0.0	1	0
Q105	20	NCBIGene:7099	NCBIGene:4615	1	7	0	0	1	7	0.0	0.0	0.0	1	0
Q105	21	NCBIGene:7099	NCBIGene:4615	1	7	1	1	0	6	1.0	0.14285714285714285	0.25	1	1
Q105	22	NCBIGene:7099	NCBIGene:4615	1	7	0	0	1	7	0.0	0.0	0.0	1	0
Q105	23	NCBIGene:7099	NCBIGene:4615	1	7	1	1	0	6	1.0	0.14285714285714285	0.25	1	1
Q105	24	NCBIGene:7099	NCBIGene:4615	1	7	1	1	0	6	1.0	0.14285714285714285	0.25	1	1
Q105	25	NCBIGene:7099	NCBIGene:4615	1	7	0	0	1	7	0.0	0.0	0.0	1	0
Q106	1	NCBIGene:5728	NCBIGene:5290	1	9	0	0	1	9	0.0	0.0	0.0	1	0
Q106	2	NCBIGene:5728	NCBIGene:5290	1	9	0	0	1	9	0.0	0.0	0.0	1	0
Q106	3	NCBIGene:5728	NCBIGene:5290	1	9	0	0	1	9	0.0	0.0	0.0	1	0
Q106	4	NCBIGene:5728	NCBIGene:5290	1	9	0	0	1	9	0.0	0.0	0.0	1	0
Q106	5	NCBIGene:5728	NCBIGene:5290	1	9	0	0	1	9	0.0	0.0	0.0	1	0
Q106	6	NCBIGene:5728	NCBIGene:5290	1	9	0	0	1	9	0.0	0.0	0.0	1	0
Q106	7	NCBIGene:5728	NCBIGene:5290	1	9	0	0	1	9	0.0	0.0	0.0	1	0
Q106	8	NCBIGene:5728	NCBIGene:5290	1	9	0	0	1	9	0.0	0.0	0.0	1	0
Q106	9	NCBIGene:5728	NCBIGene:5290	1	9	0	0	1	9	0.0	0.0	0.0	1	0
Q106	10	NCBIGene:5728	NCBIGene:5290	1	9	1	1	0	8	1.0	0.1111111111111111	0.19999999999999998	1	1
Q106	11	NCBIGene:5728	NCBIGene:5290	1	9	1	1	0	8	1.0	0.1111111111111111	0.19999999999999998	1	1
Q106	12	NCBIGene:5728	NCBIGene:5290	1	9	0	0	1	9	0.0	0.0	0.0	1	0
Q106	13	NCBIGene:5728	NCBIGene:5290	1	9	1	1	0	8	1.0	0.1111111111111111	0.19999999999999998	1	1
Q106	14	NCBIGene:5728	NCBIGene:5290	1	9	0	0	1	9	0.0	0.0	0.0	1	0
Q106	15	NCBIGene:5728	NCBIGene:5290	1	9	0	0	1	9	0.0	0.0	0.0	1	0
Q106	16	NCBIGene:5728	NCBIGene:5290	1	9	1	1	0	8	1.0	0.1111111111111111	0.19999999999999998	1	1
Q106	17	NCBIGene:5728	NCBIGene:5290	1	9	0	0	1	9	0.0	0.0	0.0	1	0
Q106	18	NCBIGene:5728	NCBIGene:5290	1	9	0	0	1	9	0.0	0.0	0.0	1	0
Q106	19	NCBIGene:5728	NCBIGene:5290	1	9	1	1	0	8	1.0	0.1111111111111111	0.19999999999999998	1	1
Q106	20	NCBIGene:5728	NCBIGene:5290	1	9	0	0	1	9	0.0	0.0	0.0	1	0
Q106	21	NCBIGene:5728	NCBIGene:5290	1	9	0	0	1	9	0.0	0.0	0.0	1	0
Q106	22	NCBIGene:5728	NCBIGene:5290	1	9	1	1	0	8	1.0	0.1111111111111111	0.19999999999999998	1	1
Q106	23	NCBIGene:5728	NCBIGene:5290	1	9	0	0	1	9	0.0	0.0	0.0	1	0
Q106	24	NCBIGene:5728	NCBIGene:5290	1	9	0	0	1	9	0.0	0.0	0.0	1	0
Q106	25	NCBIGene:5728	NCBIGene:5290	1	9	0	0	1	9	0.0	0.0	0.0	1	0
Q107	1	NCBIGene:5562	NCBIGene:2475	1	7	1	1	0	6	1.0	0.14285714285714285	0.25	1	1
Q107	2	NCBIGene:5562	NCBIGene:2475	1	7	1	1	0	6	1.0	0.14285714285714285	0.25	1	1
Q107	3	NCBIGene:5562	NCBIGene:2475	1	7	1	1	0	6	1.0	0.14285714285714285	0.25	1	1
Q107	4	NCBIGene:5562	NCBIGene:2475	1	7	0	0	1	7	0.0	0.0	0.0	1	0
Q107	5	NCBIGene:5562	NCBIGene:2475	1	7	0	0	1	7	0.0	0.0	0.0	1	0
Q107	6	NCBIGene:5562	NCBIGene:2475	1	7	1	1	0	6	1.0	0.14285714285714285	0.25	1	1
Q107	7	NCBIGene:5562	NCBIGene:2475	1	7	1	1	0	6	1.0	0.14285714285714285	0.25	1	1
Q107	8	NCBIGene:5562	NCBIGene:2475	1	7	1	1	0	6	1.0	0.14285714285714285	0.25	1	1
Q107	9	NCBIGene:5562	NCBIGene:2475	1	7	1	1	0	6	1.0	0.14285714285714285	0.25	1	1
Q107	10	NCBIGene:5562	NCBIGene:2475	1	7	1	1	0	6	1.0	0.14285714285714285	0.25	1	1
Q107	11	NCBIGene:5562	NCBIGene:2475	1	7	1	1	0	6	1.0	0.14285714285714285	0.25	1	1
Q107	12	NCBIGene:5562	NCBIGene:2475	1	7	1	1	0	6	1.0	0.14285714285714285	0.25	1	1
Q107	13	NCBIGene:5562	NCBIGene:2475	1	7	1	1	0	6	1.0	0.14285714285714285	0.25	1	1
Q107	14	NCBIGene:5562	NCBIGene:2475	1	7	0	0	1	7	0.0	0.0	0.0	1	0
Q107	15	NCBIGene:5562	NCBIGene:2475	1	7	1	1	0	6	1.0	0.14285714285714285	0.25	1	1
Q107	16	NCBIGene:5562	NCBIGene:2475	1	7	0	0	1	7	0.0	0.0	0.0	1	0
Q107	17	NCBIGene:5562	NCBIGene:2475	1	7	1	1	0	6	1.0	0.14285714285714285	0.25	1	1
Q107	18	NCBIGene:5562	NCBIGene:2475	1	7	1	1	0	6	1.0	0.14285714285714285	0.25	1	1
Q107	19	NCBIGene:5562	NCBIGene:2475	1	7	0	0	1	7	0.0	0.0	0.0	1	0
Q107	20	NCBIGene:5562	NCBIGene:2475	1	7	0	0	1	7	0.0	0.0	0.0	1	0
Q107	21	NCBIGene:5562	NCBIGene:2475	1	7	1	1	0	6	1.0	0.14285714285714285	0.25	1	1
Q107	22	NCBIGene:5562	NCBIGene:2475	1	7	0	0	1	7	0.0	0.0	0.0	1	0
Q107	23	NCBIGene:5562	NCBIGene:2475	1	7	0	0	1	7	0.0	0.0	0.0	1	0
Q107	24	NCBIGene:5562	NCBIGene:2475	1	7	1	1	0	6	1.0	0.14285714285714285	0.25	1	1
Q107	25	NCBIGene:5562	NCBIGene:2475	1	7	1	1	0	6	1.0	0.14285714285714285	0.25	1	1
Q108	1	NCBIGene:9451	NCBIGene:7494	1	5	1	1	0	4	1.0	0.2	0.33333333333333337	1	1
Q108	2	NCBIGene:9451	NCBIGene:7494	0	5	0	0	0	5	0.0	0.0	0.0	0	0
Q108	3	NCBIGene:9451	NCBIGene:7494	1	5	1	1	0	4	1.0	0.2	0.33333333333333337	1	1
Q108	4	NCBIGene:9451	NCBIGene:7494	0	5	0	0	0	5	0.0	0.0	0.0	0	0
Q108	5	NCBIGene:9451	NCBIGene:7494	1	5	0	0	1	5	0.0	0.0	0.0	1	0
Q108	6	NCBIGene:9451	NCBIGene:7494	0	5	0	0	0	5	0.0	0.0	0.0	0	0
Q108	7	NCBIGene:9451	NCBIGene:7494	0	5	0	0	0	5	0.0	0.0	0.0	0	0
Q108	8	NCBIGene:9451	NCBIGene:7494	1	5	1	1	0	4	1.0	0.2	0.33333333333333337	1	1
Q108	9	NCBIGene:9451	NCBIGene:7494	1	5	1	1	0	4	1.0	0.2	0.33333333333333337	1	1
Q108	10	NCBIGene:9451	NCBIGene:7494	0	5	0	0	0	5	0.0	0.0	0.0	0	0
Q108	11	NCBIGene:9451	NCBIGene:7494	0	5	0	0	0	5	0.0	0.0	0.0	0	0
Q108	12	NCBIGene:9451	NCBIGene:7494	1	5	1	1	0	4	1.0	0.2	0.33333333333333337	1	1
Q108	13	NCBIGene:9451	NCBIGene:7494	0	5	0	0	0	5	0.0	0.0	0.0	0	0
Q108	14	NCBIGene:9451	NCBIGene:7494	0	5	0	0	0	5	0.0	0.0	0.0	0	0
Q108	15	NCBIGene:9451	NCBIGene:7494	1	5	0	0	1	5	0.0	0.0	0.0	1	0
Q108	16	NCBIGene:9451	NCBIGene:7494	0	5	0	0	0	5	0.0	0.0	0.0	0	0
Q108	17	NCBIGene:9451	NCBIGene:7494	1	5	1	1	0	4	1.0	0.2	0.33333333333333337	1	1
Q108	18	NCBIGene:9451	NCBIGene:7494	0	5	0	0	0	5	0.0	0.0	0.0	0	0
Q108	19	NCBIGene:9451	NCBIGene:7494	0	5	0	0	0	5	0.0	0.0	0.0	0	0
Q108	20	NCBIGene:9451	NCBIGene:7494	1	5	0	0	1	5	0.0	0.0	0.0	1	0
Q108	21	NCBIGene:9451	NCBIGene:7494	0	5	0	0	0	5	0.0	0.0	0.0	0	0
Q108	22	NCBIGene:9451	NCBIGene:7494	0	5	0	0	0	5	0.0	0.0	0.0	0	0
Q108	23	NCBIGene:9451	NCBIGene:7494	1	5	1	1	0	4	1.0	0.2	0.33333333333333337	1	1
Q108	24	NCBIGene:9451	NCBIGene:7494	1	5	1	1	0	4	1.0	0.2	0.33333333333333337	1	1
Q108	25	NCBIGene:9451	NCBIGene:7494	0	5	0	0	0	5	0.0	0.0	0.0	0	0
Q109	1	NCBIGene:3902	NCBIGene:3958	1	7	0	0	1	7	0.0	0.0	0.0	1	0
Q109	2	NCBIGene:3902	NCBIGene:3958	1	7	1	1	0	6	1.0	0.14285714285714285	0.25	1	1
Q109	3	NCBIGene:3902	NCBIGene:3958	1	7	0	0	1	7	0.0	0.0	0.0	1	0
Q109	4	NCBIGene:3902	NCBIGene:3958	1	7	0	0	1	7	0.0	0.0	0.0	1	0
Q109	5	NCBIGene:3902	NCBIGene:3958	1	7	0	0	1	7	0.0	0.0	0.0	1	0
Q109	6	NCBIGene:3902	NCBIGene:3958	1	7	0	0	1	7	0.0	0.0	0.0	1	0
Q109	7	NCBIGene:3902	NCBIGene:3958	1	7	0	0	1	7	0.0	0.0	0.0	1	0
Q109	8	NCBIGene:3902	NCBIGene:3958	1	7	0	0	1	7	0.0	0.0	0.0	1	0
Q109	9	NCBIGene:3902	NCBIGene:3958	1	7	0	0	1	7	0.0	0.0	0.0	1	0
Q109	10	NCBIGene:3902	NCBIGene:3958	1	7	0	0	1	7	0.0	0.0	0.0	1	0
Q109	11	NCBIGene:3902	NCBIGene:3958	1	7	0	0	1	7	0.0	0.0	0.0	1	0
Q109	12	NCBIGene:3902	NCBIGene:3958	1	7	0	0	1	7	0.0	0.0	0.0	1	0
Q109	13	NCBIGene:3902	NCBIGene:3958	1	7	1	1	0	6	1.0	0.14285714285714285	0.25	1	1
Q109	14	NCBIGene:3902	NCBIGene:3958	1	7	0	0	1	7	0.0	0.0	0.0	1	0
Q109	15	NCBIGene:3902	NCBIGene:3958	1	7	1	1	0	6	1.0	0.14285714285714285	0.25	1	1
Q109	16	NCBIGene:3902	NCBIGene:3958	1	7	0	0	1	7	0.0	0.0	0.0	1	0
Q109	17	NCBIGene:3902	NCBIGene:3958	1	7	0	0	1	7	0.0	0.0	0.0	1	0
Q109	18	NCBIGene:3902	NCBIGene:3958	1	7	0	0	1	7	0.0	0.0	0.0	1	0
Q109	19	NCBIGene:3902	NCBIGene:3958	1	7	0	0	1	7	0.0	0.0	0.0	1	0
Q109	20	NCBIGene:3902	NCBIGene:3958	1	7	0	0	1	7	0.0	0.0	0.0	1	0
Q109	21	NCBIGene:3902	NCBIGene:3958	1	7	0	0	1	7	0.0	0.0	0.0	1	0
Q109	22	NCBIGene:3902	NCBIGene:3958	1	7	0	0	1	7	0.0	0.0	0.0	1	0
Q109	23	NCBIGene:3902	NCBIGene:3958	1	7	1	1	0	6	1.0	0.14285714285714285	0.25	1	1
Q109	24	NCBIGene:3902	NCBIGene:3958	1	7	1	1	0	6	1.0	0.14285714285714285	0.25	1	1
Q109	25	NCBIGene:3902	NCBIGene:3958	1	7	0	0	1	7	0.0	0.0	0.0	1	0
Q110	1	MONDO:0005113	NCBIGene:5743	1	3	0	0	1	3	0.0	0.0	0.0	1	0
Q110	2	MONDO:0005113	NCBIGene:5743	1	3	0	0	1	3	0.0	0.0	0.0	1	0
Q110	3	MONDO:0005113	NCBIGene:5743	1	3	0	0	1	3	0.0	0.0	0.0	1	0
Q110	4	MONDO:0005113	NCBIGene:5743	1	3	0	0	1	3	0.0	0.0	0.0	1	0
Q110	5	MONDO:0005113	NCBIGene:5743	1	3	0	0	1	3	0.0	0.0	0.0	1	0
Q110	6	MONDO:0005113	NCBIGene:5743	1	3	0	0	1	3	0.0	0.0	0.0	1	0
Q110	7	MONDO:0005113	NCBIGene:5743	1	3	0	0	1	3	0.0	0.0	0.0	1	0
Q110	8	MONDO:0005113	NCBIGene:5743	1	3	0	0	1	3	0.0	0.0	0.0	1	0
Q110	9	MONDO:0005113	NCBIGene:5743	1	3	0	0	1	3	0.0	0.0	0.0	1	0
Q110	10	MONDO:0005113	NCBIGene:5743	1	3	0	0	1	3	0.0	0.0	0.0	1	0
Q110	11	MONDO:0005113	NCBIGene:5743	1	3	0	0	1	3	0.0	0.0	0.0	1	0
Q110	12	MONDO:0005113	NCBIGene:5743	1	3	0	0	1	3	0.0	0.0	0.0	1	0
Q110	13	MONDO:0005113	NCBIGene:5743	1	3	0	0	1	3	0.0	0.0	0.0	1	0
Q110	14	MONDO:0005113	NCBIGene:5743	1	3	0	0	1	3	0.0	0.0	0.0	1	0
Q110	15	MONDO:0005113	NCBIGene:5743	1	3	0	0	1	3	0.0	0.0	0.0	1	0
Q110	16	MONDO:0005113	NCBIGene:5743	0	3	0	0	0	3	0.0	0.0	0.0	0	0
Q110	17	MONDO:0005113	NCBIGene:5743	1	3	0	0	1	3	0.0	0.0	0.0	1	0
Q110	18	MONDO:0005113	NCBIGene:5743	1	3	0	0	1	3	0.0	0.0	0.0	1	0
Q110	19	MONDO:0005113	NCBIGene:5743	1	3	0	0	1	3	0.0	0.0	0.0	1	0
Q110	20	MONDO:0005113	NCBIGene:5743	1	3	0	0	1	3	0.0	0.0	0.0	1	0
Q110	21	MONDO:0005113	NCBIGene:5743	1	3	0	0	1	3	0.0	0.0	0.0	1	0
Q110	22	MONDO:0005113	NCBIGene:5743	1	3	0	0	1	3	0.0	0.0	0.0	1	0
Q110	23	MONDO:0005113	NCBIGene:5743	1	3	0	0	1	3	0.0	0.0	0.0	1	0
Q110	24	MONDO:0005113	NCBIGene:5743	1	3	0	0	1	3	0.0	0.0	0.0	1	0
Q110	25	MONDO:0005113	NCBIGene:5743	1	3	0	0	1	3	0.0	0.0	0.0	1	0
Q111	1	MONDO:0005149	NCBIGene:4846	1	1	0	0	1	1	0.0	0.0	0.0	1	0
Q111	2	MONDO:0005149	NCBIGene:4846	1	1	0	0	1	1	0.0	0.0	0.0	1	0
Q111	3	MONDO:0005149	NCBIGene:4846	1	1	0	0	1	1	0.0	0.0	0.0	1	0
Q111	4	MONDO:0005149	NCBIGene:4846	1	1	0	0	1	1	0.0	0.0	0.0	1	0
Q111	5	MONDO:0005149	NCBIGene:4846	1	1	0	0	1	1	0.0	0.0	0.0	1	0
Q111	6	MONDO:0005149	NCBIGene:4846	1	1	0	0	1	1	0.0	0.0	0.0	1	0
Q111	7	MONDO:0005149	NCBIGene:4846	1	1	0	0	1	1	0.0	0.0	0.0	1	0
Q111	8	MONDO:0005149	NCBIGene:4846	1	1	0	0	1	1	0.0	0.0	0.0	1	0
Q111	9	MONDO:0005149	NCBIGene:4846	1	1	0	0	1	1	0.0	0.0	0.0	1	0
Q111	10	MONDO:0005149	NCBIGene:4846	1	1	0	0	1	1	0.0	0.0	0.0	1	0
Q111	11	MONDO:0005149	NCBIGene:4846	1	1	0	0	1	1	0.0	0.0	0.0	1	0
Q111	12	MONDO:0005149	NCBIGene:4846	1	1	0	0	1	1	0.0	0.0	0.0	1	0
Q111	13	MONDO:0005149	NCBIGene:4846	1	1	0	0	1	1	0.0	0.0	0.0	1	0
Q111	14	MONDO:0005149	NCBIGene:4846	1	1	0	0	1	1	0.0	0.0	0.0	1	0
Q111	15	MONDO:0005149	NCBIGene:4846	1	1	0	0	1	1	0.0	0.0	0.0	1	0
Q111	16	MONDO:0005149	NCBIGene:4846	1	1	0	0	1	1	0.0	0.0	0.0	1	0
Q111	17	MONDO:0005149	NCBIGene:4846	1	1	0	0	1	1	0.0	0.0	0.0	1	0
Q111	18	MONDO:0005149	NCBIGene:4846	1	1	0	0	1	1	0.0	0.0	0.0	1	0
Q111	19	MONDO:0005149	NCBIGene:4846	1	1	0	0	1	1	0.0	0.0	0.0	1	0
Q111	20	MONDO:0005149	NCBIGene:4846	1	1	0	0	1	1	0.0	0.0	0.0	1	0
Q111	21	MONDO:0005149	NCBIGene:4846	1	1	0	0	1	1	0.0	0.0	0.0	1	0
Q111	22	MONDO:0005149	NCBIGene:4846	1	1	0	0	1	1	0.0	0.0	0.0	1	0
Q111	23	MONDO:0005149	NCBIGene:4846	1	1	0	0	1	1	0.0	0.0	0.0	1	0
Q111	24	MONDO:0005149	NCBIGene:4846	1	1	0	0	1	1	0.0	0.0	0.0	1	0
Q111	25	MONDO:0005149	NCBIGene:4846	1	1	0	0	1	1	0.0	0.0	0.0	1	0
Q112	1	NCBIGene:6774	NCBIGene:3572	1	7	0	0	1	7	0.0	0.0	0.0	1	0
Q112	2	NCBIGene:6774	NCBIGene:3572	1	7	1	1	0	6	1.0	0.14285714285714285	0.25	1	1
Q112	3	NCBIGene:6774	NCBIGene:3572	1	7	0	0	1	7	0.0	0.0	0.0	1	0
Q112	4	NCBIGene:6774	NCBIGene:3572	1	7	0	0	1	7	0.0	0.0	0.0	1	0
Q112	5	NCBIGene:6774	NCBIGene:3572	1	7	1	1	0	6	1.0	0.14285714285714285	0.25	1	1
Q112	6	NCBIGene:6774	NCBIGene:3572	1	7	1	1	0	6	1.0	0.14285714285714285	0.25	1	1
Q112	7	NCBIGene:6774	NCBIGene:3572	1	7	1	1	0	6	1.0	0.14285714285714285	0.25	1	1
Q112	8	NCBIGene:6774	NCBIGene:3572	1	7	0	0	1	7	0.0	0.0	0.0	1	0
Q112	9	NCBIGene:6774	NCBIGene:3572	1	7	0	0	1	7	0.0	0.0	0.0	1	0
Q112	10	NCBIGene:6774	NCBIGene:3572	1	7	1	1	0	6	1.0	0.14285714285714285	0.25	1	1
Q112	11	NCBIGene:6774	NCBIGene:3572	1	7	0	0	1	7	0.0	0.0	0.0	1	0
Q112	12	NCBIGene:6774	NCBIGene:3572	1	7	1	1	0	6	1.0	0.14285714285714285	0.25	1	1
Q112	13	NCBIGene:6774	NCBIGene:3572	1	7	0	0	1	7	0.0	0.0	0.0	1	0
Q112	14	NCBIGene:6774	NCBIGene:3572	1	7	1	1	0	6	1.0	0.14285714285714285	0.25	1	1
Q112	15	NCBIGene:6774	NCBIGene:3572	1	7	1	1	0	6	1.0	0.14285714285714285	0.25	1	1
Q112	16	NCBIGene:6774	NCBIGene:3572	1	7	1	1	0	6	1.0	0.14285714285714285	0.25	1	1
Q112	17	NCBIGene:6774	NCBIGene:3572	1	7	0	0	1	7	0.0	0.0	0.0	1	0
Q112	18	NCBIGene:6774	NCBIGene:3572	1	7	1	1	0	6	1.0	0.14285714285714285	0.25	1	1
Q112	19	NCBIGene:6774	NCBIGene:3572	1	7	1	1	0	6	1.0	0.14285714285714285	0.25	1	1
Q112	20	NCBIGene:6774	NCBIGene:3572	1	7	1	1	0	6	1.0	0.14285714285714285	0.25	1	1
Q112	21	NCBIGene:6774	NCBIGene:3572	1	7	1	1	0	6	1.0	0.14285714285714285	0.25	1	1
Q112	22	NCBIGene:6774	NCBIGene:3572	1	7	1	1	0	6	1.0	0.14285714285714285	0.25	1	1
Q112	23	NCBIGene:6774	NCBIGene:3572	1	7	1	1	0	6	1.0	0.14285714285714285	0.25	1	1
Q112	24	NCBIGene:6774	NCBIGene:3572	1	7	1	1	0	6	1.0	0.14285714285714285	0.25	1	1
Q112	25	NCBIGene:6774	NCBIGene:3572	1	7	0	0	1	7	0.0	0.0	0.0	1	0
Q113	1	NCBIGene:7048	NCBIGene:4092	1	8	0	0	1	8	0.0	0.0	0.0	1	0
Q113	2	NCBIGene:7048	NCBIGene:4092	1	8	1	1	0	7	1.0	0.125	0.2222222222222222	1	1
Q113	3	NCBIGene:7048	NCBIGene:4092	1	8	1	1	0	7	1.0	0.125	0.2222222222222222	1	1
Q113	4	NCBIGene:7048	NCBIGene:4092	1	8	1	1	0	7	1.0	0.125	0.2222222222222222	1	1
Q113	5	NCBIGene:7048	NCBIGene:4092	1	8	0	0	1	8	0.0	0.0	0.0	1	0
Q113	6	NCBIGene:7048	NCBIGene:4092	1	8	0	0	1	8	0.0	0.0	0.0	1	0
Q113	7	NCBIGene:7048	NCBIGene:4092	1	8	0	0	1	8	0.0	0.0	0.0	1	0
Q113	8	NCBIGene:7048	NCBIGene:4092	1	8	0	0	1	8	0.0	0.0	0.0	1	0
Q113	9	NCBIGene:7048	NCBIGene:4092	1	8	1	1	0	7	1.0	0.125	0.2222222222222222	1	1
Q113	10	NCBIGene:7048	NCBIGene:4092	1	8	1	1	0	7	1.0	0.125	0.2222222222222222	1	1
Q113	11	NCBIGene:7048	NCBIGene:4092	1	8	0	0	1	8	0.0	0.0	0.0	1	0
Q113	12	NCBIGene:7048	NCBIGene:4092	1	8	0	0	1	8	0.0	0.0	0.0	1	0
Q113	13	NCBIGene:7048	NCBIGene:4092	1	8	0	0	1	8	0.0	0.0	0.0	1	0
Q113	14	NCBIGene:7048	NCBIGene:4092	1	8	0	0	1	8	0.0	0.0	0.0	1	0
Q113	15	NCBIGene:7048	NCBIGene:4092	1	8	1	1	0	7	1.0	0.125	0.2222222222222222	1	1
Q113	16	NCBIGene:7048	NCBIGene:4092	1	8	0	0	1	8	0.0	0.0	0.0	1	0
Q113	17	NCBIGene:7048	NCBIGene:4092	1	8	1	1	0	7	1.0	0.125	0.2222222222222222	1	1
Q113	18	NCBIGene:7048	NCBIGene:4092	1	8	1	1	0	7	1.0	0.125	0.2222222222222222	1	1
Q113	19	NCBIGene:7048	NCBIGene:4092	1	8	1	1	0	7	1.0	0.125	0.2222222222222222	1	1
Q113	20	NCBIGene:7048	NCBIGene:4092	1	8	1	1	0	7	1.0	0.125	0.2222222222222222	1	1
Q113	21	NCBIGene:7048	NCBIGene:4092	1	8	0	0	1	8	0.0	0.0	0.0	1	0
Q113	22	NCBIGene:7048	NCBIGene:4092	1	8	0	0	1	8	0.0	0.0	0.0	1	0
Q113	23	NCBIGene:7048	NCBIGene:4092	1	8	1	1	0	7	1.0	0.125	0.2222222222222222	1	1
Q113	24	NCBIGene:7048	NCBIGene:4092	1	8	0	0	1	8	0.0	0.0	0.0	1	0
Q113	25	NCBIGene:7048	NCBIGene:4092	1	8	0	0	1	8	0.0	0.0	0.0	1	0
Q114	1	NCBIGene:2308	NCBIGene:3643	1	7	1	1	0	6	1.0	0.14285714285714285	0.25	1	1
Q114	2	NCBIGene:2308	NCBIGene:3643	1	7	0	0	1	7	0.0	0.0	0.0	1	0
Q114	3	NCBIGene:2308	NCBIGene:3643	1	7	0	0	1	7	0.0	0.0	0.0	1	0
Q114	4	NCBIGene:2308	NCBIGene:3643	1	7	1	1	0	6	1.0	0.14285714285714285	0.25	1	1
Q114	5	NCBIGene:2308	NCBIGene:3643	1	7	0	0	1	7	0.0	0.0	0.0	1	0
Q114	6	NCBIGene:2308	NCBIGene:3643	1	7	0	0	1	7	0.0	0.0	0.0	1	0
Q114	7	NCBIGene:2308	NCBIGene:3643	1	7	1	1	0	6	1.0	0.14285714285714285	0.25	1	1
Q114	8	NCBIGene:2308	NCBIGene:3643	1	7	0	0	1	7	0.0	0.0	0.0	1	0
Q114	9	NCBIGene:2308	NCBIGene:3643	1	7	0	0	1	7	0.0	0.0	0.0	1	0
Q114	10	NCBIGene:2308	NCBIGene:3643	1	7	0	0	1	7	0.0	0.0	0.0	1	0
Q114	11	NCBIGene:2308	NCBIGene:3643	1	7	1	1	0	6	1.0	0.14285714285714285	0.25	1	1
Q114	12	NCBIGene:2308	NCBIGene:3643	1	7	1	1	0	6	1.0	0.14285714285714285	0.25	1	1
Q114	13	NCBIGene:2308	NCBIGene:3643	1	7	1	1	0	6	1.0	0.14285714285714285	0.25	1	1
Q114	14	NCBIGene:2308	NCBIGene:3643	1	7	1	1	0	6	1.0	0.14285714285714285	0.25	1	1
Q114	15	NCBIGene:2308	NCBIGene:3643	1	7	1	1	0	6	1.0	0.14285714285714285	0.25	1	1
Q114	16	NCBIGene:2308	NCBIGene:3643	1	7	1	1	0	6	1.0	0.14285714285714285	0.25	1	1
Q114	17	NCBIGene:2308	NCBIGene:3643	1	7	0	0	1	7	0.0	0.0	0.0	1	0
Q114	18	NCBIGene:2308	NCBIGene:3643	1	7	1	1	0	6	1.0	0.14285714285714285	0.25	1	1
Q114	19	NCBIGene:2308	NCBIGene:3643	1	7	0	0	1	7	0.0	0.0	0.0	1	0
Q114	20	NCBIGene:2308	NCBIGene:3643	1	7	1	1	0	6	1.0	0.14285714285714285	0.25	1	1
Q114	21	NCBIGene:2308	NCBIGene:3643	1	7	1	1	0	6	1.0	0.14285714285714285	0.25	1	1
Q114	22	NCBIGene:2308	NCBIGene:3643	1	7	0	0	1	7	0.0	0.0	0.0	1	0
Q114	23	NCBIGene:2308	NCBIGene:3643	1	7	0	0	1	7	0.0	0.0	0.0	1	0
Q114	24	NCBIGene:2308	NCBIGene:3643	1	7	1	1	0	6	1.0	0.14285714285714285	0.25	1	1
Q114	25	NCBIGene:2308	NCBIGene:3643	1	7	0	0	1	7	0.0	0.0	0.0	1	0
Q115	1	NCBIGene:2645	NCBIGene:2538	1	5	0	0	1	5	0.0	0.0	0.0	1	0
Q115	2	NCBIGene:2645	NCBIGene:2538	1	5	0	0	1	5	0.0	0.0	0.0	1	0
Q115	3	NCBIGene:2645	NCBIGene:2538	1	5	0	0	1	5	0.0	0.0	0.0	1	0
Q115	4	NCBIGene:2645	NCBIGene:2538	1	5	1	1	0	4	1.0	0.2	0.33333333333333337	1	1
Q115	5	NCBIGene:2645	NCBIGene:2538	0	5	0	0	0	5	0.0	0.0	0.0	0	0
Q115	6	NCBIGene:2645	NCBIGene:2538	1	5	0	0	1	5	0.0	0.0	0.0	1	0
Q115	7	NCBIGene:2645	NCBIGene:2538	1	5	1	1	0	4	1.0	0.2	0.33333333333333337	1	1
Q115	8	NCBIGene:2645	NCBIGene:2538	1	5	1	1	0	4	1.0	0.2	0.33333333333333337	1	1
Q115	9	NCBIGene:2645	NCBIGene:2538	1	5	0	0	1	5	0.0	0.0	0.0	1	0
Q115	10	NCBIGene:2645	NCBIGene:2538	1	5	1	1	0	4	1.0	0.2	0.33333333333333337	1	1
Q115	11	NCBIGene:2645	NCBIGene:2538	1	5	0	0	1	5	0.0	0.0	0.0	1	0
Q115	12	NCBIGene:2645	NCBIGene:2538	1	5	1	1	0	4	1.0	0.2	0.33333333333333337	1	1
Q115	13	NCBIGene:2645	NCBIGene:2538	1	5	1	1	0	4	1.0	0.2	0.33333333333333337	1	1
Q115	14	NCBIGene:2645	NCBIGene:2538	1	5	0	0	1	5	0.0	0.0	0.0	1	0
Q115	15	NCBIGene:2645	NCBIGene:2538	1	5	1	1	0	4	1.0	0.2	0.33333333333333337	1	1
Q115	16	NCBIGene:2645	NCBIGene:2538	1	5	1	1	0	4	1.0	0.2	0.33333333333333337	1	1
Q115	17	NCBIGene:2645	NCBIGene:2538	1	5	0	0	1	5	0.0	0.0	0.0	1	0
Q115	18	NCBIGene:2645	NCBIGene:2538	1	5	0	0	1	5	0.0	0.0	0.0	1	0
Q115	19	NCBIGene:2645	NCBIGene:2538	1	5	1	1	0	4	1.0	0.2	0.33333333333333337	1	1
Q115	20	NCBIGene:2645	NCBIGene:2538	1	5	0	0	1	5	0.0	0.0	0.0	1	0
Q115	21	NCBIGene:2645	NCBIGene:2538	1	5	0	0	1	5	0.0	0.0	0.0	1	0
Q115	22	NCBIGene:2645	NCBIGene:2538	1	5	0	0	1	5	0.0	0.0	0.0	1	0
Q115	23	NCBIGene:2645	NCBIGene:2538	1	5	1	1	0	4	1.0	0.2	0.33333333333333337	1	1
Q115	24	NCBIGene:2645	NCBIGene:2538	1	5	1	1	0	4	1.0	0.2	0.33333333333333337	1	1
Q115	25	NCBIGene:2645	NCBIGene:2538	1	5	0	0	1	5	0.0	0.0	0.0	1	0
Q116	1	NCBIGene:6720	NCBIGene:2194	1	8	0	0	1	8	0.0	0.0	0.0	1	0
Q116	2	NCBIGene:6720	NCBIGene:2194	1	8	0	0	1	8	0.0	0.0	0.0	1	0
Q116	3	NCBIGene:6720	NCBIGene:2194	1	8	0	0	1	8	0.0	0.0	0.0	1	0
Q116	4	NCBIGene:6720	NCBIGene:2194	1	8	0	0	1	8	0.0	0.0	0.0	1	0
Q116	5	NCBIGene:6720	NCBIGene:2194	1	8	0	0	1	8	0.0	0.0	0.0	1	0
Q116	6	NCBIGene:6720	NCBIGene:2194	1	8	0	0	1	8	0.0	0.0	0.0	1	0
Q116	7	NCBIGene:6720	NCBIGene:2194	1	8	0	0	1	8	0.0	0.0	0.0	1	0
Q116	8	NCBIGene:6720	NCBIGene:2194	1	8	0	0	1	8	0.0	0.0	0.0	1	0
Q116	9	NCBIGene:6720	NCBIGene:2194	1	8	0	0	1	8	0.0	0.0	0.0	1	0
Q116	10	NCBIGene:6720	NCBIGene:2194	1	8	0	0	1	8	0.0	0.0	0.0	1	0
Q116	11	NCBIGene:6720	NCBIGene:2194	1	8	1	1	0	7	1.0	0.125	0.2222222222222222	1	1
Q116	12	NCBIGene:6720	NCBIGene:2194	1	8	0	0	1	8	0.0	0.0	0.0	1	0
Q116	13	NCBIGene:6720	NCBIGene:2194	1	8	0	0	1	8	0.0	0.0	0.0	1	0
Q116	14	NCBIGene:6720	NCBIGene:2194	1	8	0	0	1	8	0.0	0.0	0.0	1	0
Q116	15	NCBIGene:6720	NCBIGene:2194	1	8	0	0	1	8	0.0	0.0	0.0	1	0
Q116	16	NCBIGene:6720	NCBIGene:2194	1	8	0	0	1	8	0.0	0.0	0.0	1	0
Q116	17	NCBIGene:6720	NCBIGene:2194	1	8	0	0	1	8	0.0	0.0	0.0	1	0
Q116	18	NCBIGene:6720	NCBIGene:2194	1	8	0	0	1	8	0.0	0.0	0.0	1	0
Q116	19	NCBIGene:6720	NCBIGene:2194	1	8	0	0	1	8	0.0	0.0	0.0	1	0
Q116	20	NCBIGene:6720	NCBIGene:2194	1	8	0	0	1	8	0.0	0.0	0.0	1	0
Q116	21	NCBIGene:6720	NCBIGene:2194	1	8	0	0	1	8	0.0	0.0	0.0	1	0
Q116	22	NCBIGene:6720	NCBIGene:2194	1	8	0	0	1	8	0.0	0.0	0.0	1	0
Q116	23	NCBIGene:6720	NCBIGene:2194	1	8	0	0	1	8	0.0	0.0	0.0	1	0
Q116	24	NCBIGene:6720	NCBIGene:2194	1	8	0	0	1	8	0.0	0.0	0.0	1	0
Q116	25	NCBIGene:6720	NCBIGene:2194	1	8	0	0	1	8	0.0	0.0	0.0	1	0
Q117	1	NCBIGene:5468	NCBIGene:1149	1	5	0	0	1	5	0.0	0.0	0.0	1	0
Q117	2	NCBIGene:5468	NCBIGene:1149	1	5	1	1	0	4	1.0	0.2	0.33333333333333337	1	1
Q117	3	NCBIGene:5468	NCBIGene:1149	1	5	0	0	1	5	0.0	0.0	0.0	1	0
Q117	4	NCBIGene:5468	NCBIGene:1149	1	5	1	1	0	4	1.0	0.2	0.33333333333333337	1	1
Q117	5	NCBIGene:5468	NCBIGene:1149	1	5	0	0	1	5	0.0	0.0	0.0	1	0
Q117	6	NCBIGene:5468	NCBIGene:1149	1	5	0	0	1	5	0.0	0.0	0.0	1	0
Q117	7	NCBIGene:5468	NCBIGene:1149	1	5	0	0	1	5	0.0	0.0	0.0	1	0
Q117	8	NCBIGene:5468	NCBIGene:1149	1	5	0	0	1	5	0.0	0.0	0.0	1	0
Q117	9	NCBIGene:5468	NCBIGene:1149	1	5	0	0	1	5	0.0	0.0	0.0	1	0
Q117	10	NCBIGene:5468	NCBIGene:1149	1	5	0	0	1	5	0.0	0.0	0.0	1	0
Q117	11	NCBIGene:5468	NCBIGene:1149	1	5	0	0	1	5	0.0	0.0	0.0	1	0
Q117	12	NCBIGene:5468	NCBIGene:1149	1	5	1	1	0	4	1.0	0.2	0.33333333333333337	1	1
Q117	13	NCBIGene:5468	NCBIGene:1149	1	5	0	0	1	5	0.0	0.0	0.0	1	0
Q117	14	NCBIGene:5468	NCBIGene:1149	1	5	0	0	1	5	0.0	0.0	0.0	1	0
Q117	15	NCBIGene:5468	NCBIGene:1149	1	5	1	1	0	4	1.0	0.2	0.33333333333333337	1	1
Q117	16	NCBIGene:5468	NCBIGene:1149	1	5	0	0	1	5	0.0	0.0	0.0	1	0
Q117	17	NCBIGene:5468	NCBIGene:1149	1	5	0	0	1	5	0.0	0.0	0.0	1	0
Q117	18	NCBIGene:5468	NCBIGene:1149	1	5	1	1	0	4	1.0	0.2	0.33333333333333337	1	1
Q117	19	NCBIGene:5468	NCBIGene:1149	1	5	0	0	1	5	0.0	0.0	0.0	1	0
Q117	20	NCBIGene:5468	NCBIGene:1149	1	5	0	0	1	5	0.0	0.0	0.0	1	0
Q117	21	NCBIGene:5468	NCBIGene:1149	1	5	0	0	1	5	0.0	0.0	0.0	1	0
Q117	22	NCBIGene:5468	NCBIGene:1149	1	5	0	0	1	5	0.0	0.0	0.0	1	0
Q117	23	NCBIGene:5468	NCBIGene:1149	1	5	1	1	0	4	1.0	0.2	0.33333333333333337	1	1
Q117	24	NCBIGene:5468	NCBIGene:1149	1	5	0	0	1	5	0.0	0.0	0.0	1	0
Q117	25	NCBIGene:5468	NCBIGene:1149	1	5	0	0	1	5	0.0	0.0	0.0	1	0
Q118	1	NCBIGene:6927	NCBIGene:3172	1	3	0	0	1	3	0.0	0.0	0.0	1	0
Q118	2	NCBIGene:6927	NCBIGene:3172	1	3	0	0	1	3	0.0	0.0	0.0	1	0
Q118	3	NCBIGene:6927	NCBIGene:3172	1	3	0	0	1	3	0.0	0.0	0.0	1	0
Q118	4	NCBIGene:6927	NCBIGene:3172	1	3	0	0	1	3	0.0	0.0	0.0	1	0
Q118	5	NCBIGene:6927	NCBIGene:3172	1	3	0	0	1	3	0.0	0.0	0.0	1	0
Q118	6	NCBIGene:6927	NCBIGene:3172	1	3	0	0	1	3	0.0	0.0	0.0	1	0
Q118	7	NCBIGene:6927	NCBIGene:3172	1	3	0	0	1	3	0.0	0.0	0.0	1	0
Q118	8	NCBIGene:6927	NCBIGene:3172	1	3	0	0	1	3	0.0	0.0	0.0	1	0
Q118	9	NCBIGene:6927	NCBIGene:3172	1	3	0	0	1	3	0.0	0.0	0.0	1	0
Q118	10	NCBIGene:6927	NCBIGene:3172	1	3	0	0	1	3	0.0	0.0	0.0	1	0
Q118	11	NCBIGene:6927	NCBIGene:3172	1	3	0	0	1	3	0.0	0.0	0.0	1	0
Q118	12	NCBIGene:6927	NCBIGene:3172	1	3	0	0	1	3	0.0	0.0	0.0	1	0
Q118	13	NCBIGene:6927	NCBIGene:3172	1	3	0	0	1	3	0.0	0.0	0.0	1	0
Q118	14	NCBIGene:6927	NCBIGene:3172	1	3	0	0	1	3	0.0	0.0	0.0	1	0
Q118	15	NCBIGene:6927	NCBIGene:3172	1	3	0	0	1	3	0.0	0.0	0.0	1	0
Q118	16	NCBIGene:6927	NCBIGene:3172	1	3	0	0	1	3	0.0	0.0	0.0	1	0
Q118	17	NCBIGene:6927	NCBIGene:3172	1	3	0	0	1	3	0.0	0.0	0.0	1	0
Q118	18	NCBIGene:6927	NCBIGene:3172	1	3	0	0	1	3	0.0	0.0	0.0	1	0
Q118	19	NCBIGene:6927	NCBIGene:3172	1	3	0	0	1	3	0.0	0.0	0.0	1	0
Q118	20	NCBIGene:6927	NCBIGene:3172	1	3	0	0	1	3	0.0	0.0	0.0	1	0
Q118	21	NCBIGene:6927	NCBIGene:3172	1	3	0	0	1	3	0.0	0.0	0.0	1	0
Q118	22	NCBIGene:6927	NCBIGene:3172	1	3	0	0	1	3	0.0	0.0	0.0	1	0
Q118	23	NCBIGene:6927	NCBIGene:3172	1	3	0	0	1	3	0.0	0.0	0.0	1	0
Q118	24	NCBIGene:6927	NCBIGene:3172	1	3	0	0	1	3	0.0	0.0	0.0	1	0
Q118	25	NCBIGene:6927	NCBIGene:3172	1	3	0	0	1	3	0.0	0.0	0.0	1	0
Q119	1	NCBIGene:9314	NCBIGene:6657	1	7	0	0	1	7	0.0	0.0	0.0	1	0
Q119	2	NCBIGene:9314	NCBIGene:6657	1	7	0	0	1	7	0.0	0.0	0.0	1	0
Q119	3	NCBIGene:9314	NCBIGene:6657	1	7	1	1	0	6	1.0	0.14285714285714285	0.25	1	1
Q119	4	NCBIGene:9314	NCBIGene:6657	1	7	0	0	1	7	0.0	0.0	0.0	1	0
Q119	5	NCBIGene:9314	NCBIGene:6657	1	7	0	0	1	7	0.0	0.0	0.0	1	0
Q119	6	NCBIGene:9314	NCBIGene:6657	1	7	1	1	0	6	1.0	0.14285714285714285	0.25	1	1
Q119	7	NCBIGene:9314	NCBIGene:6657	1	7	0	0	1	7	0.0	0.0	0.0	1	0
Q119	8	NCBIGene:9314	NCBIGene:6657	1	7	1	1	0	6	1.0	0.14285714285714285	0.25	1	1
Q119	9	NCBIGene:9314	NCBIGene:6657	1	7	1	1	0	6	1.0	0.14285714285714285	0.25	1	1
Q119	10	NCBIGene:9314	NCBIGene:6657	1	7	1	1	0	6	1.0	0.14285714285714285	0.25	1	1
Q119	11	NCBIGene:9314	NCBIGene:6657	1	7	1	1	0	6	1.0	0.14285714285714285	0.25	1	1
Q119	12	NCBIGene:9314	NCBIGene:6657	1	7	0	0	1	7	0.0	0.0	0.0	1	0
Q119	13	NCBIGene:9314	NCBIGene:6657	1	7	0	0	1	7	0.0	0.0	0.0	1	0
Q119	14	NCBIGene:9314	NCBIGene:6657	1	7	0	0	1	7	0.0	0.0	0.0	1	0
Q119	15	NCBIGene:9314	NCBIGene:6657	1	7	1	1	0	6	1.0	0.14285714285714285	0.25	1	1
Q119	16	NCBIGene:9314	NCBIGene:6657	0	7	0	0	0	7	0.0	0.0	0.0	0	0
Q119	17	NCBIGene:9314	NCBIGene:6657	1	7	1	1	0	6	1.0	0.14285714285714285	0.25	1	1
Q119	18	NCBIGene:9314	NCBIGene:6657	1	7	0	0	1	7	0.0	0.0	0.0	1	0
Q119	19	NCBIGene:9314	NCBIGene:6657	1	7	0	0	1	7	0.0	0.0	0.0	1	0
Q119	20	NCBIGene:9314	NCBIGene:6657	0	7	0	0	0	7	0.0	0.0	0.0	0	0
Q119	21	NCBIGene:9314	NCBIGene:6657	1	7	0	0	1	7	0.0	0.0	0.0	1	0
Q119	22	NCBIGene:9314	NCBIGene:6657	1	7	0	0	1	7	0.0	0.0	0.0	1	0
Q119	23	NCBIGene:9314	NCBIGene:6657	1	7	0	0	1	7	0.0	0.0	0.0	1	0
Q119	24	NCBIGene:9314	NCBIGene:6657	1	7	0	0	1	7	0.0	0.0	0.0	1	0
Q119	25	NCBIGene:9314	NCBIGene:6657	1	7	1	1	0	6	1.0	0.14285714285714285	0.25	1	1
Q120	1	NCBIGene:1869	NCBIGene:5925	1	9	1	1	0	8	1.0	0.1111111111111111	0.19999999999999998	1	1
Q120	2	NCBIGene:1869	NCBIGene:5925	1	9	1	1	0	8	1.0	0.1111111111111111	0.19999999999999998	1	1
Q120	3	NCBIGene:1869	NCBIGene:5925	1	9	1	1	0	8	1.0	0.1111111111111111	0.19999999999999998	1	1
Q120	4	NCBIGene:1869	NCBIGene:5925	1	9	1	1	0	8	1.0	0.1111111111111111	0.19999999999999998	1	1
Q120	5	NCBIGene:1869	NCBIGene:5925	1	9	1	1	0	8	1.0	0.1111111111111111	0.19999999999999998	1	1
Q120	6	NCBIGene:1869	NCBIGene:5925	1	9	1	1	0	8	1.0	0.1111111111111111	0.19999999999999998	1	1
Q120	7	NCBIGene:1869	NCBIGene:5925	1	9	1	1	0	8	1.0	0.1111111111111111	0.19999999999999998	1	1
Q120	8	NCBIGene:1869	NCBIGene:5925	1	9	1	1	0	8	1.0	0.1111111111111111	0.19999999999999998	1	1
Q120	9	NCBIGene:1869	NCBIGene:5925	1	9	1	1	0	8	1.0	0.1111111111111111	0.19999999999999998	1	1
Q120	10	NCBIGene:1869	NCBIGene:5925	1	9	1	1	0	8	1.0	0.1111111111111111	0.19999999999999998	1	1
Q120	11	NCBIGene:1869	NCBIGene:5925	1	9	1	1	0	8	1.0	0.1111111111111111	0.19999999999999998	1	1
Q120	12	NCBIGene:1869	NCBIGene:5925	1	9	1	1	0	8	1.0	0.1111111111111111	0.19999999999999998	1	1
Q120	13	NCBIGene:1869	NCBIGene:5925	1	9	1	1	0	8	1.0	0.1111111111111111	0.19999999999999998	1	1
Q120	14	NCBIGene:1869	NCBIGene:5925	1	9	1	1	0	8	1.0	0.1111111111111111	0.19999999999999998	1	1
Q120	15	NCBIGene:1869	NCBIGene:5925	1	9	1	1	0	8	1.0	0.1111111111111111	0.19999999999999998	1	1
Q120	16	NCBIGene:1869	NCBIGene:5925	1	9	1	1	0	8	1.0	0.1111111111111111	0.19999999999999998	1	1
Q120	17	NCBIGene:1869	NCBIGene:5925	1	9	1	1	0	8	1.0	0.1111111111111111	0.19999999999999998	1	1
Q120	18	NCBIGene:1869	NCBIGene:5925	1	9	1	1	0	8	1.0	0.1111111111111111	0.19999999999999998	1	1
Q120	19	NCBIGene:1869	NCBIGene:5925	1	9	1	1	0	8	1.0	0.1111111111111111	0.19999999999999998	1	1
Q120	20	NCBIGene:1869	NCBIGene:5925	1	9	1	1	0	8	1.0	0.1111111111111111	0.19999999999999998	1	1
Q120	21	NCBIGene:1869	NCBIGene:5925	1	9	1	1	0	8	1.0	0.1111111111111111	0.19999999999999998	1	1
Q120	22	NCBIGene:1869	NCBIGene:5925	1	9	1	1	0	8	1.0	0.1111111111111111	0.19999999999999998	1	1
Q120	23	NCBIGene:1869	NCBIGene:5925	1	9	1	1	0	8	1.0	0.1111111111111111	0.19999999999999998	1	1
Q120	24	NCBIGene:1869	NCBIGene:5925	1	9	1	1	0	8	1.0	0.1111111111111111	0.19999999999999998	1	1
Q120	25	NCBIGene:1869	NCBIGene:5925	1	9	1	1	0	8	1.0	0.1111111111111111	0.19999999999999998	1	1
Q121	1	NCBIGene:3065	NCBIGene:25942	0	9	0	0	0	9	0.0	0.0	0.0	0	0
Q121	2	NCBIGene:3065	NCBIGene:25942	0	9	0	0	0	9	0.0	0.0	0.0	0	0
Q121	3	NCBIGene:3065	NCBIGene:25942	0	9	0	0	0	9	0.0	0.0	0.0	0	0
Q121	4	NCBIGene:3065	NCBIGene:25942	0	9	0	0	0	9	0.0	0.0	0.0	0	0
Q121	5	NCBIGene:3065	NCBIGene:25942	0	9	0	0	0	9	0.0	0.0	0.0	0	0
Q121	6	NCBIGene:3065	NCBIGene:25942	0	9	0	0	0	9	0.0	0.0	0.0	0	0
Q121	7	NCBIGene:3065	NCBIGene:25942	0	9	0	0	0	9	0.0	0.0	0.0	0	0
Q121	8	NCBIGene:3065	NCBIGene:25942	0	9	0	0	0	9	0.0	0.0	0.0	0	0
Q121	9	NCBIGene:3065	NCBIGene:25942	0	9	0	0	0	9	0.0	0.0	0.0	0	0
Q121	10	NCBIGene:3065	NCBIGene:25942	0	9	0	0	0	9	0.0	0.0	0.0	0	0
Q121	11	NCBIGene:3065	NCBIGene:25942	0	9	0	0	0	9	0.0	0.0	0.0	0	0
Q121	12	NCBIGene:3065	NCBIGene:25942	0	9	0	0	0	9	0.0	0.0	0.0	0	0
Q121	13	NCBIGene:3065	NCBIGene:25942	0	9	0	0	0	9	0.0	0.0	0.0	0	0
Q121	14	NCBIGene:3065	NCBIGene:25942	0	9	0	0	0	9	0.0	0.0	0.0	0	0
Q121	15	NCBIGene:3065	NCBIGene:25942	0	9	0	0	0	9	0.0	0.0	0.0	0	0
Q121	16	NCBIGene:3065	NCBIGene:25942	0	9	0	0	0	9	0.0	0.0	0.0	0	0
Q121	17	NCBIGene:3065	NCBIGene:25942	0	9	0	0	0	9	0.0	0.0	0.0	0	0
Q121	18	NCBIGene:3065	NCBIGene:25942	0	9	0	0	0	9	0.0	0.0	0.0	0	0
Q121	19	NCBIGene:3065	NCBIGene:25942	0	9	0	0	0	9	0.0	0.0	0.0	0	0
Q121	20	NCBIGene:3065	NCBIGene:25942	0	9	0	0	0	9	0.0	0.0	0.0	0	0
Q121	21	NCBIGene:3065	NCBIGene:25942	0	9	0	0	0	9	0.0	0.0	0.0	0	0
Q121	22	NCBIGene:3065	NCBIGene:25942	0	9	0	0	0	9	0.0	0.0	0.0	0	0
Q121	23	NCBIGene:3065	NCBIGene:25942	0	9	0	0	0	9	0.0	0.0	0.0	0	0
Q121	24	NCBIGene:3065	NCBIGene:25942	0	9	0	0	0	9	0.0	0.0	0.0	0	0
Q121	25	NCBIGene:3065	NCBIGene:25942	0	9	0	0	0	9	0.0	0.0	0.0	0	0
Q122	1	MONDO:0000001	NCBIGene:1025	0	5	0	0	0	5	0.0	0.0	0.0	0	0
Q122	2	MONDO:0000001	NCBIGene:1025	1	5	0	0	1	5	0.0	0.0	0.0	1	0
Q122	3	MONDO:0000001	NCBIGene:1025	0	5	0	0	0	5	0.0	0.0	0.0	0	0
Q122	4	MONDO:0000001	NCBIGene:1025	0	5	0	0	0	5	0.0	0.0	0.0	0	0
Q122	5	MONDO:0000001	NCBIGene:1025	0	5	0	0	0	5	0.0	0.0	0.0	0	0
Q122	6	MONDO:0000001	NCBIGene:1025	1	5	0	0	1	5	0.0	0.0	0.0	1	0
Q122	7	MONDO:0000001	NCBIGene:1025	0	5	0	0	0	5	0.0	0.0	0.0	0	0
Q122	8	MONDO:0000001	NCBIGene:1025	1	5	0	0	1	5	0.0	0.0	0.0	1	0
Q122	9	MONDO:0000001	NCBIGene:1025	0	5	0	0	0	5	0.0	0.0	0.0	0	0
Q122	10	MONDO:0000001	NCBIGene:1025	1	5	0	0	1	5	0.0	0.0	0.0	1	0
Q122	11	MONDO:0000001	NCBIGene:1025	1	5	0	0	1	5	0.0	0.0	0.0	1	0
Q122	12	MONDO:0000001	NCBIGene:1025	1	5	0	0	1	5	0.0	0.0	0.0	1	0
Q122	13	MONDO:0000001	NCBIGene:1025	1	5	0	0	1	5	0.0	0.0	0.0	1	0
Q122	14	MONDO:0000001	NCBIGene:1025	0	5	0	0	0	5	0.0	0.0	0.0	0	0
Q122	15	MONDO:0000001	NCBIGene:1025	0	5	0	0	0	5	0.0	0.0	0.0	0	0
Q122	16	MONDO:0000001	NCBIGene:1025	0	5	0	0	0	5	0.0	0.0	0.0	0	0
Q122	17	MONDO:0000001	NCBIGene:1025	1	5	0	0	1	5	0.0	0.0	0.0	1	0
Q122	18	MONDO:0000001	NCBIGene:1025	0	5	0	0	0	5	0.0	0.0	0.0	0	0
Q122	19	MONDO:0000001	NCBIGene:1025	0	5	0	0	0	5	0.0	0.0	0.0	0	0
Q122	20	MONDO:0000001	NCBIGene:1025	1	5	0	0	1	5	0.0	0.0	0.0	1	0
Q122	21	MONDO:0000001	NCBIGene:1025	1	5	0	0	1	5	0.0	0.0	0.0	1	0
Q122	22	MONDO:0000001	NCBIGene:1025	0	5	0	0	0	5	0.0	0.0	0.0	0	0
Q122	23	MONDO:0000001	NCBIGene:1025	0	5	0	0	0	5	0.0	0.0	0.0	0	0
Q122	24	MONDO:0000001	NCBIGene:1025	1	5	0	0	1	5	0.0	0.0	0.0	1	0
Q122	25	MONDO:0000001	NCBIGene:1025	0	5	0	0	0	5	0.0	0.0	0.0	0	0
Q123	1	NCBIGene:489	NCBIGene:5350	1	5	0	0	1	5	0.0	0.0	0.0	1	0
Q123	2	NCBIGene:489	NCBIGene:5350	1	5	0	0	1	5	0.0	0.0	0.0	1	0
Q123	3	NCBIGene:489	NCBIGene:5350	1	5	1	1	0	4	1.0	0.2	0.33333333333333337	1	1
Q123	4	NCBIGene:489	NCBIGene:5350	1	5	1	1	0	4	1.0	0.2	0.33333333333333337	1	1
Q123	5	NCBIGene:489	NCBIGene:5350	1	5	0	0	1	5	0.0	0.0	0.0	1	0
Q123	6	NCBIGene:489	NCBIGene:5350	1	5	0	0	1	5	0.0	0.0	0.0	1	0
Q123	7	NCBIGene:489	NCBIGene:5350	1	5	0	0	1	5	0.0	0.0	0.0	1	0
Q123	8	NCBIGene:489	NCBIGene:5350	1	5	0	0	1	5	0.0	0.0	0.0	1	0
Q123	9	NCBIGene:489	NCBIGene:5350	1	5	0	0	1	5	0.0	0.0	0.0	1	0
Q123	10	NCBIGene:489	NCBIGene:5350	1	5	0	0	1	5	0.0	0.0	0.0	1	0
Q123	11	NCBIGene:489	NCBIGene:5350	1	5	0	0	1	5	0.0	0.0	0.0	1	0
Q123	12	NCBIGene:489	NCBIGene:5350	1	5	1	1	0	4	1.0	0.2	0.33333333333333337	1	1
Q123	13	NCBIGene:489	NCBIGene:5350	1	5	0	0	1	5	0.0	0.0	0.0	1	0
Q123	14	NCBIGene:489	NCBIGene:5350	1	5	0	0	1	5	0.0	0.0	0.0	1	0
Q123	15	NCBIGene:489	NCBIGene:5350	1	5	0	0	1	5	0.0	0.0	0.0	1	0
Q123	16	NCBIGene:489	NCBIGene:5350	1	5	0	0	1	5	0.0	0.0	0.0	1	0
Q123	17	NCBIGene:489	NCBIGene:5350	1	5	0	0	1	5	0.0	0.0	0.0	1	0
Q123	18	NCBIGene:489	NCBIGene:5350	1	5	0	0	1	5	0.0	0.0	0.0	1	0
Q123	19	NCBIGene:489	NCBIGene:5350	1	5	1	1	0	4	1.0	0.2	0.33333333333333337	1	1
Q123	20	NCBIGene:489	NCBIGene:5350	1	5	0	0	1	5	0.0	0.0	0.0	1	0
Q123	21	NCBIGene:489	NCBIGene:5350	0	5	0	0	0	5	0.0	0.0	0.0	0	0
Q123	22	NCBIGene:489	NCBIGene:5350	1	5	0	0	1	5	0.0	0.0	0.0	1	0
Q123	23	NCBIGene:489	NCBIGene:5350	1	5	0	0	1	5	0.0	0.0	0.0	1	0
Q123	24	NCBIGene:489	NCBIGene:5350	1	5	0	0	1	5	0.0	0.0	0.0	1	0
Q123	25	NCBIGene:489	NCBIGene:5350	1	5	0	0	1	5	0.0	0.0	0.0	1	0
Q124	1	NCBIGene:6262	NCBIGene:801	1	1	0	0	1	1	0.0	0.0	0.0	1	0
Q124	2	NCBIGene:6262	NCBIGene:801	1	1	0	0	1	1	0.0	0.0	0.0	1	0
Q124	3	NCBIGene:6262	NCBIGene:801	1	1	0	0	1	1	0.0	0.0	0.0	1	0
Q124	4	NCBIGene:6262	NCBIGene:801	1	1	0	0	1	1	0.0	0.0	0.0	1	0
Q124	5	NCBIGene:6262	NCBIGene:801	1	1	0	0	1	1	0.0	0.0	0.0	1	0
Q124	6	NCBIGene:6262	NCBIGene:801	1	1	0	0	1	1	0.0	0.0	0.0	1	0
Q124	7	NCBIGene:6262	NCBIGene:801	1	1	0	0	1	1	0.0	0.0	0.0	1	0
Q124	8	NCBIGene:6262	NCBIGene:801	1	1	0	0	1	1	0.0	0.0	0.0	1	0
Q124	9	NCBIGene:6262	NCBIGene:801	1	1	0	0	1	1	0.0	0.0	0.0	1	0
Q124	10	NCBIGene:6262	NCBIGene:801	1	1	0	0	1	1	0.0	0.0	0.0	1	0
Q124	11	NCBIGene:6262	NCBIGene:801	1	1	0	0	1	1	0.0	0.0	0.0	1	0
Q124	12	NCBIGene:6262	NCBIGene:801	1	1	0	0	1	1	0.0	0.0	0.0	1	0
Q124	13	NCBIGene:6262	NCBIGene:801	1	1	0	0	1	1	0.0	0.0	0.0	1	0
Q124	14	NCBIGene:6262	NCBIGene:801	1	1	0	0	1	1	0.0	0.0	0.0	1	0
Q124	15	NCBIGene:6262	NCBIGene:801	1	1	0	0	1	1	0.0	0.0	0.0	1	0
Q124	16	NCBIGene:6262	NCBIGene:801	1	1	0	0	1	1	0.0	0.0	0.0	1	0
Q124	17	NCBIGene:6262	NCBIGene:801	1	1	0	0	1	1	0.0	0.0	0.0	1	0
Q124	18	NCBIGene:6262	NCBIGene:801	1	1	0	0	1	1	0.0	0.0	0.0	1	0
Q124	19	NCBIGene:6262	NCBIGene:801	1	1	0	0	1	1	0.0	0.0	0.0	1	0
Q124	20	NCBIGene:6262	NCBIGene:801	1	1	0	0	1	1	0.0	0.0	0.0	1	0
Q124	21	NCBIGene:6262	NCBIGene:801	1	1	0	0	1	1	0.0	0.0	0.0	1	0
Q124	22	NCBIGene:6262	NCBIGene:801	1	1	0	0	1	1	0.0	0.0	0.0	1	0
Q124	23	NCBIGene:6262	NCBIGene:801	1	1	0	0	1	1	0.0	0.0	0.0	1	0
Q124	24	NCBIGene:6262	NCBIGene:801	1	1	0	0	1	1	0.0	0.0	0.0	1	0
Q124	25	NCBIGene:6262	NCBIGene:801	1	1	0	0	1	1	0.0	0.0	0.0	1	0
Q125	1	NCBIGene:6331	NCBIGene:287	1	5	0	0	1	5	0.0	0.0	0.0	1	0
Q125	2	NCBIGene:6331	NCBIGene:287	1	5	0	0	1	5	0.0	0.0	0.0	1	0
Q125	3	NCBIGene:6331	NCBIGene:287	1	5	1	1	0	4	1.0	0.2	0.33333333333333337	1	1
Q125	4	NCBIGene:6331	NCBIGene:287	1	5	1	1	0	4	1.0	0.2	0.33333333333333337	1	1
Q125	5	NCBIGene:6331	NCBIGene:287	1	5	1	1	0	4	1.0	0.2	0.33333333333333337	1	1
Q125	6	NCBIGene:6331	NCBIGene:287	1	5	1	1	0	4	1.0	0.2	0.33333333333333337	1	1
Q125	7	NCBIGene:6331	NCBIGene:287	1	5	0	0	1	5	0.0	0.0	0.0	1	0
Q125	8	NCBIGene:6331	NCBIGene:287	1	5	0	0	1	5	0.0	0.0	0.0	1	0
Q125	9	NCBIGene:6331	NCBIGene:287	1	5	0	0	1	5	0.0	0.0	0.0	1	0
Q125	10	NCBIGene:6331	NCBIGene:287	1	5	0	0	1	5	0.0	0.0	0.0	1	0
Q125	11	NCBIGene:6331	NCBIGene:287	1	5	1	1	0	4	1.0	0.2	0.33333333333333337	1	1
Q125	12	NCBIGene:6331	NCBIGene:287	1	5	0	0	1	5	0.0	0.0	0.0	1	0
Q125	13	NCBIGene:6331	NCBIGene:287	1	5	1	1	0	4	1.0	0.2	0.33333333333333337	1	1
Q125	14	NCBIGene:6331	NCBIGene:287	1	5	1	1	0	4	1.0	0.2	0.33333333333333337	1	1
Q125	15	NCBIGene:6331	NCBIGene:287	1	5	0	0	1	5	0.0	0.0	0.0	1	0
Q125	16	NCBIGene:6331	NCBIGene:287	1	5	0	0	1	5	0.0	0.0	0.0	1	0
Q125	17	NCBIGene:6331	NCBIGene:287	1	5	0	0	1	5	0.0	0.0	0.0	1	0
Q125	18	NCBIGene:6331	NCBIGene:287	1	5	1	1	0	4	1.0	0.2	0.33333333333333337	1	1
Q125	19	NCBIGene:6331	NCBIGene:287	1	5	1	1	0	4	1.0	0.2	0.33333333333333337	1	1
Q125	20	NCBIGene:6331	NCBIGene:287	1	5	1	1	0	4	1.0	0.2	0.33333333333333337	1	1
Q125	21	NCBIGene:6331	NCBIGene:287	1	5	1	1	0	4	1.0	0.2	0.33333333333333337	1	1
Q125	22	NCBIGene:6331	NCBIGene:287	1	5	0	0	1	5	0.0	0.0	0.0	1	0
Q125	23	NCBIGene:6331	NCBIGene:287	1	5	1	1	0	4	1.0	0.2	0.33333333333333337	1	1
Q125	24	NCBIGene:6331	NCBIGene:287	1	5	0	0	1	5	0.0	0.0	0.0	1	0
Q125	25	NCBIGene:6331	NCBIGene:287	1	5	1	1	0	4	1.0	0.2	0.33333333333333337	1	1
Q126	1	NCBIGene:3757	NCBIGene:783	1	5	0	0	1	5	0.0	0.0	0.0	1	0
Q126	2	NCBIGene:3757	NCBIGene:783	1	5	1	1	0	4	1.0	0.2	0.33333333333333337	1	1
Q126	3	NCBIGene:3757	NCBIGene:783	1	5	0	0	1	5	0.0	0.0	0.0	1	0
Q126	4	NCBIGene:3757	NCBIGene:783	1	5	0	0	1	5	0.0	0.0	0.0	1	0
Q126	5	NCBIGene:3757	NCBIGene:783	1	5	0	0	1	5	0.0	0.0	0.0	1	0
Q126	6	NCBIGene:3757	NCBIGene:783	1	5	1	1	0	4	1.0	0.2	0.33333333333333337	1	1
Q126	7	NCBIGene:3757	NCBIGene:783	1	5	0	0	1	5	0.0	0.0	0.0	1	0
Q126	8	NCBIGene:3757	NCBIGene:783	1	5	1	1	0	4	1.0	0.2	0.33333333333333337	1	1
Q126	9	NCBIGene:3757	NCBIGene:783	1	5	1	1	0	4	1.0	0.2	0.33333333333333337	1	1
Q126	10	NCBIGene:3757	NCBIGene:783	1	5	0	0	1	5	0.0	0.0	0.0	1	0
Q126	11	NCBIGene:3757	NCBIGene:783	1	5	0	0	1	5	0.0	0.0	0.0	1	0
Q126	12	NCBIGene:3757	NCBIGene:783	1	5	1	1	0	4	1.0	0.2	0.33333333333333337	1	1
Q126	13	NCBIGene:3757	NCBIGene:783	1	5	1	1	0	4	1.0	0.2	0.33333333333333337	1	1
Q126	14	NCBIGene:3757	NCBIGene:783	1	5	0	0	1	5	0.0	0.0	0.0	1	0
Q126	15	NCBIGene:3757	NCBIGene:783	1	5	0	0	1	5	0.0	0.0	0.0	1	0
Q126	16	NCBIGene:3757	NCBIGene:783	1	5	0	0	1	5	0.0	0.0	0.0	1	0
Q126	17	NCBIGene:3757	NCBIGene:783	1	5	1	1	0	4	1.0	0.2	0.33333333333333337	1	1
Q126	18	NCBIGene:3757	NCBIGene:783	1	5	0	0	1	5	0.0	0.0	0.0	1	0
Q126	19	NCBIGene:3757	NCBIGene:783	1	5	1	1	0	4	1.0	0.2	0.33333333333333337	1	1
Q126	20	NCBIGene:3757	NCBIGene:783	1	5	0	0	1	5	0.0	0.0	0.0	1	0
Q126	21	NCBIGene:3757	NCBIGene:783	1	5	1	1	0	4	1.0	0.2	0.33333333333333337	1	1
Q126	22	NCBIGene:3757	NCBIGene:783	1	5	0	0	1	5	0.0	0.0	0.0	1	0
Q126	23	NCBIGene:3757	NCBIGene:783	1	5	0	0	1	5	0.0	0.0	0.0	1	0
Q126	24	NCBIGene:3757	NCBIGene:783	1	5	0	0	1	5	0.0	0.0	0.0	1	0
Q126	25	NCBIGene:3757	NCBIGene:783	1	5	0	0	1	5	0.0	0.0	0.0	1	0
Q127	1	NCBIGene:2554	NCBIGene:2561	1	7	1	1	0	6	1.0	0.14285714285714285	0.25	1	1
Q127	2	NCBIGene:2554	NCBIGene:2561	1	7	1	1	0	6	1.0	0.14285714285714285	0.25	1	1
Q127	3	NCBIGene:2554	NCBIGene:2561	1	7	0	0	1	7	0.0	0.0	0.0	1	0
Q127	4	NCBIGene:2554	NCBIGene:2561	1	7	1	1	0	6	1.0	0.14285714285714285	0.25	1	1
Q127	5	NCBIGene:2554	NCBIGene:2561	1	7	1	1	0	6	1.0	0.14285714285714285	0.25	1	1
Q127	6	NCBIGene:2554	NCBIGene:2561	1	7	1	1	0	6	1.0	0.14285714285714285	0.25	1	1
Q127	7	NCBIGene:2554	NCBIGene:2561	1	7	0	0	1	7	0.0	0.0	0.0	1	0
Q127	8	NCBIGene:2554	NCBIGene:2561	1	7	1	1	0	6	1.0	0.14285714285714285	0.25	1	1
Q127	9	NCBIGene:2554	NCBIGene:2561	1	7	0	0	1	7	0.0	0.0	0.0	1	0
Q127	10	NCBIGene:2554	NCBIGene:2561	1	7	1	1	0	6	1.0	0.14285714285714285	0.25	1	1
Q127	11	NCBIGene:2554	NCBIGene:2561	1	7	0	0	1	7	0.0	0.0	0.0	1	0
Q127	12	NCBIGene:2554	NCBIGene:2561	1	7	0	0	1	7	0.0	0.0	0.0	1	0
Q127	13	NCBIGene:2554	NCBIGene:2561	1	7	0	0	1	7	0.0	0.0	0.0	1	0
Q127	14	NCBIGene:2554	NCBIGene:2561	1	7	1	1	0	6	1.0	0.14285714285714285	0.25	1	1
Q127	15	NCBIGene:2554	NCBIGene:2561	1	7	0	0	1	7	0.0	0.0	0.0	1	0
Q127	16	NCBIGene:2554	NCBIGene:2561	1	7	1	1	0	6	1.0	0.14285714285714285	0.25	1	1
Q127	17	NCBIGene:2554	NCBIGene:2561	1	7	1	1	0	6	1.0	0.14285714285714285	0.25	1	1
Q127	18	NCBIGene:2554	NCBIGene:2561	1	7	0	0	1	7	0.0	0.0	0.0	1	0
Q127	19	NCBIGene:2554	NCBIGene:2561	1	7	1	1	0	6	1.0	0.14285714285714285	0.25	1	1
Q127	20	NCBIGene:2554	NCBIGene:2561	1	7	1	1	0	6	1.0	0.14285714285714285	0.25	1	1
Q127	21	NCBIGene:2554	NCBIGene:2561	1	7	0	0	1	7	0.0	0.0	0.0	1	0
Q127	22	NCBIGene:2554	NCBIGene:2561	1	7	1	1	0	6	1.0	0.14285714285714285	0.25	1	1
Q127	23	NCBIGene:2554	NCBIGene:2561	1	7	0	0	1	7	0.0	0.0	0.0	1	0
Q127	24	NCBIGene:2554	NCBIGene:2561	1	7	1	1	0	6	1.0	0.14285714285714285	0.25	1	1
Q127	25	NCBIGene:2554	NCBIGene:2561	1	7	0	0	1	7	0.0	0.0	0.0	1	0
Q128	1	NCBIGene:6857	NCBIGene:6844	1	6	1	1	0	5	1.0	0.16666666666666666	0.2857142857142857	1	1
Q128	2	NCBIGene:6857	NCBIGene:6844	1	6	0	0	1	6	0.0	0.0	0.0	1	0
Q128	3	NCBIGene:6857	NCBIGene:6844	1	6	0	0	1	6	0.0	0.0	0.0	1	0
Q128	4	NCBIGene:6857	NCBIGene:6844	1	6	0	0	1	6	0.0	0.0	0.0	1	0
Q128	5	NCBIGene:6857	NCBIGene:6844	1	6	1	1	0	5	1.0	0.16666666666666666	0.2857142857142857	1	1
Q128	6	NCBIGene:6857	NCBIGene:6844	1	6	0	0	1	6	0.0	0.0	0.0	1	0
Q128	7	NCBIGene:6857	NCBIGene:6844	1	6	1	1	0	5	1.0	0.16666666666666666	0.2857142857142857	1	1
Q128	8	NCBIGene:6857	NCBIGene:6844	1	6	0	0	1	6	0.0	0.0	0.0	1	0
Q128	9	NCBIGene:6857	NCBIGene:6844	1	6	1	1	0	5	1.0	0.16666666666666666	0.2857142857142857	1	1
Q128	10	NCBIGene:6857	NCBIGene:6844	1	6	1	1	0	5	1.0	0.16666666666666666	0.2857142857142857	1	1
Q128	11	NCBIGene:6857	NCBIGene:6844	1	6	0	0	1	6	0.0	0.0	0.0	1	0
Q128	12	NCBIGene:6857	NCBIGene:6844	1	6	1	1	0	5	1.0	0.16666666666666666	0.2857142857142857	1	1
Q128	13	NCBIGene:6857	NCBIGene:6844	1	6	1	1	0	5	1.0	0.16666666666666666	0.2857142857142857	1	1
Q128	14	NCBIGene:6857	NCBIGene:6844	1	6	1	1	0	5	1.0	0.16666666666666666	0.2857142857142857	1	1
Q128	15	NCBIGene:6857	NCBIGene:6844	1	6	1	1	0	5	1.0	0.16666666666666666	0.2857142857142857	1	1
Q128	16	NCBIGene:6857	NCBIGene:6844	1	6	0	0	1	6	0.0	0.0	0.0	1	0
Q128	17	NCBIGene:6857	NCBIGene:6844	1	6	1	1	0	5	1.0	0.16666666666666666	0.2857142857142857	1	1
Q128	18	NCBIGene:6857	NCBIGene:6844	1	6	1	1	0	5	1.0	0.16666666666666666	0.2857142857142857	1	1
Q128	19	NCBIGene:6857	NCBIGene:6844	1	6	1	1	0	5	1.0	0.16666666666666666	0.2857142857142857	1	1
Q128	20	NCBIGene:6857	NCBIGene:6844	1	6	1	1	0	5	1.0	0.16666666666666666	0.2857142857142857	1	1
Q128	21	NCBIGene:6857	NCBIGene:6844	1	6	1	1	0	5	1.0	0.16666666666666666	0.2857142857142857	1	1
Q128	22	NCBIGene:6857	NCBIGene:6844	1	6	1	1	0	5	1.0	0.16666666666666666	0.2857142857142857	1	1
Q128	23	NCBIGene:6857	NCBIGene:6844	1	6	1	1	0	5	1.0	0.16666666666666666	0.2857142857142857	1	1
Q128	24	NCBIGene:6857	NCBIGene:6844	1	6	0	0	1	6	0.0	0.0	0.0	1	0
Q128	25	NCBIGene:6857	NCBIGene:6844	1	6	0	0	1	6	0.0	0.0	0.0	1	0
Q129	1	NCBIGene:3356	NCBIGene:2776	1	8	0	0	1	8	0.0	0.0	0.0	1	0
Q129	2	NCBIGene:3356	NCBIGene:2776	1	8	0	0	1	8	0.0	0.0	0.0	1	0
Q129	3	NCBIGene:3356	NCBIGene:2776	1	8	1	1	0	7	1.0	0.125	0.2222222222222222	1	1
Q129	4	NCBIGene:3356	NCBIGene:2776	1	8	1	1	0	7	1.0	0.125	0.2222222222222222	1	1
Q129	5	NCBIGene:3356	NCBIGene:2776	1	8	1	1	0	7	1.0	0.125	0.2222222222222222	1	1
Q129	6	NCBIGene:3356	NCBIGene:2776	1	8	1	1	0	7	1.0	0.125	0.2222222222222222	1	1
Q129	7	NCBIGene:3356	NCBIGene:2776	1	8	1	1	0	7	1.0	0.125	0.2222222222222222	1	1
Q129	8	NCBIGene:3356	NCBIGene:2776	1	8	0	0	1	8	0.0	0.0	0.0	1	0
Q129	9	NCBIGene:3356	NCBIGene:2776	1	8	0	0	1	8	0.0	0.0	0.0	1	0
Q129	10	NCBIGene:3356	NCBIGene:2776	1	8	0	0	1	8	0.0	0.0	0.0	1	0
Q129	11	NCBIGene:3356	NCBIGene:2776	1	8	0	0	1	8	0.0	0.0	0.0	1	0
Q129	12	NCBIGene:3356	NCBIGene:2776	1	8	0	0	1	8	0.0	0.0	0.0	1	0
Q129	13	NCBIGene:3356	NCBIGene:2776	1	8	1	1	0	7	1.0	0.125	0.2222222222222222	1	1
Q129	14	NCBIGene:3356	NCBIGene:2776	1	8	1	1	0	7	1.0	0.125	0.2222222222222222	1	1
Q129	15	NCBIGene:3356	NCBIGene:2776	1	8	0	0	1	8	0.0	0.0	0.0	1	0
Q129	16	NCBIGene:3356	NCBIGene:2776	1	8	0	0	1	8	0.0	0.0	0.0	1	0
Q129	17	NCBIGene:3356	NCBIGene:2776	1	8	0	0	1	8	0.0	0.0	0.0	1	0
Q129	18	NCBIGene:3356	NCBIGene:2776	1	8	0	0	1	8	0.0	0.0	0.0	1	0
Q129	19	NCBIGene:3356	NCBIGene:2776	1	8	0	0	1	8	0.0	0.0	0.0	1	0
Q129	20	NCBIGene:3356	NCBIGene:2776	1	8	0	0	1	8	0.0	0.0	0.0	1	0
Q129	21	NCBIGene:3356	NCBIGene:2776	1	8	0	0	1	8	0.0	0.0	0.0	1	0
Q129	22	NCBIGene:3356	NCBIGene:2776	1	8	0	0	1	8	0.0	0.0	0.0	1	0
Q129	23	NCBIGene:3356	NCBIGene:2776	1	8	0	0	1	8	0.0	0.0	0.0	1	0
Q129	24	NCBIGene:3356	NCBIGene:2776	1	8	1	1	0	7	1.0	0.125	0.2222222222222222	1	1
Q129	25	NCBIGene:3356	NCBIGene:2776	1	8	1	1	0	7	1.0	0.125	0.2222222222222222	1	1
Q130	1	NCBIGene:1813	NCBIGene:2771	1	8	1	1	0	7	1.0	0.125	0.2222222222222222	1	1
Q130	2	NCBIGene:1813	NCBIGene:2771	1	8	1	1	0	7	1.0	0.125	0.2222222222222222	1	1
Q130	3	NCBIGene:1813	NCBIGene:2771	1	8	1	1	0	7	1.0	0.125	0.2222222222222222	1	1
Q130	4	NCBIGene:1813	NCBIGene:2771	1	8	0	0	1	8	0.0	0.0	0.0	1	0
Q130	5	NCBIGene:1813	NCBIGene:2771	1	8	1	1	0	7	1.0	0.125	0.2222222222222222	1	1
Q130	6	NCBIGene:1813	NCBIGene:2771	1	8	1	1	0	7	1.0	0.125	0.2222222222222222	1	1
Q130	7	NCBIGene:1813	NCBIGene:2771	1	8	0	0	1	8	0.0	0.0	0.0	1	0
Q130	8	NCBIGene:1813	NCBIGene:2771	1	8	1	1	0	7	1.0	0.125	0.2222222222222222	1	1
Q130	9	NCBIGene:1813	NCBIGene:2771	1	8	1	1	0	7	1.0	0.125	0.2222222222222222	1	1
Q130	10	NCBIGene:1813	NCBIGene:2771	1	8	1	1	0	7	1.0	0.125	0.2222222222222222	1	1
Q130	11	NCBIGene:1813	NCBIGene:2771	1	8	1	1	0	7	1.0	0.125	0.2222222222222222	1	1
Q130	12	NCBIGene:1813	NCBIGene:2771	1	8	1	1	0	7	1.0	0.125	0.2222222222222222	1	1
Q130	13	NCBIGene:1813	NCBIGene:2771	1	8	1	1	0	7	1.0	0.125	0.2222222222222222	1	1
Q130	14	NCBIGene:1813	NCBIGene:2771	1	8	1	1	0	7	1.0	0.125	0.2222222222222222	1	1
Q130	15	NCBIGene:1813	NCBIGene:2771	1	8	1	1	0	7	1.0	0.125	0.2222222222222222	1	1
Q130	16	NCBIGene:1813	NCBIGene:2771	1	8	1	1	0	7	1.0	0.125	0.2222222222222222	1	1
Q130	17	NCBIGene:1813	NCBIGene:2771	1	8	1	1	0	7	1.0	0.125	0.2222222222222222	1	1
Q130	18	NCBIGene:1813	NCBIGene:2771	1	8	0	0	1	8	0.0	0.0	0.0	1	0
Q130	19	NCBIGene:1813	NCBIGene:2771	1	8	1	1	0	7	1.0	0.125	0.2222222222222222	1	1
Q130	20	NCBIGene:1813	NCBIGene:2771	1	8	0	0	1	8	0.0	0.0	0.0	1	0
Q130	21	NCBIGene:1813	NCBIGene:2771	1	8	1	1	0	7	1.0	0.125	0.2222222222222222	1	1
Q130	22	NCBIGene:1813	NCBIGene:2771	1	8	1	1	0	7	1.0	0.125	0.2222222222222222	1	1
Q130	23	NCBIGene:1813	NCBIGene:2771	1	8	1	1	0	7	1.0	0.125	0.2222222222222222	1	1
Q130	24	NCBIGene:1813	NCBIGene:2771	1	8	1	1	0	7	1.0	0.125	0.2222222222222222	1	1
Q130	25	NCBIGene:1813	NCBIGene:2771	1	8	0	0	1	8	0.0	0.0	0.0	1	0
Q131	1	NCBIGene:4988	NCBIGene:409	1	5	1	1	0	4	1.0	0.2	0.33333333333333337	1	1
Q131	2	NCBIGene:4988	NCBIGene:409	1	5	0	0	1	5	0.0	0.0	0.0	1	0
Q131	3	NCBIGene:4988	NCBIGene:409	1	5	1	1	0	4	1.0	0.2	0.33333333333333337	1	1
Q131	4	NCBIGene:4988	NCBIGene:409	1	5	1	1	0	4	1.0	0.2	0.33333333333333337	1	1
Q131	5	NCBIGene:4988	NCBIGene:409	1	5	1	1	0	4	1.0	0.2	0.33333333333333337	1	1
Q131	6	NCBIGene:4988	NCBIGene:409	1	5	1	1	0	4	1.0	0.2	0.33333333333333337	1	1
Q131	7	NCBIGene:4988	NCBIGene:409	1	5	1	1	0	4	1.0	0.2	0.33333333333333337	1	1
Q131	8	NCBIGene:4988	NCBIGene:409	1	5	1	1	0	4	1.0	0.2	0.33333333333333337	1	1
Q131	9	NCBIGene:4988	NCBIGene:409	1	5	1	1	0	4	1.0	0.2	0.33333333333333337	1	1
Q131	10	NCBIGene:4988	NCBIGene:409	1	5	0	0	1	5	0.0	0.0	0.0	1	0
Q131	11	NCBIGene:4988	NCBIGene:409	1	5	1	1	0	4	1.0	0.2	0.33333333333333337	1	1
Q131	12	NCBIGene:4988	NCBIGene:409	1	5	0	0	1	5	0.0	0.0	0.0	1	0
Q131	13	NCBIGene:4988	NCBIGene:409	1	5	1	1	0	4	1.0	0.2	0.33333333333333337	1	1
Q131	14	NCBIGene:4988	NCBIGene:409	1	5	1	1	0	4	1.0	0.2	0.33333333333333337	1	1
Q131	15	NCBIGene:4988	NCBIGene:409	1	5	1	1	0	4	1.0	0.2	0.33333333333333337	1	1
Q131	16	NCBIGene:4988	NCBIGene:409	1	5	0	0	1	5	0.0	0.0	0.0	1	0
Q131	17	NCBIGene:4988	NCBIGene:409	1	5	0	0	1	5	0.0	0.0	0.0	1	0
Q131	18	NCBIGene:4988	NCBIGene:409	1	5	1	1	0	4	1.0	0.2	0.33333333333333337	1	1
Q131	19	NCBIGene:4988	NCBIGene:409	1	5	1	1	0	4	1.0	0.2	0.33333333333333337	1	1
Q131	20	NCBIGene:4988	NCBIGene:409	1	5	1	1	0	4	1.0	0.2	0.33333333333333337	1	1
Q131	21	NCBIGene:4988	NCBIGene:409	1	5	0	0	1	5	0.0	0.0	0.0	1	0
Q131	22	NCBIGene:4988	NCBIGene:409	1	5	1	1	0	4	1.0	0.2	0.33333333333333337	1	1
Q131	23	NCBIGene:4988	NCBIGene:409	1	5	1	1	0	4	1.0	0.2	0.33333333333333337	1	1
Q131	24	NCBIGene:4988	NCBIGene:409	1	5	0	0	1	5	0.0	0.0	0.0	1	0
Q131	25	NCBIGene:4988	NCBIGene:409	1	5	1	1	0	4	1.0	0.2	0.33333333333333337	1	1
Q132	1	NCBIGene:1268	NCBIGene:2775	1	7	1	1	0	6	1.0	0.14285714285714285	0.25	1	1
Q132	2	NCBIGene:1268	NCBIGene:2775	1	7	1	1	0	6	1.0	0.14285714285714285	0.25	1	1
Q132	3	NCBIGene:1268	NCBIGene:2775	1	7	1	1	0	6	1.0	0.14285714285714285	0.25	1	1
Q132	4	NCBIGene:1268	NCBIGene:2775	1	7	0	0	1	7	0.0	0.0	0.0	1	0
Q132	5	NCBIGene:1268	NCBIGene:2775	1	7	0	0	1	7	0.0	0.0	0.0	1	0
Q132	6	NCBIGene:1268	NCBIGene:2775	1	7	0	0	1	7	0.0	0.0	0.0	1	0
Q132	7	NCBIGene:1268	NCBIGene:2775	1	7	1	1	0	6	1.0	0.14285714285714285	0.25	1	1
Q132	8	NCBIGene:1268	NCBIGene:2775	1	7	1	1	0	6	1.0	0.14285714285714285	0.25	1	1
Q132	9	NCBIGene:1268	NCBIGene:2775	1	7	0	0	1	7	0.0	0.0	0.0	1	0
Q132	10	NCBIGene:1268	NCBIGene:2775	1	7	0	0	1	7	0.0	0.0	0.0	1	0
Q132	11	NCBIGene:1268	NCBIGene:2775	1	7	1	1	0	6	1.0	0.14285714285714285	0.25	1	1
Q132	12	NCBIGene:1268	NCBIGene:2775	1	7	0	0	1	7	0.0	0.0	0.0	1	0
Q132	13	NCBIGene:1268	NCBIGene:2775	1	7	1	1	0	6	1.0	0.14285714285714285	0.25	1	1
Q132	14	NCBIGene:1268	NCBIGene:2775	1	7	1	1	0	6	1.0	0.14285714285714285	0.25	1	1
Q132	15	NCBIGene:1268	NCBIGene:2775	1	7	0	0	1	7	0.0	0.0	0.0	1	0
Q132	16	NCBIGene:1268	NCBIGene:2775	1	7	1	1	0	6	1.0	0.14285714285714285	0.25	1	1
Q132	17	NCBIGene:1268	NCBIGene:2775	1	7	0	0	1	7	0.0	0.0	0.0	1	0
Q132	18	NCBIGene:1268	NCBIGene:2775	1	7	1	1	0	6	1.0	0.14285714285714285	0.25	1	1
Q132	19	NCBIGene:1268	NCBIGene:2775	1	7	0	0	1	7	0.0	0.0	0.0	1	0
Q132	20	NCBIGene:1268	NCBIGene:2775	1	7	0	0	1	7	0.0	0.0	0.0	1	0
Q132	21	NCBIGene:1268	NCBIGene:2775	1	7	0	0	1	7	0.0	0.0	0.0	1	0
Q132	22	NCBIGene:1268	NCBIGene:2775	1	7	0	0	1	7	0.0	0.0	0.0	1	0
Q132	23	NCBIGene:1268	NCBIGene:2775	1	7	0	0	1	7	0.0	0.0	0.0	1	0
Q132	24	NCBIGene:1268	NCBIGene:2775	1	7	0	0	1	7	0.0	0.0	0.0	1	0
Q132	25	NCBIGene:1268	NCBIGene:2775	1	7	1	1	0	6	1.0	0.14285714285714285	0.25	1	1
Q133	1	NCBIGene:148	NCBIGene:2767	0	5	0	0	0	5	0.0	0.0	0.0	0	0
Q133	2	NCBIGene:148	NCBIGene:2767	0	5	0	0	0	5	0.0	0.0	0.0	0	0
Q133	3	NCBIGene:148	NCBIGene:2767	0	5	0	0	0	5	0.0	0.0	0.0	0	0
Q133	4	NCBIGene:148	NCBIGene:2767	0	5	0	0	0	5	0.0	0.0	0.0	0	0
Q133	5	NCBIGene:148	NCBIGene:2767	1	5	0	0	1	5	0.0	0.0	0.0	1	0
Q133	6	NCBIGene:148	NCBIGene:2767	0	5	0	0	0	5	0.0	0.0	0.0	0	0
Q133	7	NCBIGene:148	NCBIGene:2767	0	5	0	0	0	5	0.0	0.0	0.0	0	0
Q133	8	NCBIGene:148	NCBIGene:2767	1	5	0	0	1	5	0.0	0.0	0.0	1	0
Q133	9	NCBIGene:148	NCBIGene:2767	1	5	0	0	1	5	0.0	0.0	0.0	1	0
Q133	10	NCBIGene:148	NCBIGene:2767	0	5	0	0	0	5	0.0	0.0	0.0	0	0
Q133	11	NCBIGene:148	NCBIGene:2767	1	5	1	1	0	4	1.0	0.2	0.33333333333333337	1	1
Q133	12	NCBIGene:148	NCBIGene:2767	0	5	0	0	0	5	0.0	0.0	0.0	0	0
Q133	13	NCBIGene:148	NCBIGene:2767	0	5	0	0	0	5	0.0	0.0	0.0	0	0
Q133	14	NCBIGene:148	NCBIGene:2767	0	5	0	0	0	5	0.0	0.0	0.0	0	0
Q133	15	NCBIGene:148	NCBIGene:2767	0	5	0	0	0	5	0.0	0.0	0.0	0	0
Q133	16	NCBIGene:148	NCBIGene:2767	1	5	0	0	1	5	0.0	0.0	0.0	1	0
Q133	17	NCBIGene:148	NCBIGene:2767	0	5	0	0	0	5	0.0	0.0	0.0	0	0
Q133	18	NCBIGene:148	NCBIGene:2767	0	5	0	0	0	5	0.0	0.0	0.0	0	0
Q133	19	NCBIGene:148	NCBIGene:2767	1	5	0	0	1	5	0.0	0.0	0.0	1	0
Q133	20	NCBIGene:148	NCBIGene:2767	0	5	0	0	0	5	0.0	0.0	0.0	0	0
Q133	21	NCBIGene:148	NCBIGene:2767	0	5	0	0	0	5	0.0	0.0	0.0	0	0
Q133	22	NCBIGene:148	NCBIGene:2767	0	5	0	0	0	5	0.0	0.0	0.0	0	0
Q133	23	NCBIGene:148	NCBIGene:2767	1	5	1	1	0	4	1.0	0.2	0.33333333333333337	1	1
Q133	24	NCBIGene:148	NCBIGene:2767	1	5	0	0	1	5	0.0	0.0	0.0	1	0
Q133	25	NCBIGene:148	NCBIGene:2767	0	5	0	0	0	5	0.0	0.0	0.0	0	0
Q134	1	NCBIGene:1129	NCBIGene:2770	1	7	0	0	1	7	0.0	0.0	0.0	1	0
Q134	2	NCBIGene:1129	NCBIGene:2770	1	7	0	0	1	7	0.0	0.0	0.0	1	0
Q134	3	NCBIGene:1129	NCBIGene:2770	1	7	0	0	1	7	0.0	0.0	0.0	1	0
Q134	4	NCBIGene:1129	NCBIGene:2770	1	7	1	1	0	6	1.0	0.14285714285714285	0.25	1	1
Q134	5	NCBIGene:1129	NCBIGene:2770	1	7	0	0	1	7	0.0	0.0	0.0	1	0
Q134	6	NCBIGene:1129	NCBIGene:2770	1	7	0	0	1	7	0.0	0.0	0.0	1	0
Q134	7	NCBIGene:1129	NCBIGene:2770	1	7	0	0	1	7	0.0	0.0	0.0	1	0
Q134	8	NCBIGene:1129	NCBIGene:2770	1	7	0	0	1	7	0.0	0.0	0.0	1	0
Q134	9	NCBIGene:1129	NCBIGene:2770	1	7	1	1	0	6	1.0	0.14285714285714285	0.25	1	1
Q134	10	NCBIGene:1129	NCBIGene:2770	1	7	0	0	1	7	0.0	0.0	0.0	1	0
Q134	11	NCBIGene:1129	NCBIGene:2770	1	7	0	0	1	7	0.0	0.0	0.0	1	0
Q134	12	NCBIGene:1129	NCBIGene:2770	1	7	0	0	1	7	0.0	0.0	0.0	1	0
Q134	13	NCBIGene:1129	NCBIGene:2770	1	7	1	1	0	6	1.0	0.14285714285714285	0.25	1	1
Q134	14	NCBIGene:1129	NCBIGene:2770	1	7	1	1	0	6	1.0	0.14285714285714285	0.25	1	1
Q134	15	NCBIGene:1129	NCBIGene:2770	1	7	0	0	1	7	0.0	0.0	0.0	1	0
Q134	16	NCBIGene:1129	NCBIGene:2770	1	7	0	0	1	7	0.0	0.0	0.0	1	0
Q134	17	NCBIGene:1129	NCBIGene:2770	1	7	1	1	0	6	1.0	0.14285714285714285	0.25	1	1
Q134	18	NCBIGene:1129	NCBIGene:2770	1	7	1	1	0	6	1.0	0.14285714285714285	0.25	1	1
Q134	19	NCBIGene:1129	NCBIGene:2770	1	7	1	1	0	6	1.0	0.14285714285714285	0.25	1	1
Q134	20	NCBIGene:1129	NCBIGene:2770	1	7	0	0	1	7	0.0	0.0	0.0	1	0
Q134	21	NCBIGene:1129	NCBIGene:2770	1	7	0	0	1	7	0.0	0.0	0.0	1	0
Q134	22	NCBIGene:1129	NCBIGene:2770	1	7	0	0	1	7	0.0	0.0	0.0	1	0
Q134	23	NCBIGene:1129	NCBIGene:2770	1	7	0	0	1	7	0.0	0.0	0.0	1	0
Q134	24	NCBIGene:1129	NCBIGene:2770	1	7	0	0	1	7	0.0	0.0	0.0	1	0
Q134	25	NCBIGene:1129	NCBIGene:2770	1	7	1	1	0	6	1.0	0.14285714285714285	0.25	1	1
Q135	1	NCBIGene:2263	NCBIGene:10818	1	9	1	1	0	8	1.0	0.1111111111111111	0.19999999999999998	1	1
Q135	2	NCBIGene:2263	NCBIGene:10818	1	9	1	1	0	8	1.0	0.1111111111111111	0.19999999999999998	1	1
Q135	3	NCBIGene:2263	NCBIGene:10818	0	9	0	0	0	9	0.0	0.0	0.0	0	0
Q135	4	NCBIGene:2263	NCBIGene:10818	1	9	1	1	0	8	1.0	0.1111111111111111	0.19999999999999998	1	1
Q135	5	NCBIGene:2263	NCBIGene:10818	0	9	0	0	0	9	0.0	0.0	0.0	0	0
Q135	6	NCBIGene:2263	NCBIGene:10818	1	9	1	1	0	8	1.0	0.1111111111111111	0.19999999999999998	1	1
Q135	7	NCBIGene:2263	NCBIGene:10818	0	9	0	0	0	9	0.0	0.0	0.0	0	0
Q135	8	NCBIGene:2263	NCBIGene:10818	1	9	1	1	0	8	1.0	0.1111111111111111	0.19999999999999998	1	1
Q135	9	NCBIGene:2263	NCBIGene:10818	0	9	0	0	0	9	0.0	0.0	0.0	0	0
Q135	10	NCBIGene:2263	NCBIGene:10818	0	9	0	0	0	9	0.0	0.0	0.0	0	0
Q135	11	NCBIGene:2263	NCBIGene:10818	0	9	0	0	0	9	0.0	0.0	0.0	0	0
Q135	12	NCBIGene:2263	NCBIGene:10818	0	9	0	0	0	9	0.0	0.0	0.0	0	0
Q135	13	NCBIGene:2263	NCBIGene:10818	0	9	0	0	0	9	0.0	0.0	0.0	0	0
Q135	14	NCBIGene:2263	NCBIGene:10818	0	9	0	0	0	9	0.0	0.0	0.0	0	0
Q135	15	NCBIGene:2263	NCBIGene:10818	1	9	0	0	1	9	0.0	0.0	0.0	1	0
Q135	16	NCBIGene:2263	NCBIGene:10818	1	9	1	1	0	8	1.0	0.1111111111111111	0.19999999999999998	1	1
Q135	17	NCBIGene:2263	NCBIGene:10818	1	9	1	1	0	8	1.0	0.1111111111111111	0.19999999999999998	1	1
Q135	18	NCBIGene:2263	NCBIGene:10818	1	9	1	1	0	8	1.0	0.1111111111111111	0.19999999999999998	1	1
Q135	19	NCBIGene:2263	NCBIGene:10818	1	9	1	1	0	8	1.0	0.1111111111111111	0.19999999999999998	1	1
Q135	20	NCBIGene:2263	NCBIGene:10818	1	9	1	1	0	8	1.0	0.1111111111111111	0.19999999999999998	1	1
Q135	21	NCBIGene:2263	NCBIGene:10818	0	9	0	0	0	9	0.0	0.0	0.0	0	0
Q135	22	NCBIGene:2263	NCBIGene:10818	1	9	0	0	1	9	0.0	0.0	0.0	1	0
Q135	23	NCBIGene:2263	NCBIGene:10818	0	9	0	0	0	9	0.0	0.0	0.0	0	0
Q135	24	NCBIGene:2263	NCBIGene:10818	0	9	0	0	0	9	0.0	0.0	0.0	0	0
Q135	25	NCBIGene:2263	NCBIGene:10818	0	9	0	0	0	9	0.0	0.0	0.0	0	0
Q136	1	NCBIGene:1856	NCBIGene:8324	1	2	0	0	1	2	0.0	0.0	0.0	1	0
Q136	2	NCBIGene:1856	NCBIGene:8324	1	2	0	0	1	2	0.0	0.0	0.0	1	0
Q136	3	NCBIGene:1856	NCBIGene:8324	1	2	0	0	1	2	0.0	0.0	0.0	1	0
Q136	4	NCBIGene:1856	NCBIGene:8324	1	2	1	1	0	1	1.0	0.5	0.6666666666666666	1	1
Q136	5	NCBIGene:1856	NCBIGene:8324	1	2	0	0	1	2	0.0	0.0	0.0	1	0
Q136	6	NCBIGene:1856	NCBIGene:8324	1	2	0	0	1	2	0.0	0.0	0.0	1	0
Q136	7	NCBIGene:1856	NCBIGene:8324	1	2	0	0	1	2	0.0	0.0	0.0	1	0
Q136	8	NCBIGene:1856	NCBIGene:8324	1	2	1	1	0	1	1.0	0.5	0.6666666666666666	1	1
Q136	9	NCBIGene:1856	NCBIGene:8324	1	2	1	1	0	1	1.0	0.5	0.6666666666666666	1	1
Q136	10	NCBIGene:1856	NCBIGene:8324	1	2	0	0	1	2	0.0	0.0	0.0	1	0
Q136	11	NCBIGene:1856	NCBIGene:8324	1	2	0	0	1	2	0.0	0.0	0.0	1	0
Q136	12	NCBIGene:1856	NCBIGene:8324	1	2	0	0	1	2	0.0	0.0	0.0	1	0
Q136	13	NCBIGene:1856	NCBIGene:8324	1	2	0	0	1	2	0.0	0.0	0.0	1	0
Q136	14	NCBIGene:1856	NCBIGene:8324	1	2	0	0	1	2	0.0	0.0	0.0	1	0
Q136	15	NCBIGene:1856	NCBIGene:8324	1	2	1	1	0	1	1.0	0.5	0.6666666666666666	1	1
Q136	16	NCBIGene:1856	NCBIGene:8324	1	2	0	0	1	2	0.0	0.0	0.0	1	0
Q136	17	NCBIGene:1856	NCBIGene:8324	1	2	0	0	1	2	0.0	0.0	0.0	1	0
Q136	18	NCBIGene:1856	NCBIGene:8324	1	2	0	0	1	2	0.0	0.0	0.0	1	0
Q136	19	NCBIGene:1856	NCBIGene:8324	1	2	0	0	1	2	0.0	0.0	0.0	1	0
Q136	20	NCBIGene:1856	NCBIGene:8324	1	2	1	1	0	1	1.0	0.5	0.6666666666666666	1	1
Q136	21	NCBIGene:1856	NCBIGene:8324	1	2	0	0	1	2	0.0	0.0	0.0	1	0
Q136	22	NCBIGene:1856	NCBIGene:8324	1	2	0	0	1	2	0.0	0.0	0.0	1	0
Q136	23	NCBIGene:1856	NCBIGene:8324	1	2	0	0	1	2	0.0	0.0	0.0	1	0
Q136	24	NCBIGene:1856	NCBIGene:8324	1	2	0	0	1	2	0.0	0.0	0.0	1	0
Q136	25	NCBIGene:1856	NCBIGene:8324	1	2	0	0	1	2	0.0	0.0	0.0	1	0
Q137	1	MONDO:0005301	NCBIGene:3559	1	5	0	0	1	5	0.0	0.0	0.0	1	0
Q137	2	MONDO:0005301	NCBIGene:3559	1	5	0	0	1	5	0.0	0.0	0.0	1	0
Q137	3	MONDO:0005301	NCBIGene:3559	1	5	0	0	1	5	0.0	0.0	0.0	1	0
Q137	4	MONDO:0005301	NCBIGene:3559	1	5	0	0	1	5	0.0	0.0	0.0	1	0
Q137	5	MONDO:0005301	NCBIGene:3559	1	5	0	0	1	5	0.0	0.0	0.0	1	0
Q137	6	MONDO:0005301	NCBIGene:3559	1	5	0	0	1	5	0.0	0.0	0.0	1	0
Q137	7	MONDO:0005301	NCBIGene:3559	1	5	0	0	1	5	0.0	0.0	0.0	1	0
Q137	8	MONDO:0005301	NCBIGene:3559	1	5	0	0	1	5	0.0	0.0	0.0	1	0
Q137	9	MONDO:0005301	NCBIGene:3559	1	5	0	0	1	5	0.0	0.0	0.0	1	0
Q137	10	MONDO:0005301	NCBIGene:3559	1	5	0	0	1	5	0.0	0.0	0.0	1	0
Q137	11	MONDO:0005301	NCBIGene:3559	1	5	0	0	1	5	0.0	0.0	0.0	1	0
Q137	12	MONDO:0005301	NCBIGene:3559	1	5	0	0	1	5	0.0	0.0	0.0	1	0
Q137	13	MONDO:0005301	NCBIGene:3559	1	5	0	0	1	5	0.0	0.0	0.0	1	0
Q137	14	MONDO:0005301	NCBIGene:3559	1	5	0	0	1	5	0.0	0.0	0.0	1	0
Q137	15	MONDO:0005301	NCBIGene:3559	1	5	0	0	1	5	0.0	0.0	0.0	1	0
Q137	16	MONDO:0005301	NCBIGene:3559	1	5	0	0	1	5	0.0	0.0	0.0	1	0
Q137	17	MONDO:0005301	NCBIGene:3559	1	5	0	0	1	5	0.0	0.0	0.0	1	0
Q137	18	MONDO:0005301	NCBIGene:3559	1	5	0	0	1	5	0.0	0.0	0.0	1	0
Q137	19	MONDO:0005301	NCBIGene:3559	1	5	0	0	1	5	0.0	0.0	0.0	1	0
Q137	20	MONDO:0005301	NCBIGene:3559	1	5	0	0	1	5	0.0	0.0	0.0	1	0
Q137	21	MONDO:0005301	NCBIGene:3559	1	5	0	0	1	5	0.0	0.0	0.0	1	0
Q137	22	MONDO:0005301	NCBIGene:3559	1	5	0	0	1	5	0.0	0.0	0.0	1	0
Q137	23	MONDO:0005301	NCBIGene:3559	1	5	0	0	1	5	0.0	0.0	0.0	1	0
Q137	24	MONDO:0005301	NCBIGene:3559	1	5	0	0	1	5	0.0	0.0	0.0	1	0
Q137	25	MONDO:0005301	NCBIGene:3559	1	5	0	0	1	5	0.0	0.0	0.0	1	0
Q138	1	MONDO:0008383	NCBIGene:3553	1	2	0	0	1	2	0.0	0.0	0.0	1	0
Q138	2	MONDO:0008383	NCBIGene:3553	1	2	0	0	1	2	0.0	0.0	0.0	1	0
Q138	3	MONDO:0008383	NCBIGene:3553	1	2	0	0	1	2	0.0	0.0	0.0	1	0
Q138	4	MONDO:0008383	NCBIGene:3553	1	2	0	0	1	2	0.0	0.0	0.0	1	0
Q138	5	MONDO:0008383	NCBIGene:3553	1	2	0	0	1	2	0.0	0.0	0.0	1	0
Q138	6	MONDO:0008383	NCBIGene:3553	1	2	0	0	1	2	0.0	0.0	0.0	1	0
Q138	7	MONDO:0008383	NCBIGene:3553	1	2	0	0	1	2	0.0	0.0	0.0	1	0
Q138	8	MONDO:0008383	NCBIGene:3553	1	2	0	0	1	2	0.0	0.0	0.0	1	0
Q138	9	MONDO:0008383	NCBIGene:3553	1	2	0	0	1	2	0.0	0.0	0.0	1	0
Q138	10	MONDO:0008383	NCBIGene:3553	1	2	0	0	1	2	0.0	0.0	0.0	1	0
Q138	11	MONDO:0008383	NCBIGene:3553	1	2	0	0	1	2	0.0	0.0	0.0	1	0
Q138	12	MONDO:0008383	NCBIGene:3553	1	2	0	0	1	2	0.0	0.0	0.0	1	0
Q138	13	MONDO:0008383	NCBIGene:3553	1	2	0	0	1	2	0.0	0.0	0.0	1	0
Q138	14	MONDO:0008383	NCBIGene:3553	1	2	0	0	1	2	0.0	0.0	0.0	1	0
Q138	15	MONDO:0008383	NCBIGene:3553	1	2	0	0	1	2	0.0	0.0	0.0	1	0
Q138	16	MONDO:0008383	NCBIGene:3553	1	2	0	0	1	2	0.0	0.0	0.0	1	0
Q138	17	MONDO:0008383	NCBIGene:3553	1	2	0	0	1	2	0.0	0.0	0.0	1	0
Q138	18	MONDO:0008383	NCBIGene:3553	1	2	0	0	1	2	0.0	0.0	0.0	1	0
Q138	19	MONDO:0008383	NCBIGene:3553	1	2	0	0	1	2	0.0	0.0	0.0	1	0
Q138	20	MONDO:0008383	NCBIGene:3553	1	2	0	0	1	2	0.0	0.0	0.0	1	0
Q138	21	MONDO:0008383	NCBIGene:3553	1	2	0	0	1	2	0.0	0.0	0.0	1	0
Q138	22	MONDO:0008383	NCBIGene:3553	1	2	0	0	1	2	0.0	0.0	0.0	1	0
Q138	23	MONDO:0008383	NCBIGene:3553	1	2	0	0	1	2	0.0	0.0	0.0	1	0
Q138	24	MONDO:0008383	NCBIGene:3553	1	2	0	0	1	2	0.0	0.0	0.0	1	0
Q138	25	MONDO:0008383	NCBIGene:3553	1	2	0	0	1	2	0.0	0.0	0.0	1	0
Q139	1	MONDO:0004979	NCBIGene:3596	1	3	0	0	1	3	0.0	0.0	0.0	1	0
Q139	2	MONDO:0004979	NCBIGene:3596	1	3	0	0	1	3	0.0	0.0	0.0	1	0
Q139	3	MONDO:0004979	NCBIGene:3596	1	3	0	0	1	3	0.0	0.0	0.0	1	0
Q139	4	MONDO:0004979	NCBIGene:3596	1	3	0	0	1	3	0.0	0.0	0.0	1	0
Q139	5	MONDO:0004979	NCBIGene:3596	1	3	0	0	1	3	0.0	0.0	0.0	1	0
Q139	6	MONDO:0004979	NCBIGene:3596	1	3	0	0	1	3	0.0	0.0	0.0	1	0
Q139	7	MONDO:0004979	NCBIGene:3596	1	3	0	0	1	3	0.0	0.0	0.0	1	0
Q139	8	MONDO:0004979	NCBIGene:3596	1	3	0	0	1	3	0.0	0.0	0.0	1	0
Q139	9	MONDO:0004979	NCBIGene:3596	1	3	0	0	1	3	0.0	0.0	0.0	1	0
Q139	10	MONDO:0004979	NCBIGene:3596	1	3	0	0	1	3	0.0	0.0	0.0	1	0
Q139	11	MONDO:0004979	NCBIGene:3596	1	3	0	0	1	3	0.0	0.0	0.0	1	0
Q139	12	MONDO:0004979	NCBIGene:3596	1	3	0	0	1	3	0.0	0.0	0.0	1	0
Q139	13	MONDO:0004979	NCBIGene:3596	1	3	0	0	1	3	0.0	0.0	0.0	1	0
Q139	14	MONDO:0004979	NCBIGene:3596	1	3	0	0	1	3	0.0	0.0	0.0	1	0
Q139	15	MONDO:0004979	NCBIGene:3596	1	3	0	0	1	3	0.0	0.0	0.0	1	0
Q139	16	MONDO:0004979	NCBIGene:3596	1	3	0	0	1	3	0.0	0.0	0.0	1	0
Q139	17	MONDO:0004979	NCBIGene:3596	1	3	0	0	1	3	0.0	0.0	0.0	1	0
Q139	18	MONDO:0004979	NCBIGene:3596	1	3	0	0	1	3	0.0	0.0	0.0	1	0
Q139	19	MONDO:0004979	NCBIGene:3596	1	3	0	0	1	3	0.0	0.0	0.0	1	0
Q139	20	MONDO:0004979	NCBIGene:3596	1	3	0	0	1	3	0.0	0.0	0.0	1	0
Q139	21	MONDO:0004979	NCBIGene:3596	1	3	0	0	1	3	0.0	0.0	0.0	1	0
Q139	22	MONDO:0004979	NCBIGene:3596	1	3	0	0	1	3	0.0	0.0	0.0	1	0
Q139	23	MONDO:0004979	NCBIGene:3596	1	3	0	0	1	3	0.0	0.0	0.0	1	0
Q139	24	MONDO:0004979	NCBIGene:3596	1	3	0	0	1	3	0.0	0.0	0.0	1	0
Q139	25	MONDO:0004979	NCBIGene:3596	1	3	0	0	1	3	0.0	0.0	0.0	1	0
Q140	1	MONDO:0005148	NCBIGene:6517	1	2	0	0	1	2	0.0	0.0	0.0	1	0
Q140	2	MONDO:0005148	NCBIGene:6517	1	2	0	0	1	2	0.0	0.0	0.0	1	0
Q140	3	MONDO:0005148	NCBIGene:6517	1	2	0	0	1	2	0.0	0.0	0.0	1	0
Q140	4	MONDO:0005148	NCBIGene:6517	1	2	0	0	1	2	0.0	0.0	0.0	1	0
Q140	5	MONDO:0005148	NCBIGene:6517	1	2	0	0	1	2	0.0	0.0	0.0	1	0
Q140	6	MONDO:0005148	NCBIGene:6517	1	2	0	0	1	2	0.0	0.0	0.0	1	0
Q140	7	MONDO:0005148	NCBIGene:6517	1	2	0	0	1	2	0.0	0.0	0.0	1	0
Q140	8	MONDO:0005148	NCBIGene:6517	1	2	0	0	1	2	0.0	0.0	0.0	1	0
Q140	9	MONDO:0005148	NCBIGene:6517	1	2	0	0	1	2	0.0	0.0	0.0	1	0
Q140	10	MONDO:0005148	NCBIGene:6517	1	2	0	0	1	2	0.0	0.0	0.0	1	0
Q140	11	MONDO:0005148	NCBIGene:6517	1	2	0	0	1	2	0.0	0.0	0.0	1	0
Q140	12	MONDO:0005148	NCBIGene:6517	1	2	0	0	1	2	0.0	0.0	0.0	1	0
Q140	13	MONDO:0005148	NCBIGene:6517	1	2	0	0	1	2	0.0	0.0	0.0	1	0
Q140	14	MONDO:0005148	NCBIGene:6517	1	2	0	0	1	2	0.0	0.0	0.0	1	0
Q140	15	MONDO:0005148	NCBIGene:6517	1	2	0	0	1	2	0.0	0.0	0.0	1	0
Q140	16	MONDO:0005148	NCBIGene:6517	1	2	0	0	1	2	0.0	0.0	0.0	1	0
Q140	17	MONDO:0005148	NCBIGene:6517	1	2	0	0	1	2	0.0	0.0	0.0	1	0
Q140	18	MONDO:0005148	NCBIGene:6517	1	2	0	0	1	2	0.0	0.0	0.0	1	0
Q140	19	MONDO:0005148	NCBIGene:6517	1	2	0	0	1	2	0.0	0.0	0.0	1	0
Q140	20	MONDO:0005148	NCBIGene:6517	1	2	0	0	1	2	0.0	0.0	0.0	1	0
Q140	21	MONDO:0005148	NCBIGene:6517	1	2	0	0	1	2	0.0	0.0	0.0	1	0
Q140	22	MONDO:0005148	NCBIGene:6517	1	2	0	0	1	2	0.0	0.0	0.0	1	0
Q140	23	MONDO:0005148	NCBIGene:6517	1	2	0	0	1	2	0.0	0.0	0.0	1	0
Q140	24	MONDO:0005148	NCBIGene:6517	1	2	0	0	1	2	0.0	0.0	0.0	1	0
Q140	25	MONDO:0005148	NCBIGene:6517	1	2	0	0	1	2	0.0	0.0	0.0	1	0
Q141	1	MONDO:0005148	NCBIGene:6934	1	4	0	0	1	4	0.0	0.0	0.0	1	0
Q141	2	MONDO:0005148	NCBIGene:6934	1	4	0	0	1	4	0.0	0.0	0.0	1	0
Q141	3	MONDO:0005148	NCBIGene:6934	1	4	0	0	1	4	0.0	0.0	0.0	1	0
Q141	4	MONDO:0005148	NCBIGene:6934	1	4	0	0	1	4	0.0	0.0	0.0	1	0
Q141	5	MONDO:0005148	NCBIGene:6934	1	4	0	0	1	4	0.0	0.0	0.0	1	0
Q141	6	MONDO:0005148	NCBIGene:6934	1	4	0	0	1	4	0.0	0.0	0.0	1	0
Q141	7	MONDO:0005148	NCBIGene:6934	1	4	0	0	1	4	0.0	0.0	0.0	1	0
Q141	8	MONDO:0005148	NCBIGene:6934	1	4	0	0	1	4	0.0	0.0	0.0	1	0
Q141	9	MONDO:0005148	NCBIGene:6934	1	4	0	0	1	4	0.0	0.0	0.0	1	0
Q141	10	MONDO:0005148	NCBIGene:6934	1	4	0	0	1	4	0.0	0.0	0.0	1	0
Q141	11	MONDO:0005148	NCBIGene:6934	1	4	0	0	1	4	0.0	0.0	0.0	1	0
Q141	12	MONDO:0005148	NCBIGene:6934	1	4	0	0	1	4	0.0	0.0	0.0	1	0
Q141	13	MONDO:0005148	NCBIGene:6934	1	4	0	0	1	4	0.0	0.0	0.0	1	0
Q141	14	MONDO:0005148	NCBIGene:6934	1	4	0	0	1	4	0.0	0.0	0.0	1	0
Q141	15	MONDO:0005148	NCBIGene:6934	1	4	0	0	1	4	0.0	0.0	0.0	1	0
Q141	16	MONDO:0005148	NCBIGene:6934	1	4	0	0	1	4	0.0	0.0	0.0	1	0
Q141	17	MONDO:0005148	NCBIGene:6934	1	4	0	0	1	4	0.0	0.0	0.0	1	0
Q141	18	MONDO:0005148	NCBIGene:6934	1	4	0	0	1	4	0.0	0.0	0.0	1	0
Q141	19	MONDO:0005148	NCBIGene:6934	1	4	0	0	1	4	0.0	0.0	0.0	1	0
Q141	20	MONDO:0005148	NCBIGene:6934	1	4	0	0	1	4	0.0	0.0	0.0	1	0
Q141	21	MONDO:0005148	NCBIGene:6934	1	4	0	0	1	4	0.0	0.0	0.0	1	0
Q141	22	MONDO:0005148	NCBIGene:6934	1	4	0	0	1	4	0.0	0.0	0.0	1	0
Q141	23	MONDO:0005148	NCBIGene:6934	1	4	0	0	1	4	0.0	0.0	0.0	1	0
Q141	24	MONDO:0005148	NCBIGene:6934	1	4	0	0	1	4	0.0	0.0	0.0	1	0
Q141	25	MONDO:0005148	NCBIGene:6934	1	4	0	0	1	4	0.0	0.0	0.0	1	0
Q142	1	MONDO:0005148	NCBIGene:79068	1	2	0	0	1	2	0.0	0.0	0.0	1	0
Q142	2	MONDO:0005148	NCBIGene:79068	1	2	0	0	1	2	0.0	0.0	0.0	1	0
Q142	3	MONDO:0005148	NCBIGene:79068	1	2	0	0	1	2	0.0	0.0	0.0	1	0
Q142	4	MONDO:0005148	NCBIGene:79068	1	2	0	0	1	2	0.0	0.0	0.0	1	0
Q142	5	MONDO:0005148	NCBIGene:79068	1	2	0	0	1	2	0.0	0.0	0.0	1	0
Q142	6	MONDO:0005148	NCBIGene:79068	1	2	0	0	1	2	0.0	0.0	0.0	1	0
Q142	7	MONDO:0005148	NCBIGene:79068	1	2	0	0	1	2	0.0	0.0	0.0	1	0
Q142	8	MONDO:0005148	NCBIGene:79068	1	2	0	0	1	2	0.0	0.0	0.0	1	0
Q142	9	MONDO:0005148	NCBIGene:79068	1	2	0	0	1	2	0.0	0.0	0.0	1	0
Q142	10	MONDO:0005148	NCBIGene:79068	1	2	0	0	1	2	0.0	0.0	0.0	1	0
Q142	11	MONDO:0005148	NCBIGene:79068	1	2	0	0	1	2	0.0	0.0	0.0	1	0
Q142	12	MONDO:0005148	NCBIGene:79068	1	2	0	0	1	2	0.0	0.0	0.0	1	0
Q142	13	MONDO:0005148	NCBIGene:79068	1	2	0	0	1	2	0.0	0.0	0.0	1	0
Q142	14	MONDO:0005148	NCBIGene:79068	1	2	0	0	1	2	0.0	0.0	0.0	1	0
Q142	15	MONDO:0005148	NCBIGene:79068	0	2	0	0	0	2	0.0	0.0	0.0	0	0
Q142	16	MONDO:0005148	NCBIGene:79068	1	2	0	0	1	2	0.0	0.0	0.0	1	0
Q142	17	MONDO:0005148	NCBIGene:79068	0	2	0	0	0	2	0.0	0.0	0.0	0	0
Q142	18	MONDO:0005148	NCBIGene:79068	1	2	0	0	1	2	0.0	0.0	0.0	1	0
Q142	19	MONDO:0005148	NCBIGene:79068	1	2	0	0	1	2	0.0	0.0	0.0	1	0
Q142	20	MONDO:0005148	NCBIGene:79068	1	2	0	0	1	2	0.0	0.0	0.0	1	0
Q142	21	MONDO:0005148	NCBIGene:79068	1	2	0	0	1	2	0.0	0.0	0.0	1	0
Q142	22	MONDO:0005148	NCBIGene:79068	1	2	0	0	1	2	0.0	0.0	0.0	1	0
Q142	23	MONDO:0005148	NCBIGene:79068	0	2	0	0	0	2	0.0	0.0	0.0	0	0
Q142	24	MONDO:0005148	NCBIGene:79068	1	2	0	0	1	2	0.0	0.0	0.0	1	0
Q142	25	MONDO:0005148	NCBIGene:79068	1	2	0	0	1	2	0.0	0.0	0.0	1	0
Q143	1	MONDO:0005061	NCBIGene:238	1	1	0	0	1	1	0.0	0.0	0.0	1	0
Q143	2	MONDO:0005061	NCBIGene:238	1	1	0	0	1	1	0.0	0.0	0.0	1	0
Q143	3	MONDO:0005061	NCBIGene:238	1	1	0	0	1	1	0.0	0.0	0.0	1	0
Q143	4	MONDO:0005061	NCBIGene:238	1	1	0	0	1	1	0.0	0.0	0.0	1	0
Q143	5	MONDO:0005061	NCBIGene:238	1	1	0	0	1	1	0.0	0.0	0.0	1	0
Q143	6	MONDO:0005061	NCBIGene:238	1	1	0	0	1	1	0.0	0.0	0.0	1	0
Q143	7	MONDO:0005061	NCBIGene:238	1	1	0	0	1	1	0.0	0.0	0.0	1	0
Q143	8	MONDO:0005061	NCBIGene:238	1	1	0	0	1	1	0.0	0.0	0.0	1	0
Q143	9	MONDO:0005061	NCBIGene:238	1	1	0	0	1	1	0.0	0.0	0.0	1	0
Q143	10	MONDO:0005061	NCBIGene:238	1	1	0	0	1	1	0.0	0.0	0.0	1	0
Q143	11	MONDO:0005061	NCBIGene:238	1	1	0	0	1	1	0.0	0.0	0.0	1	0
Q143	12	MONDO:0005061	NCBIGene:238	1	1	0	0	1	1	0.0	0.0	0.0	1	0
Q143	13	MONDO:0005061	NCBIGene:238	1	1	0	0	1	1	0.0	0.0	0.0	1	0
Q143	14	MONDO:0005061	NCBIGene:238	1	1	0	0	1	1	0.0	0.0	0.0	1	0
Q143	15	MONDO:0005061	NCBIGene:238	1	1	0	0	1	1	0.0	0.0	0.0	1	0
Q143	16	MONDO:0005061	NCBIGene:238	1	1	0	0	1	1	0.0	0.0	0.0	1	0
Q143	17	MONDO:0005061	NCBIGene:238	1	1	0	0	1	1	0.0	0.0	0.0	1	0
Q143	18	MONDO:0005061	NCBIGene:238	1	1	0	0	1	1	0.0	0.0	0.0	1	0
Q143	19	MONDO:0005061	NCBIGene:238	1	1	0	0	1	1	0.0	0.0	0.0	1	0
Q143	20	MONDO:0005061	NCBIGene:238	1	1	0	0	1	1	0.0	0.0	0.0	1	0
Q143	21	MONDO:0005061	NCBIGene:238	1	1	0	0	1	1	0.0	0.0	0.0	1	0
Q143	22	MONDO:0005061	NCBIGene:238	1	1	0	0	1	1	0.0	0.0	0.0	1	0
Q143	23	MONDO:0005061	NCBIGene:238	1	1	0	0	1	1	0.0	0.0	0.0	1	0
Q143	24	MONDO:0005061	NCBIGene:238	1	1	0	0	1	1	0.0	0.0	0.0	1	0
Q143	25	MONDO:0005061	NCBIGene:238	1	1	0	0	1	1	0.0	0.0	0.0	1	0
Q144	1	MONDO:0005090	NCBIGene:2903	1	2	0	0	1	2	0.0	0.0	0.0	1	0
Q144	2	MONDO:0005090	NCBIGene:2903	1	2	0	0	1	2	0.0	0.0	0.0	1	0
Q144	3	MONDO:0005090	NCBIGene:2903	1	2	0	0	1	2	0.0	0.0	0.0	1	0
Q144	4	MONDO:0005090	NCBIGene:2903	1	2	0	0	1	2	0.0	0.0	0.0	1	0
Q144	5	MONDO:0005090	NCBIGene:2903	1	2	0	0	1	2	0.0	0.0	0.0	1	0
Q144	6	MONDO:0005090	NCBIGene:2903	1	2	0	0	1	2	0.0	0.0	0.0	1	0
Q144	7	MONDO:0005090	NCBIGene:2903	1	2	0	0	1	2	0.0	0.0	0.0	1	0
Q144	8	MONDO:0005090	NCBIGene:2903	1	2	0	0	1	2	0.0	0.0	0.0	1	0
Q144	9	MONDO:0005090	NCBIGene:2903	1	2	0	0	1	2	0.0	0.0	0.0	1	0
Q144	10	MONDO:0005090	NCBIGene:2903	1	2	0	0	1	2	0.0	0.0	0.0	1	0
Q144	11	MONDO:0005090	NCBIGene:2903	1	2	0	0	1	2	0.0	0.0	0.0	1	0
Q144	12	MONDO:0005090	NCBIGene:2903	1	2	0	0	1	2	0.0	0.0	0.0	1	0
Q144	13	MONDO:0005090	NCBIGene:2903	1	2	0	0	1	2	0.0	0.0	0.0	1	0
Q144	14	MONDO:0005090	NCBIGene:2903	1	2	0	0	1	2	0.0	0.0	0.0	1	0
Q144	15	MONDO:0005090	NCBIGene:2903	1	2	0	0	1	2	0.0	0.0	0.0	1	0
Q144	16	MONDO:0005090	NCBIGene:2903	1	2	0	0	1	2	0.0	0.0	0.0	1	0
Q144	17	MONDO:0005090	NCBIGene:2903	1	2	0	0	1	2	0.0	0.0	0.0	1	0
Q144	18	MONDO:0005090	NCBIGene:2903	1	2	0	0	1	2	0.0	0.0	0.0	1	0
Q144	19	MONDO:0005090	NCBIGene:2903	1	2	0	0	1	2	0.0	0.0	0.0	1	0
Q144	20	MONDO:0005090	NCBIGene:2903	1	2	0	0	1	2	0.0	0.0	0.0	1	0
Q144	21	MONDO:0005090	NCBIGene:2903	1	2	0	0	1	2	0.0	0.0	0.0	1	0
Q144	22	MONDO:0005090	NCBIGene:2903	1	2	0	0	1	2	0.0	0.0	0.0	1	0
Q144	23	MONDO:0005090	NCBIGene:2903	1	2	0	0	1	2	0.0	0.0	0.0	1	0
Q144	24	MONDO:0005090	NCBIGene:2903	1	2	0	0	1	2	0.0	0.0	0.0	1	0
Q144	25	MONDO:0005090	NCBIGene:2903	1	2	0	0	1	2	0.0	0.0	0.0	1	0
Q145	1	MONDO:0005083	NCBIGene:7124	1	5	0	0	1	5	0.0	0.0	0.0	1	0
Q145	2	MONDO:0005083	NCBIGene:7124	1	5	0	0	1	5	0.0	0.0	0.0	1	0
Q145	3	MONDO:0005083	NCBIGene:7124	1	5	0	0	1	5	0.0	0.0	0.0	1	0
Q145	4	MONDO:0005083	NCBIGene:7124	1	5	0	0	1	5	0.0	0.0	0.0	1	0
Q145	5	MONDO:0005083	NCBIGene:7124	1	5	0	0	1	5	0.0	0.0	0.0	1	0
Q145	6	MONDO:0005083	NCBIGene:7124	1	5	0	0	1	5	0.0	0.0	0.0	1	0
Q145	7	MONDO:0005083	NCBIGene:7124	1	5	0	0	1	5	0.0	0.0	0.0	1	0
Q145	8	MONDO:0005083	NCBIGene:7124	1	5	0	0	1	5	0.0	0.0	0.0	1	0
Q145	9	MONDO:0005083	NCBIGene:7124	1	5	0	0	1	5	0.0	0.0	0.0	1	0
Q145	10	MONDO:0005083	NCBIGene:7124	1	5	0	0	1	5	0.0	0.0	0.0	1	0
Q145	11	MONDO:0005083	NCBIGene:7124	1	5	0	0	1	5	0.0	0.0	0.0	1	0
Q145	12	MONDO:0005083	NCBIGene:7124	1	5	0	0	1	5	0.0	0.0	0.0	1	0
Q145	13	MONDO:0005083	NCBIGene:7124	1	5	0	0	1	5	0.0	0.0	0.0	1	0
Q145	14	MONDO:0005083	NCBIGene:7124	1	5	0	0	1	5	0.0	0.0	0.0	1	0
Q145	15	MONDO:0005083	NCBIGene:7124	1	5	0	0	1	5	0.0	0.0	0.0	1	0
Q145	16	MONDO:0005083	NCBIGene:7124	1	5	0	0	1	5	0.0	0.0	0.0	1	0
Q145	17	MONDO:0005083	NCBIGene:7124	1	5	0	0	1	5	0.0	0.0	0.0	1	0
Q145	18	MONDO:0005083	NCBIGene:7124	1	5	0	0	1	5	0.0	0.0	0.0	1	0
Q145	19	MONDO:0005083	NCBIGene:7124	1	5	0	0	1	5	0.0	0.0	0.0	1	0
Q145	20	MONDO:0005083	NCBIGene:7124	1	5	0	0	1	5	0.0	0.0	0.0	1	0
Q145	21	MONDO:0005083	NCBIGene:7124	1	5	0	0	1	5	0.0	0.0	0.0	1	0
Q145	22	MONDO:0005083	NCBIGene:7124	1	5	0	0	1	5	0.0	0.0	0.0	1	0
Q145	23	MONDO:0005083	NCBIGene:7124	1	5	0	0	1	5	0.0	0.0	0.0	1	0
Q145	24	MONDO:0005083	NCBIGene:7124	1	5	0	0	1	5	0.0	0.0	0.0	1	0
Q145	25	MONDO:0005083	NCBIGene:7124	1	5	0	0	1	5	0.0	0.0	0.0	1	0
Q146	1	MONDO:0007915	NCBIGene:3663	1	2	0	0	1	2	0.0	0.0	0.0	1	0
Q146	2	MONDO:0007915	NCBIGene:3663	1	2	0	0	1	2	0.0	0.0	0.0	1	0
Q146	3	MONDO:0007915	NCBIGene:3663	1	2	0	0	1	2	0.0	0.0	0.0	1	0
Q146	4	MONDO:0007915	NCBIGene:3663	1	2	0	0	1	2	0.0	0.0	0.0	1	0
Q146	5	MONDO:0007915	NCBIGene:3663	1	2	0	0	1	2	0.0	0.0	0.0	1	0
Q146	6	MONDO:0007915	NCBIGene:3663	1	2	0	0	1	2	0.0	0.0	0.0	1	0
Q146	7	MONDO:0007915	NCBIGene:3663	1	2	0	0	1	2	0.0	0.0	0.0	1	0
Q146	8	MONDO:0007915	NCBIGene:3663	1	2	0	0	1	2	0.0	0.0	0.0	1	0
Q146	9	MONDO:0007915	NCBIGene:3663	1	2	0	0	1	2	0.0	0.0	0.0	1	0
Q146	10	MONDO:0007915	NCBIGene:3663	1	2	0	0	1	2	0.0	0.0	0.0	1	0
Q146	11	MONDO:0007915	NCBIGene:3663	1	2	0	0	1	2	0.0	0.0	0.0	1	0
Q146	12	MONDO:0007915	NCBIGene:3663	1	2	0	0	1	2	0.0	0.0	0.0	1	0
Q146	13	MONDO:0007915	NCBIGene:3663	1	2	0	0	1	2	0.0	0.0	0.0	1	0
Q146	14	MONDO:0007915	NCBIGene:3663	1	2	0	0	1	2	0.0	0.0	0.0	1	0
Q146	15	MONDO:0007915	NCBIGene:3663	1	2	0	0	1	2	0.0	0.0	0.0	1	0
Q146	16	MONDO:0007915	NCBIGene:3663	1	2	0	0	1	2	0.0	0.0	0.0	1	0
Q146	17	MONDO:0007915	NCBIGene:3663	1	2	0	0	1	2	0.0	0.0	0.0	1	0
Q146	18	MONDO:0007915	NCBIGene:3663	1	2	0	0	1	2	0.0	0.0	0.0	1	0
Q146	19	MONDO:0007915	NCBIGene:3663	1	2	0	0	1	2	0.0	0.0	0.0	1	0
Q146	20	MONDO:0007915	NCBIGene:3663	1	2	0	0	1	2	0.0	0.0	0.0	1	0
Q146	21	MONDO:0007915	NCBIGene:3663	1	2	0	0	1	2	0.0	0.0	0.0	1	0
Q146	22	MONDO:0007915	NCBIGene:3663	1	2	0	0	1	2	0.0	0.0	0.0	1	0
Q146	23	MONDO:0007915	NCBIGene:3663	1	2	0	0	1	2	0.0	0.0	0.0	1	0
Q146	24	MONDO:0007915	NCBIGene:3663	1	2	0	0	1	2	0.0	0.0	0.0	1	0
Q146	25	MONDO:0007915	NCBIGene:3663	1	2	0	0	1	2	0.0	0.0	0.0	1	0
Q147	1	MONDO:0005148	CHEBI:6801	1	6	0	0	1	6	0.0	0.0	0.0	1	0
Q147	2	MONDO:0005148	CHEBI:6801	1	6	0	0	1	6	0.0	0.0	0.0	1	0
Q147	3	MONDO:0005148	CHEBI:6801	0	6	0	0	0	6	0.0	0.0	0.0	0	0
Q147	4	MONDO:0005148	CHEBI:6801	1	6	0	0	1	6	0.0	0.0	0.0	1	0
Q147	5	MONDO:0005148	CHEBI:6801	0	6	0	0	0	6	0.0	0.0	0.0	0	0
Q147	6	MONDO:0005148	CHEBI:6801	1	6	0	0	1	6	0.0	0.0	0.0	1	0
Q147	7	MONDO:0005148	CHEBI:6801	0	6	0	0	0	6	0.0	0.0	0.0	0	0
Q147	8	MONDO:0005148	CHEBI:6801	0	6	0	0	0	6	0.0	0.0	0.0	0	0
Q147	9	MONDO:0005148	CHEBI:6801	1	6	0	0	1	6	0.0	0.0	0.0	1	0
Q147	10	MONDO:0005148	CHEBI:6801	1	6	0	0	1	6	0.0	0.0	0.0	1	0
Q147	11	MONDO:0005148	CHEBI:6801	1	6	0	0	1	6	0.0	0.0	0.0	1	0
Q147	12	MONDO:0005148	CHEBI:6801	0	6	0	0	0	6	0.0	0.0	0.0	0	0
Q147	13	MONDO:0005148	CHEBI:6801	1	6	0	0	1	6	0.0	0.0	0.0	1	0
Q147	14	MONDO:0005148	CHEBI:6801	0	6	0	0	0	6	0.0	0.0	0.0	0	0
Q147	15	MONDO:0005148	CHEBI:6801	1	6	0	0	1	6	0.0	0.0	0.0	1	0
Q147	16	MONDO:0005148	CHEBI:6801	1	6	0	0	1	6	0.0	0.0	0.0	1	0
Q147	17	MONDO:0005148	CHEBI:6801	1	6	0	0	1	6	0.0	0.0	0.0	1	0
Q147	18	MONDO:0005148	CHEBI:6801	1	6	0	0	1	6	0.0	0.0	0.0	1	0
Q147	19	MONDO:0005148	CHEBI:6801	1	6	0	0	1	6	0.0	0.0	0.0	1	0
Q147	20	MONDO:0005148	CHEBI:6801	0	6	0	0	0	6	0.0	0.0	0.0	0	0
Q147	21	MONDO:0005148	CHEBI:6801	1	6	0	0	1	6	0.0	0.0	0.0	1	0
Q147	22	MONDO:0005148	CHEBI:6801	1	6	0	0	1	6	0.0	0.0	0.0	1	0
Q147	23	MONDO:0005148	CHEBI:6801	0	6	0	0	0	6	0.0	0.0	0.0	0	0
Q147	24	MONDO:0005148	CHEBI:6801	1	6	0	0	1	6	0.0	0.0	0.0	1	0
Q147	25	MONDO:0005148	CHEBI:6801	1	6	0	0	1	6	0.0	0.0	0.0	1	0
Q148	1	MONDO:0005061	CHEBI:49668	1	7	0	0	1	7	0.0	0.0	0.0	1	0
Q148	2	MONDO:0005061	CHEBI:49668	1	7	0	0	1	7	0.0	0.0	0.0	1	0
Q148	3	MONDO:0005061	CHEBI:49668	1	7	0	0	1	7	0.0	0.0	0.0	1	0
Q148	4	MONDO:0005061	CHEBI:49668	1	7	0	0	1	7	0.0	0.0	0.0	1	0
Q148	5	MONDO:0005061	CHEBI:49668	1	7	0	0	1	7	0.0	0.0	0.0	1	0
Q148	6	MONDO:0005061	CHEBI:49668	1	7	0	0	1	7	0.0	0.0	0.0	1	0
Q148	7	MONDO:0005061	CHEBI:49668	1	7	0	0	1	7	0.0	0.0	0.0	1	0
Q148	8	MONDO:0005061	CHEBI:49668	1	7	0	0	1	7	0.0	0.0	0.0	1	0
Q148	9	MONDO:0005061	CHEBI:49668	1	7	0	0	1	7	0.0	0.0	0.0	1	0
Q148	10	MONDO:0005061	CHEBI:49668	1	7	0	0	1	7	0.0	0.0	0.0	1	0
Q148	11	MONDO:0005061	CHEBI:49668	1	7	0	0	1	7	0.0	0.0	0.0	1	0
Q148	12	MONDO:0005061	CHEBI:49668	1	7	0	0	1	7	0.0	0.0	0.0	1	0
Q148	13	MONDO:0005061	CHEBI:49668	1	7	0	0	1	7	0.0	0.0	0.0	1	0
Q148	14	MONDO:0005061	CHEBI:49668	1	7	0	0	1	7	0.0	0.0	0.0	1	0
Q148	15	MONDO:0005061	CHEBI:49668	1	7	0	0	1	7	0.0	0.0	0.0	1	0
Q148	16	MONDO:0005061	CHEBI:49668	1	7	0	0	1	7	0.0	0.0	0.0	1	0
Q148	17	MONDO:0005061	CHEBI:49668	0	7	0	0	0	7	0.0	0.0	0.0	0	0
Q148	18	MONDO:0005061	CHEBI:49668	1	7	0	0	1	7	0.0	0.0	0.0	1	0
Q148	19	MONDO:0005061	CHEBI:49668	1	7	0	0	1	7	0.0	0.0	0.0	1	0
Q148	20	MONDO:0005061	CHEBI:49668	1	7	0	0	1	7	0.0	0.0	0.0	1	0
Q148	21	MONDO:0005061	CHEBI:49668	1	7	0	0	1	7	0.0	0.0	0.0	1	0
Q148	22	MONDO:0005061	CHEBI:49668	1	7	0	0	1	7	0.0	0.0	0.0	1	0
Q148	23	MONDO:0005061	CHEBI:49668	1	7	0	0	1	7	0.0	0.0	0.0	1	0
Q148	24	MONDO:0005061	CHEBI:49668	1	7	0	0	1	7	0.0	0.0	0.0	1	0
Q148	25	MONDO:0005061	CHEBI:49668	1	7	0	0	1	7	0.0	0.0	0.0	1	0
Q149	1	NCBIGene:7124	CHEBI:44185	0	2	0	0	0	2	0.0	0.0	0.0	0	0
Q149	2	NCBIGene:7124	CHEBI:44185	0	2	0	0	0	2	0.0	0.0	0.0	0	0
Q149	3	NCBIGene:7124	CHEBI:44185	0	2	0	0	0	2	0.0	0.0	0.0	0	0
Q149	4	NCBIGene:7124	CHEBI:44185	0	2	0	0	0	2	0.0	0.0	0.0	0	0
Q149	5	NCBIGene:7124	CHEBI:44185	0	2	0	0	0	2	0.0	0.0	0.0	0	0
Q149	6	NCBIGene:7124	CHEBI:44185	0	2	0	0	0	2	0.0	0.0	0.0	0	0
Q149	7	NCBIGene:7124	CHEBI:44185	0	2	0	0	0	2	0.0	0.0	0.0	0	0
Q149	8	NCBIGene:7124	CHEBI:44185	1	2	0	0	1	2	0.0	0.0	0.0	1	0
Q149	9	NCBIGene:7124	CHEBI:44185	0	2	0	0	0	2	0.0	0.0	0.0	0	0
Q149	10	NCBIGene:7124	CHEBI:44185	0	2	0	0	0	2	0.0	0.0	0.0	0	0
Q149	11	NCBIGene:7124	CHEBI:44185	1	2	0	0	1	2	0.0	0.0	0.0	1	0
Q149	12	NCBIGene:7124	CHEBI:44185	0	2	0	0	0	2	0.0	0.0	0.0	0	0
Q149	13	NCBIGene:7124	CHEBI:44185	0	2	0	0	0	2	0.0	0.0	0.0	0	0
Q149	14	NCBIGene:7124	CHEBI:44185	1	2	0	0	1	2	0.0	0.0	0.0	1	0
Q149	15	NCBIGene:7124	CHEBI:44185	1	2	0	0	1	2	0.0	0.0	0.0	1	0
Q149	16	NCBIGene:7124	CHEBI:44185	1	2	0	0	1	2	0.0	0.0	0.0	1	0
Q149	17	NCBIGene:7124	CHEBI:44185	1	2	0	0	1	2	0.0	0.0	0.0	1	0
Q149	18	NCBIGene:7124	CHEBI:44185	0	2	0	0	0	2	0.0	0.0	0.0	0	0
Q149	19	NCBIGene:7124	CHEBI:44185	0	2	0	0	0	2	0.0	0.0	0.0	0	0
Q149	20	NCBIGene:7124	CHEBI:44185	0	2	0	0	0	2	0.0	0.0	0.0	0	0
Q149	21	NCBIGene:7124	CHEBI:44185	1	2	0	0	1	2	0.0	0.0	0.0	1	0
Q149	22	NCBIGene:7124	CHEBI:44185	0	2	0	0	0	2	0.0	0.0	0.0	0	0
Q149	23	NCBIGene:7124	CHEBI:44185	1	2	0	0	1	2	0.0	0.0	0.0	1	0
Q149	24	NCBIGene:7124	CHEBI:44185	1	2	0	0	1	2	0.0	0.0	0.0	1	0
Q149	25	NCBIGene:7124	CHEBI:44185	0	2	0	0	0	2	0.0	0.0	0.0	0	0
Q150	1	NCBIGene:1813	CHEBI:3766	0	5	0	0	0	5	0.0	0.0	0.0	0	0
Q150	2	NCBIGene:1813	CHEBI:3766	1	5	0	0	1	5	0.0	0.0	0.0	1	0
Q150	3	NCBIGene:1813	CHEBI:3766	0	5	0	0	0	5	0.0	0.0	0.0	0	0
Q150	4	NCBIGene:1813	CHEBI:3766	0	5	0	0	0	5	0.0	0.0	0.0	0	0
Q150	5	NCBIGene:1813	CHEBI:3766	1	5	0	0	1	5	0.0	0.0	0.0	1	0
Q150	6	NCBIGene:1813	CHEBI:3766	0	5	0	0	0	5	0.0	0.0	0.0	0	0
Q150	7	NCBIGene:1813	CHEBI:3766	0	5	0	0	0	5	0.0	0.0	0.0	0	0
Q150	8	NCBIGene:1813	CHEBI:3766	1	5	0	0	1	5	0.0	0.0	0.0	1	0
Q150	9	NCBIGene:1813	CHEBI:3766	1	5	0	0	1	5	0.0	0.0	0.0	1	0
Q150	10	NCBIGene:1813	CHEBI:3766	1	5	0	0	1	5	0.0	0.0	0.0	1	0
Q150	11	NCBIGene:1813	CHEBI:3766	1	5	0	0	1	5	0.0	0.0	0.0	1	0
Q150	12	NCBIGene:1813	CHEBI:3766	1	5	0	0	1	5	0.0	0.0	0.0	1	0
Q150	13	NCBIGene:1813	CHEBI:3766	1	5	0	0	1	5	0.0	0.0	0.0	1	0
Q150	14	NCBIGene:1813	CHEBI:3766	1	5	0	0	1	5	0.0	0.0	0.0	1	0
Q150	15	NCBIGene:1813	CHEBI:3766	1	5	0	0	1	5	0.0	0.0	0.0	1	0
Q150	16	NCBIGene:1813	CHEBI:3766	1	5	0	0	1	5	0.0	0.0	0.0	1	0
Q150	17	NCBIGene:1813	CHEBI:3766	1	5	0	0	1	5	0.0	0.0	0.0	1	0
Q150	18	NCBIGene:1813	CHEBI:3766	1	5	0	0	1	5	0.0	0.0	0.0	1	0
Q150	19	NCBIGene:1813	CHEBI:3766	1	5	0	0	1	5	0.0	0.0	0.0	1	0
Q150	20	NCBIGene:1813	CHEBI:3766	1	5	0	0	1	5	0.0	0.0	0.0	1	0
Q150	21	NCBIGene:1813	CHEBI:3766	1	5	0	0	1	5	0.0	0.0	0.0	1	0
Q150	22	NCBIGene:1813	CHEBI:3766	1	5	0	0	1	5	0.0	0.0	0.0	1	0
Q150	23	NCBIGene:1813	CHEBI:3766	1	5	0	0	1	5	0.0	0.0	0.0	1	0
Q150	24	NCBIGene:1813	CHEBI:3766	1	5	0	0	1	5	0.0	0.0	0.0	1	0
Q150	25	NCBIGene:1813	CHEBI:3766	1	5	0	0	1	5	0.0	0.0	0.0	1	0
Q151	1	NCBIGene:6323	CHEBI:39867	1	1	0	0	1	1	0.0	0.0	0.0	1	0
Q151	2	NCBIGene:6323	CHEBI:39867	0	1	0	0	0	1	0.0	0.0	0.0	0	0
Q151	3	NCBIGene:6323	CHEBI:39867	0	1	0	0	0	1	0.0	0.0	0.0	0	0
Q151	4	NCBIGene:6323	CHEBI:39867	0	1	0	0	0	1	0.0	0.0	0.0	0	0
Q151	5	NCBIGene:6323	CHEBI:39867	0	1	0	0	0	1	0.0	0.0	0.0	0	0
Q151	6	NCBIGene:6323	CHEBI:39867	0	1	0	0	0	1	0.0	0.0	0.0	0	0
Q151	7	NCBIGene:6323	CHEBI:39867	0	1	0	0	0	1	0.0	0.0	0.0	0	0
Q151	8	NCBIGene:6323	CHEBI:39867	0	1	0	0	0	1	0.0	0.0	0.0	0	0
Q151	9	NCBIGene:6323	CHEBI:39867	0	1	0	0	0	1	0.0	0.0	0.0	0	0
Q151	10	NCBIGene:6323	CHEBI:39867	0	1	0	0	0	1	0.0	0.0	0.0	0	0
Q151	11	NCBIGene:6323	CHEBI:39867	0	1	0	0	0	1	0.0	0.0	0.0	0	0
Q151	12	NCBIGene:6323	CHEBI:39867	0	1	0	0	0	1	0.0	0.0	0.0	0	0
Q151	13	NCBIGene:6323	CHEBI:39867	0	1	0	0	0	1	0.0	0.0	0.0	0	0
Q151	14	NCBIGene:6323	CHEBI:39867	0	1	0	0	0	1	0.0	0.0	0.0	0	0
Q151	15	NCBIGene:6323	CHEBI:39867	1	1	0	0	1	1	0.0	0.0	0.0	1	0
Q151	16	NCBIGene:6323	CHEBI:39867	0	1	0	0	0	1	0.0	0.0	0.0	0	0
Q151	17	NCBIGene:6323	CHEBI:39867	1	1	0	0	1	1	0.0	0.0	0.0	1	0
Q151	18	NCBIGene:6323	CHEBI:39867	1	1	0	0	1	1	0.0	0.0	0.0	1	0
Q151	19	NCBIGene:6323	CHEBI:39867	0	1	0	0	0	1	0.0	0.0	0.0	0	0
Q151	20	NCBIGene:6323	CHEBI:39867	0	1	0	0	0	1	0.0	0.0	0.0	0	0
Q151	21	NCBIGene:6323	CHEBI:39867	0	1	0	0	0	1	0.0	0.0	0.0	0	0
Q151	22	NCBIGene:6323	CHEBI:39867	0	1	0	0	0	1	0.0	0.0	0.0	0	0
Q151	23	NCBIGene:6323	CHEBI:39867	0	1	0	0	0	1	0.0	0.0	0.0	0	0
Q151	24	NCBIGene:6323	CHEBI:39867	0	1	0	0	0	1	0.0	0.0	0.0	0	0
Q151	25	NCBIGene:6323	CHEBI:39867	0	1	0	0	0	1	0.0	0.0	0.0	0	0
Q152	1	NCBIGene:6323	CHEBI:3387	1	2	0	0	1	2	0.0	0.0	0.0	1	0
Q152	2	NCBIGene:6323	CHEBI:3387	1	2	0	0	1	2	0.0	0.0	0.0	1	0
Q152	3	NCBIGene:6323	CHEBI:3387	1	2	0	0	1	2	0.0	0.0	0.0	1	0
Q152	4	NCBIGene:6323	CHEBI:3387	1	2	0	0	1	2	0.0	0.0	0.0	1	0
Q152	5	NCBIGene:6323	CHEBI:3387	1	2	0	0	1	2	0.0	0.0	0.0	1	0
Q152	6	NCBIGene:6323	CHEBI:3387	1	2	0	0	1	2	0.0	0.0	0.0	1	0
Q152	7	NCBIGene:6323	CHEBI:3387	1	2	0	0	1	2	0.0	0.0	0.0	1	0
Q152	8	NCBIGene:6323	CHEBI:3387	0	2	0	0	0	2	0.0	0.0	0.0	0	0
Q152	9	NCBIGene:6323	CHEBI:3387	1	2	0	0	1	2	0.0	0.0	0.0	1	0
Q152	10	NCBIGene:6323	CHEBI:3387	1	2	0	0	1	2	0.0	0.0	0.0	1	0
Q152	11	NCBIGene:6323	CHEBI:3387	1	2	0	0	1	2	0.0	0.0	0.0	1	0
Q152	12	NCBIGene:6323	CHEBI:3387	1	2	0	0	1	2	0.0	0.0	0.0	1	0
Q152	13	NCBIGene:6323	CHEBI:3387	1	2	0	0	1	2	0.0	0.0	0.0	1	0
Q152	14	NCBIGene:6323	CHEBI:3387	1	2	0	0	1	2	0.0	0.0	0.0	1	0
Q152	15	NCBIGene:6323	CHEBI:3387	1	2	0	0	1	2	0.0	0.0	0.0	1	0
Q152	16	NCBIGene:6323	CHEBI:3387	1	2	0	0	1	2	0.0	0.0	0.0	1	0
Q152	17	NCBIGene:6323	CHEBI:3387	1	2	0	0	1	2	0.0	0.0	0.0	1	0
Q152	18	NCBIGene:6323	CHEBI:3387	1	2	0	0	1	2	0.0	0.0	0.0	1	0
Q152	19	NCBIGene:6323	CHEBI:3387	0	2	0	0	0	2	0.0	0.0	0.0	0	0
Q152	20	NCBIGene:6323	CHEBI:3387	0	2	0	0	0	2	0.0	0.0	0.0	0	0
Q152	21	NCBIGene:6323	CHEBI:3387	1	2	0	0	1	2	0.0	0.0	0.0	1	0
Q152	22	NCBIGene:6323	CHEBI:3387	1	2	0	0	1	2	0.0	0.0	0.0	1	0
Q152	23	NCBIGene:6323	CHEBI:3387	1	2	0	0	1	2	0.0	0.0	0.0	1	0
Q152	24	NCBIGene:6323	CHEBI:3387	1	2	0	0	1	2	0.0	0.0	0.0	1	0
Q152	25	NCBIGene:6323	CHEBI:3387	1	2	0	0	1	2	0.0	0.0	0.0	1	0
Q153	1	NCBIGene:6622	NCBIGene:120892	0	10	0	0	0	10	0.0	0.0	0.0	0	0
Q153	2	NCBIGene:6622	NCBIGene:120892	0	10	0	0	0	10	0.0	0.0	0.0	0	0
Q153	3	NCBIGene:6622	NCBIGene:120892	0	10	0	0	0	10	0.0	0.0	0.0	0	0
Q153	4	NCBIGene:6622	NCBIGene:120892	0	10	0	0	0	10	0.0	0.0	0.0	0	0
Q153	5	NCBIGene:6622	NCBIGene:120892	0	10	0	0	0	10	0.0	0.0	0.0	0	0
Q153	6	NCBIGene:6622	NCBIGene:120892	0	10	0	0	0	10	0.0	0.0	0.0	0	0
Q153	7	NCBIGene:6622	NCBIGene:120892	0	10	0	0	0	10	0.0	0.0	0.0	0	0
Q153	8	NCBIGene:6622	NCBIGene:120892	0	10	0	0	0	10	0.0	0.0	0.0	0	0
Q153	9	NCBIGene:6622	NCBIGene:120892	0	10	0	0	0	10	0.0	0.0	0.0	0	0
Q153	10	NCBIGene:6622	NCBIGene:120892	0	10	0	0	0	10	0.0	0.0	0.0	0	0
Q153	11	NCBIGene:6622	NCBIGene:120892	0	10	0	0	0	10	0.0	0.0	0.0	0	0
Q153	12	NCBIGene:6622	NCBIGene:120892	0	10	0	0	0	10	0.0	0.0	0.0	0	0
Q153	13	NCBIGene:6622	NCBIGene:120892	0	10	0	0	0	10	0.0	0.0	0.0	0	0
Q153	14	NCBIGene:6622	NCBIGene:120892	0	10	0	0	0	10	0.0	0.0	0.0	0	0
Q153	15	NCBIGene:6622	NCBIGene:120892	0	10	0	0	0	10	0.0	0.0	0.0	0	0
Q153	16	NCBIGene:6622	NCBIGene:120892	0	10	0	0	0	10	0.0	0.0	0.0	0	0
Q153	17	NCBIGene:6622	NCBIGene:120892	0	10	0	0	0	10	0.0	0.0	0.0	0	0
Q153	18	NCBIGene:6622	NCBIGene:120892	0	10	0	0	0	10	0.0	0.0	0.0	0	0
Q153	19	NCBIGene:6622	NCBIGene:120892	0	10	0	0	0	10	0.0	0.0	0.0	0	0
Q153	20	NCBIGene:6622	NCBIGene:120892	0	10	0	0	0	10	0.0	0.0	0.0	0	0
Q153	21	NCBIGene:6622	NCBIGene:120892	0	10	0	0	0	10	0.0	0.0	0.0	0	0
Q153	22	NCBIGene:6622	NCBIGene:120892	0	10	0	0	0	10	0.0	0.0	0.0	0	0
Q153	23	NCBIGene:6622	NCBIGene:120892	0	10	0	0	0	10	0.0	0.0	0.0	0	0
Q153	24	NCBIGene:6622	NCBIGene:120892	0	10	0	0	0	10	0.0	0.0	0.0	0	0
Q153	25	NCBIGene:6622	NCBIGene:120892	0	10	0	0	0	10	0.0	0.0	0.0	0	0
Q154	1	NCBIGene:5290	NCBIGene:2475	1	5	0	0	1	5	0.0	0.0	0.0	1	0
Q154	2	NCBIGene:5290	NCBIGene:2475	1	5	0	0	1	5	0.0	0.0	0.0	1	0
Q154	3	NCBIGene:5290	NCBIGene:2475	1	5	0	0	1	5	0.0	0.0	0.0	1	0
Q154	4	NCBIGene:5290	NCBIGene:2475	1	5	1	1	0	4	1.0	0.2	0.33333333333333337	1	1
Q154	5	NCBIGene:5290	NCBIGene:2475	1	5	0	0	1	5	0.0	0.0	0.0	1	0
Q154	6	NCBIGene:5290	NCBIGene:2475	1	5	0	0	1	5	0.0	0.0	0.0	1	0
Q154	7	NCBIGene:5290	NCBIGene:2475	1	5	1	1	0	4	1.0	0.2	0.33333333333333337	1	1
Q154	8	NCBIGene:5290	NCBIGene:2475	1	5	0	0	1	5	0.0	0.0	0.0	1	0
Q154	9	NCBIGene:5290	NCBIGene:2475	1	5	0	0	1	5	0.0	0.0	0.0	1	0
Q154	10	NCBIGene:5290	NCBIGene:2475	1	5	1	1	0	4	1.0	0.2	0.33333333333333337	1	1
Q154	11	NCBIGene:5290	NCBIGene:2475	1	5	0	0	1	5	0.0	0.0	0.0	1	0
Q154	12	NCBIGene:5290	NCBIGene:2475	1	5	0	0	1	5	0.0	0.0	0.0	1	0
Q154	13	NCBIGene:5290	NCBIGene:2475	1	5	0	0	1	5	0.0	0.0	0.0	1	0
Q154	14	NCBIGene:5290	NCBIGene:2475	1	5	0	0	1	5	0.0	0.0	0.0	1	0
Q154	15	NCBIGene:5290	NCBIGene:2475	1	5	0	0	1	5	0.0	0.0	0.0	1	0
Q154	16	NCBIGene:5290	NCBIGene:2475	1	5	1	1	0	4	1.0	0.2	0.33333333333333337	1	1
Q154	17	NCBIGene:5290	NCBIGene:2475	1	5	0	0	1	5	0.0	0.0	0.0	1	0
Q154	18	NCBIGene:5290	NCBIGene:2475	1	5	1	1	0	4	1.0	0.2	0.33333333333333337	1	1
Q154	19	NCBIGene:5290	NCBIGene:2475	1	5	1	1	0	4	1.0	0.2	0.33333333333333337	1	1
Q154	20	NCBIGene:5290	NCBIGene:2475	1	5	1	1	0	4	1.0	0.2	0.33333333333333337	1	1
Q154	21	NCBIGene:5290	NCBIGene:2475	1	5	1	1	0	4	1.0	0.2	0.33333333333333337	1	1
Q154	22	NCBIGene:5290	NCBIGene:2475	1	5	1	1	0	4	1.0	0.2	0.33333333333333337	1	1
Q154	23	NCBIGene:5290	NCBIGene:2475	1	5	0	0	1	5	0.0	0.0	0.0	1	0
Q154	24	NCBIGene:5290	NCBIGene:2475	1	5	0	0	1	5	0.0	0.0	0.0	1	0
Q154	25	NCBIGene:5290	NCBIGene:2475	1	5	0	0	1	5	0.0	0.0	0.0	1	0
Q155	1	NCBIGene:3845	NCBIGene:673	1	4	1	1	0	3	1.0	0.25	0.4	1	1
Q155	2	NCBIGene:3845	NCBIGene:673	1	4	1	1	0	3	1.0	0.25	0.4	1	1
Q155	3	NCBIGene:3845	NCBIGene:673	1	4	0	0	1	4	0.0	0.0	0.0	1	0
Q155	4	NCBIGene:3845	NCBIGene:673	1	4	1	1	0	3	1.0	0.25	0.4	1	1
Q155	5	NCBIGene:3845	NCBIGene:673	1	4	0	0	1	4	0.0	0.0	0.0	1	0
Q155	6	NCBIGene:3845	NCBIGene:673	1	4	0	0	1	4	0.0	0.0	0.0	1	0
Q155	7	NCBIGene:3845	NCBIGene:673	1	4	0	0	1	4	0.0	0.0	0.0	1	0
Q155	8	NCBIGene:3845	NCBIGene:673	1	4	0	0	1	4	0.0	0.0	0.0	1	0
Q155	9	NCBIGene:3845	NCBIGene:673	1	4	1	1	0	3	1.0	0.25	0.4	1	1
Q155	10	NCBIGene:3845	NCBIGene:673	1	4	0	0	1	4	0.0	0.0	0.0	1	0
Q155	11	NCBIGene:3845	NCBIGene:673	1	4	0	0	1	4	0.0	0.0	0.0	1	0
Q155	12	NCBIGene:3845	NCBIGene:673	1	4	1	1	0	3	1.0	0.25	0.4	1	1
Q155	13	NCBIGene:3845	NCBIGene:673	1	4	1	1	0	3	1.0	0.25	0.4	1	1
Q155	14	NCBIGene:3845	NCBIGene:673	1	4	0	0	1	4	0.0	0.0	0.0	1	0
Q155	15	NCBIGene:3845	NCBIGene:673	1	4	0	0	1	4	0.0	0.0	0.0	1	0
Q155	16	NCBIGene:3845	NCBIGene:673	1	4	1	1	0	3	1.0	0.25	0.4	1	1
Q155	17	NCBIGene:3845	NCBIGene:673	1	4	1	1	0	3	1.0	0.25	0.4	1	1
Q155	18	NCBIGene:3845	NCBIGene:673	1	4	1	1	0	3	1.0	0.25	0.4	1	1
Q155	19	NCBIGene:3845	NCBIGene:673	1	4	0	0	1	4	0.0	0.0	0.0	1	0
Q155	20	NCBIGene:3845	NCBIGene:673	1	4	0	0	1	4	0.0	0.0	0.0	1	0
Q155	21	NCBIGene:3845	NCBIGene:673	1	4	1	1	0	3	1.0	0.25	0.4	1	1
Q155	22	NCBIGene:3845	NCBIGene:673	1	4	0	0	1	4	0.0	0.0	0.0	1	0
Q155	23	NCBIGene:3845	NCBIGene:673	1	4	1	1	0	3	1.0	0.25	0.4	1	1
Q155	24	NCBIGene:3845	NCBIGene:673	1	4	0	0	1	4	0.0	0.0	0.0	1	0
Q155	25	NCBIGene:3845	NCBIGene:673	1	4	0	0	1	4	0.0	0.0	0.0	1	0
Q156	1	NCBIGene:673	NCBIGene:5594	1	5	0	0	1	5	0.0	0.0	0.0	1	0
Q156	2	NCBIGene:673	NCBIGene:5594	1	5	0	0	1	5	0.0	0.0	0.0	1	0
Q156	3	NCBIGene:673	NCBIGene:5594	1	5	0	0	1	5	0.0	0.0	0.0	1	0
Q156	4	NCBIGene:673	NCBIGene:5594	1	5	0	0	1	5	0.0	0.0	0.0	1	0
Q156	5	NCBIGene:673	NCBIGene:5594	1	5	0	0	1	5	0.0	0.0	0.0	1	0
Q156	6	NCBIGene:673	NCBIGene:5594	1	5	0	0	1	5	0.0	0.0	0.0	1	0
Q156	7	NCBIGene:673	NCBIGene:5594	1	5	0	0	1	5	0.0	0.0	0.0	1	0
Q156	8	NCBIGene:673	NCBIGene:5594	1	5	0	0	1	5	0.0	0.0	0.0	1	0
Q156	9	NCBIGene:673	NCBIGene:5594	1	5	0	0	1	5	0.0	0.0	0.0	1	0
Q156	10	NCBIGene:673	NCBIGene:5594	1	5	0	0	1	5	0.0	0.0	0.0	1	0
Q156	11	NCBIGene:673	NCBIGene:5594	1	5	0	0	1	5	0.0	0.0	0.0	1	0
Q156	12	NCBIGene:673	NCBIGene:5594	1	5	0	0	1	5	0.0	0.0	0.0	1	0
Q156	13	NCBIGene:673	NCBIGene:5594	1	5	0	0	1	5	0.0	0.0	0.0	1	0
Q156	14	NCBIGene:673	NCBIGene:5594	1	5	0	0	1	5	0.0	0.0	0.0	1	0
Q156	15	NCBIGene:673	NCBIGene:5594	1	5	0	0	1	5	0.0	0.0	0.0	1	0
Q156	16	NCBIGene:673	NCBIGene:5594	1	5	0	0	1	5	0.0	0.0	0.0	1	0
Q156	17	NCBIGene:673	NCBIGene:5594	1	5	0	0	1	5	0.0	0.0	0.0	1	0
Q156	18	NCBIGene:673	NCBIGene:5594	1	5	0	0	1	5	0.0	0.0	0.0	1	0
Q156	19	NCBIGene:673	NCBIGene:5594	1	5	0	0	1	5	0.0	0.0	0.0	1	0
Q156	20	NCBIGene:673	NCBIGene:5594	1	5	0	0	1	5	0.0	0.0	0.0	1	0
Q156	21	NCBIGene:673	NCBIGene:5594	1	5	0	0	1	5	0.0	0.0	0.0	1	0
Q156	22	NCBIGene:673	NCBIGene:5594	1	5	0	0	1	5	0.0	0.0	0.0	1	0
Q156	23	NCBIGene:673	NCBIGene:5594	1	5	0	0	1	5	0.0	0.0	0.0	1	0
Q156	24	NCBIGene:673	NCBIGene:5594	1	5	0	0	1	5	0.0	0.0	0.0	1	0
Q156	25	NCBIGene:673	NCBIGene:5594	1	5	0	0	1	5	0.0	0.0	0.0	1	0
Q157	1	NCBIGene:3458	NCBIGene:3716	1	4	1	1	0	3	1.0	0.25	0.4	1	1
Q157	2	NCBIGene:3458	NCBIGene:3716	1	4	0	0	1	4	0.0	0.0	0.0	1	0
Q157	3	NCBIGene:3458	NCBIGene:3716	1	4	1	1	0	3	1.0	0.25	0.4	1	1
Q157	4	NCBIGene:3458	NCBIGene:3716	1	4	0	0	1	4	0.0	0.0	0.0	1	0
Q157	5	NCBIGene:3458	NCBIGene:3716	1	4	0	0	1	4	0.0	0.0	0.0	1	0
Q157	6	NCBIGene:3458	NCBIGene:3716	1	4	0	0	1	4	0.0	0.0	0.0	1	0
Q157	7	NCBIGene:3458	NCBIGene:3716	1	4	1	1	0	3	1.0	0.25	0.4	1	1
Q157	8	NCBIGene:3458	NCBIGene:3716	1	4	1	1	0	3	1.0	0.25	0.4	1	1
Q157	9	NCBIGene:3458	NCBIGene:3716	1	4	0	0	1	4	0.0	0.0	0.0	1	0
Q157	10	NCBIGene:3458	NCBIGene:3716	1	4	0	0	1	4	0.0	0.0	0.0	1	0
Q157	11	NCBIGene:3458	NCBIGene:3716	1	4	0	0	1	4	0.0	0.0	0.0	1	0
Q157	12	NCBIGene:3458	NCBIGene:3716	1	4	0	0	1	4	0.0	0.0	0.0	1	0
Q157	13	NCBIGene:3458	NCBIGene:3716	1	4	0	0	1	4	0.0	0.0	0.0	1	0
Q157	14	NCBIGene:3458	NCBIGene:3716	1	4	0	0	1	4	0.0	0.0	0.0	1	0
Q157	15	NCBIGene:3458	NCBIGene:3716	1	4	0	0	1	4	0.0	0.0	0.0	1	0
Q157	16	NCBIGene:3458	NCBIGene:3716	1	4	0	0	1	4	0.0	0.0	0.0	1	0
Q157	17	NCBIGene:3458	NCBIGene:3716	1	4	1	1	0	3	1.0	0.25	0.4	1	1
Q157	18	NCBIGene:3458	NCBIGene:3716	1	4	0	0	1	4	0.0	0.0	0.0	1	0
Q157	19	NCBIGene:3458	NCBIGene:3716	1	4	1	1	0	3	1.0	0.25	0.4	1	1
Q157	20	NCBIGene:3458	NCBIGene:3716	1	4	0	0	1	4	0.0	0.0	0.0	1	0
Q157	21	NCBIGene:3458	NCBIGene:3716	1	4	1	1	0	3	1.0	0.25	0.4	1	1
Q157	22	NCBIGene:3458	NCBIGene:3716	1	4	1	1	0	3	1.0	0.25	0.4	1	1
Q157	23	NCBIGene:3458	NCBIGene:3716	1	4	0	0	1	4	0.0	0.0	0.0	1	0
Q157	24	NCBIGene:3458	NCBIGene:3716	1	4	0	0	1	4	0.0	0.0	0.0	1	0
Q157	25	NCBIGene:3458	NCBIGene:3716	1	4	0	0	1	4	0.0	0.0	0.0	1	0
Q158	1	NCBIGene:3091	NCBIGene:7422	1	4	0	0	1	4	0.0	0.0	0.0	1	0
Q158	2	NCBIGene:3091	NCBIGene:7422	1	4	0	0	1	4	0.0	0.0	0.0	1	0
Q158	3	NCBIGene:3091	NCBIGene:7422	1	4	0	0	1	4	0.0	0.0	0.0	1	0
Q158	4	NCBIGene:3091	NCBIGene:7422	1	4	0	0	1	4	0.0	0.0	0.0	1	0
Q158	5	NCBIGene:3091	NCBIGene:7422	1	4	0	0	1	4	0.0	0.0	0.0	1	0
Q158	6	NCBIGene:3091	NCBIGene:7422	1	4	0	0	1	4	0.0	0.0	0.0	1	0
Q158	7	NCBIGene:3091	NCBIGene:7422	1	4	0	0	1	4	0.0	0.0	0.0	1	0
Q158	8	NCBIGene:3091	NCBIGene:7422	1	4	0	0	1	4	0.0	0.0	0.0	1	0
Q158	9	NCBIGene:3091	NCBIGene:7422	1	4	0	0	1	4	0.0	0.0	0.0	1	0
Q158	10	NCBIGene:3091	NCBIGene:7422	1	4	0	0	1	4	0.0	0.0	0.0	1	0
Q158	11	NCBIGene:3091	NCBIGene:7422	1	4	0	0	1	4	0.0	0.0	0.0	1	0
Q158	12	NCBIGene:3091	NCBIGene:7422	1	4	0	0	1	4	0.0	0.0	0.0	1	0
Q158	13	NCBIGene:3091	NCBIGene:7422	1	4	0	0	1	4	0.0	0.0	0.0	1	0
Q158	14	NCBIGene:3091	NCBIGene:7422	1	4	0	0	1	4	0.0	0.0	0.0	1	0
Q158	15	NCBIGene:3091	NCBIGene:7422	1	4	0	0	1	4	0.0	0.0	0.0	1	0
Q158	16	NCBIGene:3091	NCBIGene:7422	1	4	0	0	1	4	0.0	0.0	0.0	1	0
Q158	17	NCBIGene:3091	NCBIGene:7422	1	4	0	0	1	4	0.0	0.0	0.0	1	0
Q158	18	NCBIGene:3091	NCBIGene:7422	1	4	0	0	1	4	0.0	0.0	0.0	1	0
Q158	19	NCBIGene:3091	NCBIGene:7422	1	4	0	0	1	4	0.0	0.0	0.0	1	0
Q158	20	NCBIGene:3091	NCBIGene:7422	1	4	0	0	1	4	0.0	0.0	0.0	1	0
Q158	21	NCBIGene:3091	NCBIGene:7422	1	4	0	0	1	4	0.0	0.0	0.0	1	0
Q158	22	NCBIGene:3091	NCBIGene:7422	1	4	0	0	1	4	0.0	0.0	0.0	1	0
Q158	23	NCBIGene:3091	NCBIGene:7422	1	4	0	0	1	4	0.0	0.0	0.0	1	0
Q158	24	NCBIGene:3091	NCBIGene:7422	1	4	0	0	1	4	0.0	0.0	0.0	1	0
Q158	25	NCBIGene:3091	NCBIGene:7422	1	4	0	0	1	4	0.0	0.0	0.0	1	0
Q159	1	NCBIGene:2099	NCBIGene:5290	1	5	0	0	1	5	0.0	0.0	0.0	1	0
Q159	2	NCBIGene:2099	NCBIGene:5290	1	5	1	1	0	4	1.0	0.2	0.33333333333333337	1	1
Q159	3	NCBIGene:2099	NCBIGene:5290	1	5	0	0	1	5	0.0	0.0	0.0	1	0
Q159	4	NCBIGene:2099	NCBIGene:5290	1	5	0	0	1	5	0.0	0.0	0.0	1	0
Q159	5	NCBIGene:2099	NCBIGene:5290	1	5	0	0	1	5	0.0	0.0	0.0	1	0
Q159	6	NCBIGene:2099	NCBIGene:5290	1	5	0	0	1	5	0.0	0.0	0.0	1	0
Q159	7	NCBIGene:2099	NCBIGene:5290	1	5	0	0	1	5	0.0	0.0	0.0	1	0
Q159	8	NCBIGene:2099	NCBIGene:5290	1	5	0	0	1	5	0.0	0.0	0.0	1	0
Q159	9	NCBIGene:2099	NCBIGene:5290	1	5	0	0	1	5	0.0	0.0	0.0	1	0
Q159	10	NCBIGene:2099	NCBIGene:5290	1	5	0	0	1	5	0.0	0.0	0.0	1	0
Q159	11	NCBIGene:2099	NCBIGene:5290	1	5	0	0	1	5	0.0	0.0	0.0	1	0
Q159	12	NCBIGene:2099	NCBIGene:5290	1	5	0	0	1	5	0.0	0.0	0.0	1	0
Q159	13	NCBIGene:2099	NCBIGene:5290	1	5	0	0	1	5	0.0	0.0	0.0	1	0
Q159	14	NCBIGene:2099	NCBIGene:5290	1	5	0	0	1	5	0.0	0.0	0.0	1	0
Q159	15	NCBIGene:2099	NCBIGene:5290	1	5	0	0	1	5	0.0	0.0	0.0	1	0
Q159	16	NCBIGene:2099	NCBIGene:5290	1	5	0	0	1	5	0.0	0.0	0.0	1	0
Q159	17	NCBIGene:2099	NCBIGene:5290	1	5	0	0	1	5	0.0	0.0	0.0	1	0
Q159	18	NCBIGene:2099	NCBIGene:5290	1	5	0	0	1	5	0.0	0.0	0.0	1	0
Q159	19	NCBIGene:2099	NCBIGene:5290	1	5	0	0	1	5	0.0	0.0	0.0	1	0
Q159	20	NCBIGene:2099	NCBIGene:5290	1	5	0	0	1	5	0.0	0.0	0.0	1	0
Q159	21	NCBIGene:2099	NCBIGene:5290	1	5	0	0	1	5	0.0	0.0	0.0	1	0
Q159	22	NCBIGene:2099	NCBIGene:5290	1	5	0	0	1	5	0.0	0.0	0.0	1	0
Q159	23	NCBIGene:2099	NCBIGene:5290	1	5	0	0	1	5	0.0	0.0	0.0	1	0
Q159	24	NCBIGene:2099	NCBIGene:5290	1	5	0	0	1	5	0.0	0.0	0.0	1	0
Q159	25	NCBIGene:2099	NCBIGene:5290	1	5	0	0	1	5	0.0	0.0	0.0	1	0
Q160	1	NCBIGene:367	NCBIGene:2308	1	7	1	1	0	6	1.0	0.14285714285714285	0.25	1	1
Q160	2	NCBIGene:367	NCBIGene:2308	1	7	1	1	0	6	1.0	0.14285714285714285	0.25	1	1
Q160	3	NCBIGene:367	NCBIGene:2308	0	7	0	0	0	7	0.0	0.0	0.0	0	0
Q160	4	NCBIGene:367	NCBIGene:2308	1	7	1	1	0	6	1.0	0.14285714285714285	0.25	1	1
Q160	5	NCBIGene:367	NCBIGene:2308	1	7	0	0	1	7	0.0	0.0	0.0	1	0
Q160	6	NCBIGene:367	NCBIGene:2308	1	7	1	1	0	6	1.0	0.14285714285714285	0.25	1	1
Q160	7	NCBIGene:367	NCBIGene:2308	1	7	0	0	1	7	0.0	0.0	0.0	1	0
Q160	8	NCBIGene:367	NCBIGene:2308	1	7	1	1	0	6	1.0	0.14285714285714285	0.25	1	1
Q160	9	NCBIGene:367	NCBIGene:2308	1	7	0	0	1	7	0.0	0.0	0.0	1	0
Q160	10	NCBIGene:367	NCBIGene:2308	1	7	1	1	0	6	1.0	0.14285714285714285	0.25	1	1
Q160	11	NCBIGene:367	NCBIGene:2308	1	7	1	1	0	6	1.0	0.14285714285714285	0.25	1	1
Q160	12	NCBIGene:367	NCBIGene:2308	1	7	1	1	0	6	1.0	0.14285714285714285	0.25	1	1
Q160	13	NCBIGene:367	NCBIGene:2308	1	7	1	1	0	6	1.0	0.14285714285714285	0.25	1	1
Q160	14	NCBIGene:367	NCBIGene:2308	1	7	0	0	1	7	0.0	0.0	0.0	1	0
Q160	15	NCBIGene:367	NCBIGene:2308	1	7	0	0	1	7	0.0	0.0	0.0	1	0
Q160	16	NCBIGene:367	NCBIGene:2308	1	7	0	0	1	7	0.0	0.0	0.0	1	0
Q160	17	NCBIGene:367	NCBIGene:2308	1	7	1	1	0	6	1.0	0.14285714285714285	0.25	1	1
Q160	18	NCBIGene:367	NCBIGene:2308	1	7	1	1	0	6	1.0	0.14285714285714285	0.25	1	1
Q160	19	NCBIGene:367	NCBIGene:2308	1	7	1	1	0	6	1.0	0.14285714285714285	0.25	1	1
Q160	20	NCBIGene:367	NCBIGene:2308	1	7	0	0	1	7	0.0	0.0	0.0	1	0
Q160	21	NCBIGene:367	NCBIGene:2308	1	7	1	1	0	6	1.0	0.14285714285714285	0.25	1	1
Q160	22	NCBIGene:367	NCBIGene:2308	1	7	1	1	0	6	1.0	0.14285714285714285	0.25	1	1
Q160	23	NCBIGene:367	NCBIGene:2308	1	7	1	1	0	6	1.0	0.14285714285714285	0.25	1	1
Q160	24	NCBIGene:367	NCBIGene:2308	1	7	0	0	1	7	0.0	0.0	0.0	1	0
Q160	25	NCBIGene:367	NCBIGene:2308	1	7	1	1	0	6	1.0	0.14285714285714285	0.25	1	1
Q161	1	NCBIGene:5468	NCBIGene:9370	1	7	1	1	0	6	1.0	0.14285714285714285	0.25	1	1
Q161	2	NCBIGene:5468	NCBIGene:9370	1	7	0	0	1	7	0.0	0.0	0.0	1	0
Q161	3	NCBIGene:5468	NCBIGene:9370	1	7	0	0	1	7	0.0	0.0	0.0	1	0
Q161	4	NCBIGene:5468	NCBIGene:9370	0	7	0	0	0	7	0.0	0.0	0.0	0	0
Q161	5	NCBIGene:5468	NCBIGene:9370	0	7	0	0	0	7	0.0	0.0	0.0	0	0
Q161	6	NCBIGene:5468	NCBIGene:9370	0	7	0	0	0	7	0.0	0.0	0.0	0	0
Q161	7	NCBIGene:5468	NCBIGene:9370	1	7	1	1	0	6	1.0	0.14285714285714285	0.25	1	1
Q161	8	NCBIGene:5468	NCBIGene:9370	0	7	0	0	0	7	0.0	0.0	0.0	0	0
Q161	9	NCBIGene:5468	NCBIGene:9370	1	7	1	1	0	6	1.0	0.14285714285714285	0.25	1	1
Q161	10	NCBIGene:5468	NCBIGene:9370	1	7	0	0	1	7	0.0	0.0	0.0	1	0
Q161	11	NCBIGene:5468	NCBIGene:9370	1	7	1	1	0	6	1.0	0.14285714285714285	0.25	1	1
Q161	12	NCBIGene:5468	NCBIGene:9370	0	7	0	0	0	7	0.0	0.0	0.0	0	0
Q161	13	NCBIGene:5468	NCBIGene:9370	1	7	0	0	1	7	0.0	0.0	0.0	1	0
Q161	14	NCBIGene:5468	NCBIGene:9370	1	7	1	1	0	6	1.0	0.14285714285714285	0.25	1	1
Q161	15	NCBIGene:5468	NCBIGene:9370	0	7	0	0	0	7	0.0	0.0	0.0	0	0
Q161	16	NCBIGene:5468	NCBIGene:9370	1	7	0	0	1	7	0.0	0.0	0.0	1	0
Q161	17	NCBIGene:5468	NCBIGene:9370	0	7	0	0	0	7	0.0	0.0	0.0	0	0
Q161	18	NCBIGene:5468	NCBIGene:9370	1	7	1	1	0	6	1.0	0.14285714285714285	0.25	1	1
Q161	19	NCBIGene:5468	NCBIGene:9370	1	7	1	1	0	6	1.0	0.14285714285714285	0.25	1	1
Q161	20	NCBIGene:5468	NCBIGene:9370	1	7	0	0	1	7	0.0	0.0	0.0	1	0
Q161	21	NCBIGene:5468	NCBIGene:9370	0	7	0	0	0	7	0.0	0.0	0.0	0	0
Q161	22	NCBIGene:5468	NCBIGene:9370	1	7	0	0	1	7	0.0	0.0	0.0	1	0
Q161	23	NCBIGene:5468	NCBIGene:9370	1	7	0	0	1	7	0.0	0.0	0.0	1	0
Q161	24	NCBIGene:5468	NCBIGene:9370	0	7	0	0	0	7	0.0	0.0	0.0	0	0
Q161	25	NCBIGene:5468	NCBIGene:9370	1	7	1	1	0	6	1.0	0.14285714285714285	0.25	1	1
Q162	1	NCBIGene:3949	NCBIGene:338	1	10	1	1	0	9	1.0	0.1	0.18181818181818182	1	1
Q162	2	NCBIGene:3949	NCBIGene:338	1	10	0	0	1	10	0.0	0.0	0.0	1	0
Q162	3	NCBIGene:3949	NCBIGene:338	1	10	0	0	1	10	0.0	0.0	0.0	1	0
Q162	4	NCBIGene:3949	NCBIGene:338	1	10	0	0	1	10	0.0	0.0	0.0	1	0
Q162	5	NCBIGene:3949	NCBIGene:338	1	10	0	0	1	10	0.0	0.0	0.0	1	0
Q162	6	NCBIGene:3949	NCBIGene:338	1	10	0	0	1	10	0.0	0.0	0.0	1	0
Q162	7	NCBIGene:3949	NCBIGene:338	1	10	0	0	1	10	0.0	0.0	0.0	1	0
Q162	8	NCBIGene:3949	NCBIGene:338	1	10	0	0	1	10	0.0	0.0	0.0	1	0
Q162	9	NCBIGene:3949	NCBIGene:338	1	10	0	0	1	10	0.0	0.0	0.0	1	0
Q162	10	NCBIGene:3949	NCBIGene:338	1	10	1	1	0	9	1.0	0.1	0.18181818181818182	1	1
Q162	11	NCBIGene:3949	NCBIGene:338	1	10	0	0	1	10	0.0	0.0	0.0	1	0
Q162	12	NCBIGene:3949	NCBIGene:338	1	10	1	1	0	9	1.0	0.1	0.18181818181818182	1	1
Q162	13	NCBIGene:3949	NCBIGene:338	1	10	0	0	1	10	0.0	0.0	0.0	1	0
Q162	14	NCBIGene:3949	NCBIGene:338	1	10	0	0	1	10	0.0	0.0	0.0	1	0
Q162	15	NCBIGene:3949	NCBIGene:338	1	10	0	0	1	10	0.0	0.0	0.0	1	0
Q162	16	NCBIGene:3949	NCBIGene:338	1	10	0	0	1	10	0.0	0.0	0.0	1	0
Q162	17	NCBIGene:3949	NCBIGene:338	1	10	0	0	1	10	0.0	0.0	0.0	1	0
Q162	18	NCBIGene:3949	NCBIGene:338	1	10	0	0	1	10	0.0	0.0	0.0	1	0
Q162	19	NCBIGene:3949	NCBIGene:338	1	10	0	0	1	10	0.0	0.0	0.0	1	0
Q162	20	NCBIGene:3949	NCBIGene:338	1	10	0	0	1	10	0.0	0.0	0.0	1	0
Q162	21	NCBIGene:3949	NCBIGene:338	1	10	1	1	0	9	1.0	0.1	0.18181818181818182	1	1
Q162	22	NCBIGene:3949	NCBIGene:338	1	10	1	1	0	9	1.0	0.1	0.18181818181818182	1	1
Q162	23	NCBIGene:3949	NCBIGene:338	1	10	0	0	1	10	0.0	0.0	0.0	1	0
Q162	24	NCBIGene:3949	NCBIGene:338	1	10	0	0	1	10	0.0	0.0	0.0	1	0
Q162	25	NCBIGene:3949	NCBIGene:338	1	10	0	0	1	10	0.0	0.0	0.0	1	0
Q163	1	NCBIGene:1636	NCBIGene:185	1	7	0	0	1	7	0.0	0.0	0.0	1	0
Q163	2	NCBIGene:1636	NCBIGene:185	1	7	0	0	1	7	0.0	0.0	0.0	1	0
Q163	3	NCBIGene:1636	NCBIGene:185	1	7	0	0	1	7	0.0	0.0	0.0	1	0
Q163	4	NCBIGene:1636	NCBIGene:185	1	7	0	0	1	7	0.0	0.0	0.0	1	0
Q163	5	NCBIGene:1636	NCBIGene:185	1	7	0	0	1	7	0.0	0.0	0.0	1	0
Q163	6	NCBIGene:1636	NCBIGene:185	1	7	0	0	1	7	0.0	0.0	0.0	1	0
Q163	7	NCBIGene:1636	NCBIGene:185	1	7	1	1	0	6	1.0	0.14285714285714285	0.25	1	1
Q163	8	NCBIGene:1636	NCBIGene:185	1	7	0	0	1	7	0.0	0.0	0.0	1	0
Q163	9	NCBIGene:1636	NCBIGene:185	1	7	1	1	0	6	1.0	0.14285714285714285	0.25	1	1
Q163	10	NCBIGene:1636	NCBIGene:185	1	7	0	0	1	7	0.0	0.0	0.0	1	0
Q163	11	NCBIGene:1636	NCBIGene:185	1	7	0	0	1	7	0.0	0.0	0.0	1	0
Q163	12	NCBIGene:1636	NCBIGene:185	1	7	1	1	0	6	1.0	0.14285714285714285	0.25	1	1
Q163	13	NCBIGene:1636	NCBIGene:185	1	7	1	1	0	6	1.0	0.14285714285714285	0.25	1	1
Q163	14	NCBIGene:1636	NCBIGene:185	1	7	0	0	1	7	0.0	0.0	0.0	1	0
Q163	15	NCBIGene:1636	NCBIGene:185	1	7	1	1	0	6	1.0	0.14285714285714285	0.25	1	1
Q163	16	NCBIGene:1636	NCBIGene:185	1	7	0	0	1	7	0.0	0.0	0.0	1	0
Q163	17	NCBIGene:1636	NCBIGene:185	1	7	0	0	1	7	0.0	0.0	0.0	1	0
Q163	18	NCBIGene:1636	NCBIGene:185	1	7	1	1	0	6	1.0	0.14285714285714285	0.25	1	1
Q163	19	NCBIGene:1636	NCBIGene:185	1	7	0	0	1	7	0.0	0.0	0.0	1	0
Q163	20	NCBIGene:1636	NCBIGene:185	1	7	0	0	1	7	0.0	0.0	0.0	1	0
Q163	21	NCBIGene:1636	NCBIGene:185	1	7	0	0	1	7	0.0	0.0	0.0	1	0
Q163	22	NCBIGene:1636	NCBIGene:185	1	7	0	0	1	7	0.0	0.0	0.0	1	0
Q163	23	NCBIGene:1636	NCBIGene:185	1	7	0	0	1	7	0.0	0.0	0.0	1	0
Q163	24	NCBIGene:1636	NCBIGene:185	1	7	0	0	1	7	0.0	0.0	0.0	1	0
Q163	25	NCBIGene:1636	NCBIGene:185	1	7	1	1	0	6	1.0	0.14285714285714285	0.25	1	1
