question_id	query_edge_key	edge_id	subject	predicate	object	subject_label	object_label	provenance
Q205	e0	e_1	NCBIGene:5743	biolink:target_for	MONDO:0006052	PTGS2	pulmonary tuberculosis	infores:drugcentral(primary_knowledge_source);infores:pharos(aggregator_knowledge_source);infores:automat-robokop(aggregator_knowledge_source)
Q205	e0	e_2	MONDO:0006052	biolink:subclass_of	MONDO:0005113	pulmonary tuberculosis	bacterial infectious disease	infores:ubergraph(primary_knowledge_source);infores:automat-robokop(aggregator_knowledge_source)
Q205	e0	e_1_e_2	MONDO:0005113	biolink:target_for	MONDO:0006052	bacterial infectious disease	pulmonary tuberculosis	infores:automat-robokop(primary_knowledge_source)
Q208	e0	uuid:0ea2ee5e-198e-11f0-be82-6045bdb3d4c0	NCBIGene:659	biolink:causes	MONDO:0024533	BMPR2	pulmonary hypertension, primary, 1	infores:omim(primary_knowledge_source);infores:monarchinitiative(aggregator_knowledge_source);infores:medgen(aggregator_knowledge_source);infores:automat-robokop(aggregator_knowledge_source)
Q208	e0	uuid:153042da-198e-11f0-be82-6045bdb3d4c0	NCBIGene:659	biolink:has_phenotype	MONDO:0005149	BMPR2	pulmonary hypertension	infores:hpo-annotations(primary_knowledge_source);infores:monarchinitiative(aggregator_knowledge_source);infores:automat-robokop(aggregator_knowledge_source)
Q208	e0	uuid:1b2629df-198e-11f0-be82-6045bdb3d4c0	NCBIGene:659	biolink:has_phenotype	MONDO:0005149	BMPR2	pulmonary hypertension	infores:hpo-annotations(primary_knowledge_source);infores:monarchinitiative(aggregator_knowledge_source);infores:automat-robokop(aggregator_knowledge_source)
Q208	e0	e_4	NCBIGene:659	biolink:genetically_associated_with	MONDO:0005149	BMPR2	pulmonary hypertension	infores:ctd(primary_knowledge_source);infores:pharos(aggregator_knowledge_source);infores:automat-robokop(aggregator_knowledge_source)
Q208	e0	e_5	NCBIGene:659	biolink:genetically_associated_with	MONDO:0005149	BMPR2	pulmonary hypertension	infores:disgenet(primary_knowledge_source);infores:pharos(aggregator_knowledge_source);infores:automat-robokop(aggregator_knowledge_source)
Q208	e0	e_6	NCBIGene:659	biolink:genetically_associated_with	MONDO:0017148	BMPR2	heritable pulmonary arterial hypertension	infores:disgenet(primary_knowledge_source);infores:pharos(aggregator_knowledge_source);infores:automat-robokop(aggregator_knowledge_source)
Q208	e0	e_7	NCBIGene:659	biolink:genetically_associated_with	MONDO:0024533	BMPR2	pulmonary hypertension, primary, 1	infores:monarchinitiative(primary_knowledge_source);infores:pharos(aggregator_knowledge_source);infores:automat-robokop(aggregator_knowledge_source)
Q208	e0	e_8	NCBIGene:659	biolink:genetically_associated_with	MONDO:0017149	BMPR2	drug- or toxin-induced pulmonary arterial hypertension	infores:disgenet(primary_knowledge_source);infores:pharos(aggregator_knowledge_source);infores:automat-robokop(aggregator_knowledge_source)
Q208	e0	e_9	NCBIGene:659	biolink:genetically_associated_with	MONDO:0017147	BMPR2	idiopathic pulmonary arterial hypertension	infores:disgenet(primary_knowledge_source);infores:pharos(aggregator_knowledge_source);infores:automat-robokop(aggregator_knowledge_source)
Q208	e0	e_10	NCBIGene:659	biolink:genetically_associated_with	MONDO:0024533	BMPR2	pulmonary hypertension, primary, 1	infores:uniprot(primary_knowledge_source);infores:pharos(aggregator_knowledge_source);infores:automat-robokop(aggregator_knowledge_source)
Q208	e0	e_11	NCBIGene:659	biolink:genetically_associated_with	MONDO:0024533	BMPR2	pulmonary hypertension, primary, 1	infores:disgenet(primary_knowledge_source);infores:pharos(aggregator_knowledge_source);infores:automat-robokop(aggregator_knowledge_source)
Q208	e0	e_12	NCBIGene:659	biolink:genetically_associated_with	MONDO:0017148	BMPR2	heritable pulmonary arterial hypertension	infores:ctd(primary_knowledge_source);infores:pharos(aggregator_knowledge_source);infores:automat-robokop(aggregator_knowledge_source)
Q208	e0	e_13	NCBIGene:659	biolink:gene_associated_with_condition	MONDO:0024533	BMPR2	pulmonary hypertension, primary, 1	infores:ubergraph(primary_knowledge_source);infores:automat-robokop(aggregator_knowledge_source)
Q208	e0	e_14	MONDO:0024533	biolink:subclass_of	MONDO:0005149	pulmonary hypertension, primary, 1	pulmonary hypertension	infores:ubergraph(primary_knowledge_source);infores:automat-robokop(aggregator_knowledge_source)
Q208	e0	e_15	MONDO:0017148	biolink:subclass_of	MONDO:0005149	heritable pulmonary arterial hypertension	pulmonary hypertension	infores:ubergraph(primary_knowledge_source);infores:automat-robokop(aggregator_knowledge_source)
Q208	e0	e_16	MONDO:0017149	biolink:subclass_of	MONDO:0005149	drug- or toxin-induced pulmonary arterial hypertension	pulmonary hypertension	infores:ubergraph(primary_knowledge_source);infores:automat-robokop(aggregator_knowledge_source)
Q208	e0	e_17	MONDO:0017147	biolink:subclass_of	MONDO:0005149	idiopathic pulmonary arterial hypertension	pulmonary hypertension	infores:ubergraph(primary_knowledge_source);infores:automat-robokop(aggregator_knowledge_source)
Q208	e0	uuid:0ea2ee5e-198e-11f0-be82-6045bdb3d4c0_e_14	MONDO:0005149	biolink:causes	MONDO:0024533	pulmonary hypertension	pulmonary hypertension, primary, 1	infores:automat-robokop(primary_knowledge_source)
Q208	e0	e_6_e_15	MONDO:0005149	biolink:genetically_associated_with	MONDO:0017148	pulmonary hypertension	heritable pulmonary arterial hypertension	infores:automat-robokop(primary_knowledge_source)
Q208	e0	e_7_e_14	MONDO:0005149	biolink:genetically_associated_with	MONDO:0024533	pulmonary hypertension	pulmonary hypertension, primary, 1	infores:automat-robokop(primary_knowledge_source)
Q208	e0	e_8_e_16	MONDO:0005149	biolink:genetically_associated_with	MONDO:0017149	pulmonary hypertension	drug- or toxin-induced pulmonary arterial hypertension	infores:automat-robokop(primary_knowledge_source)
Q208	e0	e_9_e_17	MONDO:0005149	biolink:genetically_associated_with	MONDO:0017147	pulmonary hypertension	idiopathic pulmonary arterial hypertension	infores:automat-robokop(primary_knowledge_source)
Q208	e0	e_10_e_14	MONDO:0005149	biolink:genetically_associated_with	MONDO:0024533	pulmonary hypertension	pulmonary hypertension, primary, 1	infores:automat-robokop(primary_knowledge_source)
Q208	e0	e_11_e_14	MONDO:0005149	biolink:genetically_associated_with	MONDO:0024533	pulmonary hypertension	pulmonary hypertension, primary, 1	infores:automat-robokop(primary_knowledge_source)
Q208	e0	e_12_e_15	MONDO:0005149	biolink:genetically_associated_with	MONDO:0017148	pulmonary hypertension	heritable pulmonary arterial hypertension	infores:automat-robokop(primary_knowledge_source)
Q208	e0	e_13_e_14	MONDO:0005149	biolink:gene_associated_with_condition	MONDO:0024533	pulmonary hypertension	pulmonary hypertension, primary, 1	infores:automat-robokop(primary_knowledge_source)
Q212	e0	e_1	MONDO:0005041	biolink:related_to	NCBIGene:4653	glaucoma	MYOC	infores:hetionet(primary_knowledge_source);infores:automat-robokop(aggregator_knowledge_source)
Q212	e0	uuid:0ec43d56-198e-11f0-be82-6045bdb3d4c0	NCBIGene:4653	biolink:causes	MONDO:0007664	MYOC	glaucoma 1, open angle, A	infores:omim(primary_knowledge_source);infores:monarchinitiative(aggregator_knowledge_source);infores:medgen(aggregator_knowledge_source);infores:automat-robokop(aggregator_knowledge_source)
Q212	e0	uuid:1530585e-198e-11f0-be82-6045bdb3d4c0	NCBIGene:4653	biolink:has_phenotype	MONDO:0100553	MYOC	OPTN-related open angle glaucoma	infores:hpo-annotations(primary_knowledge_source);infores:monarchinitiative(aggregator_knowledge_source);infores:automat-robokop(aggregator_knowledge_source)
Q212	e0	uuid:1feaf7aa-198e-11f0-be82-6045bdb3d4c0	NCBIGene:4653	biolink:has_phenotype	MONDO:0005041	MYOC	glaucoma	infores:hpo-annotations(primary_knowledge_source);infores:monarchinitiative(aggregator_knowledge_source);infores:automat-robokop(aggregator_knowledge_source)
Q212	e0	uuid:1d886b1a-198e-11f0-be82-6045bdb3d4c0	NCBIGene:4653	biolink:has_phenotype	MONDO:0009277	MYOC	glaucoma 3A	infores:hpo-annotations(primary_knowledge_source);infores:monarchinitiative(aggregator_knowledge_source);infores:automat-robokop(aggregator_knowledge_source)
Q212	e0	uuid:1b263752-198e-11f0-be82-6045bdb3d4c0	NCBIGene:4653	biolink:has_phenotype	MONDO:0005041	MYOC	glaucoma	infores:hpo-annotations(primary_knowledge_source);infores:monarchinitiative(aggregator_knowledge_source);infores:automat-robokop(aggregator_knowledge_source)
Q212	e0	e_7	NCBIGene:4653	biolink:genetically_associated_with	MONDO:0005041	MYOC	glaucoma	infores:diseases(primary_knowledge_source);infores:pharos(aggregator_knowledge_source);infores:automat-robokop(aggregator_knowledge_source)
Q212	e0	e_8	NCBIGene:4653	biolink:genetically_associated_with	MONDO:0020366	MYOC	hydrophthalmos	infores:disgenet(primary_knowledge_source);infores:pharos(aggregator_knowledge_source);infores:automat-robokop(aggregator_knowledge_source)
Q212	e0	e_9	NCBIGene:4653	biolink:genetically_associated_with	MONDO:0020367	MYOC	juvenile open angle glaucoma	infores:disgenet(primary_knowledge_source);infores:pharos(aggregator_knowledge_source);infores:automat-robokop(aggregator_knowledge_source)
Q212	e0	e_10	NCBIGene:4653	biolink:genetically_associated_with	MONDO:0005338	MYOC	open-angle glaucoma	infores:disgenet(primary_knowledge_source);infores:pharos(aggregator_knowledge_source);infores:automat-robokop(aggregator_knowledge_source)
Q212	e0	e_11	NCBIGene:4653	biolink:genetically_associated_with	MONDO:0007664	MYOC	glaucoma 1, open angle, A	infores:ctd(primary_knowledge_source);infores:pharos(aggregator_knowledge_source);infores:automat-robokop(aggregator_knowledge_source)
Q212	e0	e_12	NCBIGene:4653	biolink:genetically_associated_with	MONDO:0020366	MYOC	hydrophthalmos	infores:eram(primary_knowledge_source);infores:pharos(aggregator_knowledge_source);infores:automat-robokop(aggregator_knowledge_source)
Q212	e0	e_13	NCBIGene:4653	biolink:genetically_associated_with	MONDO:0005041	MYOC	glaucoma	infores:ctd(primary_knowledge_source);infores:pharos(aggregator_knowledge_source);infores:automat-robokop(aggregator_knowledge_source)
Q212	e0	e_14	NCBIGene:4653	biolink:genetically_associated_with	MONDO:0007664	MYOC	glaucoma 1, open angle, A	infores:disgenet(primary_knowledge_source);infores:pharos(aggregator_knowledge_source);infores:automat-robokop(aggregator_knowledge_source)
Q212	e0	e_15	NCBIGene:4653	biolink:genetically_associated_with	MONDO:0100553	MYOC	OPTN-related open angle glaucoma	infores:disgenet(primary_knowledge_source);infores:pharos(aggregator_knowledge_source);infores:automat-robokop(aggregator_knowledge_source)
Q212	e0	e_16	NCBIGene:4653	biolink:genetically_associated_with	MONDO:0009277	MYOC	glaucoma 3A	infores:eram(primary_knowledge_source);infores:pharos(aggregator_knowledge_source);infores:automat-robokop(aggregator_knowledge_source)
Q212	e0	e_17	NCBIGene:4653	biolink:genetically_associated_with	MONDO:0100553	MYOC	OPTN-related open angle glaucoma	infores:monarchinitiative(primary_knowledge_source);infores:pharos(aggregator_knowledge_source);infores:automat-robokop(aggregator_knowledge_source)
Q212	e0	e_18	NCBIGene:4653	biolink:genetically_associated_with	MONDO:0007664	MYOC	glaucoma 1, open angle, A	infores:uniprot(primary_knowledge_source);infores:pharos(aggregator_knowledge_source);infores:automat-robokop(aggregator_knowledge_source)
Q212	e0	e_19	NCBIGene:4653	biolink:genetically_associated_with	MONDO:0020367	MYOC	juvenile open angle glaucoma	infores:eram(primary_knowledge_source);infores:pharos(aggregator_knowledge_source);infores:automat-robokop(aggregator_knowledge_source)
Q212	e0	e_20	NCBIGene:4653	biolink:genetically_associated_with	MONDO:0009277	MYOC	glaucoma 3A	infores:uniprot(primary_knowledge_source);infores:pharos(aggregator_knowledge_source);infores:automat-robokop(aggregator_knowledge_source)
Q212	e0	e_21	NCBIGene:4653	biolink:genetically_associated_with	MONDO:0005338	MYOC	open-angle glaucoma	infores:ctd(primary_knowledge_source);infores:pharos(aggregator_knowledge_source);infores:automat-robokop(aggregator_knowledge_source)
Q212	e0	e_22	NCBIGene:4653	biolink:genetically_associated_with	MONDO:0007664	MYOC	glaucoma 1, open angle, A	infores:monarchinitiative(primary_knowledge_source);infores:pharos(aggregator_knowledge_source);infores:automat-robokop(aggregator_knowledge_source)
Q212	e0	e_23	NCBIGene:4653	biolink:genetically_associated_with	MONDO:0009277	MYOC	glaucoma 3A	infores:disgenet(primary_knowledge_source);infores:pharos(aggregator_knowledge_source);infores:automat-robokop(aggregator_knowledge_source)
Q212	e0	e_24	NCBIGene:4653	biolink:genetically_associated_with	MONDO:0000365	MYOC	primary congenital glaucoma	infores:monarchinitiative(primary_knowledge_source);infores:pharos(aggregator_knowledge_source);infores:automat-robokop(aggregator_knowledge_source)
Q212	e0	e_25	NCBIGene:4653	biolink:gene_associated_with_condition	MONDO:0007664	MYOC	glaucoma 1, open angle, A	infores:ubergraph(primary_knowledge_source);infores:automat-robokop(aggregator_knowledge_source)
Q212	e0	e_26	MONDO:0007664	biolink:subclass_of	MONDO:0005041	glaucoma 1, open angle, A	glaucoma	infores:ubergraph(primary_knowledge_source);infores:automat-robokop(aggregator_knowledge_source)
Q212	e0	e_27	MONDO:0100553	biolink:subclass_of	MONDO:0005041	OPTN-related open angle glaucoma	glaucoma	infores:ubergraph(primary_knowledge_source);infores:automat-robokop(aggregator_knowledge_source)
Q212	e0	e_28	MONDO:0009277	biolink:subclass_of	MONDO:0005041	glaucoma 3A	glaucoma	infores:ubergraph(primary_knowledge_source);infores:automat-robokop(aggregator_knowledge_source)
Q212	e0	e_29	MONDO:0020366	biolink:subclass_of	MONDO:0005041	hydrophthalmos	glaucoma	infores:ubergraph(primary_knowledge_source);infores:automat-robokop(aggregator_knowledge_source)
Q212	e0	e_30	MONDO:0020367	biolink:subclass_of	MONDO:0005041	juvenile open angle glaucoma	glaucoma	infores:ubergraph(primary_knowledge_source);infores:automat-robokop(aggregator_knowledge_source)
Q212	e0	e_31	MONDO:0005338	biolink:subclass_of	MONDO:0005041	open-angle glaucoma	glaucoma	infores:ubergraph(primary_knowledge_source);infores:automat-robokop(aggregator_knowledge_source)
Q212	e0	e_32	MONDO:0000365	biolink:subclass_of	MONDO:0005041	primary congenital glaucoma	glaucoma	infores:ubergraph(primary_knowledge_source);infores:automat-robokop(aggregator_knowledge_source)
Q212	e0	uuid:0ec43d56-198e-11f0-be82-6045bdb3d4c0_e_26	MONDO:0005041	biolink:causes	MONDO:0007664	glaucoma	glaucoma 1, open angle, A	infores:automat-robokop(primary_knowledge_source)
Q212	e0	uuid:1530585e-198e-11f0-be82-6045bdb3d4c0_e_27	MONDO:0005041	biolink:has_phenotype	MONDO:0100553	glaucoma	OPTN-related open angle glaucoma	infores:automat-robokop(primary_knowledge_source)
Q212	e0	uuid:1d886b1a-198e-11f0-be82-6045bdb3d4c0_e_28	MONDO:0005041	biolink:has_phenotype	MONDO:0009277	glaucoma	glaucoma 3A	infores:automat-robokop(primary_knowledge_source)
Q212	e0	e_8_e_29	MONDO:0005041	biolink:genetically_associated_with	MONDO:0020366	glaucoma	hydrophthalmos	infores:automat-robokop(primary_knowledge_source)
Q212	e0	e_9_e_30	MONDO:0005041	biolink:genetically_associated_with	MONDO:0020367	glaucoma	juvenile open angle glaucoma	infores:automat-robokop(primary_knowledge_source)
Q212	e0	e_10_e_31	MONDO:0005041	biolink:genetically_associated_with	MONDO:0005338	glaucoma	open-angle glaucoma	infores:automat-robokop(primary_knowledge_source)
Q212	e0	e_11_e_26	MONDO:0005041	biolink:genetically_associated_with	MONDO:0007664	glaucoma	glaucoma 1, open angle, A	infores:automat-robokop(primary_knowledge_source)
Q212	e0	e_12_e_29	MONDO:0005041	biolink:genetically_associated_with	MONDO:0020366	glaucoma	hydrophthalmos	infores:automat-robokop(primary_knowledge_source)
Q212	e0	e_14_e_26	MONDO:0005041	biolink:genetically_associated_with	MONDO:0007664	glaucoma	glaucoma 1, open angle, A	infores:automat-robokop(primary_knowledge_source)
Q212	e0	e_15_e_27	MONDO:0005041	biolink:genetically_associated_with	MONDO:0100553	glaucoma	OPTN-related open angle glaucoma	infores:automat-robokop(primary_knowledge_source)
Q212	e0	e_16_e_28	MONDO:0005041	biolink:genetically_associated_with	MONDO:0009277	glaucoma	glaucoma 3A	infores:automat-robokop(primary_knowledge_source)
Q212	e0	e_17_e_27	MONDO:0005041	biolink:genetically_associated_with	MONDO:0100553	glaucoma	OPTN-related open angle glaucoma	infores:automat-robokop(primary_knowledge_source)
Q212	e0	e_18_e_26	MONDO:0005041	biolink:genetically_associated_with	MONDO:0007664	glaucoma	glaucoma 1, open angle, A	infores:automat-robokop(primary_knowledge_source)
Q212	e0	e_19_e_30	MONDO:0005041	biolink:genetically_associated_with	MONDO:0020367	glaucoma	juvenile open angle glaucoma	infores:automat-robokop(primary_knowledge_source)
Q212	e0	e_20_e_28	MONDO:0005041	biolink:genetically_associated_with	MONDO:0009277	glaucoma	glaucoma 3A	infores:automat-robokop(primary_knowledge_source)
Q212	e0	e_21_e_31	MONDO:0005041	biolink:genetically_associated_with	MONDO:0005338	glaucoma	open-angle glaucoma	infores:automat-robokop(primary_knowledge_source)
Q212	e0	e_22_e_26	MONDO:0005041	biolink:genetically_associated_with	MONDO:0007664	glaucoma	glaucoma 1, open angle, A	infores:automat-robokop(primary_knowledge_source)
Q212	e0	e_23_e_28	MONDO:0005041	biolink:genetically_associated_with	MONDO:0009277	glaucoma	glaucoma 3A	infores:automat-robokop(primary_knowledge_source)
Q212	e0	e_24_e_32	MONDO:0005041	biolink:genetically_associated_with	MONDO:0000365	glaucoma	primary congenital glaucoma	infores:automat-robokop(primary_knowledge_source)
Q212	e0	e_25_e_26	MONDO:0005041	biolink:gene_associated_with_condition	MONDO:0007664	glaucoma	glaucoma 1, open angle, A	infores:automat-robokop(primary_knowledge_source)
Q233	e0	e_1	NCBIGene:4846	biolink:genetically_associated_with	MONDO:0005149	NOS3	pulmonary hypertension	infores:disgenet(primary_knowledge_source);infores:pharos(aggregator_knowledge_source);infores:automat-robokop(aggregator_knowledge_source)
Q233	e0	e_2	NCBIGene:4846	biolink:genetically_associated_with	MONDO:0005149	NOS3	pulmonary hypertension	infores:ctd(primary_knowledge_source);infores:pharos(aggregator_knowledge_source);infores:automat-robokop(aggregator_knowledge_source)
Q235	e0	e_1	MONDO:0004982	biolink:related_to	NCBIGene:7099	pancreatitis	TLR4	infores:hetionet(primary_knowledge_source);infores:automat-robokop(aggregator_knowledge_source)
Q235	e0	e_2	MONDO:0008170	biolink:related_to	NCBIGene:7099	ovarian cancer	TLR4	infores:hetionet(primary_knowledge_source);infores:automat-robokop(aggregator_knowledge_source)
Q235	e0	e_3	MONDO:0005344	biolink:related_to	NCBIGene:7099	hepatitis B	TLR4	infores:hetionet(primary_knowledge_source);infores:automat-robokop(aggregator_knowledge_source)
Q235	e0	uuid:1d887df0-198e-11f0-be82-6045bdb3d4c0	NCBIGene:7099	biolink:has_phenotype	MONDO:0004982	TLR4	pancreatitis	infores:hpo-annotations(primary_knowledge_source);infores:monarchinitiative(aggregator_knowledge_source);infores:automat-robokop(aggregator_knowledge_source)
Q235	e0	uuid:1feb08c0-198e-11f0-be82-6045bdb3d4c0	NCBIGene:7099	biolink:has_phenotype	MONDO:0006882	TLR4	orchitis	infores:hpo-annotations(primary_knowledge_source);infores:monarchinitiative(aggregator_knowledge_source);infores:automat-robokop(aggregator_knowledge_source)
Q235	e0	e_6	NCBIGene:7099	biolink:genetically_associated_with	MONDO:0021068	TLR4	ovarian neoplasm	infores:disgenet(primary_knowledge_source);infores:pharos(aggregator_knowledge_source);infores:automat-robokop(aggregator_knowledge_source)
Q235	e0	e_7	NCBIGene:7099	biolink:genetically_associated_with	MONDO:0007256	TLR4	liver carcinoma	infores:disgenet(primary_knowledge_source);infores:pharos(aggregator_knowledge_source);infores:automat-robokop(aggregator_knowledge_source)
Q235	e0	e_8	NCBIGene:7099	biolink:genetically_associated_with	MONDO:0005148	TLR4	type 2 diabetes mellitus	infores:diseases(primary_knowledge_source);infores:pharos(aggregator_knowledge_source);infores:automat-robokop(aggregator_knowledge_source)
Q235	e0	e_9	NCBIGene:7099	biolink:genetically_associated_with	MONDO:0008170	TLR4	ovarian cancer	infores:ctd(primary_knowledge_source);infores:pharos(aggregator_knowledge_source);infores:automat-robokop(aggregator_knowledge_source)
Q235	e0	e_10	NCBIGene:7099	biolink:genetically_associated_with	MONDO:0005154	TLR4	liver disorder	infores:diseases(primary_knowledge_source);infores:pharos(aggregator_knowledge_source);infores:automat-robokop(aggregator_knowledge_source)
Q235	e0	e_11	NCBIGene:7099	biolink:genetically_associated_with	MONDO:0006757	TLR4	extrahepatic cholestasis	infores:disgenet(primary_knowledge_source);infores:pharos(aggregator_knowledge_source);infores:automat-robokop(aggregator_knowledge_source)
Q235	e0	e_12	NCBIGene:7099	biolink:genetically_associated_with	MONDO:0008170	TLR4	ovarian cancer	infores:disgenet(primary_knowledge_source);infores:pharos(aggregator_knowledge_source);infores:automat-robokop(aggregator_knowledge_source)
Q235	e0	e_13	NCBIGene:7099	biolink:genetically_associated_with	MONDO:0004790	TLR4	Fatty Liver	infores:disgenet(primary_knowledge_source);infores:pharos(aggregator_knowledge_source);infores:automat-robokop(aggregator_knowledge_source)
Q235	e0	e_14	NCBIGene:7099	biolink:genetically_associated_with	MONDO:0004790	TLR4	Fatty Liver	infores:ctd(primary_knowledge_source);infores:pharos(aggregator_knowledge_source);infores:automat-robokop(aggregator_knowledge_source)
Q235	e0	e_15	NCBIGene:7099	biolink:genetically_associated_with	MONDO:0006757	TLR4	extrahepatic cholestasis	infores:ctd(primary_knowledge_source);infores:pharos(aggregator_knowledge_source);infores:automat-robokop(aggregator_knowledge_source)
Q235	e0	e_16	NCBIGene:7099	biolink:genetically_associated_with	MONDO:0013209	TLR4	metabolic dysfunction-associated steatotic liver disease	infores:diseases(primary_knowledge_source);infores:pharos(aggregator_knowledge_source);infores:automat-robokop(aggregator_knowledge_source)
Q235	e0	e_17	NCBIGene:7099	biolink:genetically_associated_with	MONDO:0007256	TLR4	liver carcinoma	infores:ctd(primary_knowledge_source);infores:pharos(aggregator_knowledge_source);infores:automat-robokop(aggregator_knowledge_source)
Q235	e0	e_18	MONDO:0004982	biolink:subclass_of	MONDO:0005151	pancreatitis	endocrine system disorder	infores:ubergraph(primary_knowledge_source);infores:automat-robokop(aggregator_knowledge_source)
Q235	e0	e_19	MONDO:0008170	biolink:subclass_of	MONDO:0005151	ovarian cancer	endocrine system disorder	infores:ubergraph(primary_knowledge_source);infores:automat-robokop(aggregator_knowledge_source)
Q235	e0	e_20	MONDO:0005344	biolink:subclass_of	MONDO:0005151	hepatitis B	endocrine system disorder	infores:ubergraph(primary_knowledge_source);infores:automat-robokop(aggregator_knowledge_source)
Q235	e0	e_21	MONDO:0006882	biolink:subclass_of	MONDO:0005151	orchitis	endocrine system disorder	infores:ubergraph(primary_knowledge_source);infores:automat-robokop(aggregator_knowledge_source)
Q235	e0	e_22	MONDO:0021068	biolink:subclass_of	MONDO:0005151	ovarian neoplasm	endocrine system disorder	infores:ubergraph(primary_knowledge_source);infores:automat-robokop(aggregator_knowledge_source)
Q235	e0	e_23	MONDO:0007256	biolink:subclass_of	MONDO:0005151	liver carcinoma	endocrine system disorder	infores:ubergraph(primary_knowledge_source);infores:automat-robokop(aggregator_knowledge_source)
Q235	e0	e_24	MONDO:0005148	biolink:subclass_of	MONDO:0005151	type 2 diabetes mellitus	endocrine system disorder	infores:ubergraph(primary_knowledge_source);infores:automat-robokop(aggregator_knowledge_source)
Q235	e0	e_25	MONDO:0005154	biolink:subclass_of	MONDO:0005151	liver disorder	endocrine system disorder	infores:ubergraph(primary_knowledge_source);infores:automat-robokop(aggregator_knowledge_source)
Q235	e0	e_26	MONDO:0006757	biolink:subclass_of	MONDO:0005151	extrahepatic cholestasis	endocrine system disorder	infores:ubergraph(primary_knowledge_source);infores:automat-robokop(aggregator_knowledge_source)
Q235	e0	e_27	MONDO:0004790	biolink:subclass_of	MONDO:0005151	Fatty Liver	endocrine system disorder	infores:ubergraph(primary_knowledge_source);infores:automat-robokop(aggregator_knowledge_source)
Q235	e0	e_28	MONDO:0013209	biolink:subclass_of	MONDO:0005151	metabolic dysfunction-associated steatotic liver disease	endocrine system disorder	infores:ubergraph(primary_knowledge_source);infores:automat-robokop(aggregator_knowledge_source)
Q235	e0	e_1_e_18	MONDO:0005151	biolink:related_to	NCBIGene:7099	endocrine system disorder	TLR4	infores:automat-robokop(primary_knowledge_source)
Q235	e0	e_2_e_19	MONDO:0005151	biolink:related_to	NCBIGene:7099	endocrine system disorder	TLR4	infores:automat-robokop(primary_knowledge_source)
Q235	e0	e_3_e_20	MONDO:0005151	biolink:related_to	NCBIGene:7099	endocrine system disorder	TLR4	infores:automat-robokop(primary_knowledge_source)
Q235	e0	uuid:1d887df0-198e-11f0-be82-6045bdb3d4c0_e_18	MONDO:0005151	biolink:has_phenotype	MONDO:0004982	endocrine system disorder	pancreatitis	infores:automat-robokop(primary_knowledge_source)
Q235	e0	uuid:1feb08c0-198e-11f0-be82-6045bdb3d4c0_e_21	MONDO:0005151	biolink:has_phenotype	MONDO:0006882	endocrine system disorder	orchitis	infores:automat-robokop(primary_knowledge_source)
Q235	e0	e_6_e_22	MONDO:0005151	biolink:genetically_associated_with	MONDO:0021068	endocrine system disorder	ovarian neoplasm	infores:automat-robokop(primary_knowledge_source)
Q235	e0	e_7_e_23	MONDO:0005151	biolink:genetically_associated_with	MONDO:0007256	endocrine system disorder	liver carcinoma	infores:automat-robokop(primary_knowledge_source)
Q235	e0	e_8_e_24	MONDO:0005151	biolink:genetically_associated_with	MONDO:0005148	endocrine system disorder	type 2 diabetes mellitus	infores:automat-robokop(primary_knowledge_source)
Q235	e0	e_9_e_19	MONDO:0005151	biolink:genetically_associated_with	MONDO:0008170	endocrine system disorder	ovarian cancer	infores:automat-robokop(primary_knowledge_source)
Q235	e0	e_10_e_25	MONDO:0005151	biolink:genetically_associated_with	MONDO:0005154	endocrine system disorder	liver disorder	infores:automat-robokop(primary_knowledge_source)
Q235	e0	e_11_e_26	MONDO:0005151	biolink:genetically_associated_with	MONDO:0006757	endocrine system disorder	extrahepatic cholestasis	infores:automat-robokop(primary_knowledge_source)
Q235	e0	e_12_e_19	MONDO:0005151	biolink:genetically_associated_with	MONDO:0008170	endocrine system disorder	ovarian cancer	infores:automat-robokop(primary_knowledge_source)
Q235	e0	e_13_e_27	MONDO:0005151	biolink:genetically_associated_with	MONDO:0004790	endocrine system disorder	Fatty Liver	infores:automat-robokop(primary_knowledge_source)
Q235	e0	e_14_e_27	MONDO:0005151	biolink:genetically_associated_with	MONDO:0004790	endocrine system disorder	Fatty Liver	infores:automat-robokop(primary_knowledge_source)
Q235	e0	e_15_e_26	MONDO:0005151	biolink:genetically_associated_with	MONDO:0006757	endocrine system disorder	extrahepatic cholestasis	infores:automat-robokop(primary_knowledge_source)
Q235	e0	e_16_e_28	MONDO:0005151	biolink:genetically_associated_with	MONDO:0013209	endocrine system disorder	metabolic dysfunction-associated steatotic liver disease	infores:automat-robokop(primary_knowledge_source)
Q235	e0	e_17_e_23	MONDO:0005151	biolink:genetically_associated_with	MONDO:0007256	endocrine system disorder	liver carcinoma	infores:automat-robokop(primary_knowledge_source)
Q238	e0	e_1	MONDO:0005300	biolink:related_to	NCBIGene:7369	chronic kidney disease	UMOD	infores:hetionet(primary_knowledge_source);infores:automat-robokop(aggregator_knowledge_source)
Q238	e0	uuid:15302a01-198e-11f0-be82-6045bdb3d4c0	NCBIGene:7369	biolink:has_phenotype	MONDO:0005300	UMOD	chronic kidney disease	infores:hpo-annotations(primary_knowledge_source);infores:monarchinitiative(aggregator_knowledge_source);infores:automat-robokop(aggregator_knowledge_source)
Q238	e0	uuid:19f4de5b-198e-11f0-be82-6045bdb3d4c0	NCBIGene:7369	biolink:has_phenotype	MONDO:0004375	UMOD	end stage renal failure	infores:hpo-annotations(primary_knowledge_source);infores:monarchinitiative(aggregator_knowledge_source);infores:automat-robokop(aggregator_knowledge_source)
Q238	e0	uuid:166184f8-198e-11f0-be82-6045bdb3d4c0	NCBIGene:7369	biolink:has_phenotype	HP:0012624	UMOD	Stage 2 chronic kidney disease	infores:hpo-annotations(primary_knowledge_source);infores:monarchinitiative(aggregator_knowledge_source);infores:automat-robokop(aggregator_knowledge_source)
Q238	e0	uuid:1b263b23-198e-11f0-be82-6045bdb3d4c0	NCBIGene:7369	biolink:has_phenotype	HP:0012625	UMOD	Stage 3 chronic kidney disease	infores:hpo-annotations(primary_knowledge_source);infores:monarchinitiative(aggregator_knowledge_source);infores:automat-robokop(aggregator_knowledge_source)
Q238	e0	uuid:1792aa22-198e-11f0-be82-6045bdb3d4c0	NCBIGene:7369	biolink:has_phenotype	HP:0012623	UMOD	Stage 1 chronic kidney disease	infores:hpo-annotations(primary_knowledge_source);infores:monarchinitiative(aggregator_knowledge_source);infores:automat-robokop(aggregator_knowledge_source)
Q238	e0	uuid:13ff5362-198e-11f0-be82-6045bdb3d4c0	NCBIGene:7369	biolink:has_phenotype	HP:0012626	UMOD	Stage 4 chronic kidney disease	infores:hpo-annotations(primary_knowledge_source);infores:monarchinitiative(aggregator_knowledge_source);infores:automat-robokop(aggregator_knowledge_source)
Q238	e0	e_8	MONDO:0004375	biolink:subclass_of	MONDO:0005300	end stage renal failure	chronic kidney disease	infores:ubergraph(primary_knowledge_source);infores:automat-robokop(aggregator_knowledge_source)
Q238	e0	e_9	HP:0012624	biolink:subclass_of	MONDO:0005300	Stage 2 chronic kidney disease	chronic kidney disease	infores:ubergraph(primary_knowledge_source);infores:automat-robokop(aggregator_knowledge_source)
Q238	e0	e_10	HP:0012625	biolink:subclass_of	MONDO:0005300	Stage 3 chronic kidney disease	chronic kidney disease	infores:ubergraph(primary_knowledge_source);infores:automat-robokop(aggregator_knowledge_source)
Q238	e0	e_11	HP:0012623	biolink:subclass_of	MONDO:0005300	Stage 1 chronic kidney disease	chronic kidney disease	infores:ubergraph(primary_knowledge_source);infores:automat-robokop(aggregator_knowledge_source)
Q238	e0	e_12	HP:0012626	biolink:subclass_of	MONDO:0005300	Stage 4 chronic kidney disease	chronic kidney disease	infores:ubergraph(primary_knowledge_source);infores:automat-robokop(aggregator_knowledge_source)
Q238	e0	uuid:19f4de5b-198e-11f0-be82-6045bdb3d4c0_e_8	MONDO:0005300	biolink:has_phenotype	MONDO:0004375	chronic kidney disease	end stage renal failure	infores:automat-robokop(primary_knowledge_source)
Q238	e0	uuid:166184f8-198e-11f0-be82-6045bdb3d4c0_e_9	MONDO:0005300	biolink:has_phenotype	HP:0012624	chronic kidney disease	Stage 2 chronic kidney disease	infores:automat-robokop(primary_knowledge_source)
Q238	e0	uuid:1b263b23-198e-11f0-be82-6045bdb3d4c0_e_10	MONDO:0005300	biolink:has_phenotype	HP:0012625	chronic kidney disease	Stage 3 chronic kidney disease	infores:automat-robokop(primary_knowledge_source)
Q238	e0	uuid:1792aa22-198e-11f0-be82-6045bdb3d4c0_e_11	MONDO:0005300	biolink:has_phenotype	HP:0012623	chronic kidney disease	Stage 1 chronic kidney disease	infores:automat-robokop(primary_knowledge_source)
Q238	e0	uuid:13ff5362-198e-11f0-be82-6045bdb3d4c0_e_12	MONDO:0005300	biolink:has_phenotype	HP:0012626	chronic kidney disease	Stage 4 chronic kidney disease	infores:automat-robokop(primary_knowledge_source)
Q250	e0	uuid:0e9d58c8-198e-11f0-be82-6045bdb3d4c0	NCBIGene:8878	biolink:causes	MONDO:0014640	SQSTM1	frontotemporal dementia and/or amyotrophic lateral sclerosis 3	infores:omim(primary_knowledge_source);infores:monarchinitiative(aggregator_knowledge_source);infores:medgen(aggregator_knowledge_source);infores:automat-robokop(aggregator_knowledge_source)
Q250	e0	e_2	NCBIGene:8878	biolink:genetically_associated_with	MONDO:0014640	SQSTM1	frontotemporal dementia and/or amyotrophic lateral sclerosis 3	infores:monarchinitiative(primary_knowledge_source);infores:pharos(aggregator_knowledge_source);infores:automat-robokop(aggregator_knowledge_source)
Q250	e0	e_3	NCBIGene:8878	biolink:genetically_associated_with	MONDO:0014640	SQSTM1	frontotemporal dementia and/or amyotrophic lateral sclerosis 3	infores:disgenet(primary_knowledge_source);infores:pharos(aggregator_knowledge_source);infores:automat-robokop(aggregator_knowledge_source)
Q250	e0	e_4	NCBIGene:8878	biolink:genetically_associated_with	MONDO:0014640	SQSTM1	frontotemporal dementia and/or amyotrophic lateral sclerosis 3	infores:ctd(primary_knowledge_source);infores:pharos(aggregator_knowledge_source);infores:automat-robokop(aggregator_knowledge_source)
Q250	e0	e_5	NCBIGene:8878	biolink:genetically_associated_with	MONDO:0014640	SQSTM1	frontotemporal dementia and/or amyotrophic lateral sclerosis 3	infores:uniprot(primary_knowledge_source);infores:pharos(aggregator_knowledge_source);infores:automat-robokop(aggregator_knowledge_source)
Q250	e0	e_6	MONDO:0014640	biolink:subclass_of	MONDO:0005144	frontotemporal dementia and/or amyotrophic lateral sclerosis 3	familial amyotrophic lateral sclerosis	infores:ubergraph(primary_knowledge_source);infores:automat-robokop(aggregator_knowledge_source)
Q250	e0	uuid:0e9d58c8-198e-11f0-be82-6045bdb3d4c0_e_6	MONDO:0005144	biolink:causes	MONDO:0014640	familial amyotrophic lateral sclerosis	frontotemporal dementia and/or amyotrophic lateral sclerosis 3	infores:automat-robokop(primary_knowledge_source)
Q250	e0	e_2_e_6	MONDO:0005144	biolink:genetically_associated_with	MONDO:0014640	familial amyotrophic lateral sclerosis	frontotemporal dementia and/or amyotrophic lateral sclerosis 3	infores:automat-robokop(primary_knowledge_source)
Q250	e0	e_3_e_6	MONDO:0005144	biolink:genetically_associated_with	MONDO:0014640	familial amyotrophic lateral sclerosis	frontotemporal dementia and/or amyotrophic lateral sclerosis 3	infores:automat-robokop(primary_knowledge_source)
Q250	e0	e_4_e_6	MONDO:0005144	biolink:genetically_associated_with	MONDO:0014640	familial amyotrophic lateral sclerosis	frontotemporal dementia and/or amyotrophic lateral sclerosis 3	infores:automat-robokop(primary_knowledge_source)
Q250	e0	e_5_e_6	MONDO:0005144	biolink:genetically_associated_with	MONDO:0014640	familial amyotrophic lateral sclerosis	frontotemporal dementia and/or amyotrophic lateral sclerosis 3	infores:automat-robokop(primary_knowledge_source)
Q251	e0	e_1	NCBIGene:7157	biolink:affects	NCBIGene:27113	TP53	BBC3	infores:signor(primary_knowledge_source);infores:automat-robokop(aggregator_knowledge_source)
Q251	e0	e_2	NCBIGene:7157	biolink:regulates	NCBIGene:27113	TP53	BBC3	infores:signor(primary_knowledge_source);infores:automat-robokop(aggregator_knowledge_source)
Q251	e0	e_3	NCBIGene:7157	biolink:related_to	NCBIGene:27113	TP53	BBC3	infores:signor(primary_knowledge_source);infores:automat-robokop(aggregator_knowledge_source)
Q251	e0	e_4	NCBIGene:7157	biolink:genetically_interacts_with	NCBIGene:27113	TP53	BBC3	infores:hetionet(primary_knowledge_source);infores:hetionet(aggregator_knowledge_source);infores:automat-robokop(aggregator_knowledge_source)
Q251	e0	e_5	NCBIGene:7157	biolink:affects	UniProtKB:Q9BXH1-2	TP53	Bcl-2-binding component 3 isoform 2 (human)	infores:text-mining-provider-targeted(primary_knowledge_source);infores:automat-robokop(aggregator_knowledge_source)
Q251	e0	e_6	UniProtKB:Q9BXH1-2	biolink:affects	NCBIGene:7157	Bcl-2-binding component 3 isoform 2 (human)	TP53	infores:text-mining-provider-targeted(primary_knowledge_source);infores:automat-robokop(aggregator_knowledge_source)
Q251	e0	e_7	UniProtKB:Q9BXH1-2	biolink:affects	NCBIGene:7157	Bcl-2-binding component 3 isoform 2 (human)	TP53	infores:text-mining-provider-targeted(primary_knowledge_source);infores:automat-robokop(aggregator_knowledge_source)
Q251	e0	e_8	UniProtKB:P04637-1	biolink:interacts_with	UniProtKB:Q96PG8-2	cellular tumor antigen p53 isoform 1 (human)	Bcl-2-binding component 3 isoform 4 (human)	infores:string(primary_knowledge_source);infores:automat-robokop(aggregator_knowledge_source)
Q251	e0	e_9	UniProtKB:Q96PG8-2	biolink:interacts_with	UniProtKB:P04637-1	Bcl-2-binding component 3 isoform 4 (human)	cellular tumor antigen p53 isoform 1 (human)	infores:string(primary_knowledge_source);infores:automat-robokop(aggregator_knowledge_source)
Q251	e0	e_10	UniProtKB:P04637-1	biolink:subclass_of	NCBIGene:7157	cellular tumor antigen p53 isoform 1 (human)	TP53	infores:ubergraph(primary_knowledge_source);infores:automat-robokop(aggregator_knowledge_source)
Q251	e0	e_11	UniProtKB:Q9BXH1-2	biolink:subclass_of	NCBIGene:27113	Bcl-2-binding component 3 isoform 2 (human)	BBC3	infores:ubergraph(primary_knowledge_source);infores:automat-robokop(aggregator_knowledge_source)
Q251	e0	e_12	UniProtKB:Q96PG8-2	biolink:subclass_of	NCBIGene:27113	Bcl-2-binding component 3 isoform 4 (human)	BBC3	infores:ubergraph(primary_knowledge_source);infores:automat-robokop(aggregator_knowledge_source)
Q251	e0	e_5_e_11	NCBIGene:7157	biolink:affects	NCBIGene:27113	TP53	BBC3	infores:automat-robokop(primary_knowledge_source)
Q251	e0	e_6_e_11	UniProtKB:Q9BXH1-2	biolink:affects	NCBIGene:27113	Bcl-2-binding component 3 isoform 2 (human)	BBC3	infores:automat-robokop(primary_knowledge_source)
Q251	e0	e_7_e_11	UniProtKB:Q9BXH1-2	biolink:affects	NCBIGene:27113	Bcl-2-binding component 3 isoform 2 (human)	BBC3	infores:automat-robokop(primary_knowledge_source)
Q251	e0	e_8_e_10_e_12	NCBIGene:7157	biolink:interacts_with	NCBIGene:27113	TP53	BBC3	infores:automat-robokop(primary_knowledge_source)
Q251	e0	e_9_e_10_e_12	NCBIGene:7157	biolink:interacts_with	NCBIGene:27113	TP53	BBC3	infores:automat-robokop(primary_knowledge_source)
Q252	e0	e_1	NCBIGene:3572	biolink:affects	NCBIGene:6774	IL6ST	STAT3	infores:ccidb(primary_knowledge_source);infores:automat-robokop(aggregator_knowledge_source)
Q252	e0	e_2	NCBIGene:3572	biolink:affects	NCBIGene:6774	IL6ST	STAT3	infores:text-mining-provider-targeted(primary_knowledge_source);infores:automat-robokop(aggregator_knowledge_source)
Q252	e0	e_3	NCBIGene:3572	biolink:genetically_interacts_with	NCBIGene:6774	IL6ST	STAT3	infores:hetionet(primary_knowledge_source);infores:hetionet(aggregator_knowledge_source);infores:automat-robokop(aggregator_knowledge_source)
Q252	e0	e_4	UniProtKB:P40763-1	biolink:interacts_with	UniProtKB:P40189-1	signal transducer and activator of transcription 3 isoform 1 (human)	interleukin-6 receptor subunit beta isoform h1 (human)	infores:string(primary_knowledge_source);infores:automat-robokop(aggregator_knowledge_source)
Q252	e0	e_5	UniProtKB:P40189-1	biolink:interacts_with	UniProtKB:P40763-1	interleukin-6 receptor subunit beta isoform h1 (human)	signal transducer and activator of transcription 3 isoform 1 (human)	infores:string(primary_knowledge_source);infores:automat-robokop(aggregator_knowledge_source)
Q252	e0	e_6	UniProtKB:P40763-1	biolink:subclass_of	NCBIGene:6774	signal transducer and activator of transcription 3 isoform 1 (human)	STAT3	infores:ubergraph(primary_knowledge_source);infores:automat-robokop(aggregator_knowledge_source)
Q252	e0	e_7	UniProtKB:P40189-1	biolink:subclass_of	NCBIGene:3572	interleukin-6 receptor subunit beta isoform h1 (human)	IL6ST	infores:ubergraph(primary_knowledge_source);infores:automat-robokop(aggregator_knowledge_source)
Q252	e0	e_4_e_6_e_7	NCBIGene:6774	biolink:interacts_with	NCBIGene:3572	STAT3	IL6ST	infores:automat-robokop(primary_knowledge_source)
Q252	e0	e_5_e_6_e_7	NCBIGene:6774	biolink:interacts_with	NCBIGene:3572	STAT3	IL6ST	infores:automat-robokop(primary_knowledge_source)
Q253	e0	e_1	NCBIGene:7048	biolink:affects	NCBIGene:4092	TGFBR2	SMAD7	infores:text-mining-provider-targeted(primary_knowledge_source);infores:automat-robokop(aggregator_knowledge_source)
Q253	e0	e_2	NCBIGene:4092	biolink:affects	NCBIGene:7048	SMAD7	TGFBR2	infores:text-mining-provider-targeted(primary_knowledge_source);infores:automat-robokop(aggregator_knowledge_source)
Q253	e0	e_3	NCBIGene:4092	biolink:genetically_interacts_with	NCBIGene:7048	SMAD7	TGFBR2	infores:hetionet(primary_knowledge_source);infores:hetionet(aggregator_knowledge_source);infores:automat-robokop(aggregator_knowledge_source)
Q253	e0	e_4	UniProtKB:P37173-2	biolink:interacts_with	UniProtKB:O15105-1	TGF-beta receptor type-2 isoform RII-2 (human)	mothers against decapentaplegic homolog 7 isoform 1 (human)	infores:string(primary_knowledge_source);infores:automat-robokop(aggregator_knowledge_source)
Q253	e0	e_5	UniProtKB:O15105-1	biolink:interacts_with	UniProtKB:P37173-2	mothers against decapentaplegic homolog 7 isoform 1 (human)	TGF-beta receptor type-2 isoform RII-2 (human)	infores:string(primary_knowledge_source);infores:automat-robokop(aggregator_knowledge_source)
Q253	e0	e_6	UniProtKB:P37173-2	biolink:subclass_of	NCBIGene:7048	TGF-beta receptor type-2 isoform RII-2 (human)	TGFBR2	infores:ubergraph(primary_knowledge_source);infores:automat-robokop(aggregator_knowledge_source)
Q253	e0	e_7	UniProtKB:O15105-1	biolink:subclass_of	NCBIGene:4092	mothers against decapentaplegic homolog 7 isoform 1 (human)	SMAD7	infores:ubergraph(primary_knowledge_source);infores:automat-robokop(aggregator_knowledge_source)
Q253	e0	e_4_e_6_e_7	NCBIGene:7048	biolink:interacts_with	NCBIGene:4092	TGFBR2	SMAD7	infores:automat-robokop(primary_knowledge_source)
Q253	e0	e_5_e_6_e_7	NCBIGene:7048	biolink:interacts_with	NCBIGene:4092	TGFBR2	SMAD7	infores:automat-robokop(primary_knowledge_source)
Q254	e0	e_1	NCBIGene:2064	biolink:affects	NCBIGene:2886	ERBB2	GRB7	infores:text-mining-provider-targeted(primary_knowledge_source);infores:automat-robokop(aggregator_knowledge_source)
Q254	e0	e_2	NCBIGene:2886	biolink:affects	NCBIGene:2064	GRB7	ERBB2	infores:text-mining-provider-targeted(primary_knowledge_source);infores:automat-robokop(aggregator_knowledge_source)
Q254	e0	e_3	NCBIGene:2886	biolink:affects	NCBIGene:2064	GRB7	ERBB2	infores:text-mining-provider-targeted(primary_knowledge_source);infores:automat-robokop(aggregator_knowledge_source)
Q254	e0	e_4	NCBIGene:2064	biolink:directly_physically_interacts_with	NCBIGene:2886	ERBB2	GRB7	infores:intact(primary_knowledge_source);infores:automat-robokop(aggregator_knowledge_source)
Q254	e0	e_5	NCBIGene:2886	biolink:directly_physically_interacts_with	NCBIGene:2064	GRB7	ERBB2	infores:intact(primary_knowledge_source);infores:automat-robokop(aggregator_knowledge_source)
Q254	e0	e_6	NCBIGene:2064	biolink:genetically_interacts_with	NCBIGene:2886	ERBB2	GRB7	infores:hetionet(primary_knowledge_source);infores:hetionet(aggregator_knowledge_source);infores:automat-robokop(aggregator_knowledge_source)
Q254	e0	e_7	UniProtKB:P04626-1	biolink:physically_interacts_with	UniProtKB:Q14451-3	receptor tyrosine-protein kinase erbB-2 isoform h1 (human)	growth factor receptor-bound protein 7 isoform h3 (human)	infores:string(primary_knowledge_source);infores:automat-robokop(aggregator_knowledge_source)
Q254	e0	e_8	UniProtKB:Q14451-3	biolink:physically_interacts_with	UniProtKB:P04626-1	growth factor receptor-bound protein 7 isoform h3 (human)	receptor tyrosine-protein kinase erbB-2 isoform h1 (human)	infores:string(primary_knowledge_source);infores:automat-robokop(aggregator_knowledge_source)
Q254	e0	e_9	UniProtKB:P04626-1	biolink:interacts_with	UniProtKB:Q14451-3	receptor tyrosine-protein kinase erbB-2 isoform h1 (human)	growth factor receptor-bound protein 7 isoform h3 (human)	infores:string(primary_knowledge_source);infores:automat-robokop(aggregator_knowledge_source)
Q254	e0	e_10	UniProtKB:Q14451-3	biolink:interacts_with	UniProtKB:P04626-1	growth factor receptor-bound protein 7 isoform h3 (human)	receptor tyrosine-protein kinase erbB-2 isoform h1 (human)	infores:string(primary_knowledge_source);infores:automat-robokop(aggregator_knowledge_source)
Q254	e0	e_11	UniProtKB:P04626-1	biolink:subclass_of	NCBIGene:2064	receptor tyrosine-protein kinase erbB-2 isoform h1 (human)	ERBB2	infores:ubergraph(primary_knowledge_source);infores:automat-robokop(aggregator_knowledge_source)
Q254	e0	e_12	UniProtKB:Q14451-3	biolink:subclass_of	NCBIGene:2886	growth factor receptor-bound protein 7 isoform h3 (human)	GRB7	infores:ubergraph(primary_knowledge_source);infores:automat-robokop(aggregator_knowledge_source)
Q254	e0	e_7_e_11_e_12	NCBIGene:2064	biolink:physically_interacts_with	NCBIGene:2886	ERBB2	GRB7	infores:automat-robokop(primary_knowledge_source)
Q254	e0	e_8_e_11_e_12	NCBIGene:2064	biolink:physically_interacts_with	NCBIGene:2886	ERBB2	GRB7	infores:automat-robokop(primary_knowledge_source)
Q254	e0	e_9_e_11_e_12	NCBIGene:2064	biolink:interacts_with	NCBIGene:2886	ERBB2	GRB7	infores:automat-robokop(primary_knowledge_source)
Q254	e0	e_10_e_11_e_12	NCBIGene:2064	biolink:interacts_with	NCBIGene:2886	ERBB2	GRB7	infores:automat-robokop(primary_knowledge_source)
Q255	e0	e_1	NCBIGene:5599	biolink:affects	NCBIGene:3725	MAPK8	JUN	infores:text-mining-provider-targeted(primary_knowledge_source);infores:automat-robokop(aggregator_knowledge_source)
Q255	e0	e_2	NCBIGene:5599	biolink:affects	NCBIGene:3725	MAPK8	JUN	infores:text-mining-provider-targeted(primary_knowledge_source);infores:automat-robokop(aggregator_knowledge_source)
Q255	e0	e_3	NCBIGene:5599	biolink:affects	NCBIGene:3725	MAPK8	JUN	infores:psite-plus(primary_knowledge_source);infores:kinace(aggregator_knowledge_source);infores:automat-robokop(aggregator_knowledge_source)
Q255	e0	e_4	NCBIGene:5599	biolink:affects	NCBIGene:3725	MAPK8	JUN	infores:iptmnet(primary_knowledge_source);infores:kinace(aggregator_knowledge_source);infores:automat-robokop(aggregator_knowledge_source)
Q255	e0	e_5	NCBIGene:5599	biolink:affects	NCBIGene:3725	MAPK8	JUN	infores:epsd(primary_knowledge_source);infores:kinace(aggregator_knowledge_source);infores:automat-robokop(aggregator_knowledge_source)
Q255	e0	e_6	NCBIGene:3725	biolink:affects	NCBIGene:5599	JUN	MAPK8	infores:text-mining-provider-targeted(primary_knowledge_source);infores:automat-robokop(aggregator_knowledge_source)
Q255	e0	e_7	NCBIGene:3725	biolink:affects	NCBIGene:5599	JUN	MAPK8	infores:text-mining-provider-targeted(primary_knowledge_source);infores:automat-robokop(aggregator_knowledge_source)
Q255	e0	e_8	NCBIGene:5599	biolink:directly_physically_interacts_with	NCBIGene:3725	MAPK8	JUN	infores:intact(primary_knowledge_source);infores:automat-robokop(aggregator_knowledge_source)
Q255	e0	e_9	NCBIGene:3725	biolink:directly_physically_interacts_with	NCBIGene:5599	JUN	MAPK8	infores:intact(primary_knowledge_source);infores:automat-robokop(aggregator_knowledge_source)
Q255	e0	e_10	UniProtKB:P45983-4	biolink:physically_interacts_with	NCBIGene:3725	mitogen-activated protein kinase 8 isoform 4 (human)	JUN	infores:string(primary_knowledge_source);infores:automat-robokop(aggregator_knowledge_source)
Q255	e0	e_11	NCBIGene:3725	biolink:physically_interacts_with	UniProtKB:P45983-4	JUN	mitogen-activated protein kinase 8 isoform 4 (human)	infores:string(primary_knowledge_source);infores:automat-robokop(aggregator_knowledge_source)
Q255	e0	e_12	NCBIGene:5599	biolink:regulates	NCBIGene:3725	MAPK8	JUN	infores:signor(primary_knowledge_source);infores:automat-robokop(aggregator_knowledge_source)
Q255	e0	e_13	NCBIGene:5599	biolink:regulates	NCBIGene:3725	MAPK8	JUN	infores:signor(primary_knowledge_source);infores:automat-robokop(aggregator_knowledge_source)
Q255	e0	e_14	NCBIGene:5599	biolink:related_to	NCBIGene:3725	MAPK8	JUN	infores:signor(primary_knowledge_source);infores:automat-robokop(aggregator_knowledge_source)
Q255	e0	e_15	NCBIGene:5599	biolink:related_to	NCBIGene:3725	MAPK8	JUN	infores:signor(primary_knowledge_source);infores:automat-robokop(aggregator_knowledge_source)
Q255	e0	e_16	UniProtKB:P45983-4	biolink:interacts_with	NCBIGene:3725	mitogen-activated protein kinase 8 isoform 4 (human)	JUN	infores:string(primary_knowledge_source);infores:automat-robokop(aggregator_knowledge_source)
Q255	e0	e_17	NCBIGene:3725	biolink:interacts_with	UniProtKB:P45983-4	JUN	mitogen-activated protein kinase 8 isoform 4 (human)	infores:string(primary_knowledge_source);infores:automat-robokop(aggregator_knowledge_source)
Q255	e0	e_18	NCBIGene:3725	biolink:genetically_interacts_with	NCBIGene:5599	JUN	MAPK8	infores:hetionet(primary_knowledge_source);infores:hetionet(aggregator_knowledge_source);infores:automat-robokop(aggregator_knowledge_source)
Q255	e0	e_19	UniProtKB:P45983-4	biolink:subclass_of	NCBIGene:5599	mitogen-activated protein kinase 8 isoform 4 (human)	MAPK8	infores:ubergraph(primary_knowledge_source);infores:automat-robokop(aggregator_knowledge_source)
Q255	e0	e_10_e_19	NCBIGene:5599	biolink:physically_interacts_with	NCBIGene:3725	MAPK8	JUN	infores:automat-robokop(primary_knowledge_source)
Q255	e0	e_11_e_19	NCBIGene:5599	biolink:physically_interacts_with	UniProtKB:P45983-4	MAPK8	mitogen-activated protein kinase 8 isoform 4 (human)	infores:automat-robokop(primary_knowledge_source)
Q255	e0	e_16_e_19	NCBIGene:5599	biolink:interacts_with	NCBIGene:3725	MAPK8	JUN	infores:automat-robokop(primary_knowledge_source)
Q255	e0	e_17_e_19	NCBIGene:5599	biolink:interacts_with	UniProtKB:P45983-4	MAPK8	mitogen-activated protein kinase 8 isoform 4 (human)	infores:automat-robokop(primary_knowledge_source)
Q256	e0	e_1	NCBIGene:8772	biolink:affects	NCBIGene:841	FADD	CASP8	infores:text-mining-provider-targeted(primary_knowledge_source);infores:automat-robokop(aggregator_knowledge_source)
Q256	e0	e_2	NCBIGene:841	biolink:directly_physically_interacts_with	NCBIGene:8772	CASP8	FADD	infores:intact(primary_knowledge_source);infores:automat-robokop(aggregator_knowledge_source)
Q256	e0	e_3	NCBIGene:8772	biolink:directly_physically_interacts_with	NCBIGene:841	FADD	CASP8	infores:intact(primary_knowledge_source);infores:automat-robokop(aggregator_knowledge_source)
Q256	e0	e_4	UniProtKB:Q14790-9	biolink:physically_interacts_with	NCBIGene:8772	caspase-8 isoform 9 (human)	FADD	infores:string(primary_knowledge_source);infores:automat-robokop(aggregator_knowledge_source)
Q256	e0	e_5	NCBIGene:8772	biolink:physically_interacts_with	UniProtKB:Q14790-9	FADD	caspase-8 isoform 9 (human)	infores:string(primary_knowledge_source);infores:automat-robokop(aggregator_knowledge_source)
Q256	e0	e_6	NCBIGene:8772	biolink:regulates	NCBIGene:841	FADD	CASP8	infores:signor(primary_knowledge_source);infores:automat-robokop(aggregator_knowledge_source)
Q256	e0	e_7	NCBIGene:8772	biolink:related_to	NCBIGene:841	FADD	CASP8	infores:signor(primary_knowledge_source);infores:automat-robokop(aggregator_knowledge_source)
Q256	e0	e_8	UniProtKB:Q14790-9	biolink:interacts_with	NCBIGene:8772	caspase-8 isoform 9 (human)	FADD	infores:string(primary_knowledge_source);infores:automat-robokop(aggregator_knowledge_source)
Q256	e0	e_9	NCBIGene:8772	biolink:interacts_with	UniProtKB:Q14790-9	FADD	caspase-8 isoform 9 (human)	infores:string(primary_knowledge_source);infores:automat-robokop(aggregator_knowledge_source)
Q256	e0	e_10	NCBIGene:841	biolink:genetically_interacts_with	NCBIGene:8772	CASP8	FADD	infores:hetionet(primary_knowledge_source);infores:hetionet(aggregator_knowledge_source);infores:automat-robokop(aggregator_knowledge_source)
Q256	e0	e_11	UniProtKB:Q14790-9	biolink:subclass_of	NCBIGene:841	caspase-8 isoform 9 (human)	CASP8	infores:ubergraph(primary_knowledge_source);infores:automat-robokop(aggregator_knowledge_source)
Q256	e0	e_4_e_11	NCBIGene:841	biolink:physically_interacts_with	NCBIGene:8772	CASP8	FADD	infores:automat-robokop(primary_knowledge_source)
Q256	e0	e_5_e_11	NCBIGene:841	biolink:physically_interacts_with	UniProtKB:Q14790-9	CASP8	caspase-8 isoform 9 (human)	infores:automat-robokop(primary_knowledge_source)
Q256	e0	e_8_e_11	NCBIGene:841	biolink:interacts_with	NCBIGene:8772	CASP8	FADD	infores:automat-robokop(primary_knowledge_source)
Q256	e0	e_9_e_11	NCBIGene:841	biolink:interacts_with	UniProtKB:Q14790-9	CASP8	caspase-8 isoform 9 (human)	infores:automat-robokop(primary_knowledge_source)
Q257	e0	e_1	NCBIGene:355	biolink:affects	NCBIGene:356	FAS	FASLG	infores:text-mining-provider-targeted(primary_knowledge_source);infores:automat-robokop(aggregator_knowledge_source)
Q257	e0	e_2	NCBIGene:355	biolink:affects	NCBIGene:356	FAS	FASLG	infores:text-mining-provider-targeted(primary_knowledge_source);infores:automat-robokop(aggregator_knowledge_source)
Q257	e0	e_3	NCBIGene:356	biolink:affects	NCBIGene:355	FASLG	FAS	infores:text-mining-provider-targeted(primary_knowledge_source);infores:automat-robokop(aggregator_knowledge_source)
Q257	e0	e_4	NCBIGene:356	biolink:affects	NCBIGene:355	FASLG	FAS	infores:text-mining-provider-targeted(primary_knowledge_source);infores:automat-robokop(aggregator_knowledge_source)
Q257	e0	e_5	NCBIGene:355	biolink:directly_physically_interacts_with	NCBIGene:356	FAS	FASLG	infores:intact(primary_knowledge_source);infores:automat-robokop(aggregator_knowledge_source)
Q257	e0	e_6	NCBIGene:356	biolink:directly_physically_interacts_with	NCBIGene:355	FASLG	FAS	infores:intact(primary_knowledge_source);infores:automat-robokop(aggregator_knowledge_source)
Q257	e0	e_7	NCBIGene:356	biolink:regulates	NCBIGene:355	FASLG	FAS	infores:signor(primary_knowledge_source);infores:automat-robokop(aggregator_knowledge_source)
Q257	e0	e_8	NCBIGene:356	biolink:regulates	NCBIGene:355	FASLG	FAS	infores:signor(primary_knowledge_source);infores:automat-robokop(aggregator_knowledge_source)
Q257	e0	e_9	NCBIGene:356	biolink:regulates	NCBIGene:355	FASLG	FAS	infores:signor(primary_knowledge_source);infores:automat-robokop(aggregator_knowledge_source)
Q257	e0	e_10	NCBIGene:356	biolink:related_to	NCBIGene:355	FASLG	FAS	infores:signor(primary_knowledge_source);infores:automat-robokop(aggregator_knowledge_source)
Q257	e0	e_11	NCBIGene:356	biolink:related_to	NCBIGene:355	FASLG	FAS	infores:signor(primary_knowledge_source);infores:automat-robokop(aggregator_knowledge_source)
Q257	e0	e_12	NCBIGene:356	biolink:related_to	NCBIGene:355	FASLG	FAS	infores:signor(primary_knowledge_source);infores:automat-robokop(aggregator_knowledge_source)
Q257	e0	e_13	NCBIGene:355	biolink:genetically_interacts_with	NCBIGene:356	FAS	FASLG	infores:hetionet(primary_knowledge_source);infores:hetionet(aggregator_knowledge_source);infores:automat-robokop(aggregator_knowledge_source)
Q257	e0	e_14	UniProtKB:P25445-1	biolink:physically_interacts_with	UniProtKB:P48023-1	tumor necrosis factor receptor superfamily member 6 isoform 1 (human)	tumor necrosis factor ligand superfamily member 6 isoform FasL (human)	infores:string(primary_knowledge_source);infores:automat-robokop(aggregator_knowledge_source)
Q257	e0	e_15	UniProtKB:P48023-1	biolink:physically_interacts_with	UniProtKB:P25445-1	tumor necrosis factor ligand superfamily member 6 isoform FasL (human)	tumor necrosis factor receptor superfamily member 6 isoform 1 (human)	infores:string(primary_knowledge_source);infores:automat-robokop(aggregator_knowledge_source)
Q257	e0	e_16	UniProtKB:P25445-1	biolink:interacts_with	UniProtKB:P48023-1	tumor necrosis factor receptor superfamily member 6 isoform 1 (human)	tumor necrosis factor ligand superfamily member 6 isoform FasL (human)	infores:string(primary_knowledge_source);infores:automat-robokop(aggregator_knowledge_source)
Q257	e0	e_17	UniProtKB:P48023-1	biolink:interacts_with	UniProtKB:P25445-1	tumor necrosis factor ligand superfamily member 6 isoform FasL (human)	tumor necrosis factor receptor superfamily member 6 isoform 1 (human)	infores:string(primary_knowledge_source);infores:automat-robokop(aggregator_knowledge_source)
Q257	e0	e_18	UniProtKB:P25445-1	biolink:subclass_of	NCBIGene:355	tumor necrosis factor receptor superfamily member 6 isoform 1 (human)	FAS	infores:ubergraph(primary_knowledge_source);infores:automat-robokop(aggregator_knowledge_source)
Q257	e0	e_19	UniProtKB:P48023-1	biolink:subclass_of	NCBIGene:356	tumor necrosis factor ligand superfamily member 6 isoform FasL (human)	FASLG	infores:ubergraph(primary_knowledge_source);infores:automat-robokop(aggregator_knowledge_source)
Q257	e0	e_14_e_18_e_19	NCBIGene:355	biolink:physically_interacts_with	NCBIGene:356	FAS	FASLG	infores:automat-robokop(primary_knowledge_source)
Q257	e0	e_15_e_18_e_19	NCBIGene:355	biolink:physically_interacts_with	NCBIGene:356	FAS	FASLG	infores:automat-robokop(primary_knowledge_source)
Q257	e0	e_16_e_18_e_19	NCBIGene:355	biolink:interacts_with	NCBIGene:356	FAS	FASLG	infores:automat-robokop(primary_knowledge_source)
Q257	e0	e_17_e_18_e_19	NCBIGene:355	biolink:interacts_with	NCBIGene:356	FAS	FASLG	infores:automat-robokop(primary_knowledge_source)
Q258	e0	e_1	NCBIGene:3551	biolink:affects	NCBIGene:4790	IKBKB	NFKB1	infores:signor(primary_knowledge_source);infores:automat-robokop(aggregator_knowledge_source)
Q258	e0	e_2	NCBIGene:3551	biolink:affects	NCBIGene:4790	IKBKB	NFKB1	infores:text-mining-provider-targeted(primary_knowledge_source);infores:automat-robokop(aggregator_knowledge_source)
Q258	e0	e_3	NCBIGene:3551	biolink:affects	NCBIGene:4790	IKBKB	NFKB1	infores:psite-plus(primary_knowledge_source);infores:kinace(aggregator_knowledge_source);infores:automat-robokop(aggregator_knowledge_source)
Q258	e0	e_4	NCBIGene:3551	biolink:affects	NCBIGene:4790	IKBKB	NFKB1	infores:epsd(primary_knowledge_source);infores:kinace(aggregator_knowledge_source);infores:automat-robokop(aggregator_knowledge_source)
Q258	e0	e_5	NCBIGene:3551	biolink:affects	NCBIGene:4790	IKBKB	NFKB1	infores:text-mining-provider-targeted(primary_knowledge_source);infores:automat-robokop(aggregator_knowledge_source)
Q258	e0	e_6	NCBIGene:3551	biolink:affects	NCBIGene:4790	IKBKB	NFKB1	infores:iptmnet(primary_knowledge_source);infores:kinace(aggregator_knowledge_source);infores:automat-robokop(aggregator_knowledge_source)
Q258	e0	e_7	NCBIGene:4790	biolink:affects	NCBIGene:3551	NFKB1	IKBKB	infores:text-mining-provider-targeted(primary_knowledge_source);infores:automat-robokop(aggregator_knowledge_source)
Q258	e0	e_8	NCBIGene:4790	biolink:affects	NCBIGene:3551	NFKB1	IKBKB	infores:text-mining-provider-targeted(primary_knowledge_source);infores:automat-robokop(aggregator_knowledge_source)
Q258	e0	e_9	NCBIGene:3551	biolink:directly_physically_interacts_with	NCBIGene:4790	IKBKB	NFKB1	infores:intact(primary_knowledge_source);infores:automat-robokop(aggregator_knowledge_source)
Q258	e0	e_10	NCBIGene:4790	biolink:directly_physically_interacts_with	NCBIGene:3551	NFKB1	IKBKB	infores:intact(primary_knowledge_source);infores:automat-robokop(aggregator_knowledge_source)
Q258	e0	e_11	NCBIGene:3551	biolink:regulates	NCBIGene:4790	IKBKB	NFKB1	infores:signor(primary_knowledge_source);infores:automat-robokop(aggregator_knowledge_source)
Q258	e0	e_12	NCBIGene:3551	biolink:regulates	NCBIGene:4790	IKBKB	NFKB1	infores:signor(primary_knowledge_source);infores:automat-robokop(aggregator_knowledge_source)
Q258	e0	e_13	NCBIGene:3551	biolink:related_to	NCBIGene:4790	IKBKB	NFKB1	infores:signor(primary_knowledge_source);infores:automat-robokop(aggregator_knowledge_source)
Q258	e0	e_14	NCBIGene:3551	biolink:related_to	NCBIGene:4790	IKBKB	NFKB1	infores:signor(primary_knowledge_source);infores:automat-robokop(aggregator_knowledge_source)
Q258	e0	e_15	NCBIGene:3551	biolink:genetically_interacts_with	NCBIGene:4790	IKBKB	NFKB1	infores:hetionet(primary_knowledge_source);infores:hetionet(aggregator_knowledge_source);infores:automat-robokop(aggregator_knowledge_source)
Q258	e0	e_16	UniProtKB:O14920-1	biolink:physically_interacts_with	UniProtKB:P19838-2	inhibitor of nuclear factor kappa-B kinase subunit beta isoform h1 (human)	nuclear factor NF-kappa-B p105 subunit isoform 2 (human)	infores:string(primary_knowledge_source);infores:automat-robokop(aggregator_knowledge_source)
Q258	e0	e_17	UniProtKB:P19838-2	biolink:physically_interacts_with	UniProtKB:O14920-1	nuclear factor NF-kappa-B p105 subunit isoform 2 (human)	inhibitor of nuclear factor kappa-B kinase subunit beta isoform h1 (human)	infores:string(primary_knowledge_source);infores:automat-robokop(aggregator_knowledge_source)
Q258	e0	e_18	UniProtKB:O14920-1	biolink:interacts_with	UniProtKB:P19838-2	inhibitor of nuclear factor kappa-B kinase subunit beta isoform h1 (human)	nuclear factor NF-kappa-B p105 subunit isoform 2 (human)	infores:string(primary_knowledge_source);infores:automat-robokop(aggregator_knowledge_source)
Q258	e0	e_19	UniProtKB:P19838-2	biolink:interacts_with	UniProtKB:O14920-1	nuclear factor NF-kappa-B p105 subunit isoform 2 (human)	inhibitor of nuclear factor kappa-B kinase subunit beta isoform h1 (human)	infores:string(primary_knowledge_source);infores:automat-robokop(aggregator_knowledge_source)
Q258	e0	e_20	UniProtKB:O14920-1	biolink:subclass_of	NCBIGene:3551	inhibitor of nuclear factor kappa-B kinase subunit beta isoform h1 (human)	IKBKB	infores:ubergraph(primary_knowledge_source);infores:automat-robokop(aggregator_knowledge_source)
Q258	e0	e_21	UniProtKB:P19838-2	biolink:subclass_of	NCBIGene:4790	nuclear factor NF-kappa-B p105 subunit isoform 2 (human)	NFKB1	infores:ubergraph(primary_knowledge_source);infores:automat-robokop(aggregator_knowledge_source)
Q258	e0	e_16_e_20_e_21	NCBIGene:3551	biolink:physically_interacts_with	NCBIGene:4790	IKBKB	NFKB1	infores:automat-robokop(primary_knowledge_source)
Q258	e0	e_17_e_20_e_21	NCBIGene:3551	biolink:physically_interacts_with	NCBIGene:4790	IKBKB	NFKB1	infores:automat-robokop(primary_knowledge_source)
Q258	e0	e_18_e_20_e_21	NCBIGene:3551	biolink:interacts_with	NCBIGene:4790	IKBKB	NFKB1	infores:automat-robokop(primary_knowledge_source)
Q258	e0	e_19_e_20_e_21	NCBIGene:3551	biolink:interacts_with	NCBIGene:4790	IKBKB	NFKB1	infores:automat-robokop(primary_knowledge_source)
Q259	e0	e_1	NCBIGene:1017	biolink:affects	NCBIGene:898	CDK2	CCNE1	infores:text-mining-provider-targeted(primary_knowledge_source);infores:automat-robokop(aggregator_knowledge_source)
Q259	e0	e_2	NCBIGene:1017	biolink:affects	NCBIGene:898	CDK2	CCNE1	infores:psite-plus(primary_knowledge_source);infores:kinace(aggregator_knowledge_source);infores:automat-robokop(aggregator_knowledge_source)
Q259	e0	e_3	NCBIGene:1017	biolink:affects	NCBIGene:898	CDK2	CCNE1	infores:epsd(primary_knowledge_source);infores:kinace(aggregator_knowledge_source);infores:automat-robokop(aggregator_knowledge_source)
Q259	e0	e_4	NCBIGene:1017	biolink:affects	NCBIGene:898	CDK2	CCNE1	infores:iptmnet(primary_knowledge_source);infores:kinace(aggregator_knowledge_source);infores:automat-robokop(aggregator_knowledge_source)
Q259	e0	e_5	NCBIGene:1017	biolink:affects	NCBIGene:898	CDK2	CCNE1	infores:text-mining-provider-targeted(primary_knowledge_source);infores:automat-robokop(aggregator_knowledge_source)
Q259	e0	e_6	NCBIGene:898	biolink:affects	NCBIGene:1017	CCNE1	CDK2	infores:text-mining-provider-targeted(primary_knowledge_source);infores:automat-robokop(aggregator_knowledge_source)
Q259	e0	e_7	NCBIGene:898	biolink:affects	NCBIGene:1017	CCNE1	CDK2	infores:text-mining-provider-targeted(primary_knowledge_source);infores:automat-robokop(aggregator_knowledge_source)
Q259	e0	e_8	NCBIGene:1017	biolink:directly_physically_interacts_with	NCBIGene:898	CDK2	CCNE1	infores:intact(primary_knowledge_source);infores:automat-robokop(aggregator_knowledge_source)
Q259	e0	e_9	NCBIGene:898	biolink:directly_physically_interacts_with	NCBIGene:1017	CCNE1	CDK2	infores:intact(primary_knowledge_source);infores:automat-robokop(aggregator_knowledge_source)
Q259	e0	e_10	NCBIGene:1017	biolink:regulates	NCBIGene:898	CDK2	CCNE1	infores:signor(primary_knowledge_source);infores:automat-robokop(aggregator_knowledge_source)
Q259	e0	e_11	NCBIGene:898	biolink:regulates	NCBIGene:1017	CCNE1	CDK2	infores:signor(primary_knowledge_source);infores:automat-robokop(aggregator_knowledge_source)
Q259	e0	e_12	NCBIGene:1017	biolink:related_to	NCBIGene:898	CDK2	CCNE1	infores:signor(primary_knowledge_source);infores:automat-robokop(aggregator_knowledge_source)
Q259	e0	e_13	NCBIGene:898	biolink:related_to	NCBIGene:1017	CCNE1	CDK2	infores:signor(primary_knowledge_source);infores:automat-robokop(aggregator_knowledge_source)
Q259	e0	e_14	NCBIGene:898	biolink:genetically_interacts_with	NCBIGene:1017	CCNE1	CDK2	infores:hetionet(primary_knowledge_source);infores:hetionet(aggregator_knowledge_source);infores:automat-robokop(aggregator_knowledge_source)
Q259	e0	e_15	UniProtKB:P24941-1	biolink:physically_interacts_with	UniProtKB:P24864-1	cyclin-dependent kinase 2 isoform h1 (human)	G1/S-specific cyclin-E1 isoform E1L (human)	infores:string(primary_knowledge_source);infores:automat-robokop(aggregator_knowledge_source)
Q259	e0	e_16	UniProtKB:P24864-1	biolink:physically_interacts_with	UniProtKB:P24941-1	G1/S-specific cyclin-E1 isoform E1L (human)	cyclin-dependent kinase 2 isoform h1 (human)	infores:string(primary_knowledge_source);infores:automat-robokop(aggregator_knowledge_source)
Q259	e0	e_17	UniProtKB:P24941-1	biolink:interacts_with	UniProtKB:P24864-1	cyclin-dependent kinase 2 isoform h1 (human)	G1/S-specific cyclin-E1 isoform E1L (human)	infores:string(primary_knowledge_source);infores:automat-robokop(aggregator_knowledge_source)
Q259	e0	e_18	UniProtKB:P24864-1	biolink:interacts_with	UniProtKB:P24941-1	G1/S-specific cyclin-E1 isoform E1L (human)	cyclin-dependent kinase 2 isoform h1 (human)	infores:string(primary_knowledge_source);infores:automat-robokop(aggregator_knowledge_source)
Q259	e0	e_19	UniProtKB:P24941-1	biolink:subclass_of	NCBIGene:1017	cyclin-dependent kinase 2 isoform h1 (human)	CDK2	infores:ubergraph(primary_knowledge_source);infores:automat-robokop(aggregator_knowledge_source)
Q259	e0	e_20	UniProtKB:P24864-1	biolink:subclass_of	NCBIGene:898	G1/S-specific cyclin-E1 isoform E1L (human)	CCNE1	infores:ubergraph(primary_knowledge_source);infores:automat-robokop(aggregator_knowledge_source)
Q259	e0	e_15_e_19_e_20	NCBIGene:1017	biolink:physically_interacts_with	NCBIGene:898	CDK2	CCNE1	infores:automat-robokop(primary_knowledge_source)
Q259	e0	e_16_e_19_e_20	NCBIGene:1017	biolink:physically_interacts_with	NCBIGene:898	CDK2	CCNE1	infores:automat-robokop(primary_knowledge_source)
Q259	e0	e_17_e_19_e_20	NCBIGene:1017	biolink:interacts_with	NCBIGene:898	CDK2	CCNE1	infores:automat-robokop(primary_knowledge_source)
Q259	e0	e_18_e_19_e_20	NCBIGene:1017	biolink:interacts_with	NCBIGene:898	CDK2	CCNE1	infores:automat-robokop(primary_knowledge_source)
Q260	e0	e_1	NCBIGene:1021	biolink:affects	NCBIGene:896	CDK6	CCND3	infores:text-mining-provider-targeted(primary_knowledge_source);infores:automat-robokop(aggregator_knowledge_source)
Q260	e0	e_2	NCBIGene:1021	biolink:affects	NCBIGene:896	CDK6	CCND3	infores:text-mining-provider-targeted(primary_knowledge_source);infores:automat-robokop(aggregator_knowledge_source)
Q260	e0	e_3	NCBIGene:896	biolink:affects	NCBIGene:1021	CCND3	CDK6	infores:text-mining-provider-targeted(primary_knowledge_source);infores:automat-robokop(aggregator_knowledge_source)
Q260	e0	e_4	NCBIGene:896	biolink:affects	NCBIGene:1021	CCND3	CDK6	infores:text-mining-provider-targeted(primary_knowledge_source);infores:automat-robokop(aggregator_knowledge_source)
Q260	e0	e_5	NCBIGene:1021	biolink:directly_physically_interacts_with	NCBIGene:896	CDK6	CCND3	infores:intact(primary_knowledge_source);infores:automat-robokop(aggregator_knowledge_source)
Q260	e0	e_6	NCBIGene:896	biolink:directly_physically_interacts_with	NCBIGene:1021	CCND3	CDK6	infores:intact(primary_knowledge_source);infores:automat-robokop(aggregator_knowledge_source)
Q260	e0	e_7	NCBIGene:896	biolink:genetically_interacts_with	NCBIGene:1021	CCND3	CDK6	infores:hetionet(primary_knowledge_source);infores:hetionet(aggregator_knowledge_source);infores:automat-robokop(aggregator_knowledge_source)
Q260	e0	e_8	NCBIGene:1021	biolink:physically_interacts_with	UniProtKB:P30281-1	CDK6	G1/S-specific cyclin-D3 isoform 1 (human)	infores:string(primary_knowledge_source);infores:automat-robokop(aggregator_knowledge_source)
Q260	e0	e_9	UniProtKB:P30281-1	biolink:physically_interacts_with	NCBIGene:1021	G1/S-specific cyclin-D3 isoform 1 (human)	CDK6	infores:string(primary_knowledge_source);infores:automat-robokop(aggregator_knowledge_source)
Q260	e0	e_10	NCBIGene:1021	biolink:interacts_with	UniProtKB:P30281-1	CDK6	G1/S-specific cyclin-D3 isoform 1 (human)	infores:string(primary_knowledge_source);infores:automat-robokop(aggregator_knowledge_source)
Q260	e0	e_11	UniProtKB:P30281-1	biolink:interacts_with	NCBIGene:1021	G1/S-specific cyclin-D3 isoform 1 (human)	CDK6	infores:string(primary_knowledge_source);infores:automat-robokop(aggregator_knowledge_source)
Q260	e0	e_12	UniProtKB:P30281-1	biolink:subclass_of	NCBIGene:896	G1/S-specific cyclin-D3 isoform 1 (human)	CCND3	infores:ubergraph(primary_knowledge_source);infores:automat-robokop(aggregator_knowledge_source)
Q260	e0	e_8_e_12	NCBIGene:1021	biolink:physically_interacts_with	NCBIGene:896	CDK6	CCND3	infores:automat-robokop(primary_knowledge_source)
Q260	e0	e_9_e_12	UniProtKB:P30281-1	biolink:physically_interacts_with	NCBIGene:896	G1/S-specific cyclin-D3 isoform 1 (human)	CCND3	infores:automat-robokop(primary_knowledge_source)
Q260	e0	e_10_e_12	NCBIGene:1021	biolink:interacts_with	NCBIGene:896	CDK6	CCND3	infores:automat-robokop(primary_knowledge_source)
Q260	e0	e_11_e_12	UniProtKB:P30281-1	biolink:interacts_with	NCBIGene:896	G1/S-specific cyclin-D3 isoform 1 (human)	CCND3	infores:automat-robokop(primary_knowledge_source)
Q261	e0	e_1	NCBIGene:2308	biolink:affects	NCBIGene:3643	FOXO1	INSR	infores:text-mining-provider-targeted(primary_knowledge_source);infores:automat-robokop(aggregator_knowledge_source)
Q261	e0	e_2	NCBIGene:2308	biolink:affects	NCBIGene:3643	FOXO1	INSR	infores:text-mining-provider-targeted(primary_knowledge_source);infores:automat-robokop(aggregator_knowledge_source)
Q261	e0	e_3	NCBIGene:3643	biolink:affects	NCBIGene:2308	INSR	FOXO1	infores:text-mining-provider-targeted(primary_knowledge_source);infores:automat-robokop(aggregator_knowledge_source)
Q261	e0	e_4	NCBIGene:2308	biolink:physically_interacts_with	UniProtKB:P06213-1	FOXO1	insulin receptor isoform Long (human)	infores:string(primary_knowledge_source);infores:automat-robokop(aggregator_knowledge_source)
Q261	e0	e_5	UniProtKB:P06213-1	biolink:physically_interacts_with	NCBIGene:2308	insulin receptor isoform Long (human)	FOXO1	infores:string(primary_knowledge_source);infores:automat-robokop(aggregator_knowledge_source)
Q261	e0	e_6	UniProtKB:P06213-1	biolink:subclass_of	NCBIGene:3643	insulin receptor isoform Long (human)	INSR	infores:ubergraph(primary_knowledge_source);infores:automat-robokop(aggregator_knowledge_source)
Q261	e0	e_4_e_6	NCBIGene:2308	biolink:physically_interacts_with	NCBIGene:3643	FOXO1	INSR	infores:automat-robokop(primary_knowledge_source)
Q261	e0	e_5_e_6	UniProtKB:P06213-1	biolink:physically_interacts_with	NCBIGene:3643	insulin receptor isoform Long (human)	INSR	infores:automat-robokop(primary_knowledge_source)
Q262	e0	e_1	NCBIGene:8660	biolink:directly_physically_interacts_with	NCBIGene:5295	IRS2	PIK3R1	infores:intact(primary_knowledge_source);infores:automat-robokop(aggregator_knowledge_source)
Q262	e0	e_2	NCBIGene:5295	biolink:directly_physically_interacts_with	NCBIGene:8660	PIK3R1	IRS2	infores:intact(primary_knowledge_source);infores:automat-robokop(aggregator_knowledge_source)
Q262	e0	e_3	NCBIGene:5295	biolink:genetically_interacts_with	NCBIGene:8660	PIK3R1	IRS2	infores:hetionet(primary_knowledge_source);infores:hetionet(aggregator_knowledge_source);infores:automat-robokop(aggregator_knowledge_source)
Q262	e0	e_4	NCBIGene:8660	biolink:physically_interacts_with	UniProtKB:P27986-1	IRS2	phosphatidylinositol 3-kinase regulatory subunit alpha isoform 1 (human)	infores:string(primary_knowledge_source);infores:automat-robokop(aggregator_knowledge_source)
Q262	e0	e_5	UniProtKB:P27986-1	biolink:physically_interacts_with	NCBIGene:8660	phosphatidylinositol 3-kinase regulatory subunit alpha isoform 1 (human)	IRS2	infores:string(primary_knowledge_source);infores:automat-robokop(aggregator_knowledge_source)
Q262	e0	e_6	NCBIGene:8660	biolink:interacts_with	UniProtKB:P27986-1	IRS2	phosphatidylinositol 3-kinase regulatory subunit alpha isoform 1 (human)	infores:string(primary_knowledge_source);infores:automat-robokop(aggregator_knowledge_source)
Q262	e0	e_7	UniProtKB:P27986-1	biolink:interacts_with	NCBIGene:8660	phosphatidylinositol 3-kinase regulatory subunit alpha isoform 1 (human)	IRS2	infores:string(primary_knowledge_source);infores:automat-robokop(aggregator_knowledge_source)
Q262	e0	e_8	UniProtKB:P27986-1	biolink:subclass_of	NCBIGene:5295	phosphatidylinositol 3-kinase regulatory subunit alpha isoform 1 (human)	PIK3R1	infores:ubergraph(primary_knowledge_source);infores:automat-robokop(aggregator_knowledge_source)
Q262	e0	e_4_e_8	NCBIGene:8660	biolink:physically_interacts_with	NCBIGene:5295	IRS2	PIK3R1	infores:automat-robokop(primary_knowledge_source)
Q262	e0	e_5_e_8	UniProtKB:P27986-1	biolink:physically_interacts_with	NCBIGene:5295	phosphatidylinositol 3-kinase regulatory subunit alpha isoform 1 (human)	PIK3R1	infores:automat-robokop(primary_knowledge_source)
Q262	e0	e_6_e_8	NCBIGene:8660	biolink:interacts_with	NCBIGene:5295	IRS2	PIK3R1	infores:automat-robokop(primary_knowledge_source)
Q262	e0	e_7_e_8	UniProtKB:P27986-1	biolink:interacts_with	NCBIGene:5295	phosphatidylinositol 3-kinase regulatory subunit alpha isoform 1 (human)	PIK3R1	infores:automat-robokop(primary_knowledge_source)
Q263	e0	e_1	UniProtKB:P35557-2	biolink:interacts_with	UniProtKB:P35575-1	hexokinase-4 isoform h2 (human)	glucose-6-phosphatase catalytic subunit 1 isoform 1 (human)	infores:string(primary_knowledge_source);infores:automat-robokop(aggregator_knowledge_source)
Q263	e0	e_2	UniProtKB:P35575-1	biolink:interacts_with	UniProtKB:P35557-2	glucose-6-phosphatase catalytic subunit 1 isoform 1 (human)	hexokinase-4 isoform h2 (human)	infores:string(primary_knowledge_source);infores:automat-robokop(aggregator_knowledge_source)
Q263	e0	e_3	UniProtKB:P35557-2	biolink:subclass_of	NCBIGene:2645	hexokinase-4 isoform h2 (human)	GCK	infores:ubergraph(primary_knowledge_source);infores:automat-robokop(aggregator_knowledge_source)
Q263	e0	e_4	UniProtKB:P35575-1	biolink:subclass_of	NCBIGene:2538	glucose-6-phosphatase catalytic subunit 1 isoform 1 (human)	G6PC1	infores:ubergraph(primary_knowledge_source);infores:automat-robokop(aggregator_knowledge_source)
Q263	e0	e_1_e_3_e_4	NCBIGene:2645	biolink:interacts_with	NCBIGene:2538	GCK	G6PC1	infores:automat-robokop(primary_knowledge_source)
Q263	e0	e_2_e_3_e_4	NCBIGene:2645	biolink:interacts_with	NCBIGene:2538	GCK	G6PC1	infores:automat-robokop(primary_knowledge_source)
Q264	e0	e_1	NCBIGene:6720	biolink:affects	NCBIGene:2194	SREBF1	FASN	infores:text-mining-provider-targeted(primary_knowledge_source);infores:automat-robokop(aggregator_knowledge_source)
Q264	e0	e_2	NCBIGene:6720	biolink:affects	NCBIGene:2194	SREBF1	FASN	infores:signor(primary_knowledge_source);infores:automat-robokop(aggregator_knowledge_source)
Q264	e0	e_3	NCBIGene:6720	biolink:regulates	NCBIGene:2194	SREBF1	FASN	infores:signor(primary_knowledge_source);infores:automat-robokop(aggregator_knowledge_source)
Q264	e0	e_4	NCBIGene:6720	biolink:related_to	NCBIGene:2194	SREBF1	FASN	infores:signor(primary_knowledge_source);infores:automat-robokop(aggregator_knowledge_source)
Q264	e0	e_5	UniProtKB:P36956-4	biolink:interacts_with	NCBIGene:2194	sterol regulatory element-binding protein 1 isoform h4 (human)	FASN	infores:string(primary_knowledge_source);infores:automat-robokop(aggregator_knowledge_source)
Q264	e0	e_6	NCBIGene:2194	biolink:interacts_with	UniProtKB:P36956-4	FASN	sterol regulatory element-binding protein 1 isoform h4 (human)	infores:string(primary_knowledge_source);infores:automat-robokop(aggregator_knowledge_source)
Q264	e0	e_7	UniProtKB:P36956-4	biolink:subclass_of	NCBIGene:6720	sterol regulatory element-binding protein 1 isoform h4 (human)	SREBF1	infores:ubergraph(primary_knowledge_source);infores:automat-robokop(aggregator_knowledge_source)
Q264	e0	e_5_e_7	NCBIGene:6720	biolink:interacts_with	NCBIGene:2194	SREBF1	FASN	infores:automat-robokop(primary_knowledge_source)
Q264	e0	e_6_e_7	NCBIGene:6720	biolink:interacts_with	UniProtKB:P36956-4	SREBF1	sterol regulatory element-binding protein 1 isoform h4 (human)	infores:automat-robokop(primary_knowledge_source)
Q265	e0	e_1	UniProtKB:P37231-1	biolink:interacts_with	NCBIGene:1149	peroxisome proliferator-activated receptor gamma isoform 2 (human)	CIDEA	infores:string(primary_knowledge_source);infores:automat-robokop(aggregator_knowledge_source)
Q265	e0	e_2	NCBIGene:1149	biolink:interacts_with	UniProtKB:P37231-1	CIDEA	peroxisome proliferator-activated receptor gamma isoform 2 (human)	infores:string(primary_knowledge_source);infores:automat-robokop(aggregator_knowledge_source)
Q265	e0	e_3	UniProtKB:P37231-1	biolink:subclass_of	NCBIGene:5468	peroxisome proliferator-activated receptor gamma isoform 2 (human)	PPARG	infores:ubergraph(primary_knowledge_source);infores:automat-robokop(aggregator_knowledge_source)
Q265	e0	e_1_e_3	NCBIGene:5468	biolink:interacts_with	NCBIGene:1149	PPARG	CIDEA	infores:automat-robokop(primary_knowledge_source)
Q265	e0	e_2_e_3	NCBIGene:5468	biolink:interacts_with	UniProtKB:P37231-1	PPARG	peroxisome proliferator-activated receptor gamma isoform 2 (human)	infores:automat-robokop(primary_knowledge_source)
Q266	e0	e_1	NCBIGene:6927	biolink:affects	NCBIGene:3172	HNF1A	HNF4A	infores:text-mining-provider-targeted(primary_knowledge_source);infores:automat-robokop(aggregator_knowledge_source)
Q266	e0	e_2	NCBIGene:6927	biolink:affects	NCBIGene:3172	HNF1A	HNF4A	infores:text-mining-provider-targeted(primary_knowledge_source);infores:automat-robokop(aggregator_knowledge_source)
Q266	e0	e_3	NCBIGene:3172	biolink:affects	NCBIGene:6927	HNF4A	HNF1A	infores:text-mining-provider-targeted(primary_knowledge_source);infores:automat-robokop(aggregator_knowledge_source)
Q266	e0	e_4	NCBIGene:3172	biolink:affects	NCBIGene:6927	HNF4A	HNF1A	infores:text-mining-provider-targeted(primary_knowledge_source);infores:automat-robokop(aggregator_knowledge_source)
Q266	e0	e_5	NCBIGene:3172	biolink:genetically_interacts_with	NCBIGene:6927	HNF4A	HNF1A	infores:hetionet(primary_knowledge_source);infores:automat-robokop(aggregator_knowledge_source)
Q267	e0	e_1	NCBIGene:9314	biolink:affects	NCBIGene:6657	KLF4	SOX2	infores:text-mining-provider-targeted(primary_knowledge_source);infores:automat-robokop(aggregator_knowledge_source)
Q267	e0	e_2	NCBIGene:9314	biolink:affects	NCBIGene:6657	KLF4	SOX2	infores:text-mining-provider-targeted(primary_knowledge_source);infores:automat-robokop(aggregator_knowledge_source)
Q267	e0	e_3	NCBIGene:6657	biolink:affects	NCBIGene:9314	SOX2	KLF4	infores:text-mining-provider-targeted(primary_knowledge_source);infores:automat-robokop(aggregator_knowledge_source)
Q267	e0	e_4	NCBIGene:6657	biolink:affects	NCBIGene:9314	SOX2	KLF4	infores:text-mining-provider-targeted(primary_knowledge_source);infores:automat-robokop(aggregator_knowledge_source)
Q267	e0	e_5	UniProtKB:O43474-1	biolink:interacts_with	NCBIGene:6657	krueppel-like factor 4 isoform h2 (human)	SOX2	infores:string(primary_knowledge_source);infores:automat-robokop(aggregator_knowledge_source)
Q267	e0	e_6	NCBIGene:6657	biolink:interacts_with	UniProtKB:O43474-1	SOX2	krueppel-like factor 4 isoform h2 (human)	infores:string(primary_knowledge_source);infores:automat-robokop(aggregator_knowledge_source)
Q267	e0	e_7	UniProtKB:O43474-1	biolink:subclass_of	NCBIGene:9314	krueppel-like factor 4 isoform h2 (human)	KLF4	infores:ubergraph(primary_knowledge_source);infores:automat-robokop(aggregator_knowledge_source)
Q267	e0	e_5_e_7	NCBIGene:9314	biolink:interacts_with	NCBIGene:6657	KLF4	SOX2	infores:automat-robokop(primary_knowledge_source)
Q267	e0	e_6_e_7	NCBIGene:9314	biolink:interacts_with	UniProtKB:O43474-1	KLF4	krueppel-like factor 4 isoform h2 (human)	infores:automat-robokop(primary_knowledge_source)
Q268	e0	e_1	NCBIGene:5460	biolink:affects	NCBIGene:79923	POU5F1	NANOG	infores:signor(primary_knowledge_source);infores:automat-robokop(aggregator_knowledge_source)
Q268	e0	e_2	NCBIGene:79923	biolink:affects	NCBIGene:5460	NANOG	POU5F1	infores:text-mining-provider-targeted(primary_knowledge_source);infores:automat-robokop(aggregator_knowledge_source)
Q268	e0	e_3	NCBIGene:79923	biolink:affects	NCBIGene:5460	NANOG	POU5F1	infores:text-mining-provider-targeted(primary_knowledge_source);infores:automat-robokop(aggregator_knowledge_source)
Q268	e0	e_4	NCBIGene:5460	biolink:regulates	NCBIGene:79923	POU5F1	NANOG	infores:signor(primary_knowledge_source);infores:automat-robokop(aggregator_knowledge_source)
Q268	e0	e_5	NCBIGene:5460	biolink:related_to	NCBIGene:79923	POU5F1	NANOG	infores:signor(primary_knowledge_source);infores:automat-robokop(aggregator_knowledge_source)
Q268	e0	e_6	UniProtKB:Q01860-1	biolink:interacts_with	UniProtKB:Q9H9S0-1	POU domain, class 5, transcription factor 1 isoform 1 (human)	homeobox protein NANOG isoform h1 (human)	infores:string(primary_knowledge_source);infores:automat-robokop(aggregator_knowledge_source)
Q268	e0	e_7	UniProtKB:Q9H9S0-1	biolink:interacts_with	UniProtKB:Q01860-1	homeobox protein NANOG isoform h1 (human)	POU domain, class 5, transcription factor 1 isoform 1 (human)	infores:string(primary_knowledge_source);infores:automat-robokop(aggregator_knowledge_source)
Q268	e0	e_8	UniProtKB:Q01860-1	biolink:subclass_of	NCBIGene:5460	POU domain, class 5, transcription factor 1 isoform 1 (human)	POU5F1	infores:ubergraph(primary_knowledge_source);infores:automat-robokop(aggregator_knowledge_source)
Q268	e0	e_9	UniProtKB:Q9H9S0-1	biolink:subclass_of	NCBIGene:79923	homeobox protein NANOG isoform h1 (human)	NANOG	infores:ubergraph(primary_knowledge_source);infores:automat-robokop(aggregator_knowledge_source)
Q268	e0	e_6_e_8_e_9	NCBIGene:5460	biolink:interacts_with	NCBIGene:79923	POU5F1	NANOG	infores:automat-robokop(primary_knowledge_source)
Q268	e0	e_7_e_8_e_9	NCBIGene:5460	biolink:interacts_with	NCBIGene:79923	POU5F1	NANOG	infores:automat-robokop(primary_knowledge_source)
Q269	e0	e_1	NCBIGene:4609	biolink:affects	NCBIGene:4149	MYC	MAX	infores:text-mining-provider-targeted(primary_knowledge_source);infores:automat-robokop(aggregator_knowledge_source)
Q269	e0	e_2	NCBIGene:4609	biolink:affects	NCBIGene:4149	MYC	MAX	infores:text-mining-provider-targeted(primary_knowledge_source);infores:automat-robokop(aggregator_knowledge_source)
Q269	e0	e_3	NCBIGene:4149	biolink:affects	NCBIGene:4609	MAX	MYC	infores:text-mining-provider-targeted(primary_knowledge_source);infores:automat-robokop(aggregator_knowledge_source)
Q269	e0	e_4	NCBIGene:4149	biolink:affects	NCBIGene:4609	MAX	MYC	infores:text-mining-provider-targeted(primary_knowledge_source);infores:automat-robokop(aggregator_knowledge_source)
Q269	e0	e_5	NCBIGene:4609	biolink:directly_physically_interacts_with	NCBIGene:4149	MYC	MAX	infores:intact(primary_knowledge_source);infores:automat-robokop(aggregator_knowledge_source)
Q269	e0	e_6	NCBIGene:4149	biolink:directly_physically_interacts_with	NCBIGene:4609	MAX	MYC	infores:intact(primary_knowledge_source);infores:automat-robokop(aggregator_knowledge_source)
Q269	e0	e_7	NCBIGene:4149	biolink:regulates	NCBIGene:4609	MAX	MYC	infores:lincs(primary_knowledge_source);infores:hetionet(aggregator_knowledge_source);infores:automat-robokop(aggregator_knowledge_source)
Q269	e0	e_8	NCBIGene:4149	biolink:regulates	NCBIGene:4609	MAX	MYC	infores:signor(primary_knowledge_source);infores:automat-robokop(aggregator_knowledge_source)
Q269	e0	e_9	NCBIGene:4149	biolink:related_to	NCBIGene:4609	MAX	MYC	infores:signor(primary_knowledge_source);infores:automat-robokop(aggregator_knowledge_source)
Q269	e0	e_10	NCBIGene:4149	biolink:genetically_interacts_with	NCBIGene:4609	MAX	MYC	infores:hetionet(primary_knowledge_source);infores:hetionet(aggregator_knowledge_source);infores:automat-robokop(aggregator_knowledge_source)
Q269	e0	e_11	UniProtKB:P01106-2	biolink:physically_interacts_with	UniProtKB:P61244-1	c-myc protein isoform 2 (human)	protein max isoform long (human)	infores:string(primary_knowledge_source);infores:automat-robokop(aggregator_knowledge_source)
Q269	e0	e_12	UniProtKB:P61244-1	biolink:physically_interacts_with	UniProtKB:P01106-2	protein max isoform long (human)	c-myc protein isoform 2 (human)	infores:string(primary_knowledge_source);infores:automat-robokop(aggregator_knowledge_source)
Q269	e0	e_13	UniProtKB:P01106-2	biolink:interacts_with	UniProtKB:P61244-1	c-myc protein isoform 2 (human)	protein max isoform long (human)	infores:string(primary_knowledge_source);infores:automat-robokop(aggregator_knowledge_source)
Q269	e0	e_14	UniProtKB:P61244-1	biolink:interacts_with	UniProtKB:P01106-2	protein max isoform long (human)	c-myc protein isoform 2 (human)	infores:string(primary_knowledge_source);infores:automat-robokop(aggregator_knowledge_source)
Q269	e0	e_15	UniProtKB:P01106-2	biolink:subclass_of	NCBIGene:4609	c-myc protein isoform 2 (human)	MYC	infores:ubergraph(primary_knowledge_source);infores:automat-robokop(aggregator_knowledge_source)
Q269	e0	e_16	UniProtKB:P61244-1	biolink:subclass_of	NCBIGene:4149	protein max isoform long (human)	MAX	infores:ubergraph(primary_knowledge_source);infores:automat-robokop(aggregator_knowledge_source)
Q269	e0	e_11_e_15_e_16	NCBIGene:4609	biolink:physically_interacts_with	NCBIGene:4149	MYC	MAX	infores:automat-robokop(primary_knowledge_source)
Q269	e0	e_12_e_15_e_16	NCBIGene:4609	biolink:physically_interacts_with	NCBIGene:4149	MYC	MAX	infores:automat-robokop(primary_knowledge_source)
Q269	e0	e_13_e_15_e_16	NCBIGene:4609	biolink:interacts_with	NCBIGene:4149	MYC	MAX	infores:automat-robokop(primary_knowledge_source)
Q269	e0	e_14_e_15_e_16	NCBIGene:4609	biolink:interacts_with	NCBIGene:4149	MYC	MAX	infores:automat-robokop(primary_knowledge_source)
Q270	e0	e_1	NCBIGene:1869	biolink:directly_physically_interacts_with	NCBIGene:5925	E2F1	RB1	infores:intact(primary_knowledge_source);infores:automat-robokop(aggregator_knowledge_source)
Q270	e0	e_2	NCBIGene:5925	biolink:directly_physically_interacts_with	NCBIGene:1869	RB1	E2F1	infores:intact(primary_knowledge_source);infores:automat-robokop(aggregator_knowledge_source)
Q270	e0	e_3	NCBIGene:1869	biolink:physically_interacts_with	NCBIGene:5925	E2F1	RB1	infores:string(primary_knowledge_source);infores:automat-robokop(aggregator_knowledge_source)
Q270	e0	e_4	NCBIGene:5925	biolink:physically_interacts_with	NCBIGene:1869	RB1	E2F1	infores:string(primary_knowledge_source);infores:automat-robokop(aggregator_knowledge_source)
Q270	e0	e_5	NCBIGene:5925	biolink:regulates	NCBIGene:1869	RB1	E2F1	infores:signor(primary_knowledge_source);infores:automat-robokop(aggregator_knowledge_source)
Q270	e0	e_6	NCBIGene:5925	biolink:related_to	NCBIGene:1869	RB1	E2F1	infores:signor(primary_knowledge_source);infores:automat-robokop(aggregator_knowledge_source)
Q270	e0	e_7	NCBIGene:1869	biolink:interacts_with	NCBIGene:5925	E2F1	RB1	infores:string(primary_knowledge_source);infores:automat-robokop(aggregator_knowledge_source)
Q270	e0	e_8	NCBIGene:5925	biolink:interacts_with	NCBIGene:1869	RB1	E2F1	infores:string(primary_knowledge_source);infores:automat-robokop(aggregator_knowledge_source)
Q270	e0	e_9	NCBIGene:1869	biolink:genetically_interacts_with	NCBIGene:5925	E2F1	RB1	infores:hetionet(primary_knowledge_source);infores:hetionet(aggregator_knowledge_source);infores:automat-robokop(aggregator_knowledge_source)
Q271	e0	e_1	NCBIGene:3065	biolink:affects	NCBIGene:25942	HDAC1	SIN3A	infores:text-mining-provider-targeted(primary_knowledge_source);infores:automat-robokop(aggregator_knowledge_source)
Q271	e0	e_2	NCBIGene:25942	biolink:affects	NCBIGene:3065	SIN3A	HDAC1	infores:text-mining-provider-targeted(primary_knowledge_source);infores:automat-robokop(aggregator_knowledge_source)
Q271	e0	e_3	NCBIGene:3065	biolink:directly_physically_interacts_with	NCBIGene:25942	HDAC1	SIN3A	infores:intact(primary_knowledge_source);infores:automat-robokop(aggregator_knowledge_source)
Q271	e0	e_4	NCBIGene:25942	biolink:directly_physically_interacts_with	NCBIGene:3065	SIN3A	HDAC1	infores:intact(primary_knowledge_source);infores:automat-robokop(aggregator_knowledge_source)
Q271	e0	e_5	NCBIGene:3065	biolink:physically_interacts_with	NCBIGene:25942	HDAC1	SIN3A	infores:string(primary_knowledge_source);infores:automat-robokop(aggregator_knowledge_source)
Q271	e0	e_6	NCBIGene:25942	biolink:physically_interacts_with	NCBIGene:3065	SIN3A	HDAC1	infores:string(primary_knowledge_source);infores:automat-robokop(aggregator_knowledge_source)
Q271	e0	e_7	NCBIGene:3065	biolink:interacts_with	NCBIGene:25942	HDAC1	SIN3A	infores:string(primary_knowledge_source);infores:automat-robokop(aggregator_knowledge_source)
Q271	e0	e_8	NCBIGene:25942	biolink:interacts_with	NCBIGene:3065	SIN3A	HDAC1	infores:string(primary_knowledge_source);infores:automat-robokop(aggregator_knowledge_source)
Q271	e0	e_9	NCBIGene:3065	biolink:genetically_interacts_with	NCBIGene:25942	HDAC1	SIN3A	infores:hetionet(primary_knowledge_source);infores:hetionet(aggregator_knowledge_source);infores:automat-robokop(aggregator_knowledge_source)
Q272	e0	e_1	NCBIGene:1786	biolink:affects	NCBIGene:29128	DNMT1	UHRF1	infores:text-mining-provider-targeted(primary_knowledge_source);infores:automat-robokop(aggregator_knowledge_source)
Q272	e0	e_2	NCBIGene:1786	biolink:affects	NCBIGene:29128	DNMT1	UHRF1	infores:text-mining-provider-targeted(primary_knowledge_source);infores:automat-robokop(aggregator_knowledge_source)
Q272	e0	e_3	NCBIGene:29128	biolink:affects	NCBIGene:1786	UHRF1	DNMT1	infores:text-mining-provider-targeted(primary_knowledge_source);infores:automat-robokop(aggregator_knowledge_source)
Q272	e0	e_4	NCBIGene:29128	biolink:affects	NCBIGene:1786	UHRF1	DNMT1	infores:text-mining-provider-targeted(primary_knowledge_source);infores:automat-robokop(aggregator_knowledge_source)
Q272	e0	e_5	NCBIGene:1786	biolink:directly_physically_interacts_with	NCBIGene:29128	DNMT1	UHRF1	infores:intact(primary_knowledge_source);infores:automat-robokop(aggregator_knowledge_source)
Q272	e0	e_6	NCBIGene:29128	biolink:directly_physically_interacts_with	NCBIGene:1786	UHRF1	DNMT1	infores:intact(primary_knowledge_source);infores:automat-robokop(aggregator_knowledge_source)
Q272	e0	e_7	UniProtKB:P26358-2	biolink:physically_interacts_with	NCBIGene:29128	DNA (cytosine-5)-methyltransferase 1 isoform h2 (human)	UHRF1	infores:string(primary_knowledge_source);infores:automat-robokop(aggregator_knowledge_source)
Q272	e0	e_8	NCBIGene:29128	biolink:physically_interacts_with	UniProtKB:P26358-2	UHRF1	DNA (cytosine-5)-methyltransferase 1 isoform h2 (human)	infores:string(primary_knowledge_source);infores:automat-robokop(aggregator_knowledge_source)
Q272	e0	e_9	UniProtKB:P26358-2	biolink:interacts_with	NCBIGene:29128	DNA (cytosine-5)-methyltransferase 1 isoform h2 (human)	UHRF1	infores:string(primary_knowledge_source);infores:automat-robokop(aggregator_knowledge_source)
Q272	e0	e_10	NCBIGene:29128	biolink:interacts_with	UniProtKB:P26358-2	UHRF1	DNA (cytosine-5)-methyltransferase 1 isoform h2 (human)	infores:string(primary_knowledge_source);infores:automat-robokop(aggregator_knowledge_source)
Q272	e0	e_11	NCBIGene:1786	biolink:genetically_interacts_with	NCBIGene:29128	DNMT1	UHRF1	infores:hetionet(primary_knowledge_source);infores:hetionet(aggregator_knowledge_source);infores:automat-robokop(aggregator_knowledge_source)
Q272	e0	e_12	UniProtKB:P26358-2	biolink:subclass_of	NCBIGene:1786	DNA (cytosine-5)-methyltransferase 1 isoform h2 (human)	DNMT1	infores:ubergraph(primary_knowledge_source);infores:automat-robokop(aggregator_knowledge_source)
Q272	e0	e_7_e_12	NCBIGene:1786	biolink:physically_interacts_with	NCBIGene:29128	DNMT1	UHRF1	infores:automat-robokop(primary_knowledge_source)
Q272	e0	e_8_e_12	NCBIGene:1786	biolink:physically_interacts_with	UniProtKB:P26358-2	DNMT1	DNA (cytosine-5)-methyltransferase 1 isoform h2 (human)	infores:automat-robokop(primary_knowledge_source)
Q272	e0	e_9_e_12	NCBIGene:1786	biolink:interacts_with	NCBIGene:29128	DNMT1	UHRF1	infores:automat-robokop(primary_knowledge_source)
Q272	e0	e_10_e_12	NCBIGene:1786	biolink:interacts_with	UniProtKB:P26358-2	DNMT1	DNA (cytosine-5)-methyltransferase 1 isoform h2 (human)	infores:automat-robokop(primary_knowledge_source)
Q273	e0	e_1	NCBIGene:2146	biolink:affects	NCBIGene:23512	EZH2	SUZ12	infores:text-mining-provider-targeted(primary_knowledge_source);infores:automat-robokop(aggregator_knowledge_source)
Q273	e0	e_2	NCBIGene:23512	biolink:affects	NCBIGene:2146	SUZ12	EZH2	infores:text-mining-provider-targeted(primary_knowledge_source);infores:automat-robokop(aggregator_knowledge_source)
Q273	e0	e_3	NCBIGene:2146	biolink:directly_physically_interacts_with	NCBIGene:23512	EZH2	SUZ12	infores:intact(primary_knowledge_source);infores:automat-robokop(aggregator_knowledge_source)
Q273	e0	e_4	NCBIGene:23512	biolink:directly_physically_interacts_with	NCBIGene:2146	SUZ12	EZH2	infores:intact(primary_knowledge_source);infores:automat-robokop(aggregator_knowledge_source)
Q273	e0	e_5	UniProtKB:Q15910-2	biolink:physically_interacts_with	NCBIGene:23512	histone-lysine N-methyltransferase EZH2 isoform h2 (human)	SUZ12	infores:string(primary_knowledge_source);infores:automat-robokop(aggregator_knowledge_source)
Q273	e0	e_6	NCBIGene:23512	biolink:physically_interacts_with	UniProtKB:Q15910-2	SUZ12	histone-lysine N-methyltransferase EZH2 isoform h2 (human)	infores:string(primary_knowledge_source);infores:automat-robokop(aggregator_knowledge_source)
Q273	e0	e_7	UniProtKB:Q15910-2	biolink:interacts_with	NCBIGene:23512	histone-lysine N-methyltransferase EZH2 isoform h2 (human)	SUZ12	infores:string(primary_knowledge_source);infores:automat-robokop(aggregator_knowledge_source)
Q273	e0	e_8	NCBIGene:23512	biolink:interacts_with	UniProtKB:Q15910-2	SUZ12	histone-lysine N-methyltransferase EZH2 isoform h2 (human)	infores:string(primary_knowledge_source);infores:automat-robokop(aggregator_knowledge_source)
Q273	e0	e_9	NCBIGene:2146	biolink:genetically_interacts_with	NCBIGene:23512	EZH2	SUZ12	infores:hetionet(primary_knowledge_source);infores:hetionet(aggregator_knowledge_source);infores:automat-robokop(aggregator_knowledge_source)
Q273	e0	e_10	UniProtKB:Q15910-2	biolink:subclass_of	NCBIGene:2146	histone-lysine N-methyltransferase EZH2 isoform h2 (human)	EZH2	infores:ubergraph(primary_knowledge_source);infores:automat-robokop(aggregator_knowledge_source)
Q273	e0	e_5_e_10	NCBIGene:2146	biolink:physically_interacts_with	NCBIGene:23512	EZH2	SUZ12	infores:automat-robokop(primary_knowledge_source)
Q273	e0	e_6_e_10	NCBIGene:2146	biolink:physically_interacts_with	UniProtKB:Q15910-2	EZH2	histone-lysine N-methyltransferase EZH2 isoform h2 (human)	infores:automat-robokop(primary_knowledge_source)
Q273	e0	e_7_e_10	NCBIGene:2146	biolink:interacts_with	NCBIGene:23512	EZH2	SUZ12	infores:automat-robokop(primary_knowledge_source)
Q273	e0	e_8_e_10	NCBIGene:2146	biolink:interacts_with	UniProtKB:Q15910-2	EZH2	histone-lysine N-methyltransferase EZH2 isoform h2 (human)	infores:automat-robokop(primary_knowledge_source)
Q274	e0	e_1	NCBIGene:23476	biolink:affects	NCBIGene:4609	BRD4	MYC	infores:signor(primary_knowledge_source);infores:automat-robokop(aggregator_knowledge_source)
Q274	e0	e_2	NCBIGene:23476	biolink:affects	NCBIGene:4609	BRD4	MYC	infores:text-mining-provider-targeted(primary_knowledge_source);infores:automat-robokop(aggregator_knowledge_source)
Q274	e0	e_3	NCBIGene:4609	biolink:affects	NCBIGene:23476	MYC	BRD4	infores:text-mining-provider-targeted(primary_knowledge_source);infores:automat-robokop(aggregator_knowledge_source)
Q274	e0	e_4	NCBIGene:4609	biolink:affects	NCBIGene:23476	MYC	BRD4	infores:text-mining-provider-targeted(primary_knowledge_source);infores:automat-robokop(aggregator_knowledge_source)
Q274	e0	e_5	NCBIGene:23476	biolink:regulates	NCBIGene:4609	BRD4	MYC	infores:lincs(primary_knowledge_source);infores:hetionet(aggregator_knowledge_source);infores:automat-robokop(aggregator_knowledge_source)
Q274	e0	e_6	NCBIGene:23476	biolink:regulates	NCBIGene:4609	BRD4	MYC	infores:signor(primary_knowledge_source);infores:automat-robokop(aggregator_knowledge_source)
Q274	e0	e_7	NCBIGene:4609	biolink:regulates	NCBIGene:23476	MYC	BRD4	infores:signor(primary_knowledge_source);infores:automat-robokop(aggregator_knowledge_source)
Q274	e0	e_8	NCBIGene:23476	biolink:related_to	NCBIGene:4609	BRD4	MYC	infores:signor(primary_knowledge_source);infores:automat-robokop(aggregator_knowledge_source)
Q274	e0	e_9	UniProtKB:O60885-1	biolink:interacts_with	UniProtKB:P01106-2	bromodomain-containing protein 4 isoform A (human)	c-myc protein isoform 2 (human)	infores:string(primary_knowledge_source);infores:automat-robokop(aggregator_knowledge_source)
Q274	e0	e_10	UniProtKB:P01106-2	biolink:interacts_with	UniProtKB:O60885-1	c-myc protein isoform 2 (human)	bromodomain-containing protein 4 isoform A (human)	infores:string(primary_knowledge_source);infores:automat-robokop(aggregator_knowledge_source)
Q274	e0	e_11	UniProtKB:O60885-1	biolink:subclass_of	NCBIGene:23476	bromodomain-containing protein 4 isoform A (human)	BRD4	infores:ubergraph(primary_knowledge_source);infores:automat-robokop(aggregator_knowledge_source)
Q274	e0	e_12	UniProtKB:P01106-2	biolink:subclass_of	NCBIGene:4609	c-myc protein isoform 2 (human)	MYC	infores:ubergraph(primary_knowledge_source);infores:automat-robokop(aggregator_knowledge_source)
Q274	e0	e_9_e_11_e_12	NCBIGene:23476	biolink:interacts_with	NCBIGene:4609	BRD4	MYC	infores:automat-robokop(primary_knowledge_source)
Q274	e0	e_10_e_11_e_12	NCBIGene:23476	biolink:interacts_with	NCBIGene:4609	BRD4	MYC	infores:automat-robokop(primary_knowledge_source)
Q275	e0	e_1	NCBIGene:6597	biolink:affects	NCBIGene:8289	SMARCA4	ARID1A	infores:text-mining-provider-targeted(primary_knowledge_source);infores:automat-robokop(aggregator_knowledge_source)
Q275	e0	e_2	NCBIGene:8289	biolink:affects	NCBIGene:6597	ARID1A	SMARCA4	infores:text-mining-provider-targeted(primary_knowledge_source);infores:automat-robokop(aggregator_knowledge_source)
Q275	e0	e_3	NCBIGene:6597	biolink:directly_physically_interacts_with	NCBIGene:8289	SMARCA4	ARID1A	infores:intact(primary_knowledge_source);infores:automat-robokop(aggregator_knowledge_source)
Q275	e0	e_4	NCBIGene:8289	biolink:directly_physically_interacts_with	NCBIGene:6597	ARID1A	SMARCA4	infores:intact(primary_knowledge_source);infores:automat-robokop(aggregator_knowledge_source)
Q275	e0	e_5	NCBIGene:6597	biolink:genetically_interacts_with	NCBIGene:8289	SMARCA4	ARID1A	infores:hetionet(primary_knowledge_source);infores:hetionet(aggregator_knowledge_source);infores:automat-robokop(aggregator_knowledge_source)
Q275	e0	e_6	UniProtKB:P51532-1	biolink:physically_interacts_with	UniProtKB:O14497-1	transcription activator BRG1 isoform h1 (human)	AT-rich interactive domain-containing protein 1A isoform h1 (human)	infores:string(primary_knowledge_source);infores:automat-robokop(aggregator_knowledge_source)
Q275	e0	e_7	UniProtKB:O14497-1	biolink:physically_interacts_with	UniProtKB:P51532-1	AT-rich interactive domain-containing protein 1A isoform h1 (human)	transcription activator BRG1 isoform h1 (human)	infores:string(primary_knowledge_source);infores:automat-robokop(aggregator_knowledge_source)
Q275	e0	e_8	UniProtKB:P51532-1	biolink:interacts_with	UniProtKB:O14497-1	transcription activator BRG1 isoform h1 (human)	AT-rich interactive domain-containing protein 1A isoform h1 (human)	infores:string(primary_knowledge_source);infores:automat-robokop(aggregator_knowledge_source)
Q275	e0	e_9	UniProtKB:O14497-1	biolink:interacts_with	UniProtKB:P51532-1	AT-rich interactive domain-containing protein 1A isoform h1 (human)	transcription activator BRG1 isoform h1 (human)	infores:string(primary_knowledge_source);infores:automat-robokop(aggregator_knowledge_source)
Q275	e0	e_10	UniProtKB:P51532-1	biolink:subclass_of	NCBIGene:6597	transcription activator BRG1 isoform h1 (human)	SMARCA4	infores:ubergraph(primary_knowledge_source);infores:automat-robokop(aggregator_knowledge_source)
Q275	e0	e_11	UniProtKB:O14497-1	biolink:subclass_of	NCBIGene:8289	AT-rich interactive domain-containing protein 1A isoform h1 (human)	ARID1A	infores:ubergraph(primary_knowledge_source);infores:automat-robokop(aggregator_knowledge_source)
Q275	e0	e_6_e_10_e_11	NCBIGene:6597	biolink:physically_interacts_with	NCBIGene:8289	SMARCA4	ARID1A	infores:automat-robokop(primary_knowledge_source)
Q275	e0	e_7_e_10_e_11	NCBIGene:6597	biolink:physically_interacts_with	NCBIGene:8289	SMARCA4	ARID1A	infores:automat-robokop(primary_knowledge_source)
Q275	e0	e_8_e_10_e_11	NCBIGene:6597	biolink:interacts_with	NCBIGene:8289	SMARCA4	ARID1A	infores:automat-robokop(primary_knowledge_source)
Q275	e0	e_9_e_10_e_11	NCBIGene:6597	biolink:interacts_with	NCBIGene:8289	SMARCA4	ARID1A	infores:automat-robokop(primary_knowledge_source)
Q276	e0	e_1	MONDO:0002334	biolink:regulates	NCBIGene:1025	hematopoietic and lymphoid system neoplasm	CDK9	infores:hetionet(primary_knowledge_source);infores:automat-robokop(aggregator_knowledge_source)
Q276	e0	e_2	MONDO:0008383	biolink:regulates	NCBIGene:1025	rheumatoid arthritis	CDK9	infores:hetionet(primary_knowledge_source);infores:automat-robokop(aggregator_knowledge_source)
Q276	e0	e_3	MONDO:0002334	biolink:subclass_of	MONDO:0000001	hematopoietic and lymphoid system neoplasm	disease	infores:ubergraph(primary_knowledge_source);infores:automat-robokop(aggregator_knowledge_source)
Q276	e0	e_4	MONDO:0008383	biolink:subclass_of	MONDO:0000001	rheumatoid arthritis	disease	infores:ubergraph(primary_knowledge_source);infores:automat-robokop(aggregator_knowledge_source)
Q276	e0	e_1_e_3	MONDO:0000001	biolink:regulates	NCBIGene:1025	disease	CDK9	infores:automat-robokop(primary_knowledge_source)
Q276	e0	e_2_e_4	MONDO:0000001	biolink:regulates	NCBIGene:1025	disease	CDK9	infores:automat-robokop(primary_knowledge_source)
Q277	e0	e_1	UniProtKB:Q93084-5	biolink:interacts_with	NCBIGene:5350	sarcoplasmic/endoplasmic reticulum calcium ATPase 3 isoform hSERCA3E (human)	PLN	infores:string(primary_knowledge_source);infores:automat-robokop(aggregator_knowledge_source)
Q277	e0	e_2	NCBIGene:5350	biolink:interacts_with	UniProtKB:Q93084-5	PLN	sarcoplasmic/endoplasmic reticulum calcium ATPase 3 isoform hSERCA3E (human)	infores:string(primary_knowledge_source);infores:automat-robokop(aggregator_knowledge_source)
Q277	e0	e_3	UniProtKB:Q93084-5	biolink:subclass_of	NCBIGene:489	sarcoplasmic/endoplasmic reticulum calcium ATPase 3 isoform hSERCA3E (human)	ATP2A3	infores:ubergraph(primary_knowledge_source);infores:automat-robokop(aggregator_knowledge_source)
Q277	e0	e_1_e_3	NCBIGene:489	biolink:interacts_with	NCBIGene:5350	ATP2A3	PLN	infores:automat-robokop(primary_knowledge_source)
Q277	e0	e_2_e_3	NCBIGene:489	biolink:interacts_with	UniProtKB:Q93084-5	ATP2A3	sarcoplasmic/endoplasmic reticulum calcium ATPase 3 isoform hSERCA3E (human)	infores:automat-robokop(primary_knowledge_source)
Q278	e0	e_1	NCBIGene:801	biolink:genetically_interacts_with	NCBIGene:6262	CALM1	RYR2	infores:hetionet(primary_knowledge_source);infores:automat-robokop(aggregator_knowledge_source)
Q280	e0	e_1	UniProtKB:Q14524-1	biolink:interacts_with	UniProtKB:Q01484-4	sodium channel protein type 5 subunit alpha isoform h1 (human)	ankyrin-2 isoform h3 (human)	infores:string(primary_knowledge_source);infores:automat-robokop(aggregator_knowledge_source)
Q280	e0	e_2	UniProtKB:Q01484-4	biolink:interacts_with	UniProtKB:Q14524-1	ankyrin-2 isoform h3 (human)	sodium channel protein type 5 subunit alpha isoform h1 (human)	infores:string(primary_knowledge_source);infores:automat-robokop(aggregator_knowledge_source)
Q280	e0	e_3	UniProtKB:Q14524-1	biolink:subclass_of	NCBIGene:6331	sodium channel protein type 5 subunit alpha isoform h1 (human)	SCN5A	infores:ubergraph(primary_knowledge_source);infores:automat-robokop(aggregator_knowledge_source)
Q280	e0	e_4	UniProtKB:Q01484-4	biolink:subclass_of	NCBIGene:287	ankyrin-2 isoform h3 (human)	ANK2	infores:ubergraph(primary_knowledge_source);infores:automat-robokop(aggregator_knowledge_source)
Q280	e0	e_1_e_3_e_4	NCBIGene:6331	biolink:interacts_with	NCBIGene:287	SCN5A	ANK2	infores:automat-robokop(primary_knowledge_source)
Q280	e0	e_2_e_3_e_4	NCBIGene:6331	biolink:interacts_with	NCBIGene:287	SCN5A	ANK2	infores:automat-robokop(primary_knowledge_source)
Q281	e0	e_1	NCBIGene:3784	biolink:affects	NCBIGene:3753	KCNQ1	KCNE1	infores:text-mining-provider-targeted(primary_knowledge_source);infores:automat-robokop(aggregator_knowledge_source)
Q281	e0	e_2	NCBIGene:3784	biolink:affects	NCBIGene:3753	KCNQ1	KCNE1	infores:text-mining-provider-targeted(primary_knowledge_source);infores:automat-robokop(aggregator_knowledge_source)
Q281	e0	e_3	NCBIGene:3753	biolink:affects	NCBIGene:3784	KCNE1	KCNQ1	infores:text-mining-provider-targeted(primary_knowledge_source);infores:automat-robokop(aggregator_knowledge_source)
Q281	e0	e_4	NCBIGene:3753	biolink:affects	NCBIGene:3784	KCNE1	KCNQ1	infores:text-mining-provider-targeted(primary_knowledge_source);infores:automat-robokop(aggregator_knowledge_source)
Q281	e0	e_5	NCBIGene:3784	biolink:directly_physically_interacts_with	NCBIGene:3753	KCNQ1	KCNE1	infores:intact(primary_knowledge_source);infores:automat-robokop(aggregator_knowledge_source)
Q281	e0	e_6	NCBIGene:3753	biolink:directly_physically_interacts_with	NCBIGene:3784	KCNE1	KCNQ1	infores:intact(primary_knowledge_source);infores:automat-robokop(aggregator_knowledge_source)
Q281	e0	e_7	UniProtKB:P51787-1	biolink:interacts_with	NCBIGene:3753	potassium voltage-gated channel subfamily KQT member 1 isoform 1 (human)	KCNE1	infores:string(primary_knowledge_source);infores:automat-robokop(aggregator_knowledge_source)
Q281	e0	e_8	NCBIGene:3753	biolink:interacts_with	UniProtKB:P51787-1	KCNE1	potassium voltage-gated channel subfamily KQT member 1 isoform 1 (human)	infores:string(primary_knowledge_source);infores:automat-robokop(aggregator_knowledge_source)
Q281	e0	e_9	NCBIGene:3753	biolink:genetically_interacts_with	NCBIGene:3784	KCNE1	KCNQ1	infores:hetionet(primary_knowledge_source);infores:hetionet(aggregator_knowledge_source);infores:automat-robokop(aggregator_knowledge_source)
Q281	e0	e_10	UniProtKB:P51787-1	biolink:subclass_of	NCBIGene:3784	potassium voltage-gated channel subfamily KQT member 1 isoform 1 (human)	KCNQ1	infores:ubergraph(primary_knowledge_source);infores:automat-robokop(aggregator_knowledge_source)
Q281	e0	e_7_e_10	NCBIGene:3784	biolink:interacts_with	NCBIGene:3753	KCNQ1	KCNE1	infores:automat-robokop(primary_knowledge_source)
Q281	e0	e_8_e_10	NCBIGene:3784	biolink:interacts_with	UniProtKB:P51787-1	KCNQ1	potassium voltage-gated channel subfamily KQT member 1 isoform 1 (human)	infores:automat-robokop(primary_knowledge_source)
Q282	e0	e_1	UniProtKB:Q12809-1	biolink:interacts_with	UniProtKB:Q08289-1	potassium voltage-gated channel subfamily H member 2 isoform A (human)	voltage-dependent L-type calcium channel subunit beta-2 isoform h2d (human)	infores:string(primary_knowledge_source);infores:automat-robokop(aggregator_knowledge_source)
Q282	e0	e_2	UniProtKB:Q08289-1	biolink:interacts_with	UniProtKB:Q12809-1	voltage-dependent L-type calcium channel subunit beta-2 isoform h2d (human)	potassium voltage-gated channel subfamily H member 2 isoform A (human)	infores:string(primary_knowledge_source);infores:automat-robokop(aggregator_knowledge_source)
Q282	e0	e_3	UniProtKB:Q12809-1	biolink:subclass_of	NCBIGene:3757	potassium voltage-gated channel subfamily H member 2 isoform A (human)	KCNH2	infores:ubergraph(primary_knowledge_source);infores:automat-robokop(aggregator_knowledge_source)
Q282	e0	e_4	UniProtKB:Q08289-1	biolink:subclass_of	NCBIGene:783	voltage-dependent L-type calcium channel subunit beta-2 isoform h2d (human)	CACNB2	infores:ubergraph(primary_knowledge_source);infores:automat-robokop(aggregator_knowledge_source)
Q282	e0	e_1_e_3_e_4	NCBIGene:3757	biolink:interacts_with	NCBIGene:783	KCNH2	CACNB2	infores:automat-robokop(primary_knowledge_source)
Q282	e0	e_2_e_3_e_4	NCBIGene:3757	biolink:interacts_with	NCBIGene:783	KCNH2	CACNB2	infores:automat-robokop(primary_knowledge_source)
Q283	e0	e_1	NCBIGene:2554	biolink:directly_physically_interacts_with	NCBIGene:2561	GABRA1	GABRB2	infores:intact(primary_knowledge_source);infores:automat-robokop(aggregator_knowledge_source)
Q283	e0	e_2	NCBIGene:2554	biolink:genetically_interacts_with	NCBIGene:2561	GABRA1	GABRB2	infores:hetionet(primary_knowledge_source);infores:hetionet(aggregator_knowledge_source);infores:automat-robokop(aggregator_knowledge_source)
Q283	e0	e_3	NCBIGene:2554	biolink:physically_interacts_with	UniProtKB:P47870-2	GABRA1	gamma-aminobutyric acid receptor subunit beta-2 isoform 1 (human)	infores:string(primary_knowledge_source);infores:automat-robokop(aggregator_knowledge_source)
Q283	e0	e_4	UniProtKB:P47870-2	biolink:physically_interacts_with	NCBIGene:2554	gamma-aminobutyric acid receptor subunit beta-2 isoform 1 (human)	GABRA1	infores:string(primary_knowledge_source);infores:automat-robokop(aggregator_knowledge_source)
Q283	e0	e_5	UniProtKB:P47870-2	biolink:subclass_of	NCBIGene:2561	gamma-aminobutyric acid receptor subunit beta-2 isoform 1 (human)	GABRB2	infores:ubergraph(primary_knowledge_source);infores:automat-robokop(aggregator_knowledge_source)
Q283	e0	e_3_e_5	NCBIGene:2554	biolink:physically_interacts_with	NCBIGene:2561	GABRA1	GABRB2	infores:automat-robokop(primary_knowledge_source)
Q283	e0	e_4_e_5	UniProtKB:P47870-2	biolink:physically_interacts_with	NCBIGene:2561	gamma-aminobutyric acid receptor subunit beta-2 isoform 1 (human)	GABRB2	infores:automat-robokop(primary_knowledge_source)
Q284	e0	e_1	NCBIGene:2904	biolink:affects	NCBIGene:1742	GRIN2B	DLG4	infores:text-mining-provider-targeted(primary_knowledge_source);infores:automat-robokop(aggregator_knowledge_source)
Q284	e0	e_2	NCBIGene:1742	biolink:directly_physically_interacts_with	NCBIGene:2904	DLG4	GRIN2B	infores:intact(primary_knowledge_source);infores:automat-robokop(aggregator_knowledge_source)
Q284	e0	e_3	NCBIGene:1742	biolink:regulates	NCBIGene:2904	DLG4	GRIN2B	infores:signor(primary_knowledge_source);infores:automat-robokop(aggregator_knowledge_source)
Q284	e0	e_4	NCBIGene:1742	biolink:related_to	NCBIGene:2904	DLG4	GRIN2B	infores:signor(primary_knowledge_source);infores:automat-robokop(aggregator_knowledge_source)
Q284	e0	e_5	NCBIGene:1742	biolink:genetically_interacts_with	NCBIGene:2904	DLG4	GRIN2B	infores:hetionet(primary_knowledge_source);infores:hetionet(aggregator_knowledge_source);infores:automat-robokop(aggregator_knowledge_source)
Q284	e0	e_6	NCBIGene:2904	biolink:physically_interacts_with	UniProtKB:P78352-2	GRIN2B	disks large homolog 4 isoform 2 (human)	infores:string(primary_knowledge_source);infores:automat-robokop(aggregator_knowledge_source)
Q284	e0	e_7	UniProtKB:P78352-2	biolink:physically_interacts_with	NCBIGene:2904	disks large homolog 4 isoform 2 (human)	GRIN2B	infores:string(primary_knowledge_source);infores:automat-robokop(aggregator_knowledge_source)
Q284	e0	e_8	NCBIGene:2904	biolink:interacts_with	UniProtKB:P78352-2	GRIN2B	disks large homolog 4 isoform 2 (human)	infores:string(primary_knowledge_source);infores:automat-robokop(aggregator_knowledge_source)
Q284	e0	e_9	UniProtKB:P78352-2	biolink:interacts_with	NCBIGene:2904	disks large homolog 4 isoform 2 (human)	GRIN2B	infores:string(primary_knowledge_source);infores:automat-robokop(aggregator_knowledge_source)
Q284	e0	e_10	UniProtKB:P78352-2	biolink:subclass_of	NCBIGene:1742	disks large homolog 4 isoform 2 (human)	DLG4	infores:ubergraph(primary_knowledge_source);infores:automat-robokop(aggregator_knowledge_source)
Q284	e0	e_6_e_10	NCBIGene:2904	biolink:physically_interacts_with	NCBIGene:1742	GRIN2B	DLG4	infores:automat-robokop(primary_knowledge_source)
Q284	e0	e_7_e_10	UniProtKB:P78352-2	biolink:physically_interacts_with	NCBIGene:1742	disks large homolog 4 isoform 2 (human)	DLG4	infores:automat-robokop(primary_knowledge_source)
Q284	e0	e_8_e_10	NCBIGene:2904	biolink:interacts_with	NCBIGene:1742	GRIN2B	DLG4	infores:automat-robokop(primary_knowledge_source)
Q284	e0	e_9_e_10	UniProtKB:P78352-2	biolink:interacts_with	NCBIGene:1742	disks large homolog 4 isoform 2 (human)	DLG4	infores:automat-robokop(primary_knowledge_source)
Q285	e0	e_1	NCBIGene:6616	biolink:affects	NCBIGene:6804	SNAP25	STX1A	infores:text-mining-provider-targeted(primary_knowledge_source);infores:automat-robokop(aggregator_knowledge_source)
Q285	e0	e_2	NCBIGene:6804	biolink:affects	NCBIGene:6616	STX1A	SNAP25	infores:text-mining-provider-targeted(primary_knowledge_source);infores:automat-robokop(aggregator_knowledge_source)
Q285	e0	e_3	NCBIGene:6616	biolink:directly_physically_interacts_with	NCBIGene:6804	SNAP25	STX1A	infores:intact(primary_knowledge_source);infores:automat-robokop(aggregator_knowledge_source)
Q285	e0	e_4	NCBIGene:6804	biolink:directly_physically_interacts_with	NCBIGene:6616	STX1A	SNAP25	infores:intact(primary_knowledge_source);infores:automat-robokop(aggregator_knowledge_source)
Q285	e0	e_5	NCBIGene:6616	biolink:genetically_interacts_with	NCBIGene:6804	SNAP25	STX1A	infores:hetionet(primary_knowledge_source);infores:hetionet(aggregator_knowledge_source);infores:automat-robokop(aggregator_knowledge_source)
Q285	e0	e_6	UniProtKB:P60880-1	biolink:physically_interacts_with	UniProtKB:Q16623-1	synaptosomal-associated protein 25 isoform 1 (human)	syntaxin-1A isoform 1 (human)	infores:string(primary_knowledge_source);infores:automat-robokop(aggregator_knowledge_source)
Q285	e0	e_7	UniProtKB:Q16623-1	biolink:physically_interacts_with	UniProtKB:P60880-1	syntaxin-1A isoform 1 (human)	synaptosomal-associated protein 25 isoform 1 (human)	infores:string(primary_knowledge_source);infores:automat-robokop(aggregator_knowledge_source)
Q285	e0	e_8	UniProtKB:P60880-1	biolink:interacts_with	UniProtKB:Q16623-1	synaptosomal-associated protein 25 isoform 1 (human)	syntaxin-1A isoform 1 (human)	infores:string(primary_knowledge_source);infores:automat-robokop(aggregator_knowledge_source)
Q285	e0	e_9	UniProtKB:Q16623-1	biolink:interacts_with	UniProtKB:P60880-1	syntaxin-1A isoform 1 (human)	synaptosomal-associated protein 25 isoform 1 (human)	infores:string(primary_knowledge_source);infores:automat-robokop(aggregator_knowledge_source)
Q285	e0	e_10	UniProtKB:P60880-1	biolink:subclass_of	NCBIGene:6616	synaptosomal-associated protein 25 isoform 1 (human)	SNAP25	infores:ubergraph(primary_knowledge_source);infores:automat-robokop(aggregator_knowledge_source)
Q285	e0	e_11	UniProtKB:Q16623-1	biolink:subclass_of	NCBIGene:6804	syntaxin-1A isoform 1 (human)	STX1A	infores:ubergraph(primary_knowledge_source);infores:automat-robokop(aggregator_knowledge_source)
Q285	e0	e_6_e_10_e_11	NCBIGene:6616	biolink:physically_interacts_with	NCBIGene:6804	SNAP25	STX1A	infores:automat-robokop(primary_knowledge_source)
Q285	e0	e_7_e_10_e_11	NCBIGene:6616	biolink:physically_interacts_with	NCBIGene:6804	SNAP25	STX1A	infores:automat-robokop(primary_knowledge_source)
Q285	e0	e_8_e_10_e_11	NCBIGene:6616	biolink:interacts_with	NCBIGene:6804	SNAP25	STX1A	infores:automat-robokop(primary_knowledge_source)
Q285	e0	e_9_e_10_e_11	NCBIGene:6616	biolink:interacts_with	NCBIGene:6804	SNAP25	STX1A	infores:automat-robokop(primary_knowledge_source)
Q286	e0	e_1	NCBIGene:6857	biolink:affects	NCBIGene:6844	SYT1	VAMP2	infores:text-mining-provider-targeted(primary_knowledge_source);infores:automat-robokop(aggregator_knowledge_source)
Q286	e0	e_2	NCBIGene:6844	biolink:affects	NCBIGene:6857	VAMP2	SYT1	infores:text-mining-provider-targeted(primary_knowledge_source);infores:automat-robokop(aggregator_knowledge_source)
Q286	e0	e_3	NCBIGene:6857	biolink:physically_interacts_with	NCBIGene:6844	SYT1	VAMP2	infores:string(primary_knowledge_source);infores:automat-robokop(aggregator_knowledge_source)
Q286	e0	e_4	NCBIGene:6844	biolink:physically_interacts_with	NCBIGene:6857	VAMP2	SYT1	infores:string(primary_knowledge_source);infores:automat-robokop(aggregator_knowledge_source)
Q286	e0	e_5	NCBIGene:6857	biolink:interacts_with	NCBIGene:6844	SYT1	VAMP2	infores:string(primary_knowledge_source);infores:automat-robokop(aggregator_knowledge_source)
Q286	e0	e_6	NCBIGene:6844	biolink:interacts_with	NCBIGene:6857	VAMP2	SYT1	infores:string(primary_knowledge_source);infores:automat-robokop(aggregator_knowledge_source)
Q287	e0	e_1	NCBIGene:3356	biolink:regulates	NCBIGene:2776	HTR2A	GNAQ	infores:signor(primary_knowledge_source);infores:automat-robokop(aggregator_knowledge_source)
Q287	e0	e_2	NCBIGene:3356	biolink:related_to	NCBIGene:2776	HTR2A	GNAQ	infores:signor(primary_knowledge_source);infores:automat-robokop(aggregator_knowledge_source)
Q287	e0	e_3	UniProtKB:P28223-1	biolink:interacts_with	NCBIGene:2776	5-hydroxytryptamine receptor 2A isoform 1 (human)	GNAQ	infores:string(primary_knowledge_source);infores:automat-robokop(aggregator_knowledge_source)
Q287	e0	e_4	NCBIGene:2776	biolink:interacts_with	UniProtKB:P28223-1	GNAQ	5-hydroxytryptamine receptor 2A isoform 1 (human)	infores:string(primary_knowledge_source);infores:automat-robokop(aggregator_knowledge_source)
Q287	e0	e_5	NCBIGene:2776	biolink:genetically_interacts_with	NCBIGene:3356	GNAQ	HTR2A	infores:hetionet(primary_knowledge_source);infores:hetionet(aggregator_knowledge_source);infores:automat-robokop(aggregator_knowledge_source)
Q287	e0	e_6	UniProtKB:P28223-1	biolink:subclass_of	NCBIGene:3356	5-hydroxytryptamine receptor 2A isoform 1 (human)	HTR2A	infores:ubergraph(primary_knowledge_source);infores:automat-robokop(aggregator_knowledge_source)
Q287	e0	e_3_e_6	NCBIGene:3356	biolink:interacts_with	NCBIGene:2776	HTR2A	GNAQ	infores:automat-robokop(primary_knowledge_source)
Q287	e0	e_4_e_6	NCBIGene:3356	biolink:interacts_with	UniProtKB:P28223-1	HTR2A	5-hydroxytryptamine receptor 2A isoform 1 (human)	infores:automat-robokop(primary_knowledge_source)
Q288	e0	e_1	NCBIGene:1813	biolink:affects	NCBIGene:2771	DRD2	GNAI2	infores:text-mining-provider-targeted(primary_knowledge_source);infores:automat-robokop(aggregator_knowledge_source)
Q288	e0	e_2	NCBIGene:2771	biolink:affects	NCBIGene:1813	GNAI2	DRD2	infores:text-mining-provider-targeted(primary_knowledge_source);infores:automat-robokop(aggregator_knowledge_source)
Q288	e0	e_3	NCBIGene:1813	biolink:genetically_interacts_with	NCBIGene:2771	DRD2	GNAI2	infores:hetionet(primary_knowledge_source);infores:hetionet(aggregator_knowledge_source);infores:automat-robokop(aggregator_knowledge_source)
Q288	e0	e_4	UniProtKB:P14416-1	biolink:physically_interacts_with	UniProtKB:P04899-1	D(2) dopamine receptor isoform 1 (human)	guanine nucleotide-binding protein G(i) subunit alpha-2 isoform 1 (human)	infores:string(primary_knowledge_source);infores:automat-robokop(aggregator_knowledge_source)
Q288	e0	e_5	UniProtKB:P04899-1	biolink:physically_interacts_with	UniProtKB:P14416-1	guanine nucleotide-binding protein G(i) subunit alpha-2 isoform 1 (human)	D(2) dopamine receptor isoform 1 (human)	infores:string(primary_knowledge_source);infores:automat-robokop(aggregator_knowledge_source)
Q288	e0	e_6	UniProtKB:P14416-1	biolink:subclass_of	NCBIGene:1813	D(2) dopamine receptor isoform 1 (human)	DRD2	infores:ubergraph(primary_knowledge_source);infores:automat-robokop(aggregator_knowledge_source)
Q288	e0	e_7	UniProtKB:P04899-1	biolink:subclass_of	NCBIGene:2771	guanine nucleotide-binding protein G(i) subunit alpha-2 isoform 1 (human)	GNAI2	infores:ubergraph(primary_knowledge_source);infores:automat-robokop(aggregator_knowledge_source)
Q288	e0	e_4_e_6_e_7	NCBIGene:1813	biolink:physically_interacts_with	NCBIGene:2771	DRD2	GNAI2	infores:automat-robokop(primary_knowledge_source)
Q288	e0	e_5_e_6_e_7	NCBIGene:1813	biolink:physically_interacts_with	NCBIGene:2771	DRD2	GNAI2	infores:automat-robokop(primary_knowledge_source)
Q289	e0	e_1	UniProtKB:P35372-10	biolink:interacts_with	UniProtKB:P32121-4	mu-type opioid receptor isoform h10 (human)	beta-arrestin-2 isoform h4 (human)	infores:string(primary_knowledge_source);infores:automat-robokop(aggregator_knowledge_source)
Q289	e0	e_2	UniProtKB:P32121-4	biolink:interacts_with	UniProtKB:P35372-10	beta-arrestin-2 isoform h4 (human)	mu-type opioid receptor isoform h10 (human)	infores:string(primary_knowledge_source);infores:automat-robokop(aggregator_knowledge_source)
Q289	e0	e_3	UniProtKB:P35372-10	biolink:subclass_of	NCBIGene:4988	mu-type opioid receptor isoform h10 (human)	OPRM1	infores:ubergraph(primary_knowledge_source);infores:automat-robokop(aggregator_knowledge_source)
Q289	e0	e_4	UniProtKB:P32121-4	biolink:subclass_of	NCBIGene:409	beta-arrestin-2 isoform h4 (human)	ARRB2	infores:ubergraph(primary_knowledge_source);infores:automat-robokop(aggregator_knowledge_source)
Q289	e0	e_1_e_3_e_4	NCBIGene:4988	biolink:interacts_with	NCBIGene:409	OPRM1	ARRB2	infores:automat-robokop(primary_knowledge_source)
Q289	e0	e_2_e_3_e_4	NCBIGene:4988	biolink:interacts_with	NCBIGene:409	OPRM1	ARRB2	infores:automat-robokop(primary_knowledge_source)
Q290	e0	e_1	NCBIGene:1268	biolink:regulates	NCBIGene:2775	CNR1	GNAO1	infores:signor(primary_knowledge_source);infores:automat-robokop(aggregator_knowledge_source)
Q290	e0	e_2	NCBIGene:1268	biolink:regulates	NCBIGene:2775	CNR1	GNAO1	infores:signor(primary_knowledge_source);infores:automat-robokop(aggregator_knowledge_source)
Q290	e0	e_3	NCBIGene:1268	biolink:related_to	NCBIGene:2775	CNR1	GNAO1	infores:signor(primary_knowledge_source);infores:automat-robokop(aggregator_knowledge_source)
Q290	e0	e_4	UniProtKB:P21554-1	biolink:physically_interacts_with	UniProtKB:P09471-2	cannabinoid receptor 1 isoform 1 (human)	guanine nucleotide-binding protein G(o) subunit alpha isoform Alpha-2 (human)	infores:string(primary_knowledge_source);infores:automat-robokop(aggregator_knowledge_source)
Q290	e0	e_5	UniProtKB:P09471-2	biolink:physically_interacts_with	UniProtKB:P21554-1	guanine nucleotide-binding protein G(o) subunit alpha isoform Alpha-2 (human)	cannabinoid receptor 1 isoform 1 (human)	infores:string(primary_knowledge_source);infores:automat-robokop(aggregator_knowledge_source)
Q290	e0	e_6	UniProtKB:P21554-1	biolink:subclass_of	NCBIGene:1268	cannabinoid receptor 1 isoform 1 (human)	CNR1	infores:ubergraph(primary_knowledge_source);infores:automat-robokop(aggregator_knowledge_source)
Q290	e0	e_7	UniProtKB:P09471-2	biolink:subclass_of	NCBIGene:2775	guanine nucleotide-binding protein G(o) subunit alpha isoform Alpha-2 (human)	GNAO1	infores:ubergraph(primary_knowledge_source);infores:automat-robokop(aggregator_knowledge_source)
Q290	e0	e_4_e_6_e_7	NCBIGene:1268	biolink:physically_interacts_with	NCBIGene:2775	CNR1	GNAO1	infores:automat-robokop(primary_knowledge_source)
Q290	e0	e_5_e_6_e_7	NCBIGene:1268	biolink:physically_interacts_with	NCBIGene:2775	CNR1	GNAO1	infores:automat-robokop(primary_knowledge_source)
Q291	e0	e_1	UniProtKB:P35348-2	biolink:physically_interacts_with	NCBIGene:2767	alpha-1A adrenergic receptor isoform h2 (human)	GNA11	infores:string(primary_knowledge_source);infores:automat-robokop(aggregator_knowledge_source)
Q291	e0	e_2	NCBIGene:2767	biolink:physically_interacts_with	UniProtKB:P35348-2	GNA11	alpha-1A adrenergic receptor isoform h2 (human)	infores:string(primary_knowledge_source);infores:automat-robokop(aggregator_knowledge_source)
Q291	e0	e_3	UniProtKB:P35348-2	biolink:subclass_of	NCBIGene:148	alpha-1A adrenergic receptor isoform h2 (human)	ADRA1A	infores:ubergraph(primary_knowledge_source);infores:automat-robokop(aggregator_knowledge_source)
Q291	e0	e_1_e_3	NCBIGene:148	biolink:physically_interacts_with	NCBIGene:2767	ADRA1A	GNA11	infores:automat-robokop(primary_knowledge_source)
Q291	e0	e_2_e_3	NCBIGene:148	biolink:physically_interacts_with	UniProtKB:P35348-2	ADRA1A	alpha-1A adrenergic receptor isoform h2 (human)	infores:automat-robokop(primary_knowledge_source)
Q292	e0	e_1	NCBIGene:1129	biolink:regulates	NCBIGene:2770	CHRM2	GNAI1	infores:signor(primary_knowledge_source);infores:automat-robokop(aggregator_knowledge_source)
Q292	e0	e_2	NCBIGene:1129	biolink:related_to	NCBIGene:2770	CHRM2	GNAI1	infores:signor(primary_knowledge_source);infores:automat-robokop(aggregator_knowledge_source)
Q292	e0	e_3	NCBIGene:1129	biolink:physically_interacts_with	UniProtKB:P63096-1	CHRM2	guanine nucleotide-binding protein G(i) subunit alpha-1 isoform 1 (human)	infores:string(primary_knowledge_source);infores:automat-robokop(aggregator_knowledge_source)
Q292	e0	e_4	UniProtKB:P63096-1	biolink:physically_interacts_with	NCBIGene:1129	guanine nucleotide-binding protein G(i) subunit alpha-1 isoform 1 (human)	CHRM2	infores:string(primary_knowledge_source);infores:automat-robokop(aggregator_knowledge_source)
Q292	e0	e_5	UniProtKB:P63096-1	biolink:subclass_of	NCBIGene:2770	guanine nucleotide-binding protein G(i) subunit alpha-1 isoform 1 (human)	GNAI1	infores:ubergraph(primary_knowledge_source);infores:automat-robokop(aggregator_knowledge_source)
Q292	e0	e_3_e_5	NCBIGene:1129	biolink:physically_interacts_with	NCBIGene:2770	CHRM2	GNAI1	infores:automat-robokop(primary_knowledge_source)
Q292	e0	e_4_e_5	UniProtKB:P63096-1	biolink:physically_interacts_with	NCBIGene:2770	guanine nucleotide-binding protein G(i) subunit alpha-1 isoform 1 (human)	GNAI1	infores:automat-robokop(primary_knowledge_source)
Q293	e0	e_1	NCBIGene:3643	biolink:affects	NCBIGene:6464	INSR	SHC1	infores:epsd(primary_knowledge_source);infores:kinace(aggregator_knowledge_source);infores:automat-robokop(aggregator_knowledge_source)
Q293	e0	e_2	NCBIGene:3643	biolink:directly_physically_interacts_with	NCBIGene:6464	INSR	SHC1	infores:intact(primary_knowledge_source);infores:automat-robokop(aggregator_knowledge_source)
Q293	e0	e_3	NCBIGene:6464	biolink:directly_physically_interacts_with	NCBIGene:3643	SHC1	INSR	infores:intact(primary_knowledge_source);infores:automat-robokop(aggregator_knowledge_source)
Q293	e0	e_4	NCBIGene:3643	biolink:regulates	NCBIGene:6464	INSR	SHC1	infores:signor(primary_knowledge_source);infores:automat-robokop(aggregator_knowledge_source)
Q293	e0	e_5	NCBIGene:3643	biolink:regulates	NCBIGene:6464	INSR	SHC1	infores:signor(primary_knowledge_source);infores:automat-robokop(aggregator_knowledge_source)
Q293	e0	e_6	NCBIGene:3643	biolink:related_to	NCBIGene:6464	INSR	SHC1	infores:signor(primary_knowledge_source);infores:automat-robokop(aggregator_knowledge_source)
Q293	e0	e_7	NCBIGene:3643	biolink:related_to	NCBIGene:6464	INSR	SHC1	infores:signor(primary_knowledge_source);infores:automat-robokop(aggregator_knowledge_source)
Q293	e0	e_8	NCBIGene:3643	biolink:genetically_interacts_with	NCBIGene:6464	INSR	SHC1	infores:hetionet(primary_knowledge_source);infores:hetionet(aggregator_knowledge_source);infores:automat-robokop(aggregator_knowledge_source)
Q293	e0	e_9	UniProtKB:P06213-1	biolink:physically_interacts_with	UniProtKB:P29353-6	insulin receptor isoform Long (human)	SHC-transforming protein 1 isoform h6 (human)	infores:string(primary_knowledge_source);infores:automat-robokop(aggregator_knowledge_source)
Q293	e0	e_10	UniProtKB:P29353-6	biolink:physically_interacts_with	UniProtKB:P06213-1	SHC-transforming protein 1 isoform h6 (human)	insulin receptor isoform Long (human)	infores:string(primary_knowledge_source);infores:automat-robokop(aggregator_knowledge_source)
Q293	e0	e_11	UniProtKB:P06213-1	biolink:subclass_of	NCBIGene:3643	insulin receptor isoform Long (human)	INSR	infores:ubergraph(primary_knowledge_source);infores:automat-robokop(aggregator_knowledge_source)
Q293	e0	e_12	UniProtKB:P29353-6	biolink:subclass_of	NCBIGene:6464	SHC-transforming protein 1 isoform h6 (human)	SHC1	infores:ubergraph(primary_knowledge_source);infores:automat-robokop(aggregator_knowledge_source)
Q293	e0	e_9_e_11_e_12	NCBIGene:3643	biolink:physically_interacts_with	NCBIGene:6464	INSR	SHC1	infores:automat-robokop(primary_knowledge_source)
Q293	e0	e_10_e_11_e_12	NCBIGene:3643	biolink:physically_interacts_with	NCBIGene:6464	INSR	SHC1	infores:automat-robokop(primary_knowledge_source)
Q294	e0	e_1	NCBIGene:1956	biolink:affects	NCBIGene:6464	EGFR	SHC1	infores:text-mining-provider-targeted(primary_knowledge_source);infores:automat-robokop(aggregator_knowledge_source)
Q294	e0	e_2	NCBIGene:6464	biolink:affects	NCBIGene:1956	SHC1	EGFR	infores:text-mining-provider-targeted(primary_knowledge_source);infores:automat-robokop(aggregator_knowledge_source)
Q294	e0	e_3	NCBIGene:1956	biolink:directly_physically_interacts_with	NCBIGene:6464	EGFR	SHC1	infores:intact(primary_knowledge_source);infores:automat-robokop(aggregator_knowledge_source)
Q294	e0	e_4	NCBIGene:6464	biolink:directly_physically_interacts_with	NCBIGene:1956	SHC1	EGFR	infores:intact(primary_knowledge_source);infores:automat-robokop(aggregator_knowledge_source)
Q294	e0	e_5	NCBIGene:1956	biolink:regulates	NCBIGene:6464	EGFR	SHC1	infores:signor(primary_knowledge_source);infores:automat-robokop(aggregator_knowledge_source)
Q294	e0	e_6	NCBIGene:1956	biolink:regulates	NCBIGene:6464	EGFR	SHC1	infores:signor(primary_knowledge_source);infores:automat-robokop(aggregator_knowledge_source)
Q294	e0	e_7	NCBIGene:1956	biolink:related_to	NCBIGene:6464	EGFR	SHC1	infores:signor(primary_knowledge_source);infores:automat-robokop(aggregator_knowledge_source)
Q294	e0	e_8	NCBIGene:1956	biolink:related_to	NCBIGene:6464	EGFR	SHC1	infores:signor(primary_knowledge_source);infores:automat-robokop(aggregator_knowledge_source)
Q294	e0	e_9	NCBIGene:1956	biolink:genetically_interacts_with	NCBIGene:6464	EGFR	SHC1	infores:hetionet(primary_knowledge_source);infores:hetionet(aggregator_knowledge_source);infores:automat-robokop(aggregator_knowledge_source)
Q294	e0	e_10	UniProtKB:P00533-1	biolink:physically_interacts_with	UniProtKB:P29353-6	epidermal growth factor receptor isoform 1 (human)	SHC-transforming protein 1 isoform h6 (human)	infores:string(primary_knowledge_source);infores:automat-robokop(aggregator_knowledge_source)
Q294	e0	e_11	UniProtKB:P29353-6	biolink:physically_interacts_with	UniProtKB:P00533-1	SHC-transforming protein 1 isoform h6 (human)	epidermal growth factor receptor isoform 1 (human)	infores:string(primary_knowledge_source);infores:automat-robokop(aggregator_knowledge_source)
Q294	e0	e_12	UniProtKB:P00533-1	biolink:interacts_with	UniProtKB:P29353-6	epidermal growth factor receptor isoform 1 (human)	SHC-transforming protein 1 isoform h6 (human)	infores:string(primary_knowledge_source);infores:automat-robokop(aggregator_knowledge_source)
Q294	e0	e_13	UniProtKB:P29353-6	biolink:interacts_with	UniProtKB:P00533-1	SHC-transforming protein 1 isoform h6 (human)	epidermal growth factor receptor isoform 1 (human)	infores:string(primary_knowledge_source);infores:automat-robokop(aggregator_knowledge_source)
Q294	e0	e_14	UniProtKB:P00533-1	biolink:subclass_of	NCBIGene:1956	epidermal growth factor receptor isoform 1 (human)	EGFR	infores:ubergraph(primary_knowledge_source);infores:automat-robokop(aggregator_knowledge_source)
Q294	e0	e_15	UniProtKB:P29353-6	biolink:subclass_of	NCBIGene:6464	SHC-transforming protein 1 isoform h6 (human)	SHC1	infores:ubergraph(primary_knowledge_source);infores:automat-robokop(aggregator_knowledge_source)
Q294	e0	e_10_e_14_e_15	NCBIGene:1956	biolink:physically_interacts_with	NCBIGene:6464	EGFR	SHC1	infores:automat-robokop(primary_knowledge_source)
Q294	e0	e_11_e_14_e_15	NCBIGene:1956	biolink:physically_interacts_with	NCBIGene:6464	EGFR	SHC1	infores:automat-robokop(primary_knowledge_source)
Q294	e0	e_12_e_14_e_15	NCBIGene:1956	biolink:interacts_with	NCBIGene:6464	EGFR	SHC1	infores:automat-robokop(primary_knowledge_source)
Q294	e0	e_13_e_14_e_15	NCBIGene:1956	biolink:interacts_with	NCBIGene:6464	EGFR	SHC1	infores:automat-robokop(primary_knowledge_source)
Q295	e0	e_1	NCBIGene:2263	biolink:affects	NCBIGene:10818	FGFR2	FRS2	infores:text-mining-provider-targeted(primary_knowledge_source);infores:automat-robokop(aggregator_knowledge_source)
Q295	e0	e_2	NCBIGene:2263	biolink:affects	NCBIGene:10818	FGFR2	FRS2	infores:text-mining-provider-targeted(primary_knowledge_source);infores:automat-robokop(aggregator_knowledge_source)
Q295	e0	e_3	NCBIGene:2263	biolink:directly_physically_interacts_with	NCBIGene:10818	FGFR2	FRS2	infores:intact(primary_knowledge_source);infores:automat-robokop(aggregator_knowledge_source)
Q295	e0	e_4	NCBIGene:2263	biolink:regulates	NCBIGene:10818	FGFR2	FRS2	infores:signor(primary_knowledge_source);infores:automat-robokop(aggregator_knowledge_source)
Q295	e0	e_5	NCBIGene:2263	biolink:related_to	NCBIGene:10818	FGFR2	FRS2	infores:signor(primary_knowledge_source);infores:automat-robokop(aggregator_knowledge_source)
Q295	e0	e_6	UniProtKB:P21802-3	biolink:interacts_with	NCBIGene:10818	fibroblast growth factor receptor 2 isoform h3 (human)	FRS2	infores:string(primary_knowledge_source);infores:automat-robokop(aggregator_knowledge_source)
Q295	e0	e_7	NCBIGene:10818	biolink:interacts_with	UniProtKB:P21802-3	FRS2	fibroblast growth factor receptor 2 isoform h3 (human)	infores:string(primary_knowledge_source);infores:automat-robokop(aggregator_knowledge_source)
Q295	e0	e_8	UniProtKB:P21802-3	biolink:subclass_of	NCBIGene:2263	fibroblast growth factor receptor 2 isoform h3 (human)	FGFR2	infores:ubergraph(primary_knowledge_source);infores:automat-robokop(aggregator_knowledge_source)
Q295	e0	e_6_e_8	NCBIGene:2263	biolink:interacts_with	NCBIGene:10818	FGFR2	FRS2	infores:automat-robokop(primary_knowledge_source)
Q295	e0	e_7_e_8	NCBIGene:2263	biolink:interacts_with	UniProtKB:P21802-3	FGFR2	fibroblast growth factor receptor 2 isoform h3 (human)	infores:automat-robokop(primary_knowledge_source)
Q296	e0	e_1	NCBIGene:3480	biolink:affects	NCBIGene:3667	IGF1R	IRS1	infores:psite-plus(primary_knowledge_source);infores:kinace(aggregator_knowledge_source);infores:automat-robokop(aggregator_knowledge_source)
Q296	e0	e_2	NCBIGene:3480	biolink:affects	NCBIGene:3667	IGF1R	IRS1	infores:text-mining-provider-targeted(primary_knowledge_source);infores:automat-robokop(aggregator_knowledge_source)
Q296	e0	e_3	NCBIGene:3480	biolink:affects	NCBIGene:3667	IGF1R	IRS1	infores:iptmnet(primary_knowledge_source);infores:kinace(aggregator_knowledge_source);infores:automat-robokop(aggregator_knowledge_source)
Q296	e0	e_4	NCBIGene:3480	biolink:affects	NCBIGene:3667	IGF1R	IRS1	infores:epsd(primary_knowledge_source);infores:kinace(aggregator_knowledge_source);infores:automat-robokop(aggregator_knowledge_source)
Q296	e0	e_5	NCBIGene:3480	biolink:affects	NCBIGene:3667	IGF1R	IRS1	infores:text-mining-provider-targeted(primary_knowledge_source);infores:automat-robokop(aggregator_knowledge_source)
Q296	e0	e_6	NCBIGene:3667	biolink:affects	NCBIGene:3480	IRS1	IGF1R	infores:text-mining-provider-targeted(primary_knowledge_source);infores:automat-robokop(aggregator_knowledge_source)
Q296	e0	e_7	NCBIGene:3667	biolink:affects	NCBIGene:3480	IRS1	IGF1R	infores:text-mining-provider-targeted(primary_knowledge_source);infores:automat-robokop(aggregator_knowledge_source)
Q296	e0	e_8	NCBIGene:3667	biolink:directly_physically_interacts_with	NCBIGene:3480	IRS1	IGF1R	infores:intact(primary_knowledge_source);infores:automat-robokop(aggregator_knowledge_source)
Q296	e0	e_9	NCBIGene:3480	biolink:physically_interacts_with	NCBIGene:3667	IGF1R	IRS1	infores:string(primary_knowledge_source);infores:automat-robokop(aggregator_knowledge_source)
Q296	e0	e_10	NCBIGene:3667	biolink:physically_interacts_with	NCBIGene:3480	IRS1	IGF1R	infores:string(primary_knowledge_source);infores:automat-robokop(aggregator_knowledge_source)
Q296	e0	e_11	NCBIGene:3480	biolink:regulates	NCBIGene:3667	IGF1R	IRS1	infores:signor(primary_knowledge_source);infores:automat-robokop(aggregator_knowledge_source)
Q296	e0	e_12	NCBIGene:3480	biolink:regulates	NCBIGene:3667	IGF1R	IRS1	infores:signor(primary_knowledge_source);infores:automat-robokop(aggregator_knowledge_source)
Q296	e0	e_13	NCBIGene:3480	biolink:related_to	NCBIGene:3667	IGF1R	IRS1	infores:signor(primary_knowledge_source);infores:automat-robokop(aggregator_knowledge_source)
Q296	e0	e_14	NCBIGene:3480	biolink:related_to	NCBIGene:3667	IGF1R	IRS1	infores:signor(primary_knowledge_source);infores:automat-robokop(aggregator_knowledge_source)
Q296	e0	e_15	NCBIGene:3480	biolink:interacts_with	NCBIGene:3667	IGF1R	IRS1	infores:string(primary_knowledge_source);infores:automat-robokop(aggregator_knowledge_source)
Q296	e0	e_16	NCBIGene:3667	biolink:interacts_with	NCBIGene:3480	IRS1	IGF1R	infores:string(primary_knowledge_source);infores:automat-robokop(aggregator_knowledge_source)
Q296	e0	e_17	NCBIGene:3480	biolink:genetically_interacts_with	NCBIGene:3667	IGF1R	IRS1	infores:hetionet(primary_knowledge_source);infores:hetionet(aggregator_knowledge_source);infores:automat-robokop(aggregator_knowledge_source)
Q297	e0	e_1	NCBIGene:2066	biolink:affects	NCBIGene:3084	ERBB4	NRG1	infores:text-mining-provider-targeted(primary_knowledge_source);infores:automat-robokop(aggregator_knowledge_source)
Q297	e0	e_2	NCBIGene:2066	biolink:affects	NCBIGene:3084	ERBB4	NRG1	infores:text-mining-provider-targeted(primary_knowledge_source);infores:automat-robokop(aggregator_knowledge_source)
Q297	e0	e_3	NCBIGene:3084	biolink:affects	NCBIGene:2066	NRG1	ERBB4	infores:text-mining-provider-targeted(primary_knowledge_source);infores:automat-robokop(aggregator_knowledge_source)
Q297	e0	e_4	NCBIGene:2066	biolink:directly_physically_interacts_with	NCBIGene:3084	ERBB4	NRG1	infores:intact(primary_knowledge_source);infores:automat-robokop(aggregator_knowledge_source)
Q297	e0	e_5	NCBIGene:3084	biolink:directly_physically_interacts_with	NCBIGene:2066	NRG1	ERBB4	infores:intact(primary_knowledge_source);infores:automat-robokop(aggregator_knowledge_source)
Q297	e0	e_6	NCBIGene:3084	biolink:directly_physically_interacts_with	NCBIGene:2066	NRG1	ERBB4	infores:ccidb(primary_knowledge_source);infores:automat-robokop(aggregator_knowledge_source)
Q297	e0	e_7	NCBIGene:3084	biolink:regulates	NCBIGene:2066	NRG1	ERBB4	infores:signor(primary_knowledge_source);infores:automat-robokop(aggregator_knowledge_source)
Q297	e0	e_8	NCBIGene:3084	biolink:related_to	NCBIGene:2066	NRG1	ERBB4	infores:signor(primary_knowledge_source);infores:automat-robokop(aggregator_knowledge_source)
Q297	e0	e_9	NCBIGene:2066	biolink:genetically_interacts_with	NCBIGene:3084	ERBB4	NRG1	infores:hetionet(primary_knowledge_source);infores:hetionet(aggregator_knowledge_source);infores:automat-robokop(aggregator_knowledge_source)
Q297	e0	e_10	UniProtKB:Q15303-1	biolink:physically_interacts_with	UniProtKB:Q02297-6	receptor tyrosine-protein kinase erbB-4 isoform JM-A CYT-1 (human)	neuregulin-1 type I-beta1a (human)	infores:string(primary_knowledge_source);infores:automat-robokop(aggregator_knowledge_source)
Q297	e0	e_11	UniProtKB:Q02297-6	biolink:physically_interacts_with	UniProtKB:Q15303-1	neuregulin-1 type I-beta1a (human)	receptor tyrosine-protein kinase erbB-4 isoform JM-A CYT-1 (human)	infores:string(primary_knowledge_source);infores:automat-robokop(aggregator_knowledge_source)
Q297	e0	e_12	UniProtKB:Q15303-1	biolink:interacts_with	UniProtKB:Q02297-6	receptor tyrosine-protein kinase erbB-4 isoform JM-A CYT-1 (human)	neuregulin-1 type I-beta1a (human)	infores:string(primary_knowledge_source);infores:automat-robokop(aggregator_knowledge_source)
Q297	e0	e_13	UniProtKB:Q02297-6	biolink:interacts_with	UniProtKB:Q15303-1	neuregulin-1 type I-beta1a (human)	receptor tyrosine-protein kinase erbB-4 isoform JM-A CYT-1 (human)	infores:string(primary_knowledge_source);infores:automat-robokop(aggregator_knowledge_source)
Q297	e0	e_14	UniProtKB:Q15303-1	biolink:subclass_of	NCBIGene:2066	receptor tyrosine-protein kinase erbB-4 isoform JM-A CYT-1 (human)	ERBB4	infores:ubergraph(primary_knowledge_source);infores:automat-robokop(aggregator_knowledge_source)
Q297	e0	e_15	UniProtKB:Q02297-6	biolink:subclass_of	NCBIGene:3084	neuregulin-1 type I-beta1a (human)	NRG1	infores:ubergraph(primary_knowledge_source);infores:automat-robokop(aggregator_knowledge_source)
Q297	e0	e_10_e_14_e_15	NCBIGene:2066	biolink:physically_interacts_with	NCBIGene:3084	ERBB4	NRG1	infores:automat-robokop(primary_knowledge_source)
Q297	e0	e_11_e_14_e_15	NCBIGene:2066	biolink:physically_interacts_with	NCBIGene:3084	ERBB4	NRG1	infores:automat-robokop(primary_knowledge_source)
Q297	e0	e_12_e_14_e_15	NCBIGene:2066	biolink:interacts_with	NCBIGene:3084	ERBB4	NRG1	infores:automat-robokop(primary_knowledge_source)
Q297	e0	e_13_e_14_e_15	NCBIGene:2066	biolink:interacts_with	NCBIGene:3084	ERBB4	NRG1	infores:automat-robokop(primary_knowledge_source)
Q298	e0	e_1	NCBIGene:8312	biolink:affects	NCBIGene:2932	AXIN1	GSK3B	infores:text-mining-provider-targeted(primary_knowledge_source);infores:automat-robokop(aggregator_knowledge_source)
Q298	e0	e_2	NCBIGene:8312	biolink:affects	NCBIGene:2932	AXIN1	GSK3B	infores:text-mining-provider-targeted(primary_knowledge_source);infores:automat-robokop(aggregator_knowledge_source)
Q298	e0	e_3	NCBIGene:2932	biolink:affects	NCBIGene:8312	GSK3B	AXIN1	infores:iptmnet(primary_knowledge_source);infores:kinace(aggregator_knowledge_source);infores:automat-robokop(aggregator_knowledge_source)
Q298	e0	e_4	NCBIGene:2932	biolink:affects	NCBIGene:8312	GSK3B	AXIN1	infores:text-mining-provider-targeted(primary_knowledge_source);infores:automat-robokop(aggregator_knowledge_source)
Q298	e0	e_5	NCBIGene:2932	biolink:affects	NCBIGene:8312	GSK3B	AXIN1	infores:text-mining-provider-targeted(primary_knowledge_source);infores:automat-robokop(aggregator_knowledge_source)
Q298	e0	e_6	NCBIGene:2932	biolink:affects	NCBIGene:8312	GSK3B	AXIN1	infores:epsd(primary_knowledge_source);infores:kinace(aggregator_knowledge_source);infores:automat-robokop(aggregator_knowledge_source)
Q298	e0	e_7	NCBIGene:8312	biolink:directly_physically_interacts_with	NCBIGene:2932	AXIN1	GSK3B	infores:intact(primary_knowledge_source);infores:automat-robokop(aggregator_knowledge_source)
Q298	e0	e_8	NCBIGene:2932	biolink:directly_physically_interacts_with	NCBIGene:8312	GSK3B	AXIN1	infores:intact(primary_knowledge_source);infores:automat-robokop(aggregator_knowledge_source)
Q298	e0	e_9	NCBIGene:2932	biolink:regulates	NCBIGene:8312	GSK3B	AXIN1	infores:signor(primary_knowledge_source);infores:automat-robokop(aggregator_knowledge_source)
Q298	e0	e_10	NCBIGene:2932	biolink:regulates	NCBIGene:8312	GSK3B	AXIN1	infores:signor(primary_knowledge_source);infores:automat-robokop(aggregator_knowledge_source)
Q298	e0	e_11	NCBIGene:2932	biolink:related_to	NCBIGene:8312	GSK3B	AXIN1	infores:signor(primary_knowledge_source);infores:automat-robokop(aggregator_knowledge_source)
Q298	e0	e_12	NCBIGene:2932	biolink:genetically_interacts_with	NCBIGene:8312	GSK3B	AXIN1	infores:hetionet(primary_knowledge_source);infores:hetionet(aggregator_knowledge_source);infores:automat-robokop(aggregator_knowledge_source)
Q298	e0	e_13	UniProtKB:O15169-1	biolink:physically_interacts_with	UniProtKB:P49841-2	Axin-1 isoform 1 (human)	glycogen synthase kinase-3 beta isoform h2 (human)	infores:string(primary_knowledge_source);infores:automat-robokop(aggregator_knowledge_source)
Q298	e0	e_14	UniProtKB:P49841-2	biolink:physically_interacts_with	UniProtKB:O15169-1	glycogen synthase kinase-3 beta isoform h2 (human)	Axin-1 isoform 1 (human)	infores:string(primary_knowledge_source);infores:automat-robokop(aggregator_knowledge_source)
Q298	e0	e_15	UniProtKB:O15169-1	biolink:interacts_with	UniProtKB:P49841-2	Axin-1 isoform 1 (human)	glycogen synthase kinase-3 beta isoform h2 (human)	infores:string(primary_knowledge_source);infores:automat-robokop(aggregator_knowledge_source)
Q298	e0	e_16	UniProtKB:P49841-2	biolink:interacts_with	UniProtKB:O15169-1	glycogen synthase kinase-3 beta isoform h2 (human)	Axin-1 isoform 1 (human)	infores:string(primary_knowledge_source);infores:automat-robokop(aggregator_knowledge_source)
Q298	e0	e_17	UniProtKB:O15169-1	biolink:subclass_of	NCBIGene:8312	Axin-1 isoform 1 (human)	AXIN1	infores:ubergraph(primary_knowledge_source);infores:automat-robokop(aggregator_knowledge_source)
Q298	e0	e_18	UniProtKB:P49841-2	biolink:subclass_of	NCBIGene:2932	glycogen synthase kinase-3 beta isoform h2 (human)	GSK3B	infores:ubergraph(primary_knowledge_source);infores:automat-robokop(aggregator_knowledge_source)
Q298	e0	e_13_e_17_e_18	NCBIGene:8312	biolink:physically_interacts_with	NCBIGene:2932	AXIN1	GSK3B	infores:automat-robokop(primary_knowledge_source)
Q298	e0	e_14_e_17_e_18	NCBIGene:8312	biolink:physically_interacts_with	NCBIGene:2932	AXIN1	GSK3B	infores:automat-robokop(primary_knowledge_source)
Q298	e0	e_15_e_17_e_18	NCBIGene:8312	biolink:interacts_with	NCBIGene:2932	AXIN1	GSK3B	infores:automat-robokop(primary_knowledge_source)
Q298	e0	e_16_e_17_e_18	NCBIGene:8312	biolink:interacts_with	NCBIGene:2932	AXIN1	GSK3B	infores:automat-robokop(primary_knowledge_source)
Q299	e0	e_1	NCBIGene:1856	biolink:interacts_with	NCBIGene:8324	DVL2	FZD7	infores:string(primary_knowledge_source);infores:automat-robokop(aggregator_knowledge_source)
Q299	e0	e_2	NCBIGene:8324	biolink:interacts_with	NCBIGene:1856	FZD7	DVL2	infores:string(primary_knowledge_source);infores:automat-robokop(aggregator_knowledge_source)
Q300	e0	e_1	NCBIGene:6608	biolink:affects	NCBIGene:5727	SMO	PTCH1	infores:text-mining-provider-targeted(primary_knowledge_source);infores:automat-robokop(aggregator_knowledge_source)
Q300	e0	e_2	NCBIGene:5727	biolink:affects	NCBIGene:6608	PTCH1	SMO	infores:text-mining-provider-targeted(primary_knowledge_source);infores:automat-robokop(aggregator_knowledge_source)
Q300	e0	e_3	NCBIGene:5727	biolink:affects	NCBIGene:6608	PTCH1	SMO	infores:text-mining-provider-targeted(primary_knowledge_source);infores:automat-robokop(aggregator_knowledge_source)
Q300	e0	e_4	NCBIGene:5727	biolink:directly_physically_interacts_with	NCBIGene:6608	PTCH1	SMO	infores:intact(primary_knowledge_source);infores:automat-robokop(aggregator_knowledge_source)
Q300	e0	e_5	NCBIGene:5727	biolink:regulates	NCBIGene:6608	PTCH1	SMO	infores:signor(primary_knowledge_source);infores:automat-robokop(aggregator_knowledge_source)
Q300	e0	e_6	NCBIGene:5727	biolink:regulates	NCBIGene:6608	PTCH1	SMO	infores:signor(primary_knowledge_source);infores:automat-robokop(aggregator_knowledge_source)
Q300	e0	e_7	NCBIGene:5727	biolink:regulates	NCBIGene:6608	PTCH1	SMO	infores:signor(primary_knowledge_source);infores:automat-robokop(aggregator_knowledge_source)
Q300	e0	e_8	NCBIGene:5727	biolink:related_to	NCBIGene:6608	PTCH1	SMO	infores:signor(primary_knowledge_source);infores:automat-robokop(aggregator_knowledge_source)
Q300	e0	e_9	NCBIGene:5727	biolink:related_to	NCBIGene:6608	PTCH1	SMO	infores:signor(primary_knowledge_source);infores:automat-robokop(aggregator_knowledge_source)
Q300	e0	e_10	NCBIGene:5727	biolink:related_to	NCBIGene:6608	PTCH1	SMO	infores:signor(primary_knowledge_source);infores:automat-robokop(aggregator_knowledge_source)
Q300	e0	e_11	NCBIGene:5727	biolink:genetically_interacts_with	NCBIGene:6608	PTCH1	SMO	infores:hetionet(primary_knowledge_source);infores:hetionet(aggregator_knowledge_source);infores:automat-robokop(aggregator_knowledge_source)
Q300	e0	e_12	NCBIGene:6608	biolink:interacts_with	UniProtKB:Q13635-1	SMO	protein patched homolog 1 isoform L (human)	infores:string(primary_knowledge_source);infores:automat-robokop(aggregator_knowledge_source)
Q300	e0	e_13	UniProtKB:Q13635-1	biolink:interacts_with	NCBIGene:6608	protein patched homolog 1 isoform L (human)	SMO	infores:string(primary_knowledge_source);infores:automat-robokop(aggregator_knowledge_source)
Q300	e0	e_14	UniProtKB:Q13635-1	biolink:subclass_of	NCBIGene:5727	protein patched homolog 1 isoform L (human)	PTCH1	infores:ubergraph(primary_knowledge_source);infores:automat-robokop(aggregator_knowledge_source)
Q300	e0	e_12_e_14	NCBIGene:6608	biolink:interacts_with	NCBIGene:5727	SMO	PTCH1	infores:automat-robokop(primary_knowledge_source)
Q300	e0	e_13_e_14	UniProtKB:Q13635-1	biolink:interacts_with	NCBIGene:5727	protein patched homolog 1 isoform L (human)	PTCH1	infores:automat-robokop(primary_knowledge_source)
