question_id	query_edge_key	edge_id	subject	predicate	object	subject_label	object_label	provenance
Q1	e0	e_1	MONDO:0005180	biolink:related_to	NCBIGene:348	Parkinson disease	APOE	infores:hetionet(primary_knowledge_source);infores:automat-robokop(aggregator_knowledge_source)
Q1	e0	e_2	NCBIGene:348	biolink:genetically_associated_with	MONDO:0005180	APOE	Parkinson disease	infores:diseases(primary_knowledge_source);infores:pharos(aggregator_knowledge_source);infores:automat-robokop(aggregator_knowledge_source)
Q2	e0	e_1	MONDO:0004975	biolink:regulates	NCBIGene:351	Alzheimer disease	APP	infores:hetionet(primary_knowledge_source);infores:automat-robokop(aggregator_knowledge_source)
Q2	e0	e_2	MONDO:0004975	biolink:related_to	NCBIGene:351	Alzheimer disease	APP	infores:hetionet(primary_knowledge_source);infores:automat-robokop(aggregator_knowledge_source)
Q2	e0	uuid:0ea2ee92-198e-11f0-be82-6045bdb3d4c0	NCBIGene:351	biolink:causes	MONDO:0007088	APP	Alzheimer disease type 1	infores:omim(primary_knowledge_source);infores:monarchinitiative(aggregator_knowledge_source);infores:medgen(aggregator_knowledge_source);infores:automat-robokop(aggregator_knowledge_source)
Q2	e0	uuid:126375fd-198e-11f0-be82-6045bdb3d4c0	NCBIGene:351	biolink:has_phenotype	MONDO:0004975	APP	Alzheimer disease	infores:hpo-annotations(primary_knowledge_source);infores:monarchinitiative(aggregator_knowledge_source);infores:automat-robokop(aggregator_knowledge_source)
Q2	e0	e_5	NCBIGene:351	biolink:genetically_associated_with	MONDO:0007088	APP	Alzheimer disease type 1	infores:monarchinitiative(primary_knowledge_source);infores:pharos(aggregator_knowledge_source);infores:automat-robokop(aggregator_knowledge_source)
Q2	e0	e_6	NCBIGene:351	biolink:genetically_associated_with	MONDO:0004975	APP	Alzheimer disease	infores:ctd(primary_knowledge_source);infores:pharos(aggregator_knowledge_source);infores:automat-robokop(aggregator_knowledge_source)
Q2	e0	e_7	NCBIGene:351	biolink:genetically_associated_with	MONDO:0004975	APP	Alzheimer disease	infores:diseases(primary_knowledge_source);infores:pharos(aggregator_knowledge_source);infores:automat-robokop(aggregator_knowledge_source)
Q2	e0	e_8	NCBIGene:351	biolink:genetically_associated_with	MONDO:0004975	APP	Alzheimer disease	infores:eram(primary_knowledge_source);infores:pharos(aggregator_knowledge_source);infores:automat-robokop(aggregator_knowledge_source)
Q2	e0	e_9	NCBIGene:351	biolink:genetically_associated_with	MONDO:0007088	APP	Alzheimer disease type 1	infores:disgenet(primary_knowledge_source);infores:pharos(aggregator_knowledge_source);infores:automat-robokop(aggregator_knowledge_source)
Q2	e0	e_10	NCBIGene:351	biolink:genetically_associated_with	MONDO:0007088	APP	Alzheimer disease type 1	infores:uniprot(primary_knowledge_source);infores:pharos(aggregator_knowledge_source);infores:automat-robokop(aggregator_knowledge_source)
Q2	e0	e_11	NCBIGene:351	biolink:genetically_associated_with	MONDO:0100087	APP	familial Alzheimer disease	infores:disgenet(primary_knowledge_source);infores:pharos(aggregator_knowledge_source);infores:automat-robokop(aggregator_knowledge_source)
Q2	e0	e_12	NCBIGene:351	biolink:genetically_associated_with	MONDO:0004975	APP	Alzheimer disease	infores:disgenet(primary_knowledge_source);infores:pharos(aggregator_knowledge_source);infores:automat-robokop(aggregator_knowledge_source)
Q2	e0	e_13	NCBIGene:351	biolink:target_for	MONDO:0004975	APP	Alzheimer disease	infores:drugcentral(primary_knowledge_source);infores:pharos(aggregator_knowledge_source);infores:automat-robokop(aggregator_knowledge_source)
Q2	e0	e_14	MONDO:0007088	biolink:subclass_of	MONDO:0004975	Alzheimer disease type 1	Alzheimer disease	infores:ubergraph(primary_knowledge_source);infores:automat-robokop(aggregator_knowledge_source)
Q2	e0	e_15	MONDO:0100087	biolink:subclass_of	MONDO:0004975	familial Alzheimer disease	Alzheimer disease	infores:ubergraph(primary_knowledge_source);infores:automat-robokop(aggregator_knowledge_source)
Q2	e0	uuid:0ea2ee92-198e-11f0-be82-6045bdb3d4c0_e_14	MONDO:0004975	biolink:causes	MONDO:0007088	Alzheimer disease	Alzheimer disease type 1	infores:automat-robokop(primary_knowledge_source)
Q2	e0	e_5_e_14	MONDO:0004975	biolink:genetically_associated_with	MONDO:0007088	Alzheimer disease	Alzheimer disease type 1	infores:automat-robokop(primary_knowledge_source)
Q2	e0	e_9_e_14	MONDO:0004975	biolink:genetically_associated_with	MONDO:0007088	Alzheimer disease	Alzheimer disease type 1	infores:automat-robokop(primary_knowledge_source)
Q2	e0	e_10_e_14	MONDO:0004975	biolink:genetically_associated_with	MONDO:0007088	Alzheimer disease	Alzheimer disease type 1	infores:automat-robokop(primary_knowledge_source)
Q2	e0	e_11_e_15	MONDO:0004975	biolink:genetically_associated_with	MONDO:0100087	Alzheimer disease	familial Alzheimer disease	infores:automat-robokop(primary_knowledge_source)
Q3	e0	e_1	MONDO:0005148	biolink:related_to	NCBIGene:3630	type 2 diabetes mellitus	INS	infores:hetionet(primary_knowledge_source);infores:automat-robokop(aggregator_knowledge_source)
Q3	e0	e_2	NCBIGene:3630	biolink:genetically_associated_with	MONDO:0005148	INS	type 2 diabetes mellitus	infores:ctd(primary_knowledge_source);infores:pharos(aggregator_knowledge_source);infores:automat-robokop(aggregator_knowledge_source)
Q3	e0	e_3	NCBIGene:3630	biolink:genetically_associated_with	MONDO:0005148	INS	type 2 diabetes mellitus	infores:diseases(primary_knowledge_source);infores:pharos(aggregator_knowledge_source);infores:automat-robokop(aggregator_knowledge_source)
Q3	e0	e_4	NCBIGene:3630	biolink:genetically_associated_with	MONDO:0005148	INS	type 2 diabetes mellitus	infores:eram(primary_knowledge_source);infores:pharos(aggregator_knowledge_source);infores:automat-robokop(aggregator_knowledge_source)
Q3	e0	e_5	NCBIGene:3630	biolink:genetically_associated_with	MONDO:0005148	INS	type 2 diabetes mellitus	infores:disgenet(primary_knowledge_source);infores:pharos(aggregator_knowledge_source);infores:automat-robokop(aggregator_knowledge_source)
Q4	e0	e_1	MONDO:0007254	biolink:related_to	NCBIGene:672	breast cancer	BRCA1	infores:hetionet(primary_knowledge_source);infores:automat-robokop(aggregator_knowledge_source)
Q4	e0	uuid:0eae1526-198e-11f0-be82-6045bdb3d4c0	NCBIGene:672	biolink:causes	MONDO:0016419	BRCA1	hereditary breast carcinoma	infores:omim(primary_knowledge_source);infores:monarchinitiative(aggregator_knowledge_source);infores:medgen(aggregator_knowledge_source);infores:automat-robokop(aggregator_knowledge_source)
Q4	e0	uuid:1eb9c75a-198e-11f0-be82-6045bdb3d4c0	NCBIGene:672	biolink:has_phenotype	MONDO:0004989	BRCA1	breast carcinoma	infores:hpo-annotations(primary_knowledge_source);infores:monarchinitiative(aggregator_knowledge_source);infores:automat-robokop(aggregator_knowledge_source)
Q4	e0	uuid:12636e0e-198e-11f0-be82-6045bdb3d4c0	NCBIGene:672	biolink:has_phenotype	MONDO:0004989	BRCA1	breast carcinoma	infores:hpo-annotations(primary_knowledge_source);infores:monarchinitiative(aggregator_knowledge_source);infores:automat-robokop(aggregator_knowledge_source)
Q4	e0	uuid:1b2629f2-198e-11f0-be82-6045bdb3d4c0	NCBIGene:672	biolink:has_phenotype	MONDO:0004989	BRCA1	breast carcinoma	infores:hpo-annotations(primary_knowledge_source);infores:monarchinitiative(aggregator_knowledge_source);infores:automat-robokop(aggregator_knowledge_source)
Q4	e0	uuid:1feae22c-198e-11f0-be82-6045bdb3d4c0	NCBIGene:672	biolink:has_phenotype	MONDO:0004989	BRCA1	breast carcinoma	infores:hpo-annotations(primary_knowledge_source);infores:monarchinitiative(aggregator_knowledge_source);infores:automat-robokop(aggregator_knowledge_source)
Q4	e0	uuid:12635dae-198e-11f0-be82-6045bdb3d4c0	NCBIGene:672	biolink:has_phenotype	MONDO:0004989	BRCA1	breast carcinoma	infores:hpo-annotations(primary_knowledge_source);infores:monarchinitiative(aggregator_knowledge_source);infores:automat-robokop(aggregator_knowledge_source)
Q4	e0	e_8	NCBIGene:672	biolink:genetically_associated_with	MONDO:0004438	BRCA1	sporadic breast cancer	infores:disgenet(primary_knowledge_source);infores:pharos(aggregator_knowledge_source);infores:automat-robokop(aggregator_knowledge_source)
Q4	e0	e_9	NCBIGene:672	biolink:genetically_associated_with	MONDO:0004988	BRCA1	breast adenocarcinoma	infores:disgenet(primary_knowledge_source);infores:pharos(aggregator_knowledge_source);infores:automat-robokop(aggregator_knowledge_source)
Q4	e0	e_10	NCBIGene:672	biolink:genetically_associated_with	MONDO:0004989	BRCA1	breast carcinoma	infores:disgenet(primary_knowledge_source);infores:pharos(aggregator_knowledge_source);infores:automat-robokop(aggregator_knowledge_source)
Q4	e0	e_11	NCBIGene:672	biolink:genetically_associated_with	MONDO:0016419	BRCA1	hereditary breast carcinoma	infores:disgenet(primary_knowledge_source);infores:pharos(aggregator_knowledge_source);infores:automat-robokop(aggregator_knowledge_source)
Q4	e0	e_12	NCBIGene:672	biolink:genetically_associated_with	MONDO:0007254	BRCA1	breast cancer	infores:disgenet(primary_knowledge_source);infores:pharos(aggregator_knowledge_source);infores:automat-robokop(aggregator_knowledge_source)
Q4	e0	e_13	NCBIGene:672	biolink:genetically_associated_with	MONDO:0016419	BRCA1	hereditary breast carcinoma	infores:uniprot(primary_knowledge_source);infores:pharos(aggregator_knowledge_source);infores:automat-robokop(aggregator_knowledge_source)
Q4	e0	e_14	NCBIGene:672	biolink:genetically_associated_with	MONDO:0004989	BRCA1	breast carcinoma	infores:ctd(primary_knowledge_source);infores:pharos(aggregator_knowledge_source);infores:automat-robokop(aggregator_knowledge_source)
Q4	e0	e_15	NCBIGene:672	biolink:genetically_associated_with	MONDO:0007254	BRCA1	breast cancer	infores:diseases(primary_knowledge_source);infores:pharos(aggregator_knowledge_source);infores:automat-robokop(aggregator_knowledge_source)
Q4	e0	e_16	NCBIGene:672	biolink:genetically_associated_with	MONDO:0007254	BRCA1	breast cancer	infores:ctd(primary_knowledge_source);infores:pharos(aggregator_knowledge_source);infores:automat-robokop(aggregator_knowledge_source)
Q4	e0	e_17	MONDO:0016419	biolink:subclass_of	MONDO:0007254	hereditary breast carcinoma	breast cancer	infores:ubergraph(primary_knowledge_source);infores:automat-robokop(aggregator_knowledge_source)
Q4	e0	e_18	MONDO:0004989	biolink:subclass_of	MONDO:0007254	breast carcinoma	breast cancer	infores:ubergraph(primary_knowledge_source);infores:automat-robokop(aggregator_knowledge_source)
Q4	e0	e_19	MONDO:0004438	biolink:subclass_of	MONDO:0007254	sporadic breast cancer	breast cancer	infores:ubergraph(primary_knowledge_source);infores:automat-robokop(aggregator_knowledge_source)
Q4	e0	e_20	MONDO:0004988	biolink:subclass_of	MONDO:0007254	breast adenocarcinoma	breast cancer	infores:ubergraph(primary_knowledge_source);infores:automat-robokop(aggregator_knowledge_source)
Q4	e0	uuid:0eae1526-198e-11f0-be82-6045bdb3d4c0_e_17	MONDO:0007254	biolink:causes	MONDO:0016419	breast cancer	hereditary breast carcinoma	infores:automat-robokop(primary_knowledge_source)
Q4	e0	uuid:1eb9c75a-198e-11f0-be82-6045bdb3d4c0_e_18	MONDO:0007254	biolink:has_phenotype	MONDO:0004989	breast cancer	breast carcinoma	infores:automat-robokop(primary_knowledge_source)
Q4	e0	uuid:12636e0e-198e-11f0-be82-6045bdb3d4c0_e_18	MONDO:0007254	biolink:has_phenotype	MONDO:0004989	breast cancer	breast carcinoma	infores:automat-robokop(primary_knowledge_source)
Q4	e0	uuid:1b2629f2-198e-11f0-be82-6045bdb3d4c0_e_18	MONDO:0007254	biolink:has_phenotype	MONDO:0004989	breast cancer	breast carcinoma	infores:automat-robokop(primary_knowledge_source)
Q4	e0	uuid:1feae22c-198e-11f0-be82-6045bdb3d4c0_e_18	MONDO:0007254	biolink:has_phenotype	MONDO:0004989	breast cancer	breast carcinoma	infores:automat-robokop(primary_knowledge_source)
Q4	e0	uuid:12635dae-198e-11f0-be82-6045bdb3d4c0_e_18	MONDO:0007254	biolink:has_phenotype	MONDO:0004989	breast cancer	breast carcinoma	infores:automat-robokop(primary_knowledge_source)
Q4	e0	e_8_e_19	MONDO:0007254	biolink:genetically_associated_with	MONDO:0004438	breast cancer	sporadic breast cancer	infores:automat-robokop(primary_knowledge_source)
Q4	e0	e_9_e_20	MONDO:0007254	biolink:genetically_associated_with	MONDO:0004988	breast cancer	breast adenocarcinoma	infores:automat-robokop(primary_knowledge_source)
Q4	e0	e_10_e_18	MONDO:0007254	biolink:genetically_associated_with	MONDO:0004989	breast cancer	breast carcinoma	infores:automat-robokop(primary_knowledge_source)
Q4	e0	e_11_e_17	MONDO:0007254	biolink:genetically_associated_with	MONDO:0016419	breast cancer	hereditary breast carcinoma	infores:automat-robokop(primary_knowledge_source)
Q4	e0	e_13_e_17	MONDO:0007254	biolink:genetically_associated_with	MONDO:0016419	breast cancer	hereditary breast carcinoma	infores:automat-robokop(primary_knowledge_source)
Q4	e0	e_14_e_18	MONDO:0007254	biolink:genetically_associated_with	MONDO:0004989	breast cancer	breast carcinoma	infores:automat-robokop(primary_knowledge_source)
Q5	e0	e_1	MONDO:0021063	biolink:regulates	NCBIGene:3845	colon cancer	KRAS	infores:hetionet(primary_knowledge_source);infores:automat-robokop(aggregator_knowledge_source)
Q5	e0	e_2	MONDO:0006519	biolink:related_to	NCBIGene:3845	rectal cancer	KRAS	infores:hetionet(primary_knowledge_source);infores:automat-robokop(aggregator_knowledge_source)
Q5	e0	e_3	MONDO:0021063	biolink:related_to	NCBIGene:3845	colon cancer	KRAS	infores:hetionet(primary_knowledge_source);infores:automat-robokop(aggregator_knowledge_source)
Q5	e0	uuid:1d887954-198e-11f0-be82-6045bdb3d4c0	NCBIGene:3845	biolink:has_phenotype	MONDO:0021063	KRAS	colon cancer	infores:hpo-annotations(primary_knowledge_source);infores:monarchinitiative(aggregator_knowledge_source);infores:automat-robokop(aggregator_knowledge_source)
Q5	e0	uuid:1eb9d31c-198e-11f0-be82-6045bdb3d4c0	NCBIGene:3845	biolink:has_phenotype	MONDO:0021063	KRAS	colon cancer	infores:hpo-annotations(primary_knowledge_source);infores:monarchinitiative(aggregator_knowledge_source);infores:automat-robokop(aggregator_knowledge_source)
Q5	e0	e_6	NCBIGene:3845	biolink:genetically_associated_with	MONDO:0002033	KRAS	cecum cancer	infores:disgenet(primary_knowledge_source);infores:pharos(aggregator_knowledge_source);infores:automat-robokop(aggregator_knowledge_source)
Q5	e0	e_7	NCBIGene:3845	biolink:genetically_associated_with	MONDO:0021063	KRAS	colon cancer	infores:ctd(primary_knowledge_source);infores:pharos(aggregator_knowledge_source);infores:automat-robokop(aggregator_knowledge_source)
Q5	e0	e_8	NCBIGene:3845	biolink:genetically_associated_with	MONDO:0021063	KRAS	colon cancer	infores:disgenet(primary_knowledge_source);infores:pharos(aggregator_knowledge_source);infores:automat-robokop(aggregator_knowledge_source)
Q5	e0	e_9	NCBIGene:3845	biolink:genetically_associated_with	MONDO:0002033	KRAS	cecum cancer	infores:ctd(primary_knowledge_source);infores:pharos(aggregator_knowledge_source);infores:automat-robokop(aggregator_knowledge_source)
Q5	e0	e_10	NCBIGene:3845	biolink:genetically_associated_with	MONDO:0024331	KRAS	colorectal carcinoma	infores:disgenet(primary_knowledge_source);infores:pharos(aggregator_knowledge_source);infores:automat-robokop(aggregator_knowledge_source)
Q5	e0	e_11	NCBIGene:3845	biolink:genetically_associated_with	MONDO:0005008	KRAS	colorectal adenocarcinoma	infores:disgenet(primary_knowledge_source);infores:pharos(aggregator_knowledge_source);infores:automat-robokop(aggregator_knowledge_source)
Q5	e0	e_12	NCBIGene:3845	biolink:genetically_associated_with	MONDO:0005575	KRAS	colorectal cancer	infores:ctd(primary_knowledge_source);infores:pharos(aggregator_knowledge_source);infores:automat-robokop(aggregator_knowledge_source)
Q5	e0	e_13	MONDO:0021063	biolink:subclass_of	MONDO:0005575	colon cancer	colorectal cancer	infores:ubergraph(primary_knowledge_source);infores:automat-robokop(aggregator_knowledge_source)
Q5	e0	e_14	MONDO:0006519	biolink:subclass_of	MONDO:0005575	rectal cancer	colorectal cancer	infores:ubergraph(primary_knowledge_source);infores:automat-robokop(aggregator_knowledge_source)
Q5	e0	e_15	MONDO:0002033	biolink:subclass_of	MONDO:0005575	cecum cancer	colorectal cancer	infores:ubergraph(primary_knowledge_source);infores:automat-robokop(aggregator_knowledge_source)
Q5	e0	e_16	MONDO:0024331	biolink:subclass_of	MONDO:0005575	colorectal carcinoma	colorectal cancer	infores:ubergraph(primary_knowledge_source);infores:automat-robokop(aggregator_knowledge_source)
Q5	e0	e_17	MONDO:0005008	biolink:subclass_of	MONDO:0005575	colorectal adenocarcinoma	colorectal cancer	infores:ubergraph(primary_knowledge_source);infores:automat-robokop(aggregator_knowledge_source)
Q5	e0	e_1_e_13	MONDO:0005575	biolink:regulates	NCBIGene:3845	colorectal cancer	KRAS	infores:automat-robokop(primary_knowledge_source)
Q5	e0	e_2_e_14	MONDO:0005575	biolink:related_to	NCBIGene:3845	colorectal cancer	KRAS	infores:automat-robokop(primary_knowledge_source)
Q5	e0	e_3_e_13	MONDO:0005575	biolink:related_to	NCBIGene:3845	colorectal cancer	KRAS	infores:automat-robokop(primary_knowledge_source)
Q5	e0	uuid:1d887954-198e-11f0-be82-6045bdb3d4c0_e_13	MONDO:0005575	biolink:has_phenotype	MONDO:0021063	colorectal cancer	colon cancer	infores:automat-robokop(primary_knowledge_source)
Q5	e0	uuid:1eb9d31c-198e-11f0-be82-6045bdb3d4c0_e_13	MONDO:0005575	biolink:has_phenotype	MONDO:0021063	colorectal cancer	colon cancer	infores:automat-robokop(primary_knowledge_source)
Q5	e0	e_6_e_15	MONDO:0005575	biolink:genetically_associated_with	MONDO:0002033	colorectal cancer	cecum cancer	infores:automat-robokop(primary_knowledge_source)
Q5	e0	e_7_e_13	MONDO:0005575	biolink:genetically_associated_with	MONDO:0021063	colorectal cancer	colon cancer	infores:automat-robokop(primary_knowledge_source)
Q5	e0	e_8_e_13	MONDO:0005575	biolink:genetically_associated_with	MONDO:0021063	colorectal cancer	colon cancer	infores:automat-robokop(primary_knowledge_source)
Q5	e0	e_9_e_15	MONDO:0005575	biolink:genetically_associated_with	MONDO:0002033	colorectal cancer	cecum cancer	infores:automat-robokop(primary_knowledge_source)
Q5	e0	e_10_e_16	MONDO:0005575	biolink:genetically_associated_with	MONDO:0024331	colorectal cancer	colorectal carcinoma	infores:automat-robokop(primary_knowledge_source)
Q5	e0	e_11_e_17	MONDO:0005575	biolink:genetically_associated_with	MONDO:0005008	colorectal cancer	colorectal adenocarcinoma	infores:automat-robokop(primary_knowledge_source)
Q6	e0	uuid:19f4f475-198e-11f0-be82-6045bdb3d4c0	NCBIGene:1956	biolink:has_phenotype	MONDO:0004991	EGFR	minimally invasive lung adenocarcinoma	infores:hpo-annotations(primary_knowledge_source);infores:monarchinitiative(aggregator_knowledge_source);infores:automat-robokop(aggregator_knowledge_source)
Q6	e0	uuid:1c5744b4-198e-11f0-be82-6045bdb3d4c0	NCBIGene:1956	biolink:has_phenotype	MONDO:0005061	EGFR	lung adenocarcinoma	infores:hpo-annotations(primary_knowledge_source);infores:monarchinitiative(aggregator_knowledge_source);infores:automat-robokop(aggregator_knowledge_source)
Q6	e0	e_3	NCBIGene:1956	biolink:genetically_associated_with	MONDO:0005061	EGFR	lung adenocarcinoma	infores:disgenet(primary_knowledge_source);infores:pharos(aggregator_knowledge_source);infores:automat-robokop(aggregator_knowledge_source)
Q6	e0	e_4	NCBIGene:1956	biolink:genetically_associated_with	MONDO:0005061	EGFR	lung adenocarcinoma	infores:ctd(primary_knowledge_source);infores:pharos(aggregator_knowledge_source);infores:automat-robokop(aggregator_knowledge_source)
Q6	e0	e_5	MONDO:0004991	biolink:subclass_of	MONDO:0005061	minimally invasive lung adenocarcinoma	lung adenocarcinoma	infores:ubergraph(primary_knowledge_source);infores:automat-robokop(aggregator_knowledge_source)
Q6	e0	uuid:19f4f475-198e-11f0-be82-6045bdb3d4c0_e_5	MONDO:0005061	biolink:has_phenotype	MONDO:0004991	lung adenocarcinoma	minimally invasive lung adenocarcinoma	infores:automat-robokop(primary_knowledge_source)
Q7	e0	e_1	MONDO:0005105	biolink:related_to	NCBIGene:673	melanoma	BRAF	infores:hetionet(primary_knowledge_source);infores:automat-robokop(aggregator_knowledge_source)
Q7	e0	uuid:18c3d9a0-198e-11f0-be82-6045bdb3d4c0	NCBIGene:673	biolink:has_phenotype	MONDO:0005105	BRAF	melanoma	infores:hpo-annotations(primary_knowledge_source);infores:monarchinitiative(aggregator_knowledge_source);infores:automat-robokop(aggregator_knowledge_source)
Q7	e0	uuid:166163c3-198e-11f0-be82-6045bdb3d4c0	NCBIGene:673	biolink:has_phenotype	MONDO:0006486	BRAF	uveal melanoma	infores:hpo-annotations(primary_knowledge_source);infores:monarchinitiative(aggregator_knowledge_source);infores:automat-robokop(aggregator_knowledge_source)
Q7	e0	uuid:18c3f18f-198e-11f0-be82-6045bdb3d4c0	NCBIGene:673	biolink:has_phenotype	MONDO:0005012	BRAF	skin melanoma	infores:hpo-annotations(primary_knowledge_source);infores:monarchinitiative(aggregator_knowledge_source);infores:automat-robokop(aggregator_knowledge_source)
Q7	e0	uuid:15303b0a-198e-11f0-be82-6045bdb3d4c0	NCBIGene:673	biolink:has_phenotype	MONDO:0023619	BRAF	lentigo maligna melanoma	infores:hpo-annotations(primary_knowledge_source);infores:monarchinitiative(aggregator_knowledge_source);infores:automat-robokop(aggregator_knowledge_source)
Q7	e0	uuid:132eece0-198e-11f0-be82-6045bdb3d4c0	NCBIGene:673	biolink:has_phenotype	MONDO:0005012	BRAF	skin melanoma	infores:hpo-annotations(primary_knowledge_source);infores:monarchinitiative(aggregator_knowledge_source);infores:automat-robokop(aggregator_knowledge_source)
Q7	e0	e_7	NCBIGene:673	biolink:genetically_associated_with	MONDO:0005012	BRAF	skin melanoma	infores:eram(primary_knowledge_source);infores:pharos(aggregator_knowledge_source);infores:automat-robokop(aggregator_knowledge_source)
Q7	e0	e_8	NCBIGene:673	biolink:genetically_associated_with	MONDO:0005105	BRAF	melanoma	infores:disgenet(primary_knowledge_source);infores:pharos(aggregator_knowledge_source);infores:automat-robokop(aggregator_knowledge_source)
Q7	e0	e_9	NCBIGene:673	biolink:genetically_associated_with	MONDO:0005105	BRAF	melanoma	infores:diseases(primary_knowledge_source);infores:pharos(aggregator_knowledge_source);infores:automat-robokop(aggregator_knowledge_source)
Q7	e0	e_10	NCBIGene:673	biolink:genetically_associated_with	MONDO:0005105	BRAF	melanoma	infores:eram(primary_knowledge_source);infores:pharos(aggregator_knowledge_source);infores:automat-robokop(aggregator_knowledge_source)
Q7	e0	e_11	NCBIGene:673	biolink:genetically_associated_with	MONDO:0005105	BRAF	melanoma	infores:ctd(primary_knowledge_source);infores:pharos(aggregator_knowledge_source);infores:automat-robokop(aggregator_knowledge_source)
Q7	e0	e_12	NCBIGene:673	biolink:genetically_associated_with	MONDO:0005012	BRAF	skin melanoma	infores:disgenet(primary_knowledge_source);infores:pharos(aggregator_knowledge_source);infores:automat-robokop(aggregator_knowledge_source)
Q7	e0	e_13	MONDO:0006486	biolink:subclass_of	MONDO:0005105	uveal melanoma	melanoma	infores:ubergraph(primary_knowledge_source);infores:automat-robokop(aggregator_knowledge_source)
Q7	e0	e_14	MONDO:0005012	biolink:subclass_of	MONDO:0005105	skin melanoma	melanoma	infores:ubergraph(primary_knowledge_source);infores:automat-robokop(aggregator_knowledge_source)
Q7	e0	e_15	MONDO:0023619	biolink:subclass_of	MONDO:0005105	lentigo maligna melanoma	melanoma	infores:ubergraph(primary_knowledge_source);infores:automat-robokop(aggregator_knowledge_source)
Q7	e0	uuid:166163c3-198e-11f0-be82-6045bdb3d4c0_e_13	MONDO:0005105	biolink:has_phenotype	MONDO:0006486	melanoma	uveal melanoma	infores:automat-robokop(primary_knowledge_source)
Q7	e0	uuid:18c3f18f-198e-11f0-be82-6045bdb3d4c0_e_14	MONDO:0005105	biolink:has_phenotype	MONDO:0005012	melanoma	skin melanoma	infores:automat-robokop(primary_knowledge_source)
Q7	e0	uuid:15303b0a-198e-11f0-be82-6045bdb3d4c0_e_15	MONDO:0005105	biolink:has_phenotype	MONDO:0023619	melanoma	lentigo maligna melanoma	infores:automat-robokop(primary_knowledge_source)
Q7	e0	uuid:132eece0-198e-11f0-be82-6045bdb3d4c0_e_14	MONDO:0005105	biolink:has_phenotype	MONDO:0005012	melanoma	skin melanoma	infores:automat-robokop(primary_knowledge_source)
Q7	e0	e_7_e_14	MONDO:0005105	biolink:genetically_associated_with	MONDO:0005012	melanoma	skin melanoma	infores:automat-robokop(primary_knowledge_source)
Q7	e0	e_12_e_14	MONDO:0005105	biolink:genetically_associated_with	MONDO:0005012	melanoma	skin melanoma	infores:automat-robokop(primary_knowledge_source)
Q8	e0	e_1	MONDO:0005306	biolink:related_to	NCBIGene:7124	ankylosing spondylitis	TNF	infores:hetionet(primary_knowledge_source);infores:automat-robokop(aggregator_knowledge_source)
Q8	e0	e_2	MONDO:0011849	biolink:related_to	NCBIGene:7124	psoriatic arthritis	TNF	infores:hetionet(primary_knowledge_source);infores:automat-robokop(aggregator_knowledge_source)
Q8	e0	e_3	MONDO:0008383	biolink:related_to	NCBIGene:7124	rheumatoid arthritis	TNF	infores:hetionet(primary_knowledge_source);infores:automat-robokop(aggregator_knowledge_source)
Q8	e0	e_4	NCBIGene:7124	biolink:genetically_associated_with	MONDO:0011849	TNF	psoriatic arthritis	infores:disgenet(primary_knowledge_source);infores:pharos(aggregator_knowledge_source);infores:automat-robokop(aggregator_knowledge_source)
Q8	e0	e_5	NCBIGene:7124	biolink:genetically_associated_with	MONDO:0008383	TNF	rheumatoid arthritis	infores:eram(primary_knowledge_source);infores:pharos(aggregator_knowledge_source);infores:automat-robokop(aggregator_knowledge_source)
Q8	e0	e_6	NCBIGene:7124	biolink:genetically_associated_with	MONDO:0011429	TNF	juvenile idiopathic arthritis	infores:eram(primary_knowledge_source);infores:pharos(aggregator_knowledge_source);infores:automat-robokop(aggregator_knowledge_source)
Q8	e0	e_7	NCBIGene:7124	biolink:genetically_associated_with	MONDO:0011429	TNF	juvenile idiopathic arthritis	infores:diseases(primary_knowledge_source);infores:pharos(aggregator_knowledge_source);infores:automat-robokop(aggregator_knowledge_source)
Q8	e0	e_8	NCBIGene:7124	biolink:genetically_associated_with	MONDO:0008383	TNF	rheumatoid arthritis	infores:ctd(primary_knowledge_source);infores:pharos(aggregator_knowledge_source);infores:automat-robokop(aggregator_knowledge_source)
Q8	e0	e_9	NCBIGene:7124	biolink:genetically_associated_with	MONDO:0011849	TNF	psoriatic arthritis	infores:ctd(primary_knowledge_source);infores:pharos(aggregator_knowledge_source);infores:automat-robokop(aggregator_knowledge_source)
Q8	e0	e_10	NCBIGene:7124	biolink:genetically_associated_with	MONDO:0011849	TNF	psoriatic arthritis	infores:eram(primary_knowledge_source);infores:pharos(aggregator_knowledge_source);infores:automat-robokop(aggregator_knowledge_source)
Q8	e0	e_11	NCBIGene:7124	biolink:genetically_associated_with	MONDO:0008383	TNF	rheumatoid arthritis	infores:disgenet(primary_knowledge_source);infores:pharos(aggregator_knowledge_source);infores:automat-robokop(aggregator_knowledge_source)
Q8	e0	e_12	NCBIGene:7124	biolink:target_for	MONDO:0008383	TNF	rheumatoid arthritis	infores:drugcentral(primary_knowledge_source);infores:pharos(aggregator_knowledge_source);infores:automat-robokop(aggregator_knowledge_source)
Q8	e0	e_13	NCBIGene:7124	biolink:target_for	MONDO:0005306	TNF	ankylosing spondylitis	infores:drugmechdb(primary_knowledge_source);infores:automat-robokop(aggregator_knowledge_source)
Q8	e0	e_14	NCBIGene:7124	biolink:target_for	MONDO:0011849	TNF	psoriatic arthritis	infores:drugcentral(primary_knowledge_source);infores:pharos(aggregator_knowledge_source);infores:automat-robokop(aggregator_knowledge_source)
Q8	e0	e_15	NCBIGene:7124	biolink:target_for	MONDO:0011849	TNF	psoriatic arthritis	infores:drugmechdb(primary_knowledge_source);infores:automat-robokop(aggregator_knowledge_source)
Q8	e0	e_16	NCBIGene:7124	biolink:target_for	MONDO:0008383	TNF	rheumatoid arthritis	infores:drugmechdb(primary_knowledge_source);infores:automat-robokop(aggregator_knowledge_source)
Q8	e0	e_17	NCBIGene:7124	biolink:target_for	MONDO:0011429	TNF	juvenile idiopathic arthritis	infores:drugmechdb(primary_knowledge_source);infores:automat-robokop(aggregator_knowledge_source)
Q8	e0	e_18	NCBIGene:7124	biolink:target_for	MONDO:0005306	TNF	ankylosing spondylitis	infores:drugcentral(primary_knowledge_source);infores:pharos(aggregator_knowledge_source);infores:automat-robokop(aggregator_knowledge_source)
Q8	e0	e_19	MONDO:0005306	biolink:subclass_of	MONDO:0008383	ankylosing spondylitis	rheumatoid arthritis	infores:ubergraph(primary_knowledge_source);infores:automat-robokop(aggregator_knowledge_source)
Q8	e0	e_20	MONDO:0011849	biolink:subclass_of	MONDO:0008383	psoriatic arthritis	rheumatoid arthritis	infores:ubergraph(primary_knowledge_source);infores:automat-robokop(aggregator_knowledge_source)
Q8	e0	e_21	MONDO:0011429	biolink:subclass_of	MONDO:0008383	juvenile idiopathic arthritis	rheumatoid arthritis	infores:ubergraph(primary_knowledge_source);infores:automat-robokop(aggregator_knowledge_source)
Q8	e0	e_22	MONDO:0011429	biolink:subclass_of	MONDO:0008383	juvenile idiopathic arthritis	rheumatoid arthritis	infores:drugmechdb(primary_knowledge_source);infores:automat-robokop(aggregator_knowledge_source)
Q8	e0	e_1_e_19	MONDO:0008383	biolink:related_to	NCBIGene:7124	rheumatoid arthritis	TNF	infores:automat-robokop(primary_knowledge_source)
Q8	e0	e_2_e_20	MONDO:0008383	biolink:related_to	NCBIGene:7124	rheumatoid arthritis	TNF	infores:automat-robokop(primary_knowledge_source)
Q8	e0	e_4_e_20	MONDO:0008383	biolink:genetically_associated_with	MONDO:0011849	rheumatoid arthritis	psoriatic arthritis	infores:automat-robokop(primary_knowledge_source)
Q8	e0	e_6_e_21	MONDO:0008383	biolink:genetically_associated_with	MONDO:0011429	rheumatoid arthritis	juvenile idiopathic arthritis	infores:automat-robokop(primary_knowledge_source)
Q8	e0	e_6_e_22	MONDO:0008383	biolink:genetically_associated_with	MONDO:0011429	rheumatoid arthritis	juvenile idiopathic arthritis	infores:automat-robokop(primary_knowledge_source)
Q8	e0	e_7_e_21	MONDO:0008383	biolink:genetically_associated_with	MONDO:0011429	rheumatoid arthritis	juvenile idiopathic arthritis	infores:automat-robokop(primary_knowledge_source)
Q8	e0	e_7_e_22	MONDO:0008383	biolink:genetically_associated_with	MONDO:0011429	rheumatoid arthritis	juvenile idiopathic arthritis	infores:automat-robokop(primary_knowledge_source)
Q8	e0	e_9_e_20	MONDO:0008383	biolink:genetically_associated_with	MONDO:0011849	rheumatoid arthritis	psoriatic arthritis	infores:automat-robokop(primary_knowledge_source)
Q8	e0	e_10_e_20	MONDO:0008383	biolink:genetically_associated_with	MONDO:0011849	rheumatoid arthritis	psoriatic arthritis	infores:automat-robokop(primary_knowledge_source)
Q8	e0	e_13_e_19	MONDO:0008383	biolink:target_for	MONDO:0005306	rheumatoid arthritis	ankylosing spondylitis	infores:automat-robokop(primary_knowledge_source)
Q8	e0	e_14_e_20	MONDO:0008383	biolink:target_for	MONDO:0011849	rheumatoid arthritis	psoriatic arthritis	infores:automat-robokop(primary_knowledge_source)
Q8	e0	e_15_e_20	MONDO:0008383	biolink:target_for	MONDO:0011849	rheumatoid arthritis	psoriatic arthritis	infores:automat-robokop(primary_knowledge_source)
Q8	e0	e_17_e_21	MONDO:0008383	biolink:target_for	MONDO:0011429	rheumatoid arthritis	juvenile idiopathic arthritis	infores:automat-robokop(primary_knowledge_source)
Q8	e0	e_17_e_22	MONDO:0008383	biolink:target_for	MONDO:0011429	rheumatoid arthritis	juvenile idiopathic arthritis	infores:automat-robokop(primary_knowledge_source)
Q8	e0	e_18_e_19	MONDO:0008383	biolink:target_for	MONDO:0005306	rheumatoid arthritis	ankylosing spondylitis	infores:automat-robokop(primary_knowledge_source)
Q9	e0	uuid:0ec44118-198e-11f0-be82-6045bdb3d4c0	NCBIGene:149233	biolink:contributes_to	MONDO:0012840	IL23R	inflammatory bowel disease 17	infores:omim(primary_knowledge_source);infores:monarchinitiative(aggregator_knowledge_source);infores:medgen(aggregator_knowledge_source);infores:automat-robokop(aggregator_knowledge_source)
Q9	e0	e_2	MONDO:0005011	biolink:related_to	NCBIGene:149233	Crohn disease	IL23R	infores:hetionet(primary_knowledge_source);infores:automat-robokop(aggregator_knowledge_source)
Q9	e0	e_3	MONDO:0005101	biolink:related_to	NCBIGene:149233	ulcerative colitis	IL23R	infores:hetionet(primary_knowledge_source);infores:automat-robokop(aggregator_knowledge_source)
Q9	e0	e_4	NCBIGene:149233	biolink:genetically_associated_with	MONDO:0012840	IL23R	inflammatory bowel disease 17	infores:uniprot(primary_knowledge_source);infores:pharos(aggregator_knowledge_source);infores:automat-robokop(aggregator_knowledge_source)
Q9	e0	e_5	NCBIGene:149233	biolink:genetically_associated_with	MONDO:0012840	IL23R	inflammatory bowel disease 17	infores:disgenet(primary_knowledge_source);infores:pharos(aggregator_knowledge_source);infores:automat-robokop(aggregator_knowledge_source)
Q9	e0	e_6	NCBIGene:149233	biolink:genetically_associated_with	MONDO:0005101	IL23R	ulcerative colitis	infores:disgenet(primary_knowledge_source);infores:pharos(aggregator_knowledge_source);infores:automat-robokop(aggregator_knowledge_source)
Q9	e0	e_7	NCBIGene:149233	biolink:genetically_associated_with	MONDO:0005532	IL23R	Crohn's colitis	infores:ctd(primary_knowledge_source);infores:pharos(aggregator_knowledge_source);infores:automat-robokop(aggregator_knowledge_source)
Q9	e0	e_8	NCBIGene:149233	biolink:genetically_associated_with	MONDO:0005011	IL23R	Crohn disease	infores:disgenet(primary_knowledge_source);infores:pharos(aggregator_knowledge_source);infores:automat-robokop(aggregator_knowledge_source)
Q9	e0	e_9	NCBIGene:149233	biolink:genetically_associated_with	MONDO:0000709	IL23R	Crohn ileitis	infores:disgenet(primary_knowledge_source);infores:pharos(aggregator_knowledge_source);infores:automat-robokop(aggregator_knowledge_source)
Q9	e0	e_10	NCBIGene:149233	biolink:genetically_associated_with	MONDO:0005265	IL23R	inflammatory bowel disease	infores:diseases(primary_knowledge_source);infores:pharos(aggregator_knowledge_source);infores:automat-robokop(aggregator_knowledge_source)
Q9	e0	e_11	NCBIGene:149233	biolink:genetically_associated_with	MONDO:0005532	IL23R	Crohn's colitis	infores:disgenet(primary_knowledge_source);infores:pharos(aggregator_knowledge_source);infores:automat-robokop(aggregator_knowledge_source)
Q9	e0	e_12	NCBIGene:149233	biolink:genetically_associated_with	MONDO:0005011	IL23R	Crohn disease	infores:diseases(primary_knowledge_source);infores:pharos(aggregator_knowledge_source);infores:automat-robokop(aggregator_knowledge_source)
Q9	e0	e_13	NCBIGene:149233	biolink:genetically_associated_with	MONDO:0005101	IL23R	ulcerative colitis	infores:monarchinitiative(primary_knowledge_source);infores:pharos(aggregator_knowledge_source);infores:automat-robokop(aggregator_knowledge_source)
Q9	e0	e_14	NCBIGene:149233	biolink:genetically_associated_with	MONDO:0005101	IL23R	ulcerative colitis	infores:ctd(primary_knowledge_source);infores:pharos(aggregator_knowledge_source);infores:automat-robokop(aggregator_knowledge_source)
Q9	e0	e_15	NCBIGene:149233	biolink:genetically_associated_with	MONDO:0009960	IL23R	inflammatory bowel disease 1	infores:monarchinitiative(primary_knowledge_source);infores:pharos(aggregator_knowledge_source);infores:automat-robokop(aggregator_knowledge_source)
Q9	e0	e_16	NCBIGene:149233	biolink:genetically_associated_with	MONDO:0005011	IL23R	Crohn disease	infores:ctd(primary_knowledge_source);infores:pharos(aggregator_knowledge_source);infores:automat-robokop(aggregator_knowledge_source)
Q9	e0	e_17	NCBIGene:149233	biolink:genetically_associated_with	MONDO:0005101	IL23R	ulcerative colitis	infores:eram(primary_knowledge_source);infores:pharos(aggregator_knowledge_source);infores:automat-robokop(aggregator_knowledge_source)
Q9	e0	e_18	NCBIGene:149233	biolink:genetically_associated_with	MONDO:0005101	IL23R	ulcerative colitis	infores:diseases(primary_knowledge_source);infores:pharos(aggregator_knowledge_source);infores:automat-robokop(aggregator_knowledge_source)
Q9	e0	e_19	NCBIGene:149233	biolink:genetically_associated_with	MONDO:0005011	IL23R	Crohn disease	infores:eram(primary_knowledge_source);infores:pharos(aggregator_knowledge_source);infores:automat-robokop(aggregator_knowledge_source)
Q9	e0	e_20	NCBIGene:149233	biolink:genetically_associated_with	MONDO:0005534	IL23R	ileocolitis	infores:disgenet(primary_knowledge_source);infores:pharos(aggregator_knowledge_source);infores:automat-robokop(aggregator_knowledge_source)
Q9	e0	e_21	NCBIGene:149233	biolink:genetically_associated_with	MONDO:0005265	IL23R	inflammatory bowel disease	infores:ctd(primary_knowledge_source);infores:pharos(aggregator_knowledge_source);infores:automat-robokop(aggregator_knowledge_source)
Q9	e0	e_22	NCBIGene:149233	biolink:genetically_associated_with	MONDO:0005265	IL23R	inflammatory bowel disease	infores:disgenet(primary_knowledge_source);infores:pharos(aggregator_knowledge_source);infores:automat-robokop(aggregator_knowledge_source)
Q9	e0	e_23	NCBIGene:149233	biolink:genetically_associated_with	MONDO:0012840	IL23R	inflammatory bowel disease 17	infores:ctd(primary_knowledge_source);infores:pharos(aggregator_knowledge_source);infores:automat-robokop(aggregator_knowledge_source)
Q9	e0	e_24	NCBIGene:149233	biolink:gene_associated_with_condition	MONDO:0012840	IL23R	inflammatory bowel disease 17	infores:ubergraph(primary_knowledge_source);infores:automat-robokop(aggregator_knowledge_source)
Q9	e0	e_25	MONDO:0012840	biolink:subclass_of	MONDO:0005265	inflammatory bowel disease 17	inflammatory bowel disease	infores:ubergraph(primary_knowledge_source);infores:automat-robokop(aggregator_knowledge_source)
Q9	e0	e_26	MONDO:0005011	biolink:subclass_of	MONDO:0005265	Crohn disease	inflammatory bowel disease	infores:ubergraph(primary_knowledge_source);infores:automat-robokop(aggregator_knowledge_source)
Q9	e0	e_27	MONDO:0005101	biolink:subclass_of	MONDO:0005265	ulcerative colitis	inflammatory bowel disease	infores:ubergraph(primary_knowledge_source);infores:automat-robokop(aggregator_knowledge_source)
Q9	e0	e_28	MONDO:0005532	biolink:subclass_of	MONDO:0005265	Crohn's colitis	inflammatory bowel disease	infores:ubergraph(primary_knowledge_source);infores:automat-robokop(aggregator_knowledge_source)
Q9	e0	e_29	MONDO:0000709	biolink:subclass_of	MONDO:0005265	Crohn ileitis	inflammatory bowel disease	infores:ubergraph(primary_knowledge_source);infores:automat-robokop(aggregator_knowledge_source)
Q9	e0	e_30	MONDO:0009960	biolink:subclass_of	MONDO:0005265	inflammatory bowel disease 1	inflammatory bowel disease	infores:ubergraph(primary_knowledge_source);infores:automat-robokop(aggregator_knowledge_source)
Q9	e0	e_31	MONDO:0005534	biolink:subclass_of	MONDO:0005265	ileocolitis	inflammatory bowel disease	infores:ubergraph(primary_knowledge_source);infores:automat-robokop(aggregator_knowledge_source)
Q9	e0	uuid:0ec44118-198e-11f0-be82-6045bdb3d4c0_e_25	MONDO:0005265	biolink:contributes_to	MONDO:0012840	inflammatory bowel disease	inflammatory bowel disease 17	infores:automat-robokop(primary_knowledge_source)
Q9	e0	e_2_e_26	MONDO:0005265	biolink:related_to	NCBIGene:149233	inflammatory bowel disease	IL23R	infores:automat-robokop(primary_knowledge_source)
Q9	e0	e_3_e_27	MONDO:0005265	biolink:related_to	NCBIGene:149233	inflammatory bowel disease	IL23R	infores:automat-robokop(primary_knowledge_source)
Q9	e0	e_4_e_25	MONDO:0005265	biolink:genetically_associated_with	MONDO:0012840	inflammatory bowel disease	inflammatory bowel disease 17	infores:automat-robokop(primary_knowledge_source)
Q9	e0	e_5_e_25	MONDO:0005265	biolink:genetically_associated_with	MONDO:0012840	inflammatory bowel disease	inflammatory bowel disease 17	infores:automat-robokop(primary_knowledge_source)
Q9	e0	e_6_e_27	MONDO:0005265	biolink:genetically_associated_with	MONDO:0005101	inflammatory bowel disease	ulcerative colitis	infores:automat-robokop(primary_knowledge_source)
Q9	e0	e_7_e_28	MONDO:0005265	biolink:genetically_associated_with	MONDO:0005532	inflammatory bowel disease	Crohn's colitis	infores:automat-robokop(primary_knowledge_source)
Q9	e0	e_8_e_26	MONDO:0005265	biolink:genetically_associated_with	MONDO:0005011	inflammatory bowel disease	Crohn disease	infores:automat-robokop(primary_knowledge_source)
Q9	e0	e_9_e_29	MONDO:0005265	biolink:genetically_associated_with	MONDO:0000709	inflammatory bowel disease	Crohn ileitis	infores:automat-robokop(primary_knowledge_source)
Q9	e0	e_11_e_28	MONDO:0005265	biolink:genetically_associated_with	MONDO:0005532	inflammatory bowel disease	Crohn's colitis	infores:automat-robokop(primary_knowledge_source)
Q9	e0	e_12_e_26	MONDO:0005265	biolink:genetically_associated_with	MONDO:0005011	inflammatory bowel disease	Crohn disease	infores:automat-robokop(primary_knowledge_source)
Q9	e0	e_13_e_27	MONDO:0005265	biolink:genetically_associated_with	MONDO:0005101	inflammatory bowel disease	ulcerative colitis	infores:automat-robokop(primary_knowledge_source)
Q9	e0	e_14_e_27	MONDO:0005265	biolink:genetically_associated_with	MONDO:0005101	inflammatory bowel disease	ulcerative colitis	infores:automat-robokop(primary_knowledge_source)
Q9	e0	e_15_e_30	MONDO:0005265	biolink:genetically_associated_with	MONDO:0009960	inflammatory bowel disease	inflammatory bowel disease 1	infores:automat-robokop(primary_knowledge_source)
Q9	e0	e_16_e_26	MONDO:0005265	biolink:genetically_associated_with	MONDO:0005011	inflammatory bowel disease	Crohn disease	infores:automat-robokop(primary_knowledge_source)
Q9	e0	e_17_e_27	MONDO:0005265	biolink:genetically_associated_with	MONDO:0005101	inflammatory bowel disease	ulcerative colitis	infores:automat-robokop(primary_knowledge_source)
Q9	e0	e_18_e_27	MONDO:0005265	biolink:genetically_associated_with	MONDO:0005101	inflammatory bowel disease	ulcerative colitis	infores:automat-robokop(primary_knowledge_source)
Q9	e0	e_19_e_26	MONDO:0005265	biolink:genetically_associated_with	MONDO:0005011	inflammatory bowel disease	Crohn disease	infores:automat-robokop(primary_knowledge_source)
Q9	e0	e_20_e_31	MONDO:0005265	biolink:genetically_associated_with	MONDO:0005534	inflammatory bowel disease	ileocolitis	infores:automat-robokop(primary_knowledge_source)
Q9	e0	e_23_e_25	MONDO:0005265	biolink:genetically_associated_with	MONDO:0012840	inflammatory bowel disease	inflammatory bowel disease 17	infores:automat-robokop(primary_knowledge_source)
Q9	e0	e_24_e_25	MONDO:0005265	biolink:gene_associated_with_condition	MONDO:0012840	inflammatory bowel disease	inflammatory bowel disease 17	infores:automat-robokop(primary_knowledge_source)
Q10	e0	e_1	MONDO:0004979	biolink:related_to	NCBIGene:3565	asthma	IL4	infores:hetionet(primary_knowledge_source);infores:automat-robokop(aggregator_knowledge_source)
Q10	e0	e_2	NCBIGene:3565	biolink:genetically_associated_with	MONDO:0004979	IL4	asthma	infores:ctd(primary_knowledge_source);infores:pharos(aggregator_knowledge_source);infores:automat-robokop(aggregator_knowledge_source)
Q10	e0	e_3	NCBIGene:3565	biolink:genetically_associated_with	MONDO:0004979	IL4	asthma	infores:diseases(primary_knowledge_source);infores:pharos(aggregator_knowledge_source);infores:automat-robokop(aggregator_knowledge_source)
Q10	e0	e_4	NCBIGene:3565	biolink:genetically_associated_with	MONDO:0004979	IL4	asthma	infores:disgenet(primary_knowledge_source);infores:pharos(aggregator_knowledge_source);infores:automat-robokop(aggregator_knowledge_source)
Q12	e0	e_1	MONDO:0005010	biolink:related_to	NCBIGene:3949	coronary artery disorder	LDLR	infores:hetionet(primary_knowledge_source);infores:automat-robokop(aggregator_knowledge_source)
Q12	e0	uuid:19f51ef3-198e-11f0-be82-6045bdb3d4c0	NCBIGene:3949	biolink:has_phenotype	MONDO:0005010	LDLR	coronary artery disorder	infores:hpo-annotations(primary_knowledge_source);infores:monarchinitiative(aggregator_knowledge_source);infores:automat-robokop(aggregator_knowledge_source)
Q12	e0	uuid:1d88af5f-198e-11f0-be82-6045bdb3d4c0	NCBIGene:3949	biolink:has_phenotype	HP:0005181	LDLR	Premature coronary artery atherosclerosis	infores:hpo-annotations(primary_knowledge_source);infores:monarchinitiative(aggregator_knowledge_source);infores:automat-robokop(aggregator_knowledge_source)
Q12	e0	uuid:1eb98de5-198e-11f0-be82-6045bdb3d4c0	NCBIGene:3949	biolink:has_phenotype	MONDO:0005010	LDLR	coronary artery disorder	infores:hpo-annotations(primary_knowledge_source);infores:monarchinitiative(aggregator_knowledge_source);infores:automat-robokop(aggregator_knowledge_source)
Q12	e0	uuid:15306f0a-198e-11f0-be82-6045bdb3d4c0	NCBIGene:3949	biolink:has_phenotype	MONDO:0006714	LDLR	coronary aneurysm	infores:hpo-annotations(primary_knowledge_source);infores:monarchinitiative(aggregator_knowledge_source);infores:automat-robokop(aggregator_knowledge_source)
Q12	e0	e_6	NCBIGene:3949	biolink:genetically_associated_with	MONDO:0021661	LDLR	coronary atherosclerosis	infores:disgenet(primary_knowledge_source);infores:pharos(aggregator_knowledge_source);infores:automat-robokop(aggregator_knowledge_source)
Q12	e0	e_7	NCBIGene:3949	biolink:genetically_associated_with	MONDO:0005010	LDLR	coronary artery disorder	infores:ctd(primary_knowledge_source);infores:pharos(aggregator_knowledge_source);infores:automat-robokop(aggregator_knowledge_source)
Q12	e0	e_8	NCBIGene:3949	biolink:genetically_associated_with	MONDO:0005010	LDLR	coronary artery disorder	infores:disgenet(primary_knowledge_source);infores:pharos(aggregator_knowledge_source);infores:automat-robokop(aggregator_knowledge_source)
Q12	e0	e_9	HP:0005181	biolink:subclass_of	MONDO:0005010	Premature coronary artery atherosclerosis	coronary artery disorder	infores:ubergraph(primary_knowledge_source);infores:automat-robokop(aggregator_knowledge_source)
Q12	e0	e_10	MONDO:0006714	biolink:subclass_of	MONDO:0005010	coronary aneurysm	coronary artery disorder	infores:ubergraph(primary_knowledge_source);infores:automat-robokop(aggregator_knowledge_source)
Q12	e0	e_11	MONDO:0021661	biolink:subclass_of	MONDO:0005010	coronary atherosclerosis	coronary artery disorder	infores:ubergraph(primary_knowledge_source);infores:automat-robokop(aggregator_knowledge_source)
Q12	e0	uuid:1d88af5f-198e-11f0-be82-6045bdb3d4c0_e_9	MONDO:0005010	biolink:has_phenotype	HP:0005181	coronary artery disorder	Premature coronary artery atherosclerosis	infores:automat-robokop(primary_knowledge_source)
Q12	e0	uuid:15306f0a-198e-11f0-be82-6045bdb3d4c0_e_10	MONDO:0005010	biolink:has_phenotype	MONDO:0006714	coronary artery disorder	coronary aneurysm	infores:automat-robokop(primary_knowledge_source)
Q12	e0	e_6_e_11	MONDO:0005010	biolink:genetically_associated_with	MONDO:0021661	coronary artery disorder	coronary atherosclerosis	infores:automat-robokop(primary_knowledge_source)
Q14	e0	e_1	MONDO:0005300	biolink:related_to	NCBIGene:3569	chronic kidney disease	IL6	infores:hetionet(primary_knowledge_source);infores:automat-robokop(aggregator_knowledge_source)
Q14	e0	e_2	NCBIGene:3569	biolink:genetically_associated_with	MONDO:0024327	IL6	Chronic uremia	infores:disgenet(primary_knowledge_source);infores:pharos(aggregator_knowledge_source);infores:automat-robokop(aggregator_knowledge_source)
Q14	e0	e_3	NCBIGene:3569	biolink:genetically_associated_with	MONDO:0005300	IL6	chronic kidney disease	infores:ctd(primary_knowledge_source);infores:pharos(aggregator_knowledge_source);infores:automat-robokop(aggregator_knowledge_source)
Q14	e0	e_4	MONDO:0024327	biolink:subclass_of	MONDO:0005300	Chronic uremia	chronic kidney disease	infores:ubergraph(primary_knowledge_source);infores:automat-robokop(aggregator_knowledge_source)
Q14	e0	e_2_e_4	MONDO:0005300	biolink:genetically_associated_with	MONDO:0024327	chronic kidney disease	Chronic uremia	infores:automat-robokop(primary_knowledge_source)
Q15	e0	e_1	MONDO:0007915	biolink:related_to	NCBIGene:6775	EXCESS LMW-DNA	STAT4	infores:hetionet(primary_knowledge_source);infores:automat-robokop(aggregator_knowledge_source)
Q15	e0	uuid:12638660-198e-11f0-be82-6045bdb3d4c0	NCBIGene:6775	biolink:has_phenotype	MONDO:0007915	STAT4	EXCESS LMW-DNA	infores:hpo-annotations(primary_knowledge_source);infores:monarchinitiative(aggregator_knowledge_source);infores:automat-robokop(aggregator_knowledge_source)
Q15	e0	e_3	NCBIGene:6775	biolink:genetically_associated_with	MONDO:0007915	STAT4	EXCESS LMW-DNA	infores:ctd(primary_knowledge_source);infores:pharos(aggregator_knowledge_source);infores:automat-robokop(aggregator_knowledge_source)
Q15	e0	e_4	NCBIGene:6775	biolink:genetically_associated_with	MONDO:0007915	STAT4	EXCESS LMW-DNA	infores:diseases(primary_knowledge_source);infores:pharos(aggregator_knowledge_source);infores:automat-robokop(aggregator_knowledge_source)
Q15	e0	e_5	NCBIGene:6775	biolink:genetically_associated_with	MONDO:0007915	STAT4	EXCESS LMW-DNA	infores:disgenet(primary_knowledge_source);infores:pharos(aggregator_knowledge_source);infores:automat-robokop(aggregator_knowledge_source)
Q15	e0	e_6	NCBIGene:6775	biolink:genetically_associated_with	MONDO:0007915	STAT4	EXCESS LMW-DNA	infores:monarchinitiative(primary_knowledge_source);infores:pharos(aggregator_knowledge_source);infores:automat-robokop(aggregator_knowledge_source)
Q16	e0	e_1	MONDO:0005301	biolink:related_to	NCBIGene:3123	multiple sclerosis	HLA-DRB1	infores:hetionet(primary_knowledge_source);infores:automat-robokop(aggregator_knowledge_source)
Q16	e0	e_2	NCBIGene:3123	biolink:genetically_associated_with	MONDO:0005301	HLA-DRB1	multiple sclerosis	infores:disgenet(primary_knowledge_source);infores:pharos(aggregator_knowledge_source);infores:automat-robokop(aggregator_knowledge_source)
Q16	e0	e_3	NCBIGene:3123	biolink:genetically_associated_with	MONDO:0005301	HLA-DRB1	multiple sclerosis	infores:diseases(primary_knowledge_source);infores:pharos(aggregator_knowledge_source);infores:automat-robokop(aggregator_knowledge_source)
Q16	e0	e_4	NCBIGene:3123	biolink:genetically_associated_with	MONDO:0005301	HLA-DRB1	multiple sclerosis	infores:ctd(primary_knowledge_source);infores:pharos(aggregator_knowledge_source);infores:automat-robokop(aggregator_knowledge_source)
Q17	e0	e_1	MONDO:0005148	biolink:related_to	NCBIGene:3952	type 2 diabetes mellitus	LEP	infores:hetionet(primary_knowledge_source);infores:automat-robokop(aggregator_knowledge_source)
Q17	e0	e_2	NCBIGene:3952	biolink:genetically_associated_with	MONDO:0005148	LEP	type 2 diabetes mellitus	infores:diseases(primary_knowledge_source);infores:pharos(aggregator_knowledge_source);infores:automat-robokop(aggregator_knowledge_source)
Q17	e0	e_3	NCBIGene:3952	biolink:genetically_associated_with	MONDO:0005148	LEP	type 2 diabetes mellitus	infores:eram(primary_knowledge_source);infores:pharos(aggregator_knowledge_source);infores:automat-robokop(aggregator_knowledge_source)
Q17	e0	e_4	NCBIGene:3952	biolink:genetically_associated_with	MONDO:0005148	LEP	type 2 diabetes mellitus	infores:disgenet(primary_knowledge_source);infores:pharos(aggregator_knowledge_source);infores:automat-robokop(aggregator_knowledge_source)
Q17	e0	e_5	NCBIGene:3952	biolink:genetically_associated_with	MONDO:0005148	LEP	type 2 diabetes mellitus	infores:ctd(primary_knowledge_source);infores:pharos(aggregator_knowledge_source);infores:automat-robokop(aggregator_knowledge_source)
Q18	e0	e_1	MONDO:0005090	biolink:related_to	NCBIGene:1813	schizophrenia	DRD2	infores:hetionet(primary_knowledge_source);infores:automat-robokop(aggregator_knowledge_source)
Q18	e0	e_2	NCBIGene:1813	biolink:genetically_associated_with	MONDO:0005090	DRD2	schizophrenia	infores:diseases(primary_knowledge_source);infores:pharos(aggregator_knowledge_source);infores:automat-robokop(aggregator_knowledge_source)
Q18	e0	e_3	NCBIGene:1813	biolink:genetically_associated_with	MONDO:0005090	DRD2	schizophrenia	infores:ctd(primary_knowledge_source);infores:pharos(aggregator_knowledge_source);infores:automat-robokop(aggregator_knowledge_source)
Q18	e0	e_4	NCBIGene:1813	biolink:genetically_associated_with	MONDO:0005090	DRD2	schizophrenia	infores:disgenet(primary_knowledge_source);infores:pharos(aggregator_knowledge_source);infores:automat-robokop(aggregator_knowledge_source)
Q18	e0	e_5	NCBIGene:1813	biolink:target_for	MONDO:0005090	DRD2	schizophrenia	infores:drugcentral(primary_knowledge_source);infores:pharos(aggregator_knowledge_source);infores:automat-robokop(aggregator_knowledge_source)
Q18	e0	e_6	NCBIGene:1813	biolink:target_for	MONDO:0005090	DRD2	schizophrenia	infores:drugmechdb(primary_knowledge_source);infores:automat-robokop(aggregator_knowledge_source)
Q19	e0	e_1	MONDO:0012048	biolink:related_to	NCBIGene:6532	endogenous depression	SLC6A4	infores:hetionet(primary_knowledge_source);infores:automat-robokop(aggregator_knowledge_source)
Q19	e0	uuid:13ff41d2-198e-11f0-be82-6045bdb3d4c0	NCBIGene:6532	biolink:has_phenotype	MONDO:0002050	SLC6A4	Depressed mood	infores:hpo-annotations(primary_knowledge_source);infores:monarchinitiative(aggregator_knowledge_source);infores:automat-robokop(aggregator_knowledge_source)
Q19	e0	e_3	NCBIGene:6532	biolink:genetically_associated_with	MONDO:0005929	SLC6A4	Maternity blues	infores:disgenet(primary_knowledge_source);infores:pharos(aggregator_knowledge_source);infores:automat-robokop(aggregator_knowledge_source)
Q19	e0	e_4	NCBIGene:6532	biolink:genetically_associated_with	MONDO:0002444	SLC6A4	melancholia	infores:disgenet(primary_knowledge_source);infores:pharos(aggregator_knowledge_source);infores:automat-robokop(aggregator_knowledge_source)
Q19	e0	e_5	NCBIGene:6532	biolink:genetically_associated_with	MONDO:0024613	SLC6A4	bipolar depression	infores:disgenet(primary_knowledge_source);infores:pharos(aggregator_knowledge_source);infores:automat-robokop(aggregator_knowledge_source)
Q19	e0	e_6	NCBIGene:6532	biolink:genetically_associated_with	MONDO:0012048	SLC6A4	endogenous depression	infores:ctd(primary_knowledge_source);infores:pharos(aggregator_knowledge_source);infores:automat-robokop(aggregator_knowledge_source)
Q19	e0	e_7	NCBIGene:6532	biolink:genetically_associated_with	MONDO:0002050	SLC6A4	Depressed mood	infores:disgenet(primary_knowledge_source);infores:pharos(aggregator_knowledge_source);infores:automat-robokop(aggregator_knowledge_source)
Q19	e0	e_8	NCBIGene:6532	biolink:genetically_associated_with	MONDO:0002009	SLC6A4	major depressive disorder	infores:disgenet(primary_knowledge_source);infores:pharos(aggregator_knowledge_source);infores:automat-robokop(aggregator_knowledge_source)
Q19	e0	e_9	NCBIGene:6532	biolink:genetically_associated_with	MONDO:0012048	SLC6A4	endogenous depression	infores:disgenet(primary_knowledge_source);infores:pharos(aggregator_knowledge_source);infores:automat-robokop(aggregator_knowledge_source)
Q19	e0	e_10	NCBIGene:6532	biolink:genetically_associated_with	MONDO:0000694	SLC6A4	seasonal affective disorder	infores:disgenet(primary_knowledge_source);infores:pharos(aggregator_knowledge_source);infores:automat-robokop(aggregator_knowledge_source)
Q19	e0	e_11	NCBIGene:6532	biolink:genetically_associated_with	MONDO:0024614	SLC6A4	neurotic depression	infores:disgenet(primary_knowledge_source);infores:pharos(aggregator_knowledge_source);infores:automat-robokop(aggregator_knowledge_source)
Q19	e0	e_12	NCBIGene:6532	biolink:genetically_associated_with	MONDO:0005379	SLC6A4	Neurosis	infores:ctd(primary_knowledge_source);infores:pharos(aggregator_knowledge_source);infores:automat-robokop(aggregator_knowledge_source)
Q19	e0	e_13	NCBIGene:6532	biolink:genetically_associated_with	MONDO:0002009	SLC6A4	major depressive disorder	infores:ctd(primary_knowledge_source);infores:pharos(aggregator_knowledge_source);infores:automat-robokop(aggregator_knowledge_source)
Q19	e0	e_14	NCBIGene:6532	biolink:target_for	MONDO:0002050	SLC6A4	Depressed mood	infores:drugmechdb(primary_knowledge_source);infores:automat-robokop(aggregator_knowledge_source)
Q19	e0	e_15	NCBIGene:6532	biolink:target_for	MONDO:0002009	SLC6A4	major depressive disorder	infores:drugmechdb(primary_knowledge_source);infores:automat-robokop(aggregator_knowledge_source)
Q19	e0	e_16	NCBIGene:6532	biolink:target_for	MONDO:0002009	SLC6A4	major depressive disorder	infores:drugcentral(primary_knowledge_source);infores:pharos(aggregator_knowledge_source);infores:automat-robokop(aggregator_knowledge_source)
Q19	e0	e_17	MONDO:0012048	biolink:subclass_of	MONDO:0002050	endogenous depression	Depressed mood	infores:ubergraph(primary_knowledge_source);infores:automat-robokop(aggregator_knowledge_source)
Q19	e0	e_18	MONDO:0005929	biolink:subclass_of	MONDO:0002050	Maternity blues	Depressed mood	infores:ubergraph(primary_knowledge_source);infores:automat-robokop(aggregator_knowledge_source)
Q19	e0	e_19	MONDO:0002444	biolink:subclass_of	MONDO:0002050	melancholia	Depressed mood	infores:ubergraph(primary_knowledge_source);infores:automat-robokop(aggregator_knowledge_source)
Q19	e0	e_20	MONDO:0024613	biolink:subclass_of	MONDO:0002050	bipolar depression	Depressed mood	infores:ubergraph(primary_knowledge_source);infores:automat-robokop(aggregator_knowledge_source)
Q19	e0	e_21	MONDO:0002009	biolink:subclass_of	MONDO:0002050	major depressive disorder	Depressed mood	infores:ubergraph(primary_knowledge_source);infores:automat-robokop(aggregator_knowledge_source)
Q19	e0	e_22	MONDO:0000694	biolink:subclass_of	MONDO:0002050	seasonal affective disorder	Depressed mood	infores:ubergraph(primary_knowledge_source);infores:automat-robokop(aggregator_knowledge_source)
Q19	e0	e_23	MONDO:0024614	biolink:subclass_of	MONDO:0002050	neurotic depression	Depressed mood	infores:ubergraph(primary_knowledge_source);infores:automat-robokop(aggregator_knowledge_source)
Q19	e0	e_24	MONDO:0005379	biolink:subclass_of	MONDO:0002050	Neurosis	Depressed mood	infores:ubergraph(primary_knowledge_source);infores:automat-robokop(aggregator_knowledge_source)
Q19	e0	e_1_e_17	MONDO:0002050	biolink:related_to	NCBIGene:6532	Depressed mood	SLC6A4	infores:automat-robokop(primary_knowledge_source)
Q19	e0	e_3_e_18	MONDO:0002050	biolink:genetically_associated_with	MONDO:0005929	Depressed mood	Maternity blues	infores:automat-robokop(primary_knowledge_source)
Q19	e0	e_4_e_19	MONDO:0002050	biolink:genetically_associated_with	MONDO:0002444	Depressed mood	melancholia	infores:automat-robokop(primary_knowledge_source)
Q19	e0	e_5_e_20	MONDO:0002050	biolink:genetically_associated_with	MONDO:0024613	Depressed mood	bipolar depression	infores:automat-robokop(primary_knowledge_source)
Q19	e0	e_6_e_17	MONDO:0002050	biolink:genetically_associated_with	MONDO:0012048	Depressed mood	endogenous depression	infores:automat-robokop(primary_knowledge_source)
Q19	e0	e_8_e_21	MONDO:0002050	biolink:genetically_associated_with	MONDO:0002009	Depressed mood	major depressive disorder	infores:automat-robokop(primary_knowledge_source)
Q19	e0	e_9_e_17	MONDO:0002050	biolink:genetically_associated_with	MONDO:0012048	Depressed mood	endogenous depression	infores:automat-robokop(primary_knowledge_source)
Q19	e0	e_10_e_22	MONDO:0002050	biolink:genetically_associated_with	MONDO:0000694	Depressed mood	seasonal affective disorder	infores:automat-robokop(primary_knowledge_source)
Q19	e0	e_11_e_23	MONDO:0002050	biolink:genetically_associated_with	MONDO:0024614	Depressed mood	neurotic depression	infores:automat-robokop(primary_knowledge_source)
Q19	e0	e_12_e_24	MONDO:0002050	biolink:genetically_associated_with	MONDO:0005379	Depressed mood	Neurosis	infores:automat-robokop(primary_knowledge_source)
Q19	e0	e_13_e_21	MONDO:0002050	biolink:genetically_associated_with	MONDO:0002009	Depressed mood	major depressive disorder	infores:automat-robokop(primary_knowledge_source)
Q19	e0	e_15_e_21	MONDO:0002050	biolink:target_for	MONDO:0002009	Depressed mood	major depressive disorder	infores:automat-robokop(primary_knowledge_source)
Q19	e0	e_16_e_21	MONDO:0002050	biolink:target_for	MONDO:0002009	Depressed mood	major depressive disorder	infores:automat-robokop(primary_knowledge_source)
Q20	e0	e_1	MONDO:0005027	biolink:related_to	NCBIGene:6323	epilepsy	SCN1A	infores:hetionet(primary_knowledge_source);infores:automat-robokop(aggregator_knowledge_source)
Q20	e0	uuid:0e9d578e-198e-11f0-be82-6045bdb3d4c0	NCBIGene:6323	biolink:causes	MONDO:0011461	SCN1A	generalized epilepsy with febrile seizures plus, type 2	infores:omim(primary_knowledge_source);infores:monarchinitiative(aggregator_knowledge_source);infores:medgen(aggregator_knowledge_source);infores:automat-robokop(aggregator_knowledge_source)
Q20	e0	uuid:0eae0da3-198e-11f0-be82-6045bdb3d4c0	NCBIGene:6323	biolink:causes	MONDO:0100079	SCN1A	developmental and epileptic encephalopathy, 6	infores:omim(primary_knowledge_source);infores:monarchinitiative(aggregator_knowledge_source);infores:medgen(aggregator_knowledge_source);infores:automat-robokop(aggregator_knowledge_source)
Q20	e0	uuid:0ec437cd-198e-11f0-be82-6045bdb3d4c0	NCBIGene:6323	biolink:causes	MONDO:0030268	SCN1A	developmental and epileptic encephalopathy 6B	infores:omim(primary_knowledge_source);infores:monarchinitiative(aggregator_knowledge_source);infores:medgen(aggregator_knowledge_source);infores:automat-robokop(aggregator_knowledge_source)
Q20	e0	uuid:1eb9ce38-198e-11f0-be82-6045bdb3d4c0	NCBIGene:6323	biolink:has_phenotype	HP:0011169	SCN1A	Generalized clonic seizure	infores:hpo-annotations(primary_knowledge_source);infores:monarchinitiative(aggregator_knowledge_source);infores:automat-robokop(aggregator_knowledge_source)
Q20	e0	uuid:1d88b2a7-198e-11f0-be82-6045bdb3d4c0	NCBIGene:6323	biolink:has_phenotype	HP:0007359	SCN1A	Partial Seizure	infores:hpo-annotations(primary_knowledge_source);infores:monarchinitiative(aggregator_knowledge_source);infores:automat-robokop(aggregator_knowledge_source)
Q20	e0	uuid:19f519b3-198e-11f0-be82-6045bdb3d4c0	NCBIGene:6323	biolink:has_phenotype	HP:0011151	SCN1A	Atypical absence status epilepticus	infores:hpo-annotations(primary_knowledge_source);infores:monarchinitiative(aggregator_knowledge_source);infores:automat-robokop(aggregator_knowledge_source)
Q20	e0	uuid:1792994f-198e-11f0-be82-6045bdb3d4c0	NCBIGene:6323	biolink:has_phenotype	MONDO:0014633	SCN1A	epilepsy with myoclonic atonic seizures	infores:hpo-annotations(primary_knowledge_source);infores:monarchinitiative(aggregator_knowledge_source);infores:automat-robokop(aggregator_knowledge_source)
Q20	e0	uuid:1792994d-198e-11f0-be82-6045bdb3d4c0	NCBIGene:6323	biolink:has_phenotype	MONDO:0006748	SCN1A	epilepsia partialis continua	infores:hpo-annotations(primary_knowledge_source);infores:monarchinitiative(aggregator_knowledge_source);infores:automat-robokop(aggregator_knowledge_source)
Q20	e0	uuid:1b263179-198e-11f0-be82-6045bdb3d4c0	NCBIGene:6323	biolink:has_phenotype	MONDO:0005027	SCN1A	epilepsy	infores:hpo-annotations(primary_knowledge_source);infores:monarchinitiative(aggregator_knowledge_source);infores:automat-robokop(aggregator_knowledge_source)
Q20	e0	uuid:12638582-198e-11f0-be82-6045bdb3d4c0	NCBIGene:6323	biolink:has_phenotype	HP:0002121	SCN1A	Absence Seizure	infores:hpo-annotations(primary_knowledge_source);infores:monarchinitiative(aggregator_knowledge_source);infores:automat-robokop(aggregator_knowledge_source)
Q20	e0	uuid:19f5221f-198e-11f0-be82-6045bdb3d4c0	NCBIGene:6323	biolink:has_phenotype	HP:0007359	SCN1A	Partial Seizure	infores:hpo-annotations(primary_knowledge_source);infores:monarchinitiative(aggregator_knowledge_source);infores:automat-robokop(aggregator_knowledge_source)
Q20	e0	uuid:1d887c9f-198e-11f0-be82-6045bdb3d4c0	NCBIGene:6323	biolink:has_phenotype	HP:0032901	SCN1A	Focal pedal automatism seizure	infores:hpo-annotations(primary_knowledge_source);infores:monarchinitiative(aggregator_knowledge_source);infores:automat-robokop(aggregator_knowledge_source)
Q20	e0	uuid:1eb99114-198e-11f0-be82-6045bdb3d4c0	NCBIGene:6323	biolink:has_phenotype	HP:0002069	SCN1A	Bilateral tonic-clonic seizure	infores:hpo-annotations(primary_knowledge_source);infores:monarchinitiative(aggregator_knowledge_source);infores:automat-robokop(aggregator_knowledge_source)
Q20	e0	uuid:13ff49de-198e-11f0-be82-6045bdb3d4c0	NCBIGene:6323	biolink:has_phenotype	MONDO:0006710	SCN1A	complex partial epilepsy	infores:hpo-annotations(primary_knowledge_source);infores:monarchinitiative(aggregator_knowledge_source);infores:automat-robokop(aggregator_knowledge_source)
Q20	e0	uuid:13fefc75-198e-11f0-be82-6045bdb3d4c0	NCBIGene:6323	biolink:has_phenotype	MONDO:0002125	SCN1A	status epilepticus	infores:hpo-annotations(primary_knowledge_source);infores:monarchinitiative(aggregator_knowledge_source);infores:automat-robokop(aggregator_knowledge_source)
Q20	e0	uuid:1eb9ded0-198e-11f0-be82-6045bdb3d4c0	NCBIGene:6323	biolink:has_phenotype	HP:0002069	SCN1A	Bilateral tonic-clonic seizure	infores:hpo-annotations(primary_knowledge_source);infores:monarchinitiative(aggregator_knowledge_source);infores:automat-robokop(aggregator_knowledge_source)
Q20	e0	uuid:19f4dcb1-198e-11f0-be82-6045bdb3d4c0	NCBIGene:6323	biolink:has_phenotype	HP:0001327	SCN1A	Photosensitive myoclonic seizure	infores:hpo-annotations(primary_knowledge_source);infores:monarchinitiative(aggregator_knowledge_source);infores:automat-robokop(aggregator_knowledge_source)
Q20	e0	uuid:18c3b3b0-198e-11f0-be82-6045bdb3d4c0	NCBIGene:6323	biolink:has_phenotype	HP:0002349	SCN1A	Focal aware seizure	infores:hpo-annotations(primary_knowledge_source);infores:monarchinitiative(aggregator_knowledge_source);infores:automat-robokop(aggregator_knowledge_source)
Q20	e0	uuid:1b264936-198e-11f0-be82-6045bdb3d4c0	NCBIGene:6323	biolink:has_phenotype	HP:0007359	SCN1A	Partial Seizure	infores:hpo-annotations(primary_knowledge_source);infores:monarchinitiative(aggregator_knowledge_source);infores:automat-robokop(aggregator_knowledge_source)
Q20	e0	uuid:13ff04d9-198e-11f0-be82-6045bdb3d4c0	NCBIGene:6323	biolink:has_phenotype	HP:0002069	SCN1A	Bilateral tonic-clonic seizure	infores:hpo-annotations(primary_knowledge_source);infores:monarchinitiative(aggregator_knowledge_source);infores:automat-robokop(aggregator_knowledge_source)
Q20	e0	uuid:1b263171-198e-11f0-be82-6045bdb3d4c0	NCBIGene:6323	biolink:has_phenotype	HP:0032794	SCN1A	Myoclonic seizure	infores:hpo-annotations(primary_knowledge_source);infores:monarchinitiative(aggregator_knowledge_source);infores:automat-robokop(aggregator_knowledge_source)
Q20	e0	uuid:15306a07-198e-11f0-be82-6045bdb3d4c0	NCBIGene:6323	biolink:has_phenotype	HP:0011171	SCN1A	Simple febrile seizure	infores:hpo-annotations(primary_knowledge_source);infores:monarchinitiative(aggregator_knowledge_source);infores:automat-robokop(aggregator_knowledge_source)
Q20	e0	uuid:13ff04dc-198e-11f0-be82-6045bdb3d4c0	NCBIGene:6323	biolink:has_phenotype	HP:0031475	SCN1A	Status epilepticus without prominent motor symptoms	infores:hpo-annotations(primary_knowledge_source);infores:monarchinitiative(aggregator_knowledge_source);infores:automat-robokop(aggregator_knowledge_source)
Q20	e0	uuid:1792a17a-198e-11f0-be82-6045bdb3d4c0	NCBIGene:6323	biolink:has_phenotype	HP:0010819	SCN1A	Atonic seizure	infores:hpo-annotations(primary_knowledge_source);infores:monarchinitiative(aggregator_knowledge_source);infores:automat-robokop(aggregator_knowledge_source)
Q20	e0	uuid:11fe49ea-198e-11f0-be82-6045bdb3d4c0	NCBIGene:6323	biolink:has_phenotype	MONDO:0002125	SCN1A	status epilepticus	infores:hpo-annotations(primary_knowledge_source);infores:monarchinitiative(aggregator_knowledge_source);infores:automat-robokop(aggregator_knowledge_source)
Q20	e0	uuid:1c575a7d-198e-11f0-be82-6045bdb3d4c0	NCBIGene:6323	biolink:has_phenotype	HP:0031475	SCN1A	Status epilepticus without prominent motor symptoms	infores:hpo-annotations(primary_knowledge_source);infores:monarchinitiative(aggregator_knowledge_source);infores:automat-robokop(aggregator_knowledge_source)
Q20	e0	uuid:13ff51b4-198e-11f0-be82-6045bdb3d4c0	NCBIGene:6323	biolink:has_phenotype	HP:0010818	SCN1A	Generalized tonic seizure	infores:hpo-annotations(primary_knowledge_source);infores:monarchinitiative(aggregator_knowledge_source);infores:automat-robokop(aggregator_knowledge_source)
Q20	e0	uuid:1feaf9dc-198e-11f0-be82-6045bdb3d4c0	NCBIGene:6323	biolink:has_phenotype	MONDO:0006892	SCN1A	Aura	infores:hpo-annotations(primary_knowledge_source);infores:monarchinitiative(aggregator_knowledge_source);infores:automat-robokop(aggregator_knowledge_source)
Q20	e0	uuid:18c3c3ce-198e-11f0-be82-6045bdb3d4c0	NCBIGene:6323	biolink:has_phenotype	HP:0002121	SCN1A	Absence Seizure	infores:hpo-annotations(primary_knowledge_source);infores:monarchinitiative(aggregator_knowledge_source);infores:automat-robokop(aggregator_knowledge_source)
Q20	e0	uuid:1792994b-198e-11f0-be82-6045bdb3d4c0	NCBIGene:6323	biolink:has_phenotype	MONDO:0006710	SCN1A	complex partial epilepsy	infores:hpo-annotations(primary_knowledge_source);infores:monarchinitiative(aggregator_knowledge_source);infores:automat-robokop(aggregator_knowledge_source)
Q20	e0	uuid:12638584-198e-11f0-be82-6045bdb3d4c0	NCBIGene:6323	biolink:has_phenotype	HP:0006813	SCN1A	Focal hemiclonic seizure	infores:hpo-annotations(primary_knowledge_source);infores:monarchinitiative(aggregator_knowledge_source);infores:automat-robokop(aggregator_knowledge_source)
Q20	e0	uuid:1b264147-198e-11f0-be82-6045bdb3d4c0	NCBIGene:6323	biolink:has_phenotype	HP:0010819	SCN1A	Atonic seizure	infores:hpo-annotations(primary_knowledge_source);infores:monarchinitiative(aggregator_knowledge_source);infores:automat-robokop(aggregator_knowledge_source)
Q20	e0	uuid:18c3b3ae-198e-11f0-be82-6045bdb3d4c0	NCBIGene:6323	biolink:has_phenotype	HP:0002069	SCN1A	Bilateral tonic-clonic seizure	infores:hpo-annotations(primary_knowledge_source);infores:monarchinitiative(aggregator_knowledge_source);infores:automat-robokop(aggregator_knowledge_source)
Q20	e0	uuid:18c4090e-198e-11f0-be82-6045bdb3d4c0	NCBIGene:6323	biolink:has_phenotype	MONDO:0002125	SCN1A	status epilepticus	infores:hpo-annotations(primary_knowledge_source);infores:monarchinitiative(aggregator_knowledge_source);infores:automat-robokop(aggregator_knowledge_source)
Q20	e0	uuid:18c400f1-198e-11f0-be82-6045bdb3d4c0	NCBIGene:6323	biolink:has_phenotype	HP:0006813	SCN1A	Focal hemiclonic seizure	infores:hpo-annotations(primary_knowledge_source);infores:monarchinitiative(aggregator_knowledge_source);infores:automat-robokop(aggregator_knowledge_source)
Q20	e0	uuid:132f0c17-198e-11f0-be82-6045bdb3d4c0	NCBIGene:6323	biolink:has_phenotype	HP:0002069	SCN1A	Bilateral tonic-clonic seizure	infores:hpo-annotations(primary_knowledge_source);infores:monarchinitiative(aggregator_knowledge_source);infores:automat-robokop(aggregator_knowledge_source)
Q20	e0	uuid:15305aa7-198e-11f0-be82-6045bdb3d4c0	NCBIGene:6323	biolink:has_phenotype	HP:0011172	SCN1A	Complex febrile seizure	infores:hpo-annotations(primary_knowledge_source);infores:monarchinitiative(aggregator_knowledge_source);infores:automat-robokop(aggregator_knowledge_source)
Q20	e0	uuid:1792994a-198e-11f0-be82-6045bdb3d4c0	NCBIGene:6323	biolink:has_phenotype	MONDO:0020074	SCN1A	progressive myoclonus epilepsy	infores:hpo-annotations(primary_knowledge_source);infores:monarchinitiative(aggregator_knowledge_source);infores:automat-robokop(aggregator_knowledge_source)
Q20	e0	uuid:15305aa8-198e-11f0-be82-6045bdb3d4c0	NCBIGene:6323	biolink:has_phenotype	HP:0032900	SCN1A	Focal manual automatism seizure	infores:hpo-annotations(primary_knowledge_source);infores:monarchinitiative(aggregator_knowledge_source);infores:automat-robokop(aggregator_knowledge_source)
Q20	e0	uuid:18c3f906-198e-11f0-be82-6045bdb3d4c0	NCBIGene:6323	biolink:has_phenotype	HP:0010819	SCN1A	Atonic seizure	infores:hpo-annotations(primary_knowledge_source);infores:monarchinitiative(aggregator_knowledge_source);infores:automat-robokop(aggregator_knowledge_source)
Q20	e0	uuid:11fe49e9-198e-11f0-be82-6045bdb3d4c0	NCBIGene:6323	biolink:has_phenotype	HP:0002121	SCN1A	Absence Seizure	infores:hpo-annotations(primary_knowledge_source);infores:monarchinitiative(aggregator_knowledge_source);infores:automat-robokop(aggregator_knowledge_source)
Q20	e0	uuid:1eb9d685-198e-11f0-be82-6045bdb3d4c0	NCBIGene:6323	biolink:has_phenotype	HP:0020216	SCN1A	Visually-induced seizure	infores:hpo-annotations(primary_knowledge_source);infores:monarchinitiative(aggregator_knowledge_source);infores:automat-robokop(aggregator_knowledge_source)
Q20	e0	uuid:15307246-198e-11f0-be82-6045bdb3d4c0	NCBIGene:6323	biolink:has_phenotype	MONDO:0006710	SCN1A	complex partial epilepsy	infores:hpo-annotations(primary_knowledge_source);infores:monarchinitiative(aggregator_knowledge_source);infores:automat-robokop(aggregator_knowledge_source)
Q20	e0	uuid:13ff4173-198e-11f0-be82-6045bdb3d4c0	NCBIGene:6323	biolink:has_phenotype	MONDO:0002125	SCN1A	status epilepticus	infores:hpo-annotations(primary_knowledge_source);infores:monarchinitiative(aggregator_knowledge_source);infores:automat-robokop(aggregator_knowledge_source)
Q20	e0	uuid:11fe39a9-198e-11f0-be82-6045bdb3d4c0	NCBIGene:6323	biolink:has_phenotype	HP:0007359	SCN1A	Partial Seizure	infores:hpo-annotations(primary_knowledge_source);infores:monarchinitiative(aggregator_knowledge_source);infores:automat-robokop(aggregator_knowledge_source)
Q20	e0	uuid:1feaf147-198e-11f0-be82-6045bdb3d4c0	NCBIGene:6323	biolink:has_phenotype	MONDO:0006710	SCN1A	complex partial epilepsy	infores:hpo-annotations(primary_knowledge_source);infores:monarchinitiative(aggregator_knowledge_source);infores:automat-robokop(aggregator_knowledge_source)
Q20	e0	uuid:1eb99cbe-198e-11f0-be82-6045bdb3d4c0	NCBIGene:6323	biolink:has_phenotype	HP:0007270	SCN1A	Atypical absence seizure	infores:hpo-annotations(primary_knowledge_source);infores:monarchinitiative(aggregator_knowledge_source);infores:automat-robokop(aggregator_knowledge_source)
Q20	e0	uuid:15306253-198e-11f0-be82-6045bdb3d4c0	NCBIGene:6323	biolink:has_phenotype	HP:0002349	SCN1A	Focal aware seizure	infores:hpo-annotations(primary_knowledge_source);infores:monarchinitiative(aggregator_knowledge_source);infores:automat-robokop(aggregator_knowledge_source)
Q20	e0	uuid:1d8864c5-198e-11f0-be82-6045bdb3d4c0	NCBIGene:6323	biolink:has_phenotype	HP:0010819	SCN1A	Atonic seizure	infores:hpo-annotations(primary_knowledge_source);infores:monarchinitiative(aggregator_knowledge_source);infores:automat-robokop(aggregator_knowledge_source)
Q20	e0	uuid:1c575a85-198e-11f0-be82-6045bdb3d4c0	NCBIGene:6323	biolink:has_phenotype	HP:0007359	SCN1A	Partial Seizure	infores:hpo-annotations(primary_knowledge_source);infores:monarchinitiative(aggregator_knowledge_source);infores:automat-robokop(aggregator_knowledge_source)
Q20	e0	uuid:1eb99113-198e-11f0-be82-6045bdb3d4c0	NCBIGene:6323	biolink:has_phenotype	MONDO:0005027	SCN1A	epilepsy	infores:hpo-annotations(primary_knowledge_source);infores:monarchinitiative(aggregator_knowledge_source);infores:automat-robokop(aggregator_knowledge_source)
Q20	e0	uuid:1c57529f-198e-11f0-be82-6045bdb3d4c0	NCBIGene:6323	biolink:has_phenotype	MONDO:0006891	SCN1A	partial motor epilepsy	infores:hpo-annotations(primary_knowledge_source);infores:monarchinitiative(aggregator_knowledge_source);infores:automat-robokop(aggregator_knowledge_source)
Q20	e0	uuid:18c3f8fe-198e-11f0-be82-6045bdb3d4c0	NCBIGene:6323	biolink:has_phenotype	MONDO:0020074	SCN1A	progressive myoclonus epilepsy	infores:hpo-annotations(primary_knowledge_source);infores:monarchinitiative(aggregator_knowledge_source);infores:automat-robokop(aggregator_knowledge_source)
Q20	e0	uuid:13fefc79-198e-11f0-be82-6045bdb3d4c0	NCBIGene:6323	biolink:has_phenotype	HP:0002373	SCN1A	Febrile Seizure	infores:hpo-annotations(primary_knowledge_source);infores:monarchinitiative(aggregator_knowledge_source);infores:automat-robokop(aggregator_knowledge_source)
Q20	e0	uuid:132f0c0d-198e-11f0-be82-6045bdb3d4c0	NCBIGene:6323	biolink:has_phenotype	MONDO:0018097	SCN1A	West syndrome	infores:hpo-annotations(primary_knowledge_source);infores:monarchinitiative(aggregator_knowledge_source);infores:automat-robokop(aggregator_knowledge_source)
Q20	e0	uuid:1feaf9db-198e-11f0-be82-6045bdb3d4c0	NCBIGene:6323	biolink:has_phenotype	HP:0032794	SCN1A	Myoclonic seizure	infores:hpo-annotations(primary_knowledge_source);infores:monarchinitiative(aggregator_knowledge_source);infores:automat-robokop(aggregator_knowledge_source)
Q20	e0	uuid:13ff04e1-198e-11f0-be82-6045bdb3d4c0	NCBIGene:6323	biolink:has_phenotype	HP:0006813	SCN1A	Focal hemiclonic seizure	infores:hpo-annotations(primary_knowledge_source);infores:monarchinitiative(aggregator_knowledge_source);infores:automat-robokop(aggregator_knowledge_source)
Q20	e0	uuid:12637d07-198e-11f0-be82-6045bdb3d4c0	NCBIGene:6323	biolink:has_phenotype	HP:0007270	SCN1A	Atypical absence seizure	infores:hpo-annotations(primary_knowledge_source);infores:monarchinitiative(aggregator_knowledge_source);infores:automat-robokop(aggregator_knowledge_source)
Q20	e0	uuid:1eb9ded1-198e-11f0-be82-6045bdb3d4c0	NCBIGene:6323	biolink:has_phenotype	HP:0002121	SCN1A	Absence Seizure	infores:hpo-annotations(primary_knowledge_source);infores:monarchinitiative(aggregator_knowledge_source);infores:automat-robokop(aggregator_knowledge_source)
Q20	e0	uuid:18c4090f-198e-11f0-be82-6045bdb3d4c0	NCBIGene:6323	biolink:has_phenotype	HP:0002373	SCN1A	Febrile Seizure	infores:hpo-annotations(primary_knowledge_source);infores:monarchinitiative(aggregator_knowledge_source);infores:automat-robokop(aggregator_knowledge_source)
Q20	e0	uuid:19f529de-198e-11f0-be82-6045bdb3d4c0	NCBIGene:6323	biolink:has_phenotype	MONDO:0020074	SCN1A	progressive myoclonus epilepsy	infores:hpo-annotations(primary_knowledge_source);infores:monarchinitiative(aggregator_knowledge_source);infores:automat-robokop(aggregator_knowledge_source)
Q20	e0	uuid:13ff51a4-198e-11f0-be82-6045bdb3d4c0	NCBIGene:6323	biolink:has_phenotype	HP:0007359	SCN1A	Partial Seizure	infores:hpo-annotations(primary_knowledge_source);infores:monarchinitiative(aggregator_knowledge_source);infores:automat-robokop(aggregator_knowledge_source)
Q20	e0	uuid:16617369-198e-11f0-be82-6045bdb3d4c0	NCBIGene:6323	biolink:has_phenotype	HP:0011169	SCN1A	Generalized clonic seizure	infores:hpo-annotations(primary_knowledge_source);infores:monarchinitiative(aggregator_knowledge_source);infores:automat-robokop(aggregator_knowledge_source)
Q20	e0	uuid:16617afd-198e-11f0-be82-6045bdb3d4c0	NCBIGene:6323	biolink:has_phenotype	HP:0002121	SCN1A	Absence Seizure	infores:hpo-annotations(primary_knowledge_source);infores:monarchinitiative(aggregator_knowledge_source);infores:automat-robokop(aggregator_knowledge_source)
Q20	e0	uuid:1feaf149-198e-11f0-be82-6045bdb3d4c0	NCBIGene:6323	biolink:has_phenotype	HP:0011150	SCN1A	Myoclonic absence seizure	infores:hpo-annotations(primary_knowledge_source);infores:monarchinitiative(aggregator_knowledge_source);infores:automat-robokop(aggregator_knowledge_source)
Q20	e0	uuid:1eb99cbf-198e-11f0-be82-6045bdb3d4c0	NCBIGene:6323	biolink:has_phenotype	HP:0007334	SCN1A	Bilateral tonic-clonic seizure with focal onset	infores:hpo-annotations(primary_knowledge_source);infores:monarchinitiative(aggregator_knowledge_source);infores:automat-robokop(aggregator_knowledge_source)
Q20	e0	uuid:16618350-198e-11f0-be82-6045bdb3d4c0	NCBIGene:6323	biolink:has_phenotype	HP:0007207	SCN1A	Photosensitive tonic-clonic seizure	infores:hpo-annotations(primary_knowledge_source);infores:monarchinitiative(aggregator_knowledge_source);infores:automat-robokop(aggregator_knowledge_source)
Q20	e0	uuid:1d8864d3-198e-11f0-be82-6045bdb3d4c0	NCBIGene:6323	biolink:has_phenotype	HP:0006813	SCN1A	Focal hemiclonic seizure	infores:hpo-annotations(primary_knowledge_source);infores:monarchinitiative(aggregator_knowledge_source);infores:automat-robokop(aggregator_knowledge_source)
Q20	e0	uuid:1d886d5b-198e-11f0-be82-6045bdb3d4c0	NCBIGene:6323	biolink:has_phenotype	HP:0010821	SCN1A	Focal emotional seizure with laughing	infores:hpo-annotations(primary_knowledge_source);infores:monarchinitiative(aggregator_knowledge_source);infores:automat-robokop(aggregator_knowledge_source)
Q20	e0	uuid:1b264146-198e-11f0-be82-6045bdb3d4c0	NCBIGene:6323	biolink:has_phenotype	MONDO:0020074	SCN1A	progressive myoclonus epilepsy	infores:hpo-annotations(primary_knowledge_source);infores:monarchinitiative(aggregator_knowledge_source);infores:automat-robokop(aggregator_knowledge_source)
Q20	e0	uuid:11fe3245-198e-11f0-be82-6045bdb3d4c0	NCBIGene:6323	biolink:has_phenotype	HP:0002069	SCN1A	Bilateral tonic-clonic seizure	infores:hpo-annotations(primary_knowledge_source);infores:monarchinitiative(aggregator_knowledge_source);infores:automat-robokop(aggregator_knowledge_source)
Q20	e0	uuid:1c576261-198e-11f0-be82-6045bdb3d4c0	NCBIGene:6323	biolink:has_phenotype	HP:0010818	SCN1A	Generalized tonic seizure	infores:hpo-annotations(primary_knowledge_source);infores:monarchinitiative(aggregator_knowledge_source);infores:automat-robokop(aggregator_knowledge_source)
Q20	e0	uuid:19f52220-198e-11f0-be82-6045bdb3d4c0	NCBIGene:6323	biolink:has_phenotype	HP:0002373	SCN1A	Febrile Seizure	infores:hpo-annotations(primary_knowledge_source);infores:monarchinitiative(aggregator_knowledge_source);infores:automat-robokop(aggregator_knowledge_source)
Q20	e0	uuid:1eb99cc3-198e-11f0-be82-6045bdb3d4c0	NCBIGene:6323	biolink:has_phenotype	HP:0032794	SCN1A	Myoclonic seizure	infores:hpo-annotations(primary_knowledge_source);infores:monarchinitiative(aggregator_knowledge_source);infores:automat-robokop(aggregator_knowledge_source)
Q20	e0	uuid:19f519b0-198e-11f0-be82-6045bdb3d4c0	NCBIGene:6323	biolink:has_phenotype	HP:0025190	SCN1A	Bilateral tonic-clonic seizure with generalized onset	infores:hpo-annotations(primary_knowledge_source);infores:monarchinitiative(aggregator_knowledge_source);infores:automat-robokop(aggregator_knowledge_source)
Q20	e0	uuid:12638581-198e-11f0-be82-6045bdb3d4c0	NCBIGene:6323	biolink:has_phenotype	MONDO:0020074	SCN1A	progressive myoclonus epilepsy	infores:hpo-annotations(primary_knowledge_source);infores:monarchinitiative(aggregator_knowledge_source);infores:automat-robokop(aggregator_knowledge_source)
Q20	e0	uuid:1b263971-198e-11f0-be82-6045bdb3d4c0	NCBIGene:6323	biolink:has_phenotype	HP:0032792	SCN1A	Tonic seizure	infores:hpo-annotations(primary_knowledge_source);infores:monarchinitiative(aggregator_knowledge_source);infores:automat-robokop(aggregator_knowledge_source)
Q20	e0	uuid:179290db-198e-11f0-be82-6045bdb3d4c0	NCBIGene:6323	biolink:has_phenotype	MONDO:0018097	SCN1A	West syndrome	infores:hpo-annotations(primary_knowledge_source);infores:monarchinitiative(aggregator_knowledge_source);infores:automat-robokop(aggregator_knowledge_source)
Q20	e0	uuid:1c57529d-198e-11f0-be82-6045bdb3d4c0	NCBIGene:6323	biolink:has_phenotype	HP:0006813	SCN1A	Focal hemiclonic seizure	infores:hpo-annotations(primary_knowledge_source);infores:monarchinitiative(aggregator_knowledge_source);infores:automat-robokop(aggregator_knowledge_source)
Q20	e0	uuid:18c3b3be-198e-11f0-be82-6045bdb3d4c0	NCBIGene:6323	biolink:has_phenotype	MONDO:0020074	SCN1A	progressive myoclonus epilepsy	infores:hpo-annotations(primary_knowledge_source);infores:monarchinitiative(aggregator_knowledge_source);infores:automat-robokop(aggregator_knowledge_source)
Q20	e0	uuid:19f52221-198e-11f0-be82-6045bdb3d4c0	NCBIGene:6323	biolink:has_phenotype	HP:0010818	SCN1A	Generalized tonic seizure	infores:hpo-annotations(primary_knowledge_source);infores:monarchinitiative(aggregator_knowledge_source);infores:automat-robokop(aggregator_knowledge_source)
Q20	e0	uuid:11fe4204-198e-11f0-be82-6045bdb3d4c0	NCBIGene:6323	biolink:has_phenotype	HP:0002197	SCN1A	Generalized-onset seizure	infores:hpo-annotations(primary_knowledge_source);infores:monarchinitiative(aggregator_knowledge_source);infores:automat-robokop(aggregator_knowledge_source)
Q20	e0	uuid:1d88ba7e-198e-11f0-be82-6045bdb3d4c0	NCBIGene:6323	biolink:has_phenotype	HP:0011172	SCN1A	Complex febrile seizure	infores:hpo-annotations(primary_knowledge_source);infores:monarchinitiative(aggregator_knowledge_source);infores:automat-robokop(aggregator_knowledge_source)
Q20	e0	uuid:13fefc7b-198e-11f0-be82-6045bdb3d4c0	NCBIGene:6323	biolink:has_phenotype	HP:0010819	SCN1A	Atonic seizure	infores:hpo-annotations(primary_knowledge_source);infores:monarchinitiative(aggregator_knowledge_source);infores:automat-robokop(aggregator_knowledge_source)
Q20	e0	uuid:11fe39ad-198e-11f0-be82-6045bdb3d4c0	NCBIGene:6323	biolink:has_phenotype	MONDO:0018097	SCN1A	West syndrome	infores:hpo-annotations(primary_knowledge_source);infores:monarchinitiative(aggregator_knowledge_source);infores:automat-robokop(aggregator_knowledge_source)
Q20	e0	e_87	NCBIGene:6323	biolink:genetically_associated_with	MONDO:0011461	SCN1A	generalized epilepsy with febrile seizures plus, type 2	infores:ctd(primary_knowledge_source);infores:pharos(aggregator_knowledge_source);infores:automat-robokop(aggregator_knowledge_source)
Q20	e0	e_88	NCBIGene:6323	biolink:genetically_associated_with	MONDO:0011461	SCN1A	generalized epilepsy with febrile seizures plus, type 2	infores:uniprot(primary_knowledge_source);infores:pharos(aggregator_knowledge_source);infores:automat-robokop(aggregator_knowledge_source)
Q20	e0	e_89	NCBIGene:6323	biolink:genetically_associated_with	MONDO:0005027	SCN1A	epilepsy	infores:disgenet(primary_knowledge_source);infores:pharos(aggregator_knowledge_source);infores:automat-robokop(aggregator_knowledge_source)
Q20	e0	e_90	NCBIGene:6323	biolink:genetically_associated_with	MONDO:0016532	SCN1A	Lennox-Gastaut syndrome	infores:eram(primary_knowledge_source);infores:pharos(aggregator_knowledge_source);infores:automat-robokop(aggregator_knowledge_source)
Q20	e0	e_91	NCBIGene:6323	biolink:genetically_associated_with	HP:0011171	SCN1A	Simple febrile seizure	infores:disgenet(primary_knowledge_source);infores:pharos(aggregator_knowledge_source);infores:automat-robokop(aggregator_knowledge_source)
Q20	e0	e_92	NCBIGene:6323	biolink:genetically_associated_with	MONDO:0011416	SCN1A	generalized epilepsy with febrile seizures plus, type 1	infores:monarchinitiative(primary_knowledge_source);infores:pharos(aggregator_knowledge_source);infores:automat-robokop(aggregator_knowledge_source)
Q20	e0	e_93	NCBIGene:6323	biolink:genetically_associated_with	UMLS:C0086236	SCN1A	Atonic Epilepsy	infores:disgenet(primary_knowledge_source);infores:pharos(aggregator_knowledge_source);infores:automat-robokop(aggregator_knowledge_source)
Q20	e0	e_94	NCBIGene:6323	biolink:genetically_associated_with	HP:0002373	SCN1A	Febrile Seizure	infores:disgenet(primary_knowledge_source);infores:pharos(aggregator_knowledge_source);infores:automat-robokop(aggregator_knowledge_source)
Q20	e0	e_95	NCBIGene:6323	biolink:genetically_associated_with	MONDO:0005027	SCN1A	epilepsy	infores:diseases(primary_knowledge_source);infores:pharos(aggregator_knowledge_source);infores:automat-robokop(aggregator_knowledge_source)
Q20	e0	e_96	NCBIGene:6323	biolink:genetically_associated_with	HP:0002373	SCN1A	Febrile Seizure	infores:monarchinitiative(primary_knowledge_source);infores:pharos(aggregator_knowledge_source);infores:automat-robokop(aggregator_knowledge_source)
Q20	e0	e_97	NCBIGene:6323	biolink:genetically_associated_with	MONDO:0100135	SCN1A	Dravet syndrome	infores:disgenet(primary_knowledge_source);infores:pharos(aggregator_knowledge_source);infores:automat-robokop(aggregator_knowledge_source)
Q20	e0	e_98	NCBIGene:6323	biolink:genetically_associated_with	MONDO:0100079	SCN1A	developmental and epileptic encephalopathy, 6	infores:monarchinitiative(primary_knowledge_source);infores:pharos(aggregator_knowledge_source);infores:automat-robokop(aggregator_knowledge_source)
Q20	e0	e_99	NCBIGene:6323	biolink:genetically_associated_with	MONDO:0018214	SCN1A	generalized epilepsy with febrile seizures plus	infores:diseases(primary_knowledge_source);infores:pharos(aggregator_knowledge_source);infores:automat-robokop(aggregator_knowledge_source)
Q20	e0	e_100	NCBIGene:6323	biolink:genetically_associated_with	MONDO:0100079	SCN1A	developmental and epileptic encephalopathy, 6	infores:uniprot(primary_knowledge_source);infores:pharos(aggregator_knowledge_source);infores:automat-robokop(aggregator_knowledge_source)
Q20	e0	e_101	NCBIGene:6323	biolink:genetically_associated_with	MONDO:0016532	SCN1A	Lennox-Gastaut syndrome	infores:disgenet(primary_knowledge_source);infores:pharos(aggregator_knowledge_source);infores:automat-robokop(aggregator_knowledge_source)
Q20	e0	e_102	NCBIGene:6323	biolink:genetically_associated_with	MONDO:0006892	SCN1A	Aura	infores:disgenet(primary_knowledge_source);infores:pharos(aggregator_knowledge_source);infores:automat-robokop(aggregator_knowledge_source)
Q20	e0	e_103	NCBIGene:6323	biolink:genetically_associated_with	MONDO:0016022	SCN1A	early myoclonic encephalopathy	infores:disgenet(primary_knowledge_source);infores:pharos(aggregator_knowledge_source);infores:automat-robokop(aggregator_knowledge_source)
Q20	e0	e_104	NCBIGene:6323	biolink:genetically_associated_with	MONDO:0005579	SCN1A	idiopathic generalized epilepsy	infores:ctd(primary_knowledge_source);infores:pharos(aggregator_knowledge_source);infores:automat-robokop(aggregator_knowledge_source)
Q20	e0	e_105	NCBIGene:6323	biolink:genetically_associated_with	MONDO:0016022	SCN1A	early myoclonic encephalopathy	infores:ctd(primary_knowledge_source);infores:pharos(aggregator_knowledge_source);infores:automat-robokop(aggregator_knowledge_source)
Q20	e0	e_106	NCBIGene:6323	biolink:genetically_associated_with	MONDO:0011416	SCN1A	generalized epilepsy with febrile seizures plus, type 1	infores:disgenet(primary_knowledge_source);infores:pharos(aggregator_knowledge_source);infores:automat-robokop(aggregator_knowledge_source)
Q20	e0	e_107	NCBIGene:6323	biolink:genetically_associated_with	MONDO:0100566	SCN1A	myoclonic epilepsy in infancy	infores:disgenet(primary_knowledge_source);infores:pharos(aggregator_knowledge_source);infores:automat-robokop(aggregator_knowledge_source)
Q20	e0	e_108	NCBIGene:6323	biolink:genetically_associated_with	MONDO:0019487	SCN1A	epilepsy with myoclonic absences	infores:disgenet(primary_knowledge_source);infores:pharos(aggregator_knowledge_source);infores:automat-robokop(aggregator_knowledge_source)
Q20	e0	e_109	NCBIGene:6323	biolink:genetically_associated_with	MONDO:0014633	SCN1A	epilepsy with myoclonic atonic seizures	infores:disgenet(primary_knowledge_source);infores:pharos(aggregator_knowledge_source);infores:automat-robokop(aggregator_knowledge_source)
Q20	e0	e_110	NCBIGene:6323	biolink:genetically_associated_with	MONDO:0011461	SCN1A	generalized epilepsy with febrile seizures plus, type 2	infores:disgenet(primary_knowledge_source);infores:pharos(aggregator_knowledge_source);infores:automat-robokop(aggregator_knowledge_source)
Q20	e0	e_111	NCBIGene:6323	biolink:genetically_associated_with	MONDO:0011461	SCN1A	generalized epilepsy with febrile seizures plus, type 2	infores:monarchinitiative(primary_knowledge_source);infores:pharos(aggregator_knowledge_source);infores:automat-robokop(aggregator_knowledge_source)
Q20	e0	e_112	NCBIGene:6323	biolink:genetically_associated_with	MONDO:0016532	SCN1A	Lennox-Gastaut syndrome	infores:diseases(primary_knowledge_source);infores:pharos(aggregator_knowledge_source);infores:automat-robokop(aggregator_knowledge_source)
Q20	e0	e_113	NCBIGene:6323	biolink:genetically_associated_with	MONDO:0018214	SCN1A	generalized epilepsy with febrile seizures plus	infores:disgenet(primary_knowledge_source);infores:pharos(aggregator_knowledge_source);infores:automat-robokop(aggregator_knowledge_source)
Q20	e0	e_114	NCBIGene:6323	biolink:genetically_associated_with	MONDO:0013989	SCN1A	developmental and epileptic encephalopathy, 14	infores:diseases(primary_knowledge_source);infores:pharos(aggregator_knowledge_source);infores:automat-robokop(aggregator_knowledge_source)
Q20	e0	e_115	NCBIGene:6323	biolink:genetically_associated_with	MONDO:0005027	SCN1A	epilepsy	infores:ctd(primary_knowledge_source);infores:pharos(aggregator_knowledge_source);infores:automat-robokop(aggregator_knowledge_source)
Q20	e0	e_116	NCBIGene:6323	biolink:genetically_associated_with	MONDO:0800329	SCN1A	febrile seizures, familial, 3a	infores:disgenet(primary_knowledge_source);infores:pharos(aggregator_knowledge_source);infores:automat-robokop(aggregator_knowledge_source)
Q20	e0	e_117	NCBIGene:6323	biolink:genetically_associated_with	HP:0002373	SCN1A	Febrile Seizure	infores:ctd(primary_knowledge_source);infores:pharos(aggregator_knowledge_source);infores:automat-robokop(aggregator_knowledge_source)
Q20	e0	e_118	NCBIGene:6323	biolink:genetically_associated_with	MONDO:0100574	SCN1A	generalized epilepsy	infores:disgenet(primary_knowledge_source);infores:pharos(aggregator_knowledge_source);infores:automat-robokop(aggregator_knowledge_source)
Q20	e0	e_119	NCBIGene:6323	biolink:genetically_associated_with	HP:0011172	SCN1A	Complex febrile seizure	infores:disgenet(primary_knowledge_source);infores:pharos(aggregator_knowledge_source);infores:automat-robokop(aggregator_knowledge_source)
Q20	e0	e_120	NCBIGene:6323	biolink:genetically_associated_with	MONDO:0016532	SCN1A	Lennox-Gastaut syndrome	infores:monarchinitiative(primary_knowledge_source);infores:pharos(aggregator_knowledge_source);infores:automat-robokop(aggregator_knowledge_source)
Q20	e0	e_121	NCBIGene:6323	biolink:genetically_associated_with	MONDO:0016022	SCN1A	early myoclonic encephalopathy	infores:eram(primary_knowledge_source);infores:pharos(aggregator_knowledge_source);infores:automat-robokop(aggregator_knowledge_source)
Q20	e0	e_122	NCBIGene:6323	biolink:genetically_associated_with	MONDO:0011506	SCN1A	familial infantile myoclonic epilepsy	infores:disgenet(primary_knowledge_source);infores:pharos(aggregator_knowledge_source);infores:automat-robokop(aggregator_knowledge_source)
Q20	e0	e_123	NCBIGene:6323	biolink:gene_associated_with_condition	MONDO:0100135	SCN1A	Dravet syndrome	infores:ubergraph(primary_knowledge_source);infores:automat-robokop(aggregator_knowledge_source)
Q20	e0	e_124	NCBIGene:6323	biolink:gene_associated_with_condition	MONDO:0011461	SCN1A	generalized epilepsy with febrile seizures plus, type 2	infores:ubergraph(primary_knowledge_source);infores:automat-robokop(aggregator_knowledge_source)
Q20	e0	e_125	NCBIGene:6323	biolink:gene_associated_with_condition	MONDO:0100079	SCN1A	developmental and epileptic encephalopathy, 6	infores:ubergraph(primary_knowledge_source);infores:automat-robokop(aggregator_knowledge_source)
Q20	e0	e_126	NCBIGene:6323	biolink:gene_associated_with_condition	MONDO:0030268	SCN1A	developmental and epileptic encephalopathy 6B	infores:ubergraph(primary_knowledge_source);infores:automat-robokop(aggregator_knowledge_source)
Q20	e0	e_127	NCBIGene:6323	biolink:target_for	MONDO:0005384	SCN1A	focal epilepsy	infores:drugcentral(primary_knowledge_source);infores:pharos(aggregator_knowledge_source);infores:automat-robokop(aggregator_knowledge_source)
Q20	e0	e_128	NCBIGene:6323	biolink:target_for	MONDO:0016532	SCN1A	Lennox-Gastaut syndrome	infores:drugcentral(primary_knowledge_source);infores:pharos(aggregator_knowledge_source);infores:automat-robokop(aggregator_knowledge_source)
Q20	e0	e_129	NCBIGene:6323	biolink:target_for	MONDO:0005027	SCN1A	epilepsy	infores:drugmechdb(primary_knowledge_source);infores:automat-robokop(aggregator_knowledge_source)
Q20	e0	e_130	NCBIGene:6323	biolink:target_for	MONDO:0005027	SCN1A	epilepsy	infores:drugcentral(primary_knowledge_source);infores:pharos(aggregator_knowledge_source);infores:automat-robokop(aggregator_knowledge_source)
Q20	e0	e_131	NCBIGene:6323	biolink:target_for	MONDO:0002125	SCN1A	status epilepticus	infores:drugcentral(primary_knowledge_source);infores:pharos(aggregator_knowledge_source);infores:automat-robokop(aggregator_knowledge_source)
Q20	e0	e_132	NCBIGene:6323	biolink:target_for	MONDO:0016022	SCN1A	early myoclonic encephalopathy	infores:drugmechdb(primary_knowledge_source);infores:automat-robokop(aggregator_knowledge_source)
Q20	e0	e_133	NCBIGene:6323	biolink:target_for	MONDO:0005754	SCN1A	epilepsy with generalized tonic-clonic seizures	infores:drugcentral(primary_knowledge_source);infores:pharos(aggregator_knowledge_source);infores:automat-robokop(aggregator_knowledge_source)
Q20	e0	e_134	MONDO:0011461	biolink:subclass_of	MONDO:0005027	generalized epilepsy with febrile seizures plus, type 2	epilepsy	infores:ubergraph(primary_knowledge_source);infores:automat-robokop(aggregator_knowledge_source)
Q20	e0	e_135	MONDO:0100079	biolink:subclass_of	MONDO:0005027	developmental and epileptic encephalopathy, 6	epilepsy	infores:ubergraph(primary_knowledge_source);infores:automat-robokop(aggregator_knowledge_source)
Q20	e0	e_136	MONDO:0030268	biolink:subclass_of	MONDO:0005027	developmental and epileptic encephalopathy 6B	epilepsy	infores:ubergraph(primary_knowledge_source);infores:automat-robokop(aggregator_knowledge_source)
Q20	e0	e_137	HP:0011169	biolink:subclass_of	MONDO:0005027	Generalized clonic seizure	epilepsy	infores:ubergraph(primary_knowledge_source);infores:automat-robokop(aggregator_knowledge_source)
Q20	e0	e_138	HP:0007359	biolink:subclass_of	MONDO:0005027	Partial Seizure	epilepsy	infores:ubergraph(primary_knowledge_source);infores:automat-robokop(aggregator_knowledge_source)
Q20	e0	e_139	HP:0011151	biolink:subclass_of	MONDO:0005027	Atypical absence status epilepticus	epilepsy	infores:ubergraph(primary_knowledge_source);infores:automat-robokop(aggregator_knowledge_source)
Q20	e0	e_140	MONDO:0014633	biolink:subclass_of	MONDO:0005027	epilepsy with myoclonic atonic seizures	epilepsy	infores:ubergraph(primary_knowledge_source);infores:automat-robokop(aggregator_knowledge_source)
Q20	e0	e_141	MONDO:0006748	biolink:subclass_of	MONDO:0005027	epilepsia partialis continua	epilepsy	infores:ubergraph(primary_knowledge_source);infores:automat-robokop(aggregator_knowledge_source)
Q20	e0	e_142	HP:0002121	biolink:subclass_of	MONDO:0005027	Absence Seizure	epilepsy	infores:ubergraph(primary_knowledge_source);infores:automat-robokop(aggregator_knowledge_source)
Q20	e0	e_143	HP:0032901	biolink:subclass_of	MONDO:0005027	Focal pedal automatism seizure	epilepsy	infores:ubergraph(primary_knowledge_source);infores:automat-robokop(aggregator_knowledge_source)
Q20	e0	e_144	HP:0002069	biolink:subclass_of	MONDO:0005027	Bilateral tonic-clonic seizure	epilepsy	infores:ubergraph(primary_knowledge_source);infores:automat-robokop(aggregator_knowledge_source)
Q20	e0	e_145	MONDO:0006710	biolink:subclass_of	MONDO:0005027	complex partial epilepsy	epilepsy	infores:ubergraph(primary_knowledge_source);infores:automat-robokop(aggregator_knowledge_source)
Q20	e0	e_146	MONDO:0002125	biolink:subclass_of	MONDO:0005027	status epilepticus	epilepsy	infores:ubergraph(primary_knowledge_source);infores:automat-robokop(aggregator_knowledge_source)
Q20	e0	e_147	HP:0001327	biolink:subclass_of	MONDO:0005027	Photosensitive myoclonic seizure	epilepsy	infores:ubergraph(primary_knowledge_source);infores:automat-robokop(aggregator_knowledge_source)
Q20	e0	e_148	HP:0002349	biolink:subclass_of	MONDO:0005027	Focal aware seizure	epilepsy	infores:ubergraph(primary_knowledge_source);infores:automat-robokop(aggregator_knowledge_source)
Q20	e0	e_149	HP:0032794	biolink:subclass_of	MONDO:0005027	Myoclonic seizure	epilepsy	infores:ubergraph(primary_knowledge_source);infores:automat-robokop(aggregator_knowledge_source)
Q20	e0	e_150	HP:0011171	biolink:subclass_of	MONDO:0005027	Simple febrile seizure	epilepsy	infores:ubergraph(primary_knowledge_source);infores:automat-robokop(aggregator_knowledge_source)
Q20	e0	e_151	HP:0031475	biolink:subclass_of	MONDO:0005027	Status epilepticus without prominent motor symptoms	epilepsy	infores:ubergraph(primary_knowledge_source);infores:automat-robokop(aggregator_knowledge_source)
Q20	e0	e_152	HP:0010819	biolink:subclass_of	MONDO:0005027	Atonic seizure	epilepsy	infores:ubergraph(primary_knowledge_source);infores:automat-robokop(aggregator_knowledge_source)
Q20	e0	e_153	HP:0010818	biolink:subclass_of	MONDO:0005027	Generalized tonic seizure	epilepsy	infores:ubergraph(primary_knowledge_source);infores:automat-robokop(aggregator_knowledge_source)
Q20	e0	e_154	MONDO:0006892	biolink:subclass_of	MONDO:0005027	Aura	epilepsy	infores:ubergraph(primary_knowledge_source);infores:automat-robokop(aggregator_knowledge_source)
Q20	e0	e_155	HP:0006813	biolink:subclass_of	MONDO:0005027	Focal hemiclonic seizure	epilepsy	infores:ubergraph(primary_knowledge_source);infores:automat-robokop(aggregator_knowledge_source)
Q20	e0	e_156	HP:0011172	biolink:subclass_of	MONDO:0005027	Complex febrile seizure	epilepsy	infores:ubergraph(primary_knowledge_source);infores:automat-robokop(aggregator_knowledge_source)
Q20	e0	e_157	MONDO:0020074	biolink:subclass_of	MONDO:0005027	progressive myoclonus epilepsy	epilepsy	infores:ubergraph(primary_knowledge_source);infores:automat-robokop(aggregator_knowledge_source)
Q20	e0	e_158	HP:0032900	biolink:subclass_of	MONDO:0005027	Focal manual automatism seizure	epilepsy	infores:ubergraph(primary_knowledge_source);infores:automat-robokop(aggregator_knowledge_source)
Q20	e0	e_159	HP:0020216	biolink:subclass_of	MONDO:0005027	Visually-induced seizure	epilepsy	infores:ubergraph(primary_knowledge_source);infores:automat-robokop(aggregator_knowledge_source)
Q20	e0	e_160	HP:0007270	biolink:subclass_of	MONDO:0005027	Atypical absence seizure	epilepsy	infores:ubergraph(primary_knowledge_source);infores:automat-robokop(aggregator_knowledge_source)
Q20	e0	e_161	MONDO:0006891	biolink:subclass_of	MONDO:0005027	partial motor epilepsy	epilepsy	infores:ubergraph(primary_knowledge_source);infores:automat-robokop(aggregator_knowledge_source)
Q20	e0	e_162	HP:0002373	biolink:subclass_of	MONDO:0005027	Febrile Seizure	epilepsy	infores:ubergraph(primary_knowledge_source);infores:automat-robokop(aggregator_knowledge_source)
Q20	e0	e_163	MONDO:0018097	biolink:subclass_of	MONDO:0005027	West syndrome	epilepsy	infores:ubergraph(primary_knowledge_source);infores:automat-robokop(aggregator_knowledge_source)
Q20	e0	e_164	HP:0011150	biolink:subclass_of	MONDO:0005027	Myoclonic absence seizure	epilepsy	infores:ubergraph(primary_knowledge_source);infores:automat-robokop(aggregator_knowledge_source)
Q20	e0	e_165	HP:0007334	biolink:subclass_of	MONDO:0005027	Bilateral tonic-clonic seizure with focal onset	epilepsy	infores:ubergraph(primary_knowledge_source);infores:automat-robokop(aggregator_knowledge_source)
Q20	e0	e_166	HP:0007207	biolink:subclass_of	MONDO:0005027	Photosensitive tonic-clonic seizure	epilepsy	infores:ubergraph(primary_knowledge_source);infores:automat-robokop(aggregator_knowledge_source)
Q20	e0	e_167	HP:0010821	biolink:subclass_of	MONDO:0005027	Focal emotional seizure with laughing	epilepsy	infores:ubergraph(primary_knowledge_source);infores:automat-robokop(aggregator_knowledge_source)
Q20	e0	e_168	HP:0025190	biolink:subclass_of	MONDO:0005027	Bilateral tonic-clonic seizure with generalized onset	epilepsy	infores:ubergraph(primary_knowledge_source);infores:automat-robokop(aggregator_knowledge_source)
Q20	e0	e_169	HP:0032792	biolink:subclass_of	MONDO:0005027	Tonic seizure	epilepsy	infores:ubergraph(primary_knowledge_source);infores:automat-robokop(aggregator_knowledge_source)
Q20	e0	e_170	HP:0002197	biolink:subclass_of	MONDO:0005027	Generalized-onset seizure	epilepsy	infores:ubergraph(primary_knowledge_source);infores:automat-robokop(aggregator_knowledge_source)
Q20	e0	e_171	MONDO:0016532	biolink:subclass_of	MONDO:0005027	Lennox-Gastaut syndrome	epilepsy	infores:ubergraph(primary_knowledge_source);infores:automat-robokop(aggregator_knowledge_source)
Q20	e0	e_172	MONDO:0011416	biolink:subclass_of	MONDO:0005027	generalized epilepsy with febrile seizures plus, type 1	epilepsy	infores:ubergraph(primary_knowledge_source);infores:automat-robokop(aggregator_knowledge_source)
Q20	e0	e_173	UMLS:C0086236	biolink:subclass_of	MONDO:0005027	Atonic Epilepsy	epilepsy	infores:ubergraph(primary_knowledge_source);infores:automat-robokop(aggregator_knowledge_source)
Q20	e0	e_174	MONDO:0100135	biolink:subclass_of	MONDO:0005027	Dravet syndrome	epilepsy	infores:ubergraph(primary_knowledge_source);infores:automat-robokop(aggregator_knowledge_source)
Q20	e0	e_175	MONDO:0018214	biolink:subclass_of	MONDO:0005027	generalized epilepsy with febrile seizures plus	epilepsy	infores:ubergraph(primary_knowledge_source);infores:automat-robokop(aggregator_knowledge_source)
Q20	e0	e_176	MONDO:0016022	biolink:subclass_of	MONDO:0005027	early myoclonic encephalopathy	epilepsy	infores:ubergraph(primary_knowledge_source);infores:automat-robokop(aggregator_knowledge_source)
Q20	e0	e_177	MONDO:0005579	biolink:subclass_of	MONDO:0005027	idiopathic generalized epilepsy	epilepsy	infores:ubergraph(primary_knowledge_source);infores:automat-robokop(aggregator_knowledge_source)
Q20	e0	e_178	MONDO:0100566	biolink:subclass_of	MONDO:0005027	myoclonic epilepsy in infancy	epilepsy	infores:ubergraph(primary_knowledge_source);infores:automat-robokop(aggregator_knowledge_source)
Q20	e0	e_179	MONDO:0019487	biolink:subclass_of	MONDO:0005027	epilepsy with myoclonic absences	epilepsy	infores:ubergraph(primary_knowledge_source);infores:automat-robokop(aggregator_knowledge_source)
Q20	e0	e_180	MONDO:0013989	biolink:subclass_of	MONDO:0005027	developmental and epileptic encephalopathy, 14	epilepsy	infores:ubergraph(primary_knowledge_source);infores:automat-robokop(aggregator_knowledge_source)
Q20	e0	e_181	MONDO:0800329	biolink:subclass_of	MONDO:0005027	febrile seizures, familial, 3a	epilepsy	infores:ubergraph(primary_knowledge_source);infores:automat-robokop(aggregator_knowledge_source)
Q20	e0	e_182	MONDO:0100574	biolink:subclass_of	MONDO:0005027	generalized epilepsy	epilepsy	infores:ubergraph(primary_knowledge_source);infores:automat-robokop(aggregator_knowledge_source)
Q20	e0	e_183	MONDO:0011506	biolink:subclass_of	MONDO:0005027	familial infantile myoclonic epilepsy	epilepsy	infores:ubergraph(primary_knowledge_source);infores:automat-robokop(aggregator_knowledge_source)
Q20	e0	e_184	MONDO:0005384	biolink:subclass_of	MONDO:0005027	focal epilepsy	epilepsy	infores:ubergraph(primary_knowledge_source);infores:automat-robokop(aggregator_knowledge_source)
Q20	e0	e_185	MONDO:0005754	biolink:subclass_of	MONDO:0005027	epilepsy with generalized tonic-clonic seizures	epilepsy	infores:ubergraph(primary_knowledge_source);infores:automat-robokop(aggregator_knowledge_source)
Q20	e0	uuid:0e9d578e-198e-11f0-be82-6045bdb3d4c0_e_134	MONDO:0005027	biolink:causes	MONDO:0011461	epilepsy	generalized epilepsy with febrile seizures plus, type 2	infores:automat-robokop(primary_knowledge_source)
Q20	e0	uuid:0eae0da3-198e-11f0-be82-6045bdb3d4c0_e_135	MONDO:0005027	biolink:causes	MONDO:0100079	epilepsy	developmental and epileptic encephalopathy, 6	infores:automat-robokop(primary_knowledge_source)
Q20	e0	uuid:0ec437cd-198e-11f0-be82-6045bdb3d4c0_e_136	MONDO:0005027	biolink:causes	MONDO:0030268	epilepsy	developmental and epileptic encephalopathy 6B	infores:automat-robokop(primary_knowledge_source)
Q20	e0	uuid:1eb9ce38-198e-11f0-be82-6045bdb3d4c0_e_137	MONDO:0005027	biolink:has_phenotype	HP:0011169	epilepsy	Generalized clonic seizure	infores:automat-robokop(primary_knowledge_source)
Q20	e0	uuid:1d88b2a7-198e-11f0-be82-6045bdb3d4c0_e_138	MONDO:0005027	biolink:has_phenotype	HP:0007359	epilepsy	Partial Seizure	infores:automat-robokop(primary_knowledge_source)
Q20	e0	uuid:19f519b3-198e-11f0-be82-6045bdb3d4c0_e_139	MONDO:0005027	biolink:has_phenotype	HP:0011151	epilepsy	Atypical absence status epilepticus	infores:automat-robokop(primary_knowledge_source)
Q20	e0	uuid:1792994f-198e-11f0-be82-6045bdb3d4c0_e_140	MONDO:0005027	biolink:has_phenotype	MONDO:0014633	epilepsy	epilepsy with myoclonic atonic seizures	infores:automat-robokop(primary_knowledge_source)
Q20	e0	uuid:1792994d-198e-11f0-be82-6045bdb3d4c0_e_141	MONDO:0005027	biolink:has_phenotype	MONDO:0006748	epilepsy	epilepsia partialis continua	infores:automat-robokop(primary_knowledge_source)
Q20	e0	uuid:12638582-198e-11f0-be82-6045bdb3d4c0_e_142	MONDO:0005027	biolink:has_phenotype	HP:0002121	epilepsy	Absence Seizure	infores:automat-robokop(primary_knowledge_source)
Q20	e0	uuid:19f5221f-198e-11f0-be82-6045bdb3d4c0_e_138	MONDO:0005027	biolink:has_phenotype	HP:0007359	epilepsy	Partial Seizure	infores:automat-robokop(primary_knowledge_source)
Q20	e0	uuid:1d887c9f-198e-11f0-be82-6045bdb3d4c0_e_143	MONDO:0005027	biolink:has_phenotype	HP:0032901	epilepsy	Focal pedal automatism seizure	infores:automat-robokop(primary_knowledge_source)
Q20	e0	uuid:1eb99114-198e-11f0-be82-6045bdb3d4c0_e_144	MONDO:0005027	biolink:has_phenotype	HP:0002069	epilepsy	Bilateral tonic-clonic seizure	infores:automat-robokop(primary_knowledge_source)
Q20	e0	uuid:13ff49de-198e-11f0-be82-6045bdb3d4c0_e_145	MONDO:0005027	biolink:has_phenotype	MONDO:0006710	epilepsy	complex partial epilepsy	infores:automat-robokop(primary_knowledge_source)
Q20	e0	uuid:13fefc75-198e-11f0-be82-6045bdb3d4c0_e_146	MONDO:0005027	biolink:has_phenotype	MONDO:0002125	epilepsy	status epilepticus	infores:automat-robokop(primary_knowledge_source)
Q20	e0	uuid:1eb9ded0-198e-11f0-be82-6045bdb3d4c0_e_144	MONDO:0005027	biolink:has_phenotype	HP:0002069	epilepsy	Bilateral tonic-clonic seizure	infores:automat-robokop(primary_knowledge_source)
Q20	e0	uuid:19f4dcb1-198e-11f0-be82-6045bdb3d4c0_e_147	MONDO:0005027	biolink:has_phenotype	HP:0001327	epilepsy	Photosensitive myoclonic seizure	infores:automat-robokop(primary_knowledge_source)
Q20	e0	uuid:18c3b3b0-198e-11f0-be82-6045bdb3d4c0_e_148	MONDO:0005027	biolink:has_phenotype	HP:0002349	epilepsy	Focal aware seizure	infores:automat-robokop(primary_knowledge_source)
Q20	e0	uuid:1b264936-198e-11f0-be82-6045bdb3d4c0_e_138	MONDO:0005027	biolink:has_phenotype	HP:0007359	epilepsy	Partial Seizure	infores:automat-robokop(primary_knowledge_source)
Q20	e0	uuid:13ff04d9-198e-11f0-be82-6045bdb3d4c0_e_144	MONDO:0005027	biolink:has_phenotype	HP:0002069	epilepsy	Bilateral tonic-clonic seizure	infores:automat-robokop(primary_knowledge_source)
Q20	e0	uuid:1b263171-198e-11f0-be82-6045bdb3d4c0_e_149	MONDO:0005027	biolink:has_phenotype	HP:0032794	epilepsy	Myoclonic seizure	infores:automat-robokop(primary_knowledge_source)
Q20	e0	uuid:15306a07-198e-11f0-be82-6045bdb3d4c0_e_150	MONDO:0005027	biolink:has_phenotype	HP:0011171	epilepsy	Simple febrile seizure	infores:automat-robokop(primary_knowledge_source)
Q20	e0	uuid:13ff04dc-198e-11f0-be82-6045bdb3d4c0_e_151	MONDO:0005027	biolink:has_phenotype	HP:0031475	epilepsy	Status epilepticus without prominent motor symptoms	infores:automat-robokop(primary_knowledge_source)
Q20	e0	uuid:1792a17a-198e-11f0-be82-6045bdb3d4c0_e_152	MONDO:0005027	biolink:has_phenotype	HP:0010819	epilepsy	Atonic seizure	infores:automat-robokop(primary_knowledge_source)
Q20	e0	uuid:11fe49ea-198e-11f0-be82-6045bdb3d4c0_e_146	MONDO:0005027	biolink:has_phenotype	MONDO:0002125	epilepsy	status epilepticus	infores:automat-robokop(primary_knowledge_source)
Q20	e0	uuid:1c575a7d-198e-11f0-be82-6045bdb3d4c0_e_151	MONDO:0005027	biolink:has_phenotype	HP:0031475	epilepsy	Status epilepticus without prominent motor symptoms	infores:automat-robokop(primary_knowledge_source)
Q20	e0	uuid:13ff51b4-198e-11f0-be82-6045bdb3d4c0_e_153	MONDO:0005027	biolink:has_phenotype	HP:0010818	epilepsy	Generalized tonic seizure	infores:automat-robokop(primary_knowledge_source)
Q20	e0	uuid:1feaf9dc-198e-11f0-be82-6045bdb3d4c0_e_154	MONDO:0005027	biolink:has_phenotype	MONDO:0006892	epilepsy	Aura	infores:automat-robokop(primary_knowledge_source)
Q20	e0	uuid:18c3c3ce-198e-11f0-be82-6045bdb3d4c0_e_142	MONDO:0005027	biolink:has_phenotype	HP:0002121	epilepsy	Absence Seizure	infores:automat-robokop(primary_knowledge_source)
Q20	e0	uuid:1792994b-198e-11f0-be82-6045bdb3d4c0_e_145	MONDO:0005027	biolink:has_phenotype	MONDO:0006710	epilepsy	complex partial epilepsy	infores:automat-robokop(primary_knowledge_source)
Q20	e0	uuid:12638584-198e-11f0-be82-6045bdb3d4c0_e_155	MONDO:0005027	biolink:has_phenotype	HP:0006813	epilepsy	Focal hemiclonic seizure	infores:automat-robokop(primary_knowledge_source)
Q20	e0	uuid:1b264147-198e-11f0-be82-6045bdb3d4c0_e_152	MONDO:0005027	biolink:has_phenotype	HP:0010819	epilepsy	Atonic seizure	infores:automat-robokop(primary_knowledge_source)
Q20	e0	uuid:18c3b3ae-198e-11f0-be82-6045bdb3d4c0_e_144	MONDO:0005027	biolink:has_phenotype	HP:0002069	epilepsy	Bilateral tonic-clonic seizure	infores:automat-robokop(primary_knowledge_source)
Q20	e0	uuid:18c4090e-198e-11f0-be82-6045bdb3d4c0_e_146	MONDO:0005027	biolink:has_phenotype	MONDO:0002125	epilepsy	status epilepticus	infores:automat-robokop(primary_knowledge_source)
Q20	e0	uuid:18c400f1-198e-11f0-be82-6045bdb3d4c0_e_155	MONDO:0005027	biolink:has_phenotype	HP:0006813	epilepsy	Focal hemiclonic seizure	infores:automat-robokop(primary_knowledge_source)
Q20	e0	uuid:132f0c17-198e-11f0-be82-6045bdb3d4c0_e_144	MONDO:0005027	biolink:has_phenotype	HP:0002069	epilepsy	Bilateral tonic-clonic seizure	infores:automat-robokop(primary_knowledge_source)
Q20	e0	uuid:15305aa7-198e-11f0-be82-6045bdb3d4c0_e_156	MONDO:0005027	biolink:has_phenotype	HP:0011172	epilepsy	Complex febrile seizure	infores:automat-robokop(primary_knowledge_source)
Q20	e0	uuid:1792994a-198e-11f0-be82-6045bdb3d4c0_e_157	MONDO:0005027	biolink:has_phenotype	MONDO:0020074	epilepsy	progressive myoclonus epilepsy	infores:automat-robokop(primary_knowledge_source)
Q20	e0	uuid:15305aa8-198e-11f0-be82-6045bdb3d4c0_e_158	MONDO:0005027	biolink:has_phenotype	HP:0032900	epilepsy	Focal manual automatism seizure	infores:automat-robokop(primary_knowledge_source)
Q20	e0	uuid:18c3f906-198e-11f0-be82-6045bdb3d4c0_e_152	MONDO:0005027	biolink:has_phenotype	HP:0010819	epilepsy	Atonic seizure	infores:automat-robokop(primary_knowledge_source)
Q20	e0	uuid:11fe49e9-198e-11f0-be82-6045bdb3d4c0_e_142	MONDO:0005027	biolink:has_phenotype	HP:0002121	epilepsy	Absence Seizure	infores:automat-robokop(primary_knowledge_source)
Q20	e0	uuid:1eb9d685-198e-11f0-be82-6045bdb3d4c0_e_159	MONDO:0005027	biolink:has_phenotype	HP:0020216	epilepsy	Visually-induced seizure	infores:automat-robokop(primary_knowledge_source)
Q20	e0	uuid:15307246-198e-11f0-be82-6045bdb3d4c0_e_145	MONDO:0005027	biolink:has_phenotype	MONDO:0006710	epilepsy	complex partial epilepsy	infores:automat-robokop(primary_knowledge_source)
Q20	e0	uuid:13ff4173-198e-11f0-be82-6045bdb3d4c0_e_146	MONDO:0005027	biolink:has_phenotype	MONDO:0002125	epilepsy	status epilepticus	infores:automat-robokop(primary_knowledge_source)
Q20	e0	uuid:11fe39a9-198e-11f0-be82-6045bdb3d4c0_e_138	MONDO:0005027	biolink:has_phenotype	HP:0007359	epilepsy	Partial Seizure	infores:automat-robokop(primary_knowledge_source)
Q20	e0	uuid:1feaf147-198e-11f0-be82-6045bdb3d4c0_e_145	MONDO:0005027	biolink:has_phenotype	MONDO:0006710	epilepsy	complex partial epilepsy	infores:automat-robokop(primary_knowledge_source)
Q20	e0	uuid:1eb99cbe-198e-11f0-be82-6045bdb3d4c0_e_160	MONDO:0005027	biolink:has_phenotype	HP:0007270	epilepsy	Atypical absence seizure	infores:automat-robokop(primary_knowledge_source)
Q20	e0	uuid:15306253-198e-11f0-be82-6045bdb3d4c0_e_148	MONDO:0005027	biolink:has_phenotype	HP:0002349	epilepsy	Focal aware seizure	infores:automat-robokop(primary_knowledge_source)
Q20	e0	uuid:1d8864c5-198e-11f0-be82-6045bdb3d4c0_e_152	MONDO:0005027	biolink:has_phenotype	HP:0010819	epilepsy	Atonic seizure	infores:automat-robokop(primary_knowledge_source)
Q20	e0	uuid:1c575a85-198e-11f0-be82-6045bdb3d4c0_e_138	MONDO:0005027	biolink:has_phenotype	HP:0007359	epilepsy	Partial Seizure	infores:automat-robokop(primary_knowledge_source)
Q20	e0	uuid:1c57529f-198e-11f0-be82-6045bdb3d4c0_e_161	MONDO:0005027	biolink:has_phenotype	MONDO:0006891	epilepsy	partial motor epilepsy	infores:automat-robokop(primary_knowledge_source)
Q20	e0	uuid:18c3f8fe-198e-11f0-be82-6045bdb3d4c0_e_157	MONDO:0005027	biolink:has_phenotype	MONDO:0020074	epilepsy	progressive myoclonus epilepsy	infores:automat-robokop(primary_knowledge_source)
Q20	e0	uuid:13fefc79-198e-11f0-be82-6045bdb3d4c0_e_162	MONDO:0005027	biolink:has_phenotype	HP:0002373	epilepsy	Febrile Seizure	infores:automat-robokop(primary_knowledge_source)
Q20	e0	uuid:132f0c0d-198e-11f0-be82-6045bdb3d4c0_e_163	MONDO:0005027	biolink:has_phenotype	MONDO:0018097	epilepsy	West syndrome	infores:automat-robokop(primary_knowledge_source)
Q20	e0	uuid:1feaf9db-198e-11f0-be82-6045bdb3d4c0_e_149	MONDO:0005027	biolink:has_phenotype	HP:0032794	epilepsy	Myoclonic seizure	infores:automat-robokop(primary_knowledge_source)
Q20	e0	uuid:13ff04e1-198e-11f0-be82-6045bdb3d4c0_e_155	MONDO:0005027	biolink:has_phenotype	HP:0006813	epilepsy	Focal hemiclonic seizure	infores:automat-robokop(primary_knowledge_source)
Q20	e0	uuid:12637d07-198e-11f0-be82-6045bdb3d4c0_e_160	MONDO:0005027	biolink:has_phenotype	HP:0007270	epilepsy	Atypical absence seizure	infores:automat-robokop(primary_knowledge_source)
Q20	e0	uuid:1eb9ded1-198e-11f0-be82-6045bdb3d4c0_e_142	MONDO:0005027	biolink:has_phenotype	HP:0002121	epilepsy	Absence Seizure	infores:automat-robokop(primary_knowledge_source)
Q20	e0	uuid:18c4090f-198e-11f0-be82-6045bdb3d4c0_e_162	MONDO:0005027	biolink:has_phenotype	HP:0002373	epilepsy	Febrile Seizure	infores:automat-robokop(primary_knowledge_source)
Q20	e0	uuid:19f529de-198e-11f0-be82-6045bdb3d4c0_e_157	MONDO:0005027	biolink:has_phenotype	MONDO:0020074	epilepsy	progressive myoclonus epilepsy	infores:automat-robokop(primary_knowledge_source)
Q20	e0	uuid:13ff51a4-198e-11f0-be82-6045bdb3d4c0_e_138	MONDO:0005027	biolink:has_phenotype	HP:0007359	epilepsy	Partial Seizure	infores:automat-robokop(primary_knowledge_source)
Q20	e0	uuid:16617369-198e-11f0-be82-6045bdb3d4c0_e_137	MONDO:0005027	biolink:has_phenotype	HP:0011169	epilepsy	Generalized clonic seizure	infores:automat-robokop(primary_knowledge_source)
Q20	e0	uuid:16617afd-198e-11f0-be82-6045bdb3d4c0_e_142	MONDO:0005027	biolink:has_phenotype	HP:0002121	epilepsy	Absence Seizure	infores:automat-robokop(primary_knowledge_source)
Q20	e0	uuid:1feaf149-198e-11f0-be82-6045bdb3d4c0_e_164	MONDO:0005027	biolink:has_phenotype	HP:0011150	epilepsy	Myoclonic absence seizure	infores:automat-robokop(primary_knowledge_source)
Q20	e0	uuid:1eb99cbf-198e-11f0-be82-6045bdb3d4c0_e_165	MONDO:0005027	biolink:has_phenotype	HP:0007334	epilepsy	Bilateral tonic-clonic seizure with focal onset	infores:automat-robokop(primary_knowledge_source)
Q20	e0	uuid:16618350-198e-11f0-be82-6045bdb3d4c0_e_166	MONDO:0005027	biolink:has_phenotype	HP:0007207	epilepsy	Photosensitive tonic-clonic seizure	infores:automat-robokop(primary_knowledge_source)
Q20	e0	uuid:1d8864d3-198e-11f0-be82-6045bdb3d4c0_e_155	MONDO:0005027	biolink:has_phenotype	HP:0006813	epilepsy	Focal hemiclonic seizure	infores:automat-robokop(primary_knowledge_source)
Q20	e0	uuid:1d886d5b-198e-11f0-be82-6045bdb3d4c0_e_167	MONDO:0005027	biolink:has_phenotype	HP:0010821	epilepsy	Focal emotional seizure with laughing	infores:automat-robokop(primary_knowledge_source)
Q20	e0	uuid:1b264146-198e-11f0-be82-6045bdb3d4c0_e_157	MONDO:0005027	biolink:has_phenotype	MONDO:0020074	epilepsy	progressive myoclonus epilepsy	infores:automat-robokop(primary_knowledge_source)
Q20	e0	uuid:11fe3245-198e-11f0-be82-6045bdb3d4c0_e_144	MONDO:0005027	biolink:has_phenotype	HP:0002069	epilepsy	Bilateral tonic-clonic seizure	infores:automat-robokop(primary_knowledge_source)
Q20	e0	uuid:1c576261-198e-11f0-be82-6045bdb3d4c0_e_153	MONDO:0005027	biolink:has_phenotype	HP:0010818	epilepsy	Generalized tonic seizure	infores:automat-robokop(primary_knowledge_source)
Q20	e0	uuid:19f52220-198e-11f0-be82-6045bdb3d4c0_e_162	MONDO:0005027	biolink:has_phenotype	HP:0002373	epilepsy	Febrile Seizure	infores:automat-robokop(primary_knowledge_source)
Q20	e0	uuid:1eb99cc3-198e-11f0-be82-6045bdb3d4c0_e_149	MONDO:0005027	biolink:has_phenotype	HP:0032794	epilepsy	Myoclonic seizure	infores:automat-robokop(primary_knowledge_source)
Q20	e0	uuid:19f519b0-198e-11f0-be82-6045bdb3d4c0_e_168	MONDO:0005027	biolink:has_phenotype	HP:0025190	epilepsy	Bilateral tonic-clonic seizure with generalized onset	infores:automat-robokop(primary_knowledge_source)
Q20	e0	uuid:12638581-198e-11f0-be82-6045bdb3d4c0_e_157	MONDO:0005027	biolink:has_phenotype	MONDO:0020074	epilepsy	progressive myoclonus epilepsy	infores:automat-robokop(primary_knowledge_source)
Q20	e0	uuid:1b263971-198e-11f0-be82-6045bdb3d4c0_e_169	MONDO:0005027	biolink:has_phenotype	HP:0032792	epilepsy	Tonic seizure	infores:automat-robokop(primary_knowledge_source)
Q20	e0	uuid:179290db-198e-11f0-be82-6045bdb3d4c0_e_163	MONDO:0005027	biolink:has_phenotype	MONDO:0018097	epilepsy	West syndrome	infores:automat-robokop(primary_knowledge_source)
Q20	e0	uuid:1c57529d-198e-11f0-be82-6045bdb3d4c0_e_155	MONDO:0005027	biolink:has_phenotype	HP:0006813	epilepsy	Focal hemiclonic seizure	infores:automat-robokop(primary_knowledge_source)
Q20	e0	uuid:18c3b3be-198e-11f0-be82-6045bdb3d4c0_e_157	MONDO:0005027	biolink:has_phenotype	MONDO:0020074	epilepsy	progressive myoclonus epilepsy	infores:automat-robokop(primary_knowledge_source)
Q20	e0	uuid:19f52221-198e-11f0-be82-6045bdb3d4c0_e_153	MONDO:0005027	biolink:has_phenotype	HP:0010818	epilepsy	Generalized tonic seizure	infores:automat-robokop(primary_knowledge_source)
Q20	e0	uuid:11fe4204-198e-11f0-be82-6045bdb3d4c0_e_170	MONDO:0005027	biolink:has_phenotype	HP:0002197	epilepsy	Generalized-onset seizure	infores:automat-robokop(primary_knowledge_source)
Q20	e0	uuid:1d88ba7e-198e-11f0-be82-6045bdb3d4c0_e_156	MONDO:0005027	biolink:has_phenotype	HP:0011172	epilepsy	Complex febrile seizure	infores:automat-robokop(primary_knowledge_source)
Q20	e0	uuid:13fefc7b-198e-11f0-be82-6045bdb3d4c0_e_152	MONDO:0005027	biolink:has_phenotype	HP:0010819	epilepsy	Atonic seizure	infores:automat-robokop(primary_knowledge_source)
Q20	e0	uuid:11fe39ad-198e-11f0-be82-6045bdb3d4c0_e_163	MONDO:0005027	biolink:has_phenotype	MONDO:0018097	epilepsy	West syndrome	infores:automat-robokop(primary_knowledge_source)
Q20	e0	e_87_e_134	MONDO:0005027	biolink:genetically_associated_with	MONDO:0011461	epilepsy	generalized epilepsy with febrile seizures plus, type 2	infores:automat-robokop(primary_knowledge_source)
Q20	e0	e_88_e_134	MONDO:0005027	biolink:genetically_associated_with	MONDO:0011461	epilepsy	generalized epilepsy with febrile seizures plus, type 2	infores:automat-robokop(primary_knowledge_source)
Q20	e0	e_90_e_171	MONDO:0005027	biolink:genetically_associated_with	MONDO:0016532	epilepsy	Lennox-Gastaut syndrome	infores:automat-robokop(primary_knowledge_source)
Q20	e0	e_91_e_150	MONDO:0005027	biolink:genetically_associated_with	HP:0011171	epilepsy	Simple febrile seizure	infores:automat-robokop(primary_knowledge_source)
Q20	e0	e_92_e_172	MONDO:0005027	biolink:genetically_associated_with	MONDO:0011416	epilepsy	generalized epilepsy with febrile seizures plus, type 1	infores:automat-robokop(primary_knowledge_source)
Q20	e0	e_93_e_173	MONDO:0005027	biolink:genetically_associated_with	UMLS:C0086236	epilepsy	Atonic Epilepsy	infores:automat-robokop(primary_knowledge_source)
Q20	e0	e_94_e_162	MONDO:0005027	biolink:genetically_associated_with	HP:0002373	epilepsy	Febrile Seizure	infores:automat-robokop(primary_knowledge_source)
Q20	e0	e_96_e_162	MONDO:0005027	biolink:genetically_associated_with	HP:0002373	epilepsy	Febrile Seizure	infores:automat-robokop(primary_knowledge_source)
Q20	e0	e_97_e_174	MONDO:0005027	biolink:genetically_associated_with	MONDO:0100135	epilepsy	Dravet syndrome	infores:automat-robokop(primary_knowledge_source)
Q20	e0	e_98_e_135	MONDO:0005027	biolink:genetically_associated_with	MONDO:0100079	epilepsy	developmental and epileptic encephalopathy, 6	infores:automat-robokop(primary_knowledge_source)
Q20	e0	e_99_e_175	MONDO:0005027	biolink:genetically_associated_with	MONDO:0018214	epilepsy	generalized epilepsy with febrile seizures plus	infores:automat-robokop(primary_knowledge_source)
Q20	e0	e_100_e_135	MONDO:0005027	biolink:genetically_associated_with	MONDO:0100079	epilepsy	developmental and epileptic encephalopathy, 6	infores:automat-robokop(primary_knowledge_source)
Q20	e0	e_101_e_171	MONDO:0005027	biolink:genetically_associated_with	MONDO:0016532	epilepsy	Lennox-Gastaut syndrome	infores:automat-robokop(primary_knowledge_source)
Q20	e0	e_102_e_154	MONDO:0005027	biolink:genetically_associated_with	MONDO:0006892	epilepsy	Aura	infores:automat-robokop(primary_knowledge_source)
Q20	e0	e_103_e_176	MONDO:0005027	biolink:genetically_associated_with	MONDO:0016022	epilepsy	early myoclonic encephalopathy	infores:automat-robokop(primary_knowledge_source)
Q20	e0	e_104_e_177	MONDO:0005027	biolink:genetically_associated_with	MONDO:0005579	epilepsy	idiopathic generalized epilepsy	infores:automat-robokop(primary_knowledge_source)
Q20	e0	e_105_e_176	MONDO:0005027	biolink:genetically_associated_with	MONDO:0016022	epilepsy	early myoclonic encephalopathy	infores:automat-robokop(primary_knowledge_source)
Q20	e0	e_106_e_172	MONDO:0005027	biolink:genetically_associated_with	MONDO:0011416	epilepsy	generalized epilepsy with febrile seizures plus, type 1	infores:automat-robokop(primary_knowledge_source)
Q20	e0	e_107_e_178	MONDO:0005027	biolink:genetically_associated_with	MONDO:0100566	epilepsy	myoclonic epilepsy in infancy	infores:automat-robokop(primary_knowledge_source)
Q20	e0	e_108_e_179	MONDO:0005027	biolink:genetically_associated_with	MONDO:0019487	epilepsy	epilepsy with myoclonic absences	infores:automat-robokop(primary_knowledge_source)
Q20	e0	e_109_e_140	MONDO:0005027	biolink:genetically_associated_with	MONDO:0014633	epilepsy	epilepsy with myoclonic atonic seizures	infores:automat-robokop(primary_knowledge_source)
Q20	e0	e_110_e_134	MONDO:0005027	biolink:genetically_associated_with	MONDO:0011461	epilepsy	generalized epilepsy with febrile seizures plus, type 2	infores:automat-robokop(primary_knowledge_source)
Q20	e0	e_111_e_134	MONDO:0005027	biolink:genetically_associated_with	MONDO:0011461	epilepsy	generalized epilepsy with febrile seizures plus, type 2	infores:automat-robokop(primary_knowledge_source)
Q20	e0	e_112_e_171	MONDO:0005027	biolink:genetically_associated_with	MONDO:0016532	epilepsy	Lennox-Gastaut syndrome	infores:automat-robokop(primary_knowledge_source)
Q20	e0	e_113_e_175	MONDO:0005027	biolink:genetically_associated_with	MONDO:0018214	epilepsy	generalized epilepsy with febrile seizures plus	infores:automat-robokop(primary_knowledge_source)
Q20	e0	e_114_e_180	MONDO:0005027	biolink:genetically_associated_with	MONDO:0013989	epilepsy	developmental and epileptic encephalopathy, 14	infores:automat-robokop(primary_knowledge_source)
Q20	e0	e_116_e_181	MONDO:0005027	biolink:genetically_associated_with	MONDO:0800329	epilepsy	febrile seizures, familial, 3a	infores:automat-robokop(primary_knowledge_source)
Q20	e0	e_117_e_162	MONDO:0005027	biolink:genetically_associated_with	HP:0002373	epilepsy	Febrile Seizure	infores:automat-robokop(primary_knowledge_source)
Q20	e0	e_118_e_182	MONDO:0005027	biolink:genetically_associated_with	MONDO:0100574	epilepsy	generalized epilepsy	infores:automat-robokop(primary_knowledge_source)
Q20	e0	e_119_e_156	MONDO:0005027	biolink:genetically_associated_with	HP:0011172	epilepsy	Complex febrile seizure	infores:automat-robokop(primary_knowledge_source)
Q20	e0	e_120_e_171	MONDO:0005027	biolink:genetically_associated_with	MONDO:0016532	epilepsy	Lennox-Gastaut syndrome	infores:automat-robokop(primary_knowledge_source)
Q20	e0	e_121_e_176	MONDO:0005027	biolink:genetically_associated_with	MONDO:0016022	epilepsy	early myoclonic encephalopathy	infores:automat-robokop(primary_knowledge_source)
Q20	e0	e_122_e_183	MONDO:0005027	biolink:genetically_associated_with	MONDO:0011506	epilepsy	familial infantile myoclonic epilepsy	infores:automat-robokop(primary_knowledge_source)
Q20	e0	e_123_e_174	MONDO:0005027	biolink:gene_associated_with_condition	MONDO:0100135	epilepsy	Dravet syndrome	infores:automat-robokop(primary_knowledge_source)
Q20	e0	e_124_e_134	MONDO:0005027	biolink:gene_associated_with_condition	MONDO:0011461	epilepsy	generalized epilepsy with febrile seizures plus, type 2	infores:automat-robokop(primary_knowledge_source)
Q20	e0	e_125_e_135	MONDO:0005027	biolink:gene_associated_with_condition	MONDO:0100079	epilepsy	developmental and epileptic encephalopathy, 6	infores:automat-robokop(primary_knowledge_source)
Q20	e0	e_126_e_136	MONDO:0005027	biolink:gene_associated_with_condition	MONDO:0030268	epilepsy	developmental and epileptic encephalopathy 6B	infores:automat-robokop(primary_knowledge_source)
Q20	e0	e_127_e_184	MONDO:0005027	biolink:target_for	MONDO:0005384	epilepsy	focal epilepsy	infores:automat-robokop(primary_knowledge_source)
Q20	e0	e_128_e_171	MONDO:0005027	biolink:target_for	MONDO:0016532	epilepsy	Lennox-Gastaut syndrome	infores:automat-robokop(primary_knowledge_source)
Q20	e0	e_131_e_146	MONDO:0005027	biolink:target_for	MONDO:0002125	epilepsy	status epilepticus	infores:automat-robokop(primary_knowledge_source)
Q20	e0	e_132_e_176	MONDO:0005027	biolink:target_for	MONDO:0016022	epilepsy	early myoclonic encephalopathy	infores:automat-robokop(primary_knowledge_source)
Q20	e0	e_133_e_185	MONDO:0005027	biolink:target_for	MONDO:0005754	epilepsy	epilepsy with generalized tonic-clonic seizures	infores:automat-robokop(primary_knowledge_source)
Q21	e0	uuid:0eae0eb7-198e-11f0-be82-6045bdb3d4c0	NCBIGene:120892	biolink:contributes_to	MONDO:0011764	LRRK2	autosomal dominant Parkinson disease 8	infores:omim(primary_knowledge_source);infores:monarchinitiative(aggregator_knowledge_source);infores:medgen(aggregator_knowledge_source);infores:automat-robokop(aggregator_knowledge_source)
Q21	e0	e_2	MONDO:0005180	biolink:related_to	NCBIGene:120892	Parkinson disease	LRRK2	infores:hetionet(primary_knowledge_source);infores:automat-robokop(aggregator_knowledge_source)
Q21	e0	e_3	NCBIGene:120892	biolink:genetically_associated_with	MONDO:0017279	LRRK2	young-onset Parkinson disease	infores:disgenet(primary_knowledge_source);infores:pharos(aggregator_knowledge_source);infores:automat-robokop(aggregator_knowledge_source)
Q21	e0	e_4	NCBIGene:120892	biolink:genetically_associated_with	MONDO:0010820	LRRK2	autosomal recessive juvenile Parkinson disease 2	infores:disgenet(primary_knowledge_source);infores:pharos(aggregator_knowledge_source);infores:automat-robokop(aggregator_knowledge_source)
Q21	e0	e_5	NCBIGene:120892	biolink:genetically_associated_with	MONDO:0008199	LRRK2	late-onset Parkinson disease	infores:disgenet(primary_knowledge_source);infores:pharos(aggregator_knowledge_source);infores:automat-robokop(aggregator_knowledge_source)
Q21	e0	e_6	NCBIGene:120892	biolink:genetically_associated_with	MONDO:0005180	LRRK2	Parkinson disease	infores:ctd(primary_knowledge_source);infores:pharos(aggregator_knowledge_source);infores:automat-robokop(aggregator_knowledge_source)
Q21	e0	e_7	NCBIGene:120892	biolink:genetically_associated_with	MONDO:0005180	LRRK2	Parkinson disease	infores:disgenet(primary_knowledge_source);infores:pharos(aggregator_knowledge_source);infores:automat-robokop(aggregator_knowledge_source)
Q21	e0	e_8	NCBIGene:120892	biolink:genetically_associated_with	MONDO:0005180	LRRK2	Parkinson disease	infores:monarchinitiative(primary_knowledge_source);infores:pharos(aggregator_knowledge_source);infores:automat-robokop(aggregator_knowledge_source)
Q21	e0	e_9	NCBIGene:120892	biolink:genetically_associated_with	MONDO:0008199	LRRK2	late-onset Parkinson disease	infores:monarchinitiative(primary_knowledge_source);infores:pharos(aggregator_knowledge_source);infores:automat-robokop(aggregator_knowledge_source)
Q21	e0	e_10	NCBIGene:120892	biolink:genetically_associated_with	MONDO:0011764	LRRK2	autosomal dominant Parkinson disease 8	infores:disgenet(primary_knowledge_source);infores:pharos(aggregator_knowledge_source);infores:automat-robokop(aggregator_knowledge_source)
Q21	e0	e_11	NCBIGene:120892	biolink:genetically_associated_with	MONDO:0011764	LRRK2	autosomal dominant Parkinson disease 8	infores:uniprot(primary_knowledge_source);infores:pharos(aggregator_knowledge_source);infores:automat-robokop(aggregator_knowledge_source)
Q21	e0	e_12	NCBIGene:120892	biolink:genetically_associated_with	MONDO:0005180	LRRK2	Parkinson disease	infores:diseases(primary_knowledge_source);infores:pharos(aggregator_knowledge_source);infores:automat-robokop(aggregator_knowledge_source)
Q21	e0	e_13	NCBIGene:120892	biolink:genetically_associated_with	MONDO:0011764	LRRK2	autosomal dominant Parkinson disease 8	infores:ctd(primary_knowledge_source);infores:pharos(aggregator_knowledge_source);infores:automat-robokop(aggregator_knowledge_source)
Q21	e0	e_14	NCBIGene:120892	biolink:genetically_associated_with	MONDO:0000828	LRRK2	juvenile-onset Parkinson disease	infores:disgenet(primary_knowledge_source);infores:pharos(aggregator_knowledge_source);infores:automat-robokop(aggregator_knowledge_source)
Q21	e0	e_15	NCBIGene:120892	biolink:genetically_associated_with	MONDO:0011764	LRRK2	autosomal dominant Parkinson disease 8	infores:monarchinitiative(primary_knowledge_source);infores:pharos(aggregator_knowledge_source);infores:automat-robokop(aggregator_knowledge_source)
Q21	e0	e_16	NCBIGene:120892	biolink:gene_associated_with_condition	MONDO:0011764	LRRK2	autosomal dominant Parkinson disease 8	infores:ubergraph(primary_knowledge_source);infores:automat-robokop(aggregator_knowledge_source)
Q21	e0	e_17	MONDO:0011764	biolink:subclass_of	MONDO:0005180	autosomal dominant Parkinson disease 8	Parkinson disease	infores:ubergraph(primary_knowledge_source);infores:automat-robokop(aggregator_knowledge_source)
Q21	e0	e_18	MONDO:0017279	biolink:subclass_of	MONDO:0005180	young-onset Parkinson disease	Parkinson disease	infores:ubergraph(primary_knowledge_source);infores:automat-robokop(aggregator_knowledge_source)
Q21	e0	e_19	MONDO:0010820	biolink:subclass_of	MONDO:0005180	autosomal recessive juvenile Parkinson disease 2	Parkinson disease	infores:ubergraph(primary_knowledge_source);infores:automat-robokop(aggregator_knowledge_source)
Q21	e0	e_20	MONDO:0008199	biolink:subclass_of	MONDO:0005180	late-onset Parkinson disease	Parkinson disease	infores:ubergraph(primary_knowledge_source);infores:automat-robokop(aggregator_knowledge_source)
Q21	e0	e_21	MONDO:0000828	biolink:subclass_of	MONDO:0005180	juvenile-onset Parkinson disease	Parkinson disease	infores:ubergraph(primary_knowledge_source);infores:automat-robokop(aggregator_knowledge_source)
Q21	e0	uuid:0eae0eb7-198e-11f0-be82-6045bdb3d4c0_e_17	MONDO:0005180	biolink:contributes_to	MONDO:0011764	Parkinson disease	autosomal dominant Parkinson disease 8	infores:automat-robokop(primary_knowledge_source)
Q21	e0	e_3_e_18	MONDO:0005180	biolink:genetically_associated_with	MONDO:0017279	Parkinson disease	young-onset Parkinson disease	infores:automat-robokop(primary_knowledge_source)
Q21	e0	e_4_e_19	MONDO:0005180	biolink:genetically_associated_with	MONDO:0010820	Parkinson disease	autosomal recessive juvenile Parkinson disease 2	infores:automat-robokop(primary_knowledge_source)
Q21	e0	e_5_e_20	MONDO:0005180	biolink:genetically_associated_with	MONDO:0008199	Parkinson disease	late-onset Parkinson disease	infores:automat-robokop(primary_knowledge_source)
Q21	e0	e_9_e_20	MONDO:0005180	biolink:genetically_associated_with	MONDO:0008199	Parkinson disease	late-onset Parkinson disease	infores:automat-robokop(primary_knowledge_source)
Q21	e0	e_10_e_17	MONDO:0005180	biolink:genetically_associated_with	MONDO:0011764	Parkinson disease	autosomal dominant Parkinson disease 8	infores:automat-robokop(primary_knowledge_source)
Q21	e0	e_11_e_17	MONDO:0005180	biolink:genetically_associated_with	MONDO:0011764	Parkinson disease	autosomal dominant Parkinson disease 8	infores:automat-robokop(primary_knowledge_source)
Q21	e0	e_13_e_17	MONDO:0005180	biolink:genetically_associated_with	MONDO:0011764	Parkinson disease	autosomal dominant Parkinson disease 8	infores:automat-robokop(primary_knowledge_source)
Q21	e0	e_14_e_21	MONDO:0005180	biolink:genetically_associated_with	MONDO:0000828	Parkinson disease	juvenile-onset Parkinson disease	infores:automat-robokop(primary_knowledge_source)
Q21	e0	e_15_e_17	MONDO:0005180	biolink:genetically_associated_with	MONDO:0011764	Parkinson disease	autosomal dominant Parkinson disease 8	infores:automat-robokop(primary_knowledge_source)
Q21	e0	e_16_e_17	MONDO:0005180	biolink:gene_associated_with_condition	MONDO:0011764	Parkinson disease	autosomal dominant Parkinson disease 8	infores:automat-robokop(primary_knowledge_source)
Q22	e0	uuid:0ea2ec3a-198e-11f0-be82-6045bdb3d4c0	NCBIGene:54209	biolink:contributes_to	MONDO:0014036	TREM2	Alzheimer disease 17	infores:omim(primary_knowledge_source);infores:monarchinitiative(aggregator_knowledge_source);infores:medgen(aggregator_knowledge_source);infores:automat-robokop(aggregator_knowledge_source)
Q22	e0	e_2	MONDO:0004975	biolink:related_to	NCBIGene:54209	Alzheimer disease	TREM2	infores:hetionet(primary_knowledge_source);infores:automat-robokop(aggregator_knowledge_source)
Q22	e0	e_3	NCBIGene:54209	biolink:genetically_associated_with	MONDO:0004975	TREM2	Alzheimer disease	infores:eram(primary_knowledge_source);infores:pharos(aggregator_knowledge_source);infores:automat-robokop(aggregator_knowledge_source)
Q22	e0	e_4	NCBIGene:54209	biolink:genetically_associated_with	MONDO:0004975	TREM2	Alzheimer disease	infores:ctd(primary_knowledge_source);infores:pharos(aggregator_knowledge_source);infores:automat-robokop(aggregator_knowledge_source)
Q22	e0	e_5	NCBIGene:54209	biolink:genetically_associated_with	MONDO:0004975	TREM2	Alzheimer disease	infores:monarchinitiative(primary_knowledge_source);infores:pharos(aggregator_knowledge_source);infores:automat-robokop(aggregator_knowledge_source)
Q22	e0	e_6	NCBIGene:54209	biolink:genetically_associated_with	MONDO:0004975	TREM2	Alzheimer disease	infores:disgenet(primary_knowledge_source);infores:pharos(aggregator_knowledge_source);infores:automat-robokop(aggregator_knowledge_source)
Q22	e0	e_7	NCBIGene:54209	biolink:genetically_associated_with	MONDO:0100087	TREM2	familial Alzheimer disease	infores:disgenet(primary_knowledge_source);infores:pharos(aggregator_knowledge_source);infores:automat-robokop(aggregator_knowledge_source)
Q22	e0	e_8	NCBIGene:54209	biolink:genetically_associated_with	MONDO:0004975	TREM2	Alzheimer disease	infores:diseases(primary_knowledge_source);infores:pharos(aggregator_knowledge_source);infores:automat-robokop(aggregator_knowledge_source)
Q22	e0	e_9	MONDO:0014036	biolink:subclass_of	MONDO:0004975	Alzheimer disease 17	Alzheimer disease	infores:ubergraph(primary_knowledge_source);infores:automat-robokop(aggregator_knowledge_source)
Q22	e0	e_10	MONDO:0100087	biolink:subclass_of	MONDO:0004975	familial Alzheimer disease	Alzheimer disease	infores:ubergraph(primary_knowledge_source);infores:automat-robokop(aggregator_knowledge_source)
Q22	e0	uuid:0ea2ec3a-198e-11f0-be82-6045bdb3d4c0_e_9	MONDO:0004975	biolink:contributes_to	MONDO:0014036	Alzheimer disease	Alzheimer disease 17	infores:automat-robokop(primary_knowledge_source)
Q22	e0	e_7_e_10	MONDO:0004975	biolink:genetically_associated_with	MONDO:0100087	Alzheimer disease	familial Alzheimer disease	infores:automat-robokop(primary_knowledge_source)
Q23	e0	e_1	MONDO:0005147	biolink:related_to	NCBIGene:3119	type 1 diabetes mellitus	HLA-DQB1	infores:hetionet(primary_knowledge_source);infores:automat-robokop(aggregator_knowledge_source)
Q23	e0	uuid:18c3e50b-198e-11f0-be82-6045bdb3d4c0	NCBIGene:3119	biolink:has_phenotype	MONDO:0005147	HLA-DQB1	type 1 diabetes mellitus	infores:hpo-annotations(primary_knowledge_source);infores:monarchinitiative(aggregator_knowledge_source);infores:automat-robokop(aggregator_knowledge_source)
Q23	e0	e_3	NCBIGene:3119	biolink:genetically_associated_with	MONDO:0005147	HLA-DQB1	type 1 diabetes mellitus	infores:ctd(primary_knowledge_source);infores:pharos(aggregator_knowledge_source);infores:automat-robokop(aggregator_knowledge_source)
Q23	e0	e_4	NCBIGene:3119	biolink:genetically_associated_with	MONDO:0005147	HLA-DQB1	type 1 diabetes mellitus	infores:disgenet(primary_knowledge_source);infores:pharos(aggregator_knowledge_source);infores:automat-robokop(aggregator_knowledge_source)
Q23	e0	e_5	NCBIGene:3119	biolink:genetically_associated_with	MONDO:0005147	HLA-DQB1	type 1 diabetes mellitus	infores:diseases(primary_knowledge_source);infores:pharos(aggregator_knowledge_source);infores:automat-robokop(aggregator_knowledge_source)
Q24	e0	e_1	MONDO:0005011	biolink:related_to	NCBIGene:64127	Crohn disease	NOD2	infores:hetionet(primary_knowledge_source);infores:automat-robokop(aggregator_knowledge_source)
Q24	e0	uuid:17927dd9-198e-11f0-be82-6045bdb3d4c0	NCBIGene:64127	biolink:has_phenotype	MONDO:0005011	NOD2	Crohn disease	infores:hpo-annotations(primary_knowledge_source);infores:monarchinitiative(aggregator_knowledge_source);infores:automat-robokop(aggregator_knowledge_source)
Q24	e0	e_3	NCBIGene:64127	biolink:genetically_associated_with	MONDO:0005011	NOD2	Crohn disease	infores:disgenet(primary_knowledge_source);infores:pharos(aggregator_knowledge_source);infores:automat-robokop(aggregator_knowledge_source)
Q24	e0	e_4	NCBIGene:64127	biolink:genetically_associated_with	MONDO:0005011	NOD2	Crohn disease	infores:eram(primary_knowledge_source);infores:pharos(aggregator_knowledge_source);infores:automat-robokop(aggregator_knowledge_source)
Q24	e0	e_5	NCBIGene:64127	biolink:genetically_associated_with	MONDO:0005532	NOD2	Crohn's colitis	infores:ctd(primary_knowledge_source);infores:pharos(aggregator_knowledge_source);infores:automat-robokop(aggregator_knowledge_source)
Q24	e0	e_6	NCBIGene:64127	biolink:genetically_associated_with	MONDO:0005011	NOD2	Crohn disease	infores:ctd(primary_knowledge_source);infores:pharos(aggregator_knowledge_source);infores:automat-robokop(aggregator_knowledge_source)
Q24	e0	e_7	NCBIGene:64127	biolink:genetically_associated_with	MONDO:0000709	NOD2	Crohn ileitis	infores:disgenet(primary_knowledge_source);infores:pharos(aggregator_knowledge_source);infores:automat-robokop(aggregator_knowledge_source)
Q24	e0	e_8	NCBIGene:64127	biolink:genetically_associated_with	MONDO:0005011	NOD2	Crohn disease	infores:diseases(primary_knowledge_source);infores:pharos(aggregator_knowledge_source);infores:automat-robokop(aggregator_knowledge_source)
Q24	e0	e_9	NCBIGene:64127	biolink:genetically_associated_with	MONDO:0005532	NOD2	Crohn's colitis	infores:disgenet(primary_knowledge_source);infores:pharos(aggregator_knowledge_source);infores:automat-robokop(aggregator_knowledge_source)
Q24	e0	e_10	NCBIGene:64127	biolink:genetically_associated_with	MONDO:0005534	NOD2	ileocolitis	infores:disgenet(primary_knowledge_source);infores:pharos(aggregator_knowledge_source);infores:automat-robokop(aggregator_knowledge_source)
Q24	e0	e_11	MONDO:0005532	biolink:subclass_of	MONDO:0005011	Crohn's colitis	Crohn disease	infores:ubergraph(primary_knowledge_source);infores:automat-robokop(aggregator_knowledge_source)
Q24	e0	e_12	MONDO:0000709	biolink:subclass_of	MONDO:0005011	Crohn ileitis	Crohn disease	infores:ubergraph(primary_knowledge_source);infores:automat-robokop(aggregator_knowledge_source)
Q24	e0	e_13	MONDO:0005534	biolink:subclass_of	MONDO:0005011	ileocolitis	Crohn disease	infores:ubergraph(primary_knowledge_source);infores:automat-robokop(aggregator_knowledge_source)
Q24	e0	e_5_e_11	MONDO:0005011	biolink:genetically_associated_with	MONDO:0005532	Crohn disease	Crohn's colitis	infores:automat-robokop(primary_knowledge_source)
Q24	e0	e_7_e_12	MONDO:0005011	biolink:genetically_associated_with	MONDO:0000709	Crohn disease	Crohn ileitis	infores:automat-robokop(primary_knowledge_source)
Q24	e0	e_9_e_11	MONDO:0005011	biolink:genetically_associated_with	MONDO:0005532	Crohn disease	Crohn's colitis	infores:automat-robokop(primary_knowledge_source)
Q24	e0	e_10_e_13	MONDO:0005011	biolink:genetically_associated_with	MONDO:0005534	Crohn disease	ileocolitis	infores:automat-robokop(primary_knowledge_source)
Q25	e0	e_1	MONDO:0005083	biolink:related_to	NCBIGene:3605	psoriasis	IL17A	infores:hetionet(primary_knowledge_source);infores:automat-robokop(aggregator_knowledge_source)
Q26	e0	e_1	MONDO:0007254	biolink:related_to	NCBIGene:2099	breast cancer	ESR1	infores:hetionet(primary_knowledge_source);infores:automat-robokop(aggregator_knowledge_source)
Q26	e0	uuid:0eae151f-198e-11f0-be82-6045bdb3d4c0	NCBIGene:2099	biolink:causes	MONDO:0016419	ESR1	hereditary breast carcinoma	infores:omim(primary_knowledge_source);infores:monarchinitiative(aggregator_knowledge_source);infores:medgen(aggregator_knowledge_source);infores:automat-robokop(aggregator_knowledge_source)
Q26	e0	uuid:1feadc7c-198e-11f0-be82-6045bdb3d4c0	NCBIGene:2099	biolink:has_phenotype	MONDO:0004989	ESR1	breast carcinoma	infores:hpo-annotations(primary_knowledge_source);infores:monarchinitiative(aggregator_knowledge_source);infores:automat-robokop(aggregator_knowledge_source)
Q26	e0	e_4	NCBIGene:2099	biolink:genetically_associated_with	MONDO:0007254	ESR1	breast cancer	infores:ctd(primary_knowledge_source);infores:pharos(aggregator_knowledge_source);infores:automat-robokop(aggregator_knowledge_source)
Q26	e0	e_5	NCBIGene:2099	biolink:genetically_associated_with	MONDO:0004989	ESR1	breast carcinoma	infores:ctd(primary_knowledge_source);infores:pharos(aggregator_knowledge_source);infores:automat-robokop(aggregator_knowledge_source)
Q26	e0	e_6	NCBIGene:2099	biolink:genetically_associated_with	MONDO:0005023	ESR1	ductal breast carcinoma in situ	infores:diseases(primary_knowledge_source);infores:pharos(aggregator_knowledge_source);infores:automat-robokop(aggregator_knowledge_source)
Q26	e0	e_7	NCBIGene:2099	biolink:genetically_associated_with	MONDO:0004989	ESR1	breast carcinoma	infores:disgenet(primary_knowledge_source);infores:pharos(aggregator_knowledge_source);infores:automat-robokop(aggregator_knowledge_source)
Q26	e0	e_8	NCBIGene:2099	biolink:genetically_associated_with	MONDO:0016419	ESR1	hereditary breast carcinoma	infores:monarchinitiative(primary_knowledge_source);infores:pharos(aggregator_knowledge_source);infores:automat-robokop(aggregator_knowledge_source)
Q26	e0	e_9	NCBIGene:2099	biolink:genetically_associated_with	MONDO:0007254	ESR1	breast cancer	infores:diseases(primary_knowledge_source);infores:pharos(aggregator_knowledge_source);infores:automat-robokop(aggregator_knowledge_source)
Q26	e0	e_10	NCBIGene:2099	biolink:genetically_associated_with	MONDO:0016419	ESR1	hereditary breast carcinoma	infores:disgenet(primary_knowledge_source);infores:pharos(aggregator_knowledge_source);infores:automat-robokop(aggregator_knowledge_source)
Q26	e0	e_11	NCBIGene:2099	biolink:genetically_associated_with	MONDO:0045059	ESR1	cribriform carcinoma of breast	infores:ctd(primary_knowledge_source);infores:pharos(aggregator_knowledge_source);infores:automat-robokop(aggregator_knowledge_source)
Q26	e0	e_12	NCBIGene:2099	biolink:genetically_associated_with	MONDO:0004988	ESR1	breast adenocarcinoma	infores:disgenet(primary_knowledge_source);infores:pharos(aggregator_knowledge_source);infores:automat-robokop(aggregator_knowledge_source)
Q26	e0	e_13	NCBIGene:2099	biolink:genetically_associated_with	MONDO:0007254	ESR1	breast cancer	infores:disgenet(primary_knowledge_source);infores:pharos(aggregator_knowledge_source);infores:automat-robokop(aggregator_knowledge_source)
Q26	e0	e_14	NCBIGene:2099	biolink:target_for	MONDO:0004953	ESR1	invasive ductal breast carcinoma	infores:drugcentral(primary_knowledge_source);infores:pharos(aggregator_knowledge_source);infores:automat-robokop(aggregator_knowledge_source)
Q26	e0	e_15	NCBIGene:2099	biolink:target_for	MONDO:0005590	ESR1	breast ductal adenocarcinoma	infores:drugmechdb(primary_knowledge_source);infores:automat-robokop(aggregator_knowledge_source)
Q26	e0	e_16	MONDO:0016419	biolink:subclass_of	MONDO:0007254	hereditary breast carcinoma	breast cancer	infores:ubergraph(primary_knowledge_source);infores:automat-robokop(aggregator_knowledge_source)
Q26	e0	e_17	MONDO:0004989	biolink:subclass_of	MONDO:0007254	breast carcinoma	breast cancer	infores:ubergraph(primary_knowledge_source);infores:automat-robokop(aggregator_knowledge_source)
Q26	e0	e_18	MONDO:0005023	biolink:subclass_of	MONDO:0007254	ductal breast carcinoma in situ	breast cancer	infores:ubergraph(primary_knowledge_source);infores:automat-robokop(aggregator_knowledge_source)
Q26	e0	e_19	MONDO:0045059	biolink:subclass_of	MONDO:0007254	cribriform carcinoma of breast	breast cancer	infores:ubergraph(primary_knowledge_source);infores:automat-robokop(aggregator_knowledge_source)
Q26	e0	e_20	MONDO:0004988	biolink:subclass_of	MONDO:0007254	breast adenocarcinoma	breast cancer	infores:ubergraph(primary_knowledge_source);infores:automat-robokop(aggregator_knowledge_source)
Q26	e0	e_21	MONDO:0004953	biolink:subclass_of	MONDO:0007254	invasive ductal breast carcinoma	breast cancer	infores:ubergraph(primary_knowledge_source);infores:automat-robokop(aggregator_knowledge_source)
Q26	e0	e_22	MONDO:0005590	biolink:subclass_of	MONDO:0007254	breast ductal adenocarcinoma	breast cancer	infores:ubergraph(primary_knowledge_source);infores:automat-robokop(aggregator_knowledge_source)
Q26	e0	uuid:0eae151f-198e-11f0-be82-6045bdb3d4c0_e_16	MONDO:0007254	biolink:causes	MONDO:0016419	breast cancer	hereditary breast carcinoma	infores:automat-robokop(primary_knowledge_source)
Q26	e0	uuid:1feadc7c-198e-11f0-be82-6045bdb3d4c0_e_17	MONDO:0007254	biolink:has_phenotype	MONDO:0004989	breast cancer	breast carcinoma	infores:automat-robokop(primary_knowledge_source)
Q26	e0	e_5_e_17	MONDO:0007254	biolink:genetically_associated_with	MONDO:0004989	breast cancer	breast carcinoma	infores:automat-robokop(primary_knowledge_source)
Q26	e0	e_6_e_18	MONDO:0007254	biolink:genetically_associated_with	MONDO:0005023	breast cancer	ductal breast carcinoma in situ	infores:automat-robokop(primary_knowledge_source)
Q26	e0	e_7_e_17	MONDO:0007254	biolink:genetically_associated_with	MONDO:0004989	breast cancer	breast carcinoma	infores:automat-robokop(primary_knowledge_source)
Q26	e0	e_8_e_16	MONDO:0007254	biolink:genetically_associated_with	MONDO:0016419	breast cancer	hereditary breast carcinoma	infores:automat-robokop(primary_knowledge_source)
Q26	e0	e_10_e_16	MONDO:0007254	biolink:genetically_associated_with	MONDO:0016419	breast cancer	hereditary breast carcinoma	infores:automat-robokop(primary_knowledge_source)
Q26	e0	e_11_e_19	MONDO:0007254	biolink:genetically_associated_with	MONDO:0045059	breast cancer	cribriform carcinoma of breast	infores:automat-robokop(primary_knowledge_source)
Q26	e0	e_12_e_20	MONDO:0007254	biolink:genetically_associated_with	MONDO:0004988	breast cancer	breast adenocarcinoma	infores:automat-robokop(primary_knowledge_source)
Q26	e0	e_14_e_21	MONDO:0007254	biolink:target_for	MONDO:0004953	breast cancer	invasive ductal breast carcinoma	infores:automat-robokop(primary_knowledge_source)
Q26	e0	e_15_e_22	MONDO:0007254	biolink:target_for	MONDO:0005590	breast cancer	breast ductal adenocarcinoma	infores:automat-robokop(primary_knowledge_source)
Q27	e0	e_1	MONDO:0002334	biolink:related_to	NCBIGene:367	hematopoietic and lymphoid system neoplasm	AR	infores:hetionet(primary_knowledge_source);infores:automat-robokop(aggregator_knowledge_source)
Q27	e0	e_2	MONDO:0008315	biolink:related_to	NCBIGene:367	prostate cancer	AR	infores:hetionet(primary_knowledge_source);infores:automat-robokop(aggregator_knowledge_source)
Q27	e0	e_3	MONDO:0007254	biolink:related_to	NCBIGene:367	breast cancer	AR	infores:hetionet(primary_knowledge_source);infores:automat-robokop(aggregator_knowledge_source)
Q27	e0	uuid:1792c5f5-198e-11f0-be82-6045bdb3d4c0	NCBIGene:367	biolink:has_phenotype	MONDO:0021348	AR	neoplasm of testis	infores:hpo-annotations(primary_knowledge_source);infores:monarchinitiative(aggregator_knowledge_source);infores:automat-robokop(aggregator_knowledge_source)
Q27	e0	uuid:11cb9d70-198e-11f0-be82-6045bdb3d4c0	NCBIGene:367	biolink:has_phenotype	MONDO:0008315	AR	prostate cancer	infores:hpo-annotations(primary_knowledge_source);infores:monarchinitiative(aggregator_knowledge_source);infores:automat-robokop(aggregator_knowledge_source)
Q27	e0	uuid:19f4f248-198e-11f0-be82-6045bdb3d4c0	NCBIGene:367	biolink:has_phenotype	HP:0100728	AR	Germ cell neoplasia	infores:hpo-annotations(primary_knowledge_source);infores:monarchinitiative(aggregator_knowledge_source);infores:automat-robokop(aggregator_knowledge_source)
Q27	e0	uuid:126365ae-198e-11f0-be82-6045bdb3d4c0	NCBIGene:367	biolink:has_phenotype	HP:0100728	AR	Germ cell neoplasia	infores:hpo-annotations(primary_knowledge_source);infores:monarchinitiative(aggregator_knowledge_source);infores:automat-robokop(aggregator_knowledge_source)
Q27	e0	e_8	NCBIGene:367	biolink:genetically_associated_with	MONDO:0003999	AR	juvenile pilocytic astrocytoma	infores:ctd(primary_knowledge_source);infores:pharos(aggregator_knowledge_source);infores:automat-robokop(aggregator_knowledge_source)
Q27	e0	e_9	NCBIGene:367	biolink:genetically_associated_with	MONDO:0007254	AR	breast cancer	infores:ctd(primary_knowledge_source);infores:pharos(aggregator_knowledge_source);infores:automat-robokop(aggregator_knowledge_source)
Q27	e0	e_10	NCBIGene:367	biolink:genetically_associated_with	MONDO:0005193	AR	prostate intraepithelial neoplasia	infores:disgenet(primary_knowledge_source);infores:pharos(aggregator_knowledge_source);infores:automat-robokop(aggregator_knowledge_source)
Q27	e0	e_11	NCBIGene:367	biolink:genetically_associated_with	MONDO:0007254	AR	breast cancer	infores:disgenet(primary_knowledge_source);infores:pharos(aggregator_knowledge_source);infores:automat-robokop(aggregator_knowledge_source)
Q27	e0	e_12	NCBIGene:367	biolink:genetically_associated_with	MONDO:0007254	AR	breast cancer	infores:diseases(primary_knowledge_source);infores:pharos(aggregator_knowledge_source);infores:automat-robokop(aggregator_knowledge_source)
Q27	e0	e_13	NCBIGene:367	biolink:genetically_associated_with	MONDO:0004989	AR	breast carcinoma	infores:ctd(primary_knowledge_source);infores:pharos(aggregator_knowledge_source);infores:automat-robokop(aggregator_knowledge_source)
Q27	e0	e_14	NCBIGene:367	biolink:genetically_associated_with	MONDO:0004071	AR	childhood cerebral astrocytoma	infores:disgenet(primary_knowledge_source);infores:pharos(aggregator_knowledge_source);infores:automat-robokop(aggregator_knowledge_source)
Q27	e0	e_15	NCBIGene:367	biolink:genetically_associated_with	MONDO:0700275	AR	prostate cancer, hereditary	infores:monarchinitiative(primary_knowledge_source);infores:pharos(aggregator_knowledge_source);infores:automat-robokop(aggregator_knowledge_source)
Q27	e0	e_16	NCBIGene:367	biolink:genetically_associated_with	MONDO:0016687	AR	protoplasmic astrocytoma	infores:ctd(primary_knowledge_source);infores:pharos(aggregator_knowledge_source);infores:automat-robokop(aggregator_knowledge_source)
Q27	e0	e_17	NCBIGene:367	biolink:genetically_associated_with	MONDO:0007256	AR	liver carcinoma	infores:disgenet(primary_knowledge_source);infores:pharos(aggregator_knowledge_source);infores:automat-robokop(aggregator_knowledge_source)
Q27	e0	e_18	NCBIGene:367	biolink:genetically_associated_with	MONDO:0850353	AR	castration-resistant prostate carcinoma	infores:ctd(primary_knowledge_source);infores:pharos(aggregator_knowledge_source);infores:automat-robokop(aggregator_knowledge_source)
Q27	e0	e_19	NCBIGene:367	biolink:genetically_associated_with	MONDO:0016686	AR	diffuse astrocytoma	infores:disgenet(primary_knowledge_source);infores:pharos(aggregator_knowledge_source);infores:automat-robokop(aggregator_knowledge_source)
Q27	e0	e_20	NCBIGene:367	biolink:genetically_associated_with	MONDO:0021636	AR	astrocytic tumor	infores:eram(primary_knowledge_source);infores:pharos(aggregator_knowledge_source);infores:automat-robokop(aggregator_knowledge_source)
Q27	e0	e_21	NCBIGene:367	biolink:genetically_associated_with	MONDO:0005059	AR	leukemia	infores:disgenet(primary_knowledge_source);infores:pharos(aggregator_knowledge_source);infores:automat-robokop(aggregator_knowledge_source)
Q27	e0	e_22	NCBIGene:367	biolink:genetically_associated_with	MONDO:0016693	AR	subependymal giant cell astrocytoma	infores:disgenet(primary_knowledge_source);infores:pharos(aggregator_knowledge_source);infores:automat-robokop(aggregator_knowledge_source)
Q27	e0	e_23	NCBIGene:367	biolink:genetically_associated_with	MONDO:0008315	AR	prostate cancer	infores:disgenet(primary_knowledge_source);infores:pharos(aggregator_knowledge_source);infores:automat-robokop(aggregator_knowledge_source)
Q27	e0	e_24	NCBIGene:367	biolink:genetically_associated_with	MONDO:0005059	AR	leukemia	infores:ctd(primary_knowledge_source);infores:pharos(aggregator_knowledge_source);infores:automat-robokop(aggregator_knowledge_source)
Q27	e0	e_25	NCBIGene:367	biolink:genetically_associated_with	MONDO:0005082	AR	prostate adenocarcinoma	infores:disgenet(primary_knowledge_source);infores:pharos(aggregator_knowledge_source);infores:automat-robokop(aggregator_knowledge_source)
Q27	e0	e_26	NCBIGene:367	biolink:genetically_associated_with	MONDO:0016691	AR	Spongioblastoma	infores:ctd(primary_knowledge_source);infores:pharos(aggregator_knowledge_source);infores:automat-robokop(aggregator_knowledge_source)
Q27	e0	e_27	NCBIGene:367	biolink:genetically_associated_with	MONDO:0021633	AR	cerebral astrocytoma	infores:disgenet(primary_knowledge_source);infores:pharos(aggregator_knowledge_source);infores:automat-robokop(aggregator_knowledge_source)
Q27	e0	e_28	NCBIGene:367	biolink:genetically_associated_with	MONDO:0004071	AR	childhood cerebral astrocytoma	infores:ctd(primary_knowledge_source);infores:pharos(aggregator_knowledge_source);infores:automat-robokop(aggregator_knowledge_source)
Q27	e0	e_29	NCBIGene:367	biolink:genetically_associated_with	MONDO:0016691	AR	Spongioblastoma	infores:disgenet(primary_knowledge_source);infores:pharos(aggregator_knowledge_source);infores:automat-robokop(aggregator_knowledge_source)
Q27	e0	e_30	NCBIGene:367	biolink:genetically_associated_with	MONDO:0021100	AR	breast neoplasm	infores:disgenet(primary_knowledge_source);infores:pharos(aggregator_knowledge_source);infores:automat-robokop(aggregator_knowledge_source)
Q27	e0	e_31	NCBIGene:367	biolink:genetically_associated_with	MONDO:0004989	AR	breast carcinoma	infores:disgenet(primary_knowledge_source);infores:pharos(aggregator_knowledge_source);infores:automat-robokop(aggregator_knowledge_source)
Q27	e0	e_32	NCBIGene:367	biolink:genetically_associated_with	MONDO:0008315	AR	prostate cancer	infores:ctd(primary_knowledge_source);infores:pharos(aggregator_knowledge_source);infores:automat-robokop(aggregator_knowledge_source)
Q27	e0	e_33	NCBIGene:367	biolink:genetically_associated_with	MONDO:0016689	AR	gemistocytic astrocytoma	infores:disgenet(primary_knowledge_source);infores:pharos(aggregator_knowledge_source);infores:automat-robokop(aggregator_knowledge_source)
Q27	e0	e_34	NCBIGene:367	biolink:genetically_associated_with	MONDO:0004993	AR	carcinoma	infores:diseases(primary_knowledge_source);infores:pharos(aggregator_knowledge_source);infores:automat-robokop(aggregator_knowledge_source)
Q27	e0	e_35	NCBIGene:367	biolink:genetically_associated_with	MONDO:0021636	AR	astrocytic tumor	infores:ctd(primary_knowledge_source);infores:pharos(aggregator_knowledge_source);infores:automat-robokop(aggregator_knowledge_source)
Q27	e0	e_36	NCBIGene:367	biolink:genetically_associated_with	MONDO:0019781	AR	astrocytoma	infores:disgenet(primary_knowledge_source);infores:pharos(aggregator_knowledge_source);infores:automat-robokop(aggregator_knowledge_source)
Q27	e0	e_37	NCBIGene:367	biolink:genetically_associated_with	MONDO:0003999	AR	juvenile pilocytic astrocytoma	infores:disgenet(primary_knowledge_source);infores:pharos(aggregator_knowledge_source);infores:automat-robokop(aggregator_knowledge_source)
Q27	e0	e_38	NCBIGene:367	biolink:genetically_associated_with	MONDO:0016684	AR	anaplastic astrocytoma	infores:ctd(primary_knowledge_source);infores:pharos(aggregator_knowledge_source);infores:automat-robokop(aggregator_knowledge_source)
Q27	e0	e_39	NCBIGene:367	biolink:genetically_associated_with	MONDO:0016688	AR	fibrillary astrocytoma	infores:disgenet(primary_knowledge_source);infores:pharos(aggregator_knowledge_source);infores:automat-robokop(aggregator_knowledge_source)
Q27	e0	e_40	NCBIGene:367	biolink:genetically_associated_with	MONDO:0016702	AR	oligoastrocytoma	infores:disgenet(primary_knowledge_source);infores:pharos(aggregator_knowledge_source);infores:automat-robokop(aggregator_knowledge_source)
Q27	e0	e_41	NCBIGene:367	biolink:genetically_associated_with	MONDO:0016687	AR	protoplasmic astrocytoma	infores:disgenet(primary_knowledge_source);infores:pharos(aggregator_knowledge_source);infores:automat-robokop(aggregator_knowledge_source)
Q27	e0	e_42	NCBIGene:367	biolink:genetically_associated_with	MONDO:0007256	AR	liver carcinoma	infores:ctd(primary_knowledge_source);infores:pharos(aggregator_knowledge_source);infores:automat-robokop(aggregator_knowledge_source)
Q27	e0	e_43	NCBIGene:367	biolink:genetically_associated_with	MONDO:0005628	AR	male breast carcinoma	infores:disgenet(primary_knowledge_source);infores:pharos(aggregator_knowledge_source);infores:automat-robokop(aggregator_knowledge_source)
Q27	e0	e_44	NCBIGene:367	biolink:genetically_associated_with	MONDO:0021259	AR	prostate neoplasm	infores:disgenet(primary_knowledge_source);infores:pharos(aggregator_knowledge_source);infores:automat-robokop(aggregator_knowledge_source)
Q27	e0	e_45	NCBIGene:367	biolink:genetically_associated_with	MONDO:0005628	AR	male breast carcinoma	infores:ctd(primary_knowledge_source);infores:pharos(aggregator_knowledge_source);infores:automat-robokop(aggregator_knowledge_source)
Q27	e0	e_46	NCBIGene:367	biolink:genetically_associated_with	MONDO:0016688	AR	fibrillary astrocytoma	infores:ctd(primary_knowledge_source);infores:pharos(aggregator_knowledge_source);infores:automat-robokop(aggregator_knowledge_source)
Q27	e0	e_47	NCBIGene:367	biolink:genetically_associated_with	MONDO:0850353	AR	castration-resistant prostate carcinoma	infores:disgenet(primary_knowledge_source);infores:pharos(aggregator_knowledge_source);infores:automat-robokop(aggregator_knowledge_source)
Q27	e0	e_48	NCBIGene:367	biolink:genetically_associated_with	MONDO:0008315	AR	prostate cancer	infores:diseases(primary_knowledge_source);infores:pharos(aggregator_knowledge_source);infores:automat-robokop(aggregator_knowledge_source)
Q27	e0	e_49	NCBIGene:367	biolink:genetically_associated_with	MONDO:0016689	AR	gemistocytic astrocytoma	infores:ctd(primary_knowledge_source);infores:pharos(aggregator_knowledge_source);infores:automat-robokop(aggregator_knowledge_source)
Q27	e0	e_50	NCBIGene:367	biolink:genetically_associated_with	MONDO:0016684	AR	anaplastic astrocytoma	infores:disgenet(primary_knowledge_source);infores:pharos(aggregator_knowledge_source);infores:automat-robokop(aggregator_knowledge_source)
Q27	e0	e_51	NCBIGene:367	biolink:genetically_associated_with	MONDO:0005193	AR	prostate intraepithelial neoplasia	infores:ctd(primary_knowledge_source);infores:pharos(aggregator_knowledge_source);infores:automat-robokop(aggregator_knowledge_source)
Q27	e0	e_52	NCBIGene:367	biolink:genetically_associated_with	MONDO:0016693	AR	subependymal giant cell astrocytoma	infores:ctd(primary_knowledge_source);infores:pharos(aggregator_knowledge_source);infores:automat-robokop(aggregator_knowledge_source)
Q27	e0	e_53	NCBIGene:367	biolink:target_for	MONDO:0008315	AR	prostate cancer	infores:drugmechdb(primary_knowledge_source);infores:automat-robokop(aggregator_knowledge_source)
Q27	e0	e_54	NCBIGene:367	biolink:target_for	MONDO:0007254	AR	breast cancer	infores:drugcentral(primary_knowledge_source);infores:pharos(aggregator_knowledge_source);infores:automat-robokop(aggregator_knowledge_source)
Q27	e0	e_55	NCBIGene:367	biolink:target_for	MONDO:0008315	AR	prostate cancer	infores:drugcentral(primary_knowledge_source);infores:pharos(aggregator_knowledge_source);infores:automat-robokop(aggregator_knowledge_source)
Q27	e0	e_56	NCBIGene:367	biolink:target_for	MONDO:0021100	AR	breast neoplasm	infores:drugmechdb(primary_knowledge_source);infores:automat-robokop(aggregator_knowledge_source)
Q27	e0	e_57	MONDO:0002334	biolink:subclass_of	MONDO:0004992	hematopoietic and lymphoid system neoplasm	cancer	infores:ubergraph(primary_knowledge_source);infores:automat-robokop(aggregator_knowledge_source)
Q27	e0	e_58	MONDO:0008315	biolink:subclass_of	MONDO:0004992	prostate cancer	cancer	infores:ubergraph(primary_knowledge_source);infores:automat-robokop(aggregator_knowledge_source)
Q27	e0	e_59	MONDO:0007254	biolink:subclass_of	MONDO:0004992	breast cancer	cancer	infores:ubergraph(primary_knowledge_source);infores:automat-robokop(aggregator_knowledge_source)
Q27	e0	e_60	MONDO:0021348	biolink:subclass_of	MONDO:0004992	neoplasm of testis	cancer	infores:ubergraph(primary_knowledge_source);infores:automat-robokop(aggregator_knowledge_source)
Q27	e0	e_61	HP:0100728	biolink:subclass_of	MONDO:0004992	Germ cell neoplasia	cancer	infores:ubergraph(primary_knowledge_source);infores:automat-robokop(aggregator_knowledge_source)
Q27	e0	e_62	MONDO:0003999	biolink:subclass_of	MONDO:0004992	juvenile pilocytic astrocytoma	cancer	infores:ubergraph(primary_knowledge_source);infores:automat-robokop(aggregator_knowledge_source)
Q27	e0	e_63	MONDO:0005193	biolink:subclass_of	MONDO:0004992	prostate intraepithelial neoplasia	cancer	infores:ubergraph(primary_knowledge_source);infores:automat-robokop(aggregator_knowledge_source)
Q27	e0	e_64	MONDO:0004989	biolink:subclass_of	MONDO:0004992	breast carcinoma	cancer	infores:ubergraph(primary_knowledge_source);infores:automat-robokop(aggregator_knowledge_source)
Q27	e0	e_65	MONDO:0004071	biolink:subclass_of	MONDO:0004992	childhood cerebral astrocytoma	cancer	infores:ubergraph(primary_knowledge_source);infores:automat-robokop(aggregator_knowledge_source)
Q27	e0	e_66	MONDO:0700275	biolink:subclass_of	MONDO:0004992	prostate cancer, hereditary	cancer	infores:ubergraph(primary_knowledge_source);infores:automat-robokop(aggregator_knowledge_source)
Q27	e0	e_67	MONDO:0016687	biolink:subclass_of	MONDO:0004992	protoplasmic astrocytoma	cancer	infores:ubergraph(primary_knowledge_source);infores:automat-robokop(aggregator_knowledge_source)
Q27	e0	e_68	MONDO:0007256	biolink:subclass_of	MONDO:0004992	liver carcinoma	cancer	infores:ubergraph(primary_knowledge_source);infores:automat-robokop(aggregator_knowledge_source)
Q27	e0	e_69	MONDO:0850353	biolink:subclass_of	MONDO:0004992	castration-resistant prostate carcinoma	cancer	infores:ubergraph(primary_knowledge_source);infores:automat-robokop(aggregator_knowledge_source)
Q27	e0	e_70	MONDO:0016686	biolink:subclass_of	MONDO:0004992	diffuse astrocytoma	cancer	infores:ubergraph(primary_knowledge_source);infores:automat-robokop(aggregator_knowledge_source)
Q27	e0	e_71	MONDO:0021636	biolink:subclass_of	MONDO:0004992	astrocytic tumor	cancer	infores:ubergraph(primary_knowledge_source);infores:automat-robokop(aggregator_knowledge_source)
Q27	e0	e_72	MONDO:0005059	biolink:subclass_of	MONDO:0004992	leukemia	cancer	infores:ubergraph(primary_knowledge_source);infores:automat-robokop(aggregator_knowledge_source)
Q27	e0	e_73	MONDO:0016693	biolink:subclass_of	MONDO:0004992	subependymal giant cell astrocytoma	cancer	infores:ubergraph(primary_knowledge_source);infores:automat-robokop(aggregator_knowledge_source)
Q27	e0	e_74	MONDO:0005082	biolink:subclass_of	MONDO:0004992	prostate adenocarcinoma	cancer	infores:ubergraph(primary_knowledge_source);infores:automat-robokop(aggregator_knowledge_source)
Q27	e0	e_75	MONDO:0016691	biolink:subclass_of	MONDO:0004992	Spongioblastoma	cancer	infores:ubergraph(primary_knowledge_source);infores:automat-robokop(aggregator_knowledge_source)
Q27	e0	e_76	MONDO:0021633	biolink:subclass_of	MONDO:0004992	cerebral astrocytoma	cancer	infores:ubergraph(primary_knowledge_source);infores:automat-robokop(aggregator_knowledge_source)
Q27	e0	e_77	MONDO:0021100	biolink:subclass_of	MONDO:0004992	breast neoplasm	cancer	infores:ubergraph(primary_knowledge_source);infores:automat-robokop(aggregator_knowledge_source)
Q27	e0	e_78	MONDO:0016689	biolink:subclass_of	MONDO:0004992	gemistocytic astrocytoma	cancer	infores:ubergraph(primary_knowledge_source);infores:automat-robokop(aggregator_knowledge_source)
Q27	e0	e_79	MONDO:0004993	biolink:subclass_of	MONDO:0004992	carcinoma	cancer	infores:ubergraph(primary_knowledge_source);infores:automat-robokop(aggregator_knowledge_source)
Q27	e0	e_80	MONDO:0019781	biolink:subclass_of	MONDO:0004992	astrocytoma	cancer	infores:ubergraph(primary_knowledge_source);infores:automat-robokop(aggregator_knowledge_source)
Q27	e0	e_81	MONDO:0016684	biolink:subclass_of	MONDO:0004992	anaplastic astrocytoma	cancer	infores:ubergraph(primary_knowledge_source);infores:automat-robokop(aggregator_knowledge_source)
Q27	e0	e_82	MONDO:0016688	biolink:subclass_of	MONDO:0004992	fibrillary astrocytoma	cancer	infores:ubergraph(primary_knowledge_source);infores:automat-robokop(aggregator_knowledge_source)
Q27	e0	e_83	MONDO:0016702	biolink:subclass_of	MONDO:0004992	oligoastrocytoma	cancer	infores:ubergraph(primary_knowledge_source);infores:automat-robokop(aggregator_knowledge_source)
Q27	e0	e_84	MONDO:0005628	biolink:subclass_of	MONDO:0004992	male breast carcinoma	cancer	infores:ubergraph(primary_knowledge_source);infores:automat-robokop(aggregator_knowledge_source)
Q27	e0	e_85	MONDO:0021259	biolink:subclass_of	MONDO:0004992	prostate neoplasm	cancer	infores:ubergraph(primary_knowledge_source);infores:automat-robokop(aggregator_knowledge_source)
Q27	e0	e_1_e_57	MONDO:0004992	biolink:related_to	NCBIGene:367	cancer	AR	infores:automat-robokop(primary_knowledge_source)
Q27	e0	e_2_e_58	MONDO:0004992	biolink:related_to	NCBIGene:367	cancer	AR	infores:automat-robokop(primary_knowledge_source)
Q27	e0	e_3_e_59	MONDO:0004992	biolink:related_to	NCBIGene:367	cancer	AR	infores:automat-robokop(primary_knowledge_source)
Q27	e0	uuid:1792c5f5-198e-11f0-be82-6045bdb3d4c0_e_60	MONDO:0004992	biolink:has_phenotype	MONDO:0021348	cancer	neoplasm of testis	infores:automat-robokop(primary_knowledge_source)
Q27	e0	uuid:11cb9d70-198e-11f0-be82-6045bdb3d4c0_e_58	MONDO:0004992	biolink:has_phenotype	MONDO:0008315	cancer	prostate cancer	infores:automat-robokop(primary_knowledge_source)
Q27	e0	uuid:19f4f248-198e-11f0-be82-6045bdb3d4c0_e_61	MONDO:0004992	biolink:has_phenotype	HP:0100728	cancer	Germ cell neoplasia	infores:automat-robokop(primary_knowledge_source)
Q27	e0	uuid:126365ae-198e-11f0-be82-6045bdb3d4c0_e_61	MONDO:0004992	biolink:has_phenotype	HP:0100728	cancer	Germ cell neoplasia	infores:automat-robokop(primary_knowledge_source)
Q27	e0	e_8_e_62	MONDO:0004992	biolink:genetically_associated_with	MONDO:0003999	cancer	juvenile pilocytic astrocytoma	infores:automat-robokop(primary_knowledge_source)
Q27	e0	e_9_e_59	MONDO:0004992	biolink:genetically_associated_with	MONDO:0007254	cancer	breast cancer	infores:automat-robokop(primary_knowledge_source)
Q27	e0	e_10_e_63	MONDO:0004992	biolink:genetically_associated_with	MONDO:0005193	cancer	prostate intraepithelial neoplasia	infores:automat-robokop(primary_knowledge_source)
Q27	e0	e_11_e_59	MONDO:0004992	biolink:genetically_associated_with	MONDO:0007254	cancer	breast cancer	infores:automat-robokop(primary_knowledge_source)
Q27	e0	e_12_e_59	MONDO:0004992	biolink:genetically_associated_with	MONDO:0007254	cancer	breast cancer	infores:automat-robokop(primary_knowledge_source)
Q27	e0	e_13_e_64	MONDO:0004992	biolink:genetically_associated_with	MONDO:0004989	cancer	breast carcinoma	infores:automat-robokop(primary_knowledge_source)
Q27	e0	e_14_e_65	MONDO:0004992	biolink:genetically_associated_with	MONDO:0004071	cancer	childhood cerebral astrocytoma	infores:automat-robokop(primary_knowledge_source)
Q27	e0	e_15_e_66	MONDO:0004992	biolink:genetically_associated_with	MONDO:0700275	cancer	prostate cancer, hereditary	infores:automat-robokop(primary_knowledge_source)
Q27	e0	e_16_e_67	MONDO:0004992	biolink:genetically_associated_with	MONDO:0016687	cancer	protoplasmic astrocytoma	infores:automat-robokop(primary_knowledge_source)
Q27	e0	e_17_e_68	MONDO:0004992	biolink:genetically_associated_with	MONDO:0007256	cancer	liver carcinoma	infores:automat-robokop(primary_knowledge_source)
Q27	e0	e_18_e_69	MONDO:0004992	biolink:genetically_associated_with	MONDO:0850353	cancer	castration-resistant prostate carcinoma	infores:automat-robokop(primary_knowledge_source)
Q27	e0	e_19_e_70	MONDO:0004992	biolink:genetically_associated_with	MONDO:0016686	cancer	diffuse astrocytoma	infores:automat-robokop(primary_knowledge_source)
Q27	e0	e_20_e_71	MONDO:0004992	biolink:genetically_associated_with	MONDO:0021636	cancer	astrocytic tumor	infores:automat-robokop(primary_knowledge_source)
Q27	e0	e_21_e_72	MONDO:0004992	biolink:genetically_associated_with	MONDO:0005059	cancer	leukemia	infores:automat-robokop(primary_knowledge_source)
Q27	e0	e_22_e_73	MONDO:0004992	biolink:genetically_associated_with	MONDO:0016693	cancer	subependymal giant cell astrocytoma	infores:automat-robokop(primary_knowledge_source)
Q27	e0	e_23_e_58	MONDO:0004992	biolink:genetically_associated_with	MONDO:0008315	cancer	prostate cancer	infores:automat-robokop(primary_knowledge_source)
Q27	e0	e_24_e_72	MONDO:0004992	biolink:genetically_associated_with	MONDO:0005059	cancer	leukemia	infores:automat-robokop(primary_knowledge_source)
Q27	e0	e_25_e_74	MONDO:0004992	biolink:genetically_associated_with	MONDO:0005082	cancer	prostate adenocarcinoma	infores:automat-robokop(primary_knowledge_source)
Q27	e0	e_26_e_75	MONDO:0004992	biolink:genetically_associated_with	MONDO:0016691	cancer	Spongioblastoma	infores:automat-robokop(primary_knowledge_source)
Q27	e0	e_27_e_76	MONDO:0004992	biolink:genetically_associated_with	MONDO:0021633	cancer	cerebral astrocytoma	infores:automat-robokop(primary_knowledge_source)
Q27	e0	e_28_e_65	MONDO:0004992	biolink:genetically_associated_with	MONDO:0004071	cancer	childhood cerebral astrocytoma	infores:automat-robokop(primary_knowledge_source)
Q27	e0	e_29_e_75	MONDO:0004992	biolink:genetically_associated_with	MONDO:0016691	cancer	Spongioblastoma	infores:automat-robokop(primary_knowledge_source)
Q27	e0	e_30_e_77	MONDO:0004992	biolink:genetically_associated_with	MONDO:0021100	cancer	breast neoplasm	infores:automat-robokop(primary_knowledge_source)
Q27	e0	e_31_e_64	MONDO:0004992	biolink:genetically_associated_with	MONDO:0004989	cancer	breast carcinoma	infores:automat-robokop(primary_knowledge_source)
Q27	e0	e_32_e_58	MONDO:0004992	biolink:genetically_associated_with	MONDO:0008315	cancer	prostate cancer	infores:automat-robokop(primary_knowledge_source)
Q27	e0	e_33_e_78	MONDO:0004992	biolink:genetically_associated_with	MONDO:0016689	cancer	gemistocytic astrocytoma	infores:automat-robokop(primary_knowledge_source)
Q27	e0	e_34_e_79	MONDO:0004992	biolink:genetically_associated_with	MONDO:0004993	cancer	carcinoma	infores:automat-robokop(primary_knowledge_source)
Q27	e0	e_35_e_71	MONDO:0004992	biolink:genetically_associated_with	MONDO:0021636	cancer	astrocytic tumor	infores:automat-robokop(primary_knowledge_source)
Q27	e0	e_36_e_80	MONDO:0004992	biolink:genetically_associated_with	MONDO:0019781	cancer	astrocytoma	infores:automat-robokop(primary_knowledge_source)
Q27	e0	e_37_e_62	MONDO:0004992	biolink:genetically_associated_with	MONDO:0003999	cancer	juvenile pilocytic astrocytoma	infores:automat-robokop(primary_knowledge_source)
Q27	e0	e_38_e_81	MONDO:0004992	biolink:genetically_associated_with	MONDO:0016684	cancer	anaplastic astrocytoma	infores:automat-robokop(primary_knowledge_source)
Q27	e0	e_39_e_82	MONDO:0004992	biolink:genetically_associated_with	MONDO:0016688	cancer	fibrillary astrocytoma	infores:automat-robokop(primary_knowledge_source)
Q27	e0	e_40_e_83	MONDO:0004992	biolink:genetically_associated_with	MONDO:0016702	cancer	oligoastrocytoma	infores:automat-robokop(primary_knowledge_source)
Q27	e0	e_41_e_67	MONDO:0004992	biolink:genetically_associated_with	MONDO:0016687	cancer	protoplasmic astrocytoma	infores:automat-robokop(primary_knowledge_source)
Q27	e0	e_42_e_68	MONDO:0004992	biolink:genetically_associated_with	MONDO:0007256	cancer	liver carcinoma	infores:automat-robokop(primary_knowledge_source)
Q27	e0	e_43_e_84	MONDO:0004992	biolink:genetically_associated_with	MONDO:0005628	cancer	male breast carcinoma	infores:automat-robokop(primary_knowledge_source)
Q27	e0	e_44_e_85	MONDO:0004992	biolink:genetically_associated_with	MONDO:0021259	cancer	prostate neoplasm	infores:automat-robokop(primary_knowledge_source)
Q27	e0	e_45_e_84	MONDO:0004992	biolink:genetically_associated_with	MONDO:0005628	cancer	male breast carcinoma	infores:automat-robokop(primary_knowledge_source)
Q27	e0	e_46_e_82	MONDO:0004992	biolink:genetically_associated_with	MONDO:0016688	cancer	fibrillary astrocytoma	infores:automat-robokop(primary_knowledge_source)
Q27	e0	e_47_e_69	MONDO:0004992	biolink:genetically_associated_with	MONDO:0850353	cancer	castration-resistant prostate carcinoma	infores:automat-robokop(primary_knowledge_source)
Q27	e0	e_48_e_58	MONDO:0004992	biolink:genetically_associated_with	MONDO:0008315	cancer	prostate cancer	infores:automat-robokop(primary_knowledge_source)
Q27	e0	e_49_e_78	MONDO:0004992	biolink:genetically_associated_with	MONDO:0016689	cancer	gemistocytic astrocytoma	infores:automat-robokop(primary_knowledge_source)
Q27	e0	e_50_e_81	MONDO:0004992	biolink:genetically_associated_with	MONDO:0016684	cancer	anaplastic astrocytoma	infores:automat-robokop(primary_knowledge_source)
Q27	e0	e_51_e_63	MONDO:0004992	biolink:genetically_associated_with	MONDO:0005193	cancer	prostate intraepithelial neoplasia	infores:automat-robokop(primary_knowledge_source)
Q27	e0	e_52_e_73	MONDO:0004992	biolink:genetically_associated_with	MONDO:0016693	cancer	subependymal giant cell astrocytoma	infores:automat-robokop(primary_knowledge_source)
Q27	e0	e_53_e_58	MONDO:0004992	biolink:target_for	MONDO:0008315	cancer	prostate cancer	infores:automat-robokop(primary_knowledge_source)
Q27	e0	e_54_e_59	MONDO:0004992	biolink:target_for	MONDO:0007254	cancer	breast cancer	infores:automat-robokop(primary_knowledge_source)
Q27	e0	e_55_e_58	MONDO:0004992	biolink:target_for	MONDO:0008315	cancer	prostate cancer	infores:automat-robokop(primary_knowledge_source)
Q27	e0	e_56_e_77	MONDO:0004992	biolink:target_for	MONDO:0021100	cancer	breast neoplasm	infores:automat-robokop(primary_knowledge_source)
Q28	e0	uuid:166163c1-198e-11f0-be82-6045bdb3d4c0	NCBIGene:675	biolink:has_phenotype	MONDO:0005140	BRCA2	ovarian carcinoma	infores:hpo-annotations(primary_knowledge_source);infores:monarchinitiative(aggregator_knowledge_source);infores:automat-robokop(aggregator_knowledge_source)
Q33	e0	e_1	NCBIGene:1956	biolink:affects	CHEBI:49668	EGFR	Gefitinib	infores:hmdb(primary_knowledge_source);infores:automat-robokop(aggregator_knowledge_source)
Q33	e0	e_2	CHEBI:49668	biolink:affects	NCBIGene:1956	Gefitinib	EGFR	infores:chembl(primary_knowledge_source);infores:drugcentral(aggregator_knowledge_source);infores:automat-robokop(aggregator_knowledge_source)
Q33	e0	e_3	CHEBI:49668	biolink:affects	NCBIGene:1956	Gefitinib	EGFR	infores:text-mining-provider-targeted(primary_knowledge_source);infores:automat-robokop(aggregator_knowledge_source)
Q33	e0	e_4	CHEBI:49668	biolink:affects	NCBIGene:1956	Gefitinib	EGFR	infores:bindingdb(primary_knowledge_source);infores:automat-robokop(aggregator_knowledge_source)
Q33	e0	e_5	CHEBI:49668	biolink:affects	NCBIGene:1956	Gefitinib	EGFR	infores:ctd(primary_knowledge_source);infores:automat-robokop(aggregator_knowledge_source)
Q33	e0	e_6	CHEBI:49668	biolink:affects	NCBIGene:1956	Gefitinib	EGFR	infores:ctd(primary_knowledge_source);infores:automat-robokop(aggregator_knowledge_source)
Q33	e0	e_7	CHEBI:49668	biolink:affects	NCBIGene:1956	Gefitinib	EGFR	infores:pharos(primary_knowledge_source);infores:automat-robokop(aggregator_knowledge_source)
Q33	e0	e_8	CHEBI:49668	biolink:affects	NCBIGene:1956	Gefitinib	EGFR	infores:bindingdb(primary_knowledge_source);infores:automat-robokop(aggregator_knowledge_source)
Q33	e0	e_9	CHEBI:49668	biolink:affects	NCBIGene:1956	Gefitinib	EGFR	infores:ctd(primary_knowledge_source);infores:automat-robokop(aggregator_knowledge_source)
Q33	e0	e_10	CHEBI:49668	biolink:affects	NCBIGene:1956	Gefitinib	EGFR	infores:gtopdb(primary_knowledge_source);infores:automat-robokop(aggregator_knowledge_source)
Q33	e0	e_11	CHEBI:49668	biolink:affects	NCBIGene:1956	Gefitinib	EGFR	infores:ctd(primary_knowledge_source);infores:automat-robokop(aggregator_knowledge_source)
Q33	e0	e_12	CHEBI:49668	biolink:directly_physically_interacts_with	NCBIGene:1956	Gefitinib	EGFR	infores:pharos(primary_knowledge_source);infores:automat-robokop(aggregator_knowledge_source)
Q33	e0	e_13	CHEBI:49668	biolink:directly_physically_interacts_with	NCBIGene:1956	Gefitinib	EGFR	infores:bindingdb(primary_knowledge_source);infores:automat-robokop(aggregator_knowledge_source)
Q33	e0	e_14	CHEBI:49668	biolink:directly_physically_interacts_with	NCBIGene:1956	Gefitinib	EGFR	infores:hetionet(primary_knowledge_source);infores:automat-robokop(aggregator_knowledge_source)
Q33	e0	e_15	CHEBI:49668	biolink:related_to	NCBIGene:1956	Gefitinib	EGFR	infores:bindingdb(primary_knowledge_source);infores:automat-robokop(aggregator_knowledge_source)
Q33	e0	e_16	NCBIGene:1956	biolink:decreases_response_to	CHEBI:49668	EGFR	Gefitinib	infores:ctd(primary_knowledge_source);infores:automat-robokop(aggregator_knowledge_source)
Q33	e0	e_17	NCBIGene:1956	biolink:increases_response_to	CHEBI:49668	EGFR	Gefitinib	infores:ctd(primary_knowledge_source);infores:automat-robokop(aggregator_knowledge_source)
Q33	e0	e_18	NCBIGene:1956	biolink:affects_response_to	CHEBI:49668	EGFR	Gefitinib	infores:ctd(primary_knowledge_source);infores:automat-robokop(aggregator_knowledge_source)
Q34	e0	e_1	CHEBI:63637	biolink:affects	NCBIGene:673	Vemurafenib	BRAF	infores:gtopdb(primary_knowledge_source);infores:automat-robokop(aggregator_knowledge_source)
Q34	e0	e_2	CHEBI:63637	biolink:affects	NCBIGene:673	Vemurafenib	BRAF	infores:text-mining-provider-targeted(primary_knowledge_source);infores:automat-robokop(aggregator_knowledge_source)
Q34	e0	e_3	CHEBI:63637	biolink:affects	NCBIGene:673	Vemurafenib	BRAF	infores:pharos(primary_knowledge_source);infores:automat-robokop(aggregator_knowledge_source)
Q34	e0	e_4	CHEBI:63637	biolink:affects	NCBIGene:673	Vemurafenib	BRAF	infores:chembl(primary_knowledge_source);infores:drugcentral(aggregator_knowledge_source);infores:automat-robokop(aggregator_knowledge_source)
Q34	e0	e_5	CHEBI:63637	biolink:affects	NCBIGene:673	Vemurafenib	BRAF	infores:ctd(primary_knowledge_source);infores:automat-robokop(aggregator_knowledge_source)
Q34	e0	e_6	CHEBI:63637	biolink:affects	NCBIGene:673	Vemurafenib	BRAF	infores:bindingdb(primary_knowledge_source);infores:automat-robokop(aggregator_knowledge_source)
Q34	e0	e_7	CHEBI:63637	biolink:affects	NCBIGene:673	Vemurafenib	BRAF	infores:bindingdb(primary_knowledge_source);infores:automat-robokop(aggregator_knowledge_source)
Q34	e0	e_8	CHEBI:63637	biolink:directly_physically_interacts_with	NCBIGene:673	Vemurafenib	BRAF	infores:hetionet(primary_knowledge_source);infores:automat-robokop(aggregator_knowledge_source)
Q34	e0	e_9	CHEBI:63637	biolink:directly_physically_interacts_with	NCBIGene:673	Vemurafenib	BRAF	infores:bindingdb(primary_knowledge_source);infores:automat-robokop(aggregator_knowledge_source)
Q34	e0	e_10	NCBIGene:673	biolink:increases_response_to	CHEBI:63637	BRAF	Vemurafenib	infores:ctd(primary_knowledge_source);infores:automat-robokop(aggregator_knowledge_source)
Q34	e0	e_11	NCBIGene:673	biolink:affects_response_to	CHEBI:63637	BRAF	Vemurafenib	infores:ctd(primary_knowledge_source);infores:automat-robokop(aggregator_knowledge_source)
Q35	e0	e_1	CHEBI:6801	biolink:affects	NCBIGene:3630	Metformin	INS	infores:ctd(primary_knowledge_source);infores:automat-robokop(aggregator_knowledge_source)
Q35	e0	e_2	CHEBI:6801	biolink:affects	NCBIGene:3630	Metformin	INS	infores:text-mining-provider-targeted(primary_knowledge_source);infores:automat-robokop(aggregator_knowledge_source)
Q35	e0	e_3	CHEBI:6801	biolink:affects	NCBIGene:3630	Metformin	INS	infores:ctd(primary_knowledge_source);infores:automat-robokop(aggregator_knowledge_source)
Q38	e0	e_1	NCBIGene:1813	biolink:affects	CHEBI:8871	DRD2	Risperidone	infores:hmdb(primary_knowledge_source);infores:automat-robokop(aggregator_knowledge_source)
Q38	e0	e_2	CHEBI:8871	biolink:affects	NCBIGene:1813	Risperidone	DRD2	infores:bindingdb(primary_knowledge_source);infores:automat-robokop(aggregator_knowledge_source)
Q38	e0	e_3	CHEBI:8871	biolink:affects	NCBIGene:1813	Risperidone	DRD2	infores:drugmechdb(primary_knowledge_source);infores:automat-robokop(aggregator_knowledge_source)
Q38	e0	e_4	CHEBI:8871	biolink:affects	NCBIGene:1813	Risperidone	DRD2	infores:pharos(primary_knowledge_source);infores:automat-robokop(aggregator_knowledge_source)
Q38	e0	e_5	CHEBI:8871	biolink:affects	NCBIGene:1813	Risperidone	DRD2	infores:text-mining-provider-targeted(primary_knowledge_source);infores:automat-robokop(aggregator_knowledge_source)
Q38	e0	e_6	CHEBI:8871	biolink:affects	NCBIGene:1813	Risperidone	DRD2	infores:gtopdb(primary_knowledge_source);infores:automat-robokop(aggregator_knowledge_source)
Q38	e0	e_7	CHEBI:8871	biolink:affects	NCBIGene:1813	Risperidone	DRD2	infores:drugcentral(primary_knowledge_source);infores:automat-robokop(aggregator_knowledge_source)
Q38	e0	e_8	CHEBI:8871	biolink:directly_physically_interacts_with	NCBIGene:1813	Risperidone	DRD2	infores:hetionet(primary_knowledge_source);infores:automat-robokop(aggregator_knowledge_source)
Q38	e0	e_9	CHEBI:8871	biolink:related_to	NCBIGene:1813	Risperidone	DRD2	infores:bindingdb(primary_knowledge_source);infores:automat-robokop(aggregator_knowledge_source)
Q38	e0	e_10	NCBIGene:1813	biolink:increases_response_to	CHEBI:8871	DRD2	Risperidone	infores:ctd(primary_knowledge_source);infores:automat-robokop(aggregator_knowledge_source)
Q38	e0	e_11	NCBIGene:1813	biolink:affects_response_to	CHEBI:8871	DRD2	Risperidone	infores:ctd(primary_knowledge_source);infores:automat-robokop(aggregator_knowledge_source)
Q39	e0	e_1	CHEBI:5118	biolink:affects	NCBIGene:6532	Fluoxetine	SLC6A4	infores:ctd(primary_knowledge_source);infores:automat-robokop(aggregator_knowledge_source)
Q39	e0	e_2	CHEBI:5118	biolink:affects	NCBIGene:6532	Fluoxetine	SLC6A4	infores:bindingdb(primary_knowledge_source);infores:automat-robokop(aggregator_knowledge_source)
Q39	e0	e_3	CHEBI:5118	biolink:affects	NCBIGene:6532	Fluoxetine	SLC6A4	infores:drugcentral(primary_knowledge_source);infores:automat-robokop(aggregator_knowledge_source)
Q39	e0	e_4	CHEBI:5118	biolink:affects	NCBIGene:6532	Fluoxetine	SLC6A4	infores:text-mining-provider-targeted(primary_knowledge_source);infores:automat-robokop(aggregator_knowledge_source)
Q39	e0	e_5	CHEBI:5118	biolink:affects	NCBIGene:6532	Fluoxetine	SLC6A4	infores:pharos(primary_knowledge_source);infores:automat-robokop(aggregator_knowledge_source)
Q39	e0	e_6	CHEBI:5118	biolink:affects	NCBIGene:6532	Fluoxetine	SLC6A4	infores:ctd(primary_knowledge_source);infores:automat-robokop(aggregator_knowledge_source)
Q39	e0	e_7	CHEBI:5118	biolink:affects	NCBIGene:6532	Fluoxetine	SLC6A4	infores:bindingdb(primary_knowledge_source);infores:automat-robokop(aggregator_knowledge_source)
Q39	e0	e_8	CHEBI:5118	biolink:affects	NCBIGene:6532	Fluoxetine	SLC6A4	infores:pharos(primary_knowledge_source);infores:automat-robokop(aggregator_knowledge_source)
Q39	e0	e_9	CHEBI:5118	biolink:affects	NCBIGene:6532	Fluoxetine	SLC6A4	infores:drugmechdb(primary_knowledge_source);infores:automat-robokop(aggregator_knowledge_source)
Q39	e0	e_10	CHEBI:5118	biolink:affects	NCBIGene:6532	Fluoxetine	SLC6A4	infores:gtopdb(primary_knowledge_source);infores:automat-robokop(aggregator_knowledge_source)
Q39	e0	e_11	CHEBI:5118	biolink:directly_physically_interacts_with	NCBIGene:6532	Fluoxetine	SLC6A4	infores:bindingdb(primary_knowledge_source);infores:automat-robokop(aggregator_knowledge_source)
Q39	e0	e_12	CHEBI:5118	biolink:directly_physically_interacts_with	NCBIGene:6532	Fluoxetine	SLC6A4	infores:pharos(primary_knowledge_source);infores:automat-robokop(aggregator_knowledge_source)
Q39	e0	e_13	CHEBI:5118	biolink:directly_physically_interacts_with	NCBIGene:6532	Fluoxetine	SLC6A4	infores:hetionet(primary_knowledge_source);infores:automat-robokop(aggregator_knowledge_source)
Q39	e0	e_14	CHEBI:5118	biolink:related_to	NCBIGene:6532	Fluoxetine	SLC6A4	infores:bindingdb(primary_knowledge_source);infores:automat-robokop(aggregator_knowledge_source)
Q39	e0	e_15	NCBIGene:6532	biolink:decreases_response_to	CHEBI:5118	SLC6A4	Fluoxetine	infores:ctd(primary_knowledge_source);infores:automat-robokop(aggregator_knowledge_source)
Q39	e0	e_16	NCBIGene:6532	biolink:increases_response_to	CHEBI:5118	SLC6A4	Fluoxetine	infores:ctd(primary_knowledge_source);infores:automat-robokop(aggregator_knowledge_source)
Q39	e0	e_17	CHEBI:86992	biolink:related_to	NCBIGene:6532	(S)-Fluoxetine	SLC6A4	infores:bindingdb(primary_knowledge_source);infores:automat-robokop(aggregator_knowledge_source)
Q39	e0	e_18	CHEBI:86992	biolink:subclass_of	CHEBI:5118	(S)-Fluoxetine	Fluoxetine	infores:ubergraph(primary_knowledge_source);infores:automat-robokop(aggregator_knowledge_source)
Q39	e0	e_17_e_18	CHEBI:86992	biolink:related_to	CHEBI:5118	(S)-Fluoxetine	Fluoxetine	infores:automat-robokop(primary_knowledge_source)
Q40	e0	e_1	CHEBI:39867	biolink:affects	NCBIGene:6323	Valproic acid	SCN1A	infores:text-mining-provider-targeted(primary_knowledge_source);infores:automat-robokop(aggregator_knowledge_source)
Q41	e0	e_1	NCBIGene:7157	biolink:affects	NCBIGene:4193	TP53	MDM2	infores:signor(primary_knowledge_source);infores:automat-robokop(aggregator_knowledge_source)
Q41	e0	e_2	NCBIGene:7157	biolink:affects	NCBIGene:4193	TP53	MDM2	infores:text-mining-provider-targeted(primary_knowledge_source);infores:automat-robokop(aggregator_knowledge_source)
Q41	e0	e_3	NCBIGene:4193	biolink:affects	NCBIGene:7157	MDM2	TP53	infores:signor(primary_knowledge_source);infores:automat-robokop(aggregator_knowledge_source)
Q41	e0	e_4	NCBIGene:4193	biolink:affects	NCBIGene:7157	MDM2	TP53	infores:text-mining-provider-targeted(primary_knowledge_source);infores:automat-robokop(aggregator_knowledge_source)
Q41	e0	e_5	NCBIGene:7157	biolink:directly_physically_interacts_with	NCBIGene:4193	TP53	MDM2	infores:intact(primary_knowledge_source);infores:automat-robokop(aggregator_knowledge_source)
Q41	e0	e_6	NCBIGene:4193	biolink:directly_physically_interacts_with	NCBIGene:7157	MDM2	TP53	infores:intact(primary_knowledge_source);infores:automat-robokop(aggregator_knowledge_source)
Q41	e0	e_7	NCBIGene:7157	biolink:regulates	NCBIGene:4193	TP53	MDM2	infores:lincs(primary_knowledge_source);infores:hetionet(aggregator_knowledge_source);infores:automat-robokop(aggregator_knowledge_source)
Q41	e0	e_8	NCBIGene:7157	biolink:regulates	NCBIGene:4193	TP53	MDM2	infores:signor(primary_knowledge_source);infores:automat-robokop(aggregator_knowledge_source)
Q41	e0	e_9	NCBIGene:4193	biolink:regulates	NCBIGene:7157	MDM2	TP53	infores:signor(primary_knowledge_source);infores:automat-robokop(aggregator_knowledge_source)
Q41	e0	e_10	NCBIGene:7157	biolink:related_to	NCBIGene:4193	TP53	MDM2	infores:signor(primary_knowledge_source);infores:automat-robokop(aggregator_knowledge_source)
Q41	e0	e_11	NCBIGene:4193	biolink:related_to	NCBIGene:7157	MDM2	TP53	infores:signor(primary_knowledge_source);infores:automat-robokop(aggregator_knowledge_source)
Q41	e0	e_12	NCBIGene:4193	biolink:genetically_interacts_with	NCBIGene:7157	MDM2	TP53	infores:hetionet(primary_knowledge_source);infores:hetionet(aggregator_knowledge_source);infores:automat-robokop(aggregator_knowledge_source)
Q41	e0	e_13	UniProtKB:P04637-1	biolink:physically_interacts_with	UniProtKB:Q00987-11	cellular tumor antigen p53 isoform 1 (human)	E3 ubiquitin-protein ligase Mdm2 isoform h11 (human)	infores:string(primary_knowledge_source);infores:automat-robokop(aggregator_knowledge_source)
Q41	e0	e_14	UniProtKB:Q00987-11	biolink:physically_interacts_with	UniProtKB:P04637-1	E3 ubiquitin-protein ligase Mdm2 isoform h11 (human)	cellular tumor antigen p53 isoform 1 (human)	infores:string(primary_knowledge_source);infores:automat-robokop(aggregator_knowledge_source)
Q41	e0	e_15	UniProtKB:P04637-1	biolink:interacts_with	UniProtKB:Q00987-11	cellular tumor antigen p53 isoform 1 (human)	E3 ubiquitin-protein ligase Mdm2 isoform h11 (human)	infores:string(primary_knowledge_source);infores:automat-robokop(aggregator_knowledge_source)
Q41	e0	e_16	UniProtKB:Q00987-11	biolink:interacts_with	UniProtKB:P04637-1	E3 ubiquitin-protein ligase Mdm2 isoform h11 (human)	cellular tumor antigen p53 isoform 1 (human)	infores:string(primary_knowledge_source);infores:automat-robokop(aggregator_knowledge_source)
Q41	e0	e_17	UniProtKB:P04637-1	biolink:subclass_of	NCBIGene:7157	cellular tumor antigen p53 isoform 1 (human)	TP53	infores:ubergraph(primary_knowledge_source);infores:automat-robokop(aggregator_knowledge_source)
Q41	e0	e_18	UniProtKB:Q00987-11	biolink:subclass_of	NCBIGene:4193	E3 ubiquitin-protein ligase Mdm2 isoform h11 (human)	MDM2	infores:ubergraph(primary_knowledge_source);infores:automat-robokop(aggregator_knowledge_source)
Q41	e0	e_13_e_17_e_18	NCBIGene:7157	biolink:physically_interacts_with	NCBIGene:4193	TP53	MDM2	infores:automat-robokop(primary_knowledge_source)
Q41	e0	e_14_e_17_e_18	NCBIGene:7157	biolink:physically_interacts_with	NCBIGene:4193	TP53	MDM2	infores:automat-robokop(primary_knowledge_source)
Q41	e0	e_15_e_17_e_18	NCBIGene:7157	biolink:interacts_with	NCBIGene:4193	TP53	MDM2	infores:automat-robokop(primary_knowledge_source)
Q41	e0	e_16_e_17_e_18	NCBIGene:7157	biolink:interacts_with	NCBIGene:4193	TP53	MDM2	infores:automat-robokop(primary_knowledge_source)
Q42	e0	e_1	NCBIGene:207	biolink:affects	NCBIGene:5290	AKT1	PIK3CA	infores:text-mining-provider-targeted(primary_knowledge_source);infores:automat-robokop(aggregator_knowledge_source)
Q42	e0	e_2	NCBIGene:5290	biolink:affects	NCBIGene:207	PIK3CA	AKT1	infores:text-mining-provider-targeted(primary_knowledge_source);infores:automat-robokop(aggregator_knowledge_source)
Q42	e0	e_3	NCBIGene:5290	biolink:affects	NCBIGene:207	PIK3CA	AKT1	infores:psite-plus(primary_knowledge_source);infores:kinace(aggregator_knowledge_source);infores:automat-robokop(aggregator_knowledge_source)
Q42	e0	e_4	NCBIGene:5290	biolink:affects	NCBIGene:207	PIK3CA	AKT1	infores:text-mining-provider-targeted(primary_knowledge_source);infores:automat-robokop(aggregator_knowledge_source)
Q42	e0	e_5	NCBIGene:5290	biolink:directly_physically_interacts_with	NCBIGene:207	PIK3CA	AKT1	infores:intact(primary_knowledge_source);infores:automat-robokop(aggregator_knowledge_source)
Q42	e0	e_6	NCBIGene:5290	biolink:regulates	NCBIGene:207	PIK3CA	AKT1	infores:signor(primary_knowledge_source);infores:automat-robokop(aggregator_knowledge_source)
Q42	e0	e_7	NCBIGene:5290	biolink:regulates	NCBIGene:207	PIK3CA	AKT1	infores:signor(primary_knowledge_source);infores:automat-robokop(aggregator_knowledge_source)
Q42	e0	e_8	NCBIGene:5290	biolink:regulates	NCBIGene:207	PIK3CA	AKT1	infores:signor(primary_knowledge_source);infores:automat-robokop(aggregator_knowledge_source)
Q42	e0	e_9	UniProtKB:P31749-1	biolink:interacts_with	NCBIGene:5290	RAC-alpha serine/threonine-protein kinase isoform 1 (human)	PIK3CA	infores:string(primary_knowledge_source);infores:automat-robokop(aggregator_knowledge_source)
Q42	e0	e_10	NCBIGene:5290	biolink:interacts_with	UniProtKB:P31749-1	PIK3CA	RAC-alpha serine/threonine-protein kinase isoform 1 (human)	infores:string(primary_knowledge_source);infores:automat-robokop(aggregator_knowledge_source)
Q42	e0	e_11	UniProtKB:P31749-1	biolink:subclass_of	NCBIGene:207	RAC-alpha serine/threonine-protein kinase isoform 1 (human)	AKT1	infores:ubergraph(primary_knowledge_source);infores:automat-robokop(aggregator_knowledge_source)
Q42	e0	e_9_e_11	NCBIGene:207	biolink:interacts_with	NCBIGene:5290	AKT1	PIK3CA	infores:automat-robokop(primary_knowledge_source)
Q42	e0	e_10_e_11	NCBIGene:207	biolink:interacts_with	UniProtKB:P31749-1	AKT1	RAC-alpha serine/threonine-protein kinase isoform 1 (human)	infores:automat-robokop(primary_knowledge_source)
Q43	e0	e_1	NCBIGene:5594	biolink:affects	NCBIGene:5595	MAPK1	MAPK3	infores:text-mining-provider-targeted(primary_knowledge_source);infores:automat-robokop(aggregator_knowledge_source)
Q43	e0	e_2	NCBIGene:5595	biolink:affects	NCBIGene:5594	MAPK3	MAPK1	infores:text-mining-provider-targeted(primary_knowledge_source);infores:automat-robokop(aggregator_knowledge_source)
Q43	e0	e_3	NCBIGene:5594	biolink:directly_physically_interacts_with	NCBIGene:5595	MAPK1	MAPK3	infores:intact(primary_knowledge_source);infores:automat-robokop(aggregator_knowledge_source)
Q43	e0	e_4	NCBIGene:5595	biolink:directly_physically_interacts_with	NCBIGene:5594	MAPK3	MAPK1	infores:intact(primary_knowledge_source);infores:automat-robokop(aggregator_knowledge_source)
Q43	e0	e_5	NCBIGene:5594	biolink:genetically_interacts_with	NCBIGene:5595	MAPK1	MAPK3	infores:hetionet(primary_knowledge_source);infores:hetionet(aggregator_knowledge_source);infores:automat-robokop(aggregator_knowledge_source)
Q43	e0	e_6	UniProtKB:P28482-1	biolink:physically_interacts_with	UniProtKB:P27361-1	mitogen-activated protein kinase 1 isoform 1 (human)	mitogen-activated protein kinase 3 isoform 1 (human)	infores:string(primary_knowledge_source);infores:automat-robokop(aggregator_knowledge_source)
Q43	e0	e_7	UniProtKB:P27361-1	biolink:physically_interacts_with	UniProtKB:P28482-1	mitogen-activated protein kinase 3 isoform 1 (human)	mitogen-activated protein kinase 1 isoform 1 (human)	infores:string(primary_knowledge_source);infores:automat-robokop(aggregator_knowledge_source)
Q43	e0	e_8	UniProtKB:P28482-1	biolink:subclass_of	NCBIGene:5594	mitogen-activated protein kinase 1 isoform 1 (human)	MAPK1	infores:ubergraph(primary_knowledge_source);infores:automat-robokop(aggregator_knowledge_source)
Q43	e0	e_9	UniProtKB:P27361-1	biolink:subclass_of	NCBIGene:5595	mitogen-activated protein kinase 3 isoform 1 (human)	MAPK3	infores:ubergraph(primary_knowledge_source);infores:automat-robokop(aggregator_knowledge_source)
Q43	e0	e_6_e_8_e_9	NCBIGene:5594	biolink:physically_interacts_with	NCBIGene:5595	MAPK1	MAPK3	infores:automat-robokop(primary_knowledge_source)
Q43	e0	e_7_e_8_e_9	NCBIGene:5594	biolink:physically_interacts_with	NCBIGene:5595	MAPK1	MAPK3	infores:automat-robokop(primary_knowledge_source)
Q44	e0	e_1	NCBIGene:6774	biolink:affects	NCBIGene:3717	STAT3	JAK2	infores:text-mining-provider-targeted(primary_knowledge_source);infores:automat-robokop(aggregator_knowledge_source)
Q44	e0	e_2	NCBIGene:6774	biolink:affects	NCBIGene:3717	STAT3	JAK2	infores:text-mining-provider-targeted(primary_knowledge_source);infores:automat-robokop(aggregator_knowledge_source)
Q44	e0	e_3	NCBIGene:3717	biolink:affects	NCBIGene:6774	JAK2	STAT3	infores:iptmnet(primary_knowledge_source);infores:kinace(aggregator_knowledge_source);infores:automat-robokop(aggregator_knowledge_source)
Q44	e0	e_4	NCBIGene:3717	biolink:affects	NCBIGene:6774	JAK2	STAT3	infores:epsd(primary_knowledge_source);infores:kinace(aggregator_knowledge_source);infores:automat-robokop(aggregator_knowledge_source)
Q44	e0	e_5	NCBIGene:3717	biolink:affects	NCBIGene:6774	JAK2	STAT3	infores:text-mining-provider-targeted(primary_knowledge_source);infores:automat-robokop(aggregator_knowledge_source)
Q44	e0	e_6	NCBIGene:3717	biolink:affects	NCBIGene:6774	JAK2	STAT3	infores:psite-plus(primary_knowledge_source);infores:kinace(aggregator_knowledge_source);infores:automat-robokop(aggregator_knowledge_source)
Q44	e0	e_7	NCBIGene:6774	biolink:directly_physically_interacts_with	NCBIGene:3717	STAT3	JAK2	infores:intact(primary_knowledge_source);infores:automat-robokop(aggregator_knowledge_source)
Q44	e0	e_8	UniProtKB:P40763-1	biolink:physically_interacts_with	NCBIGene:3717	signal transducer and activator of transcription 3 isoform 1 (human)	JAK2	infores:string(primary_knowledge_source);infores:automat-robokop(aggregator_knowledge_source)
Q44	e0	e_9	NCBIGene:3717	biolink:physically_interacts_with	UniProtKB:P40763-1	JAK2	signal transducer and activator of transcription 3 isoform 1 (human)	infores:string(primary_knowledge_source);infores:automat-robokop(aggregator_knowledge_source)
Q44	e0	e_10	NCBIGene:3717	biolink:regulates	NCBIGene:6774	JAK2	STAT3	infores:signor(primary_knowledge_source);infores:automat-robokop(aggregator_knowledge_source)
Q44	e0	e_11	NCBIGene:3717	biolink:related_to	NCBIGene:6774	JAK2	STAT3	infores:signor(primary_knowledge_source);infores:automat-robokop(aggregator_knowledge_source)
Q44	e0	e_12	UniProtKB:P40763-1	biolink:interacts_with	NCBIGene:3717	signal transducer and activator of transcription 3 isoform 1 (human)	JAK2	infores:string(primary_knowledge_source);infores:automat-robokop(aggregator_knowledge_source)
Q44	e0	e_13	NCBIGene:3717	biolink:interacts_with	UniProtKB:P40763-1	JAK2	signal transducer and activator of transcription 3 isoform 1 (human)	infores:string(primary_knowledge_source);infores:automat-robokop(aggregator_knowledge_source)
Q44	e0	e_14	NCBIGene:3717	biolink:genetically_interacts_with	NCBIGene:6774	JAK2	STAT3	infores:hetionet(primary_knowledge_source);infores:hetionet(aggregator_knowledge_source);infores:automat-robokop(aggregator_knowledge_source)
Q44	e0	e_15	UniProtKB:P40763-1	biolink:subclass_of	NCBIGene:6774	signal transducer and activator of transcription 3 isoform 1 (human)	STAT3	infores:ubergraph(primary_knowledge_source);infores:automat-robokop(aggregator_knowledge_source)
Q44	e0	e_8_e_15	NCBIGene:6774	biolink:physically_interacts_with	NCBIGene:3717	STAT3	JAK2	infores:automat-robokop(primary_knowledge_source)
Q44	e0	e_9_e_15	NCBIGene:6774	biolink:physically_interacts_with	UniProtKB:P40763-1	STAT3	signal transducer and activator of transcription 3 isoform 1 (human)	infores:automat-robokop(primary_knowledge_source)
Q44	e0	e_12_e_15	NCBIGene:6774	biolink:interacts_with	NCBIGene:3717	STAT3	JAK2	infores:automat-robokop(primary_knowledge_source)
Q44	e0	e_13_e_15	NCBIGene:6774	biolink:interacts_with	UniProtKB:P40763-1	STAT3	signal transducer and activator of transcription 3 isoform 1 (human)	infores:automat-robokop(primary_knowledge_source)
Q45	e0	e_1	NCBIGene:3091	biolink:affects	NCBIGene:7422	HIF1A	VEGFA	infores:text-mining-provider-targeted(primary_knowledge_source);infores:automat-robokop(aggregator_knowledge_source)
Q45	e0	e_2	NCBIGene:7422	biolink:affects	NCBIGene:3091	VEGFA	HIF1A	infores:text-mining-provider-targeted(primary_knowledge_source);infores:automat-robokop(aggregator_knowledge_source)
Q45	e0	e_3	NCBIGene:7422	biolink:affects	NCBIGene:3091	VEGFA	HIF1A	infores:text-mining-provider-targeted(primary_knowledge_source);infores:automat-robokop(aggregator_knowledge_source)
Q45	e0	e_4	NCBIGene:3091	biolink:regulates	NCBIGene:7422	HIF1A	VEGFA	infores:signor(primary_knowledge_source);infores:automat-robokop(aggregator_knowledge_source)
Q45	e0	e_5	NCBIGene:3091	biolink:related_to	NCBIGene:7422	HIF1A	VEGFA	infores:signor(primary_knowledge_source);infores:automat-robokop(aggregator_knowledge_source)
Q46	e0	e_1	NCBIGene:4763	biolink:affects	NCBIGene:3265	NF1	HRAS	infores:text-mining-provider-targeted(primary_knowledge_source);infores:automat-robokop(aggregator_knowledge_source)
Q46	e0	e_2	NCBIGene:3265	biolink:directly_physically_interacts_with	NCBIGene:4763	HRAS	NF1	infores:intact(primary_knowledge_source);infores:automat-robokop(aggregator_knowledge_source)
Q46	e0	e_3	NCBIGene:4763	biolink:regulates	NCBIGene:3265	NF1	HRAS	infores:signor(primary_knowledge_source);infores:automat-robokop(aggregator_knowledge_source)
Q46	e0	e_4	NCBIGene:4763	biolink:regulates	NCBIGene:3265	NF1	HRAS	infores:signor(primary_knowledge_source);infores:automat-robokop(aggregator_knowledge_source)
Q46	e0	e_5	NCBIGene:4763	biolink:related_to	NCBIGene:3265	NF1	HRAS	infores:signor(primary_knowledge_source);infores:automat-robokop(aggregator_knowledge_source)
Q46	e0	e_6	NCBIGene:3265	biolink:genetically_interacts_with	NCBIGene:4763	HRAS	NF1	infores:hetionet(primary_knowledge_source);infores:hetionet(aggregator_knowledge_source);infores:automat-robokop(aggregator_knowledge_source)
Q46	e0	e_7	UniProtKB:P21359-1	biolink:physically_interacts_with	UniProtKB:P01112-1	neurofibromin isoform II (human)	GTPase HRas isoform 1 (human)	infores:string(primary_knowledge_source);infores:automat-robokop(aggregator_knowledge_source)
Q46	e0	e_8	UniProtKB:P01112-1	biolink:physically_interacts_with	UniProtKB:P21359-1	GTPase HRas isoform 1 (human)	neurofibromin isoform II (human)	infores:string(primary_knowledge_source);infores:automat-robokop(aggregator_knowledge_source)
Q46	e0	e_9	UniProtKB:P21359-1	biolink:subclass_of	NCBIGene:4763	neurofibromin isoform II (human)	NF1	infores:ubergraph(primary_knowledge_source);infores:automat-robokop(aggregator_knowledge_source)
Q46	e0	e_10	UniProtKB:P01112-1	biolink:subclass_of	NCBIGene:3265	GTPase HRas isoform 1 (human)	HRAS	infores:ubergraph(primary_knowledge_source);infores:automat-robokop(aggregator_knowledge_source)
Q46	e0	e_7_e_9_e_10	NCBIGene:4763	biolink:physically_interacts_with	NCBIGene:3265	NF1	HRAS	infores:automat-robokop(primary_knowledge_source)
Q46	e0	e_8_e_9_e_10	NCBIGene:4763	biolink:physically_interacts_with	NCBIGene:3265	NF1	HRAS	infores:automat-robokop(primary_knowledge_source)
Q47	e0	e_1	NCBIGene:672	biolink:affects	NCBIGene:5888	BRCA1	RAD51	infores:text-mining-provider-targeted(primary_knowledge_source);infores:automat-robokop(aggregator_knowledge_source)
Q47	e0	e_2	NCBIGene:672	biolink:affects	NCBIGene:5888	BRCA1	RAD51	infores:text-mining-provider-targeted(primary_knowledge_source);infores:automat-robokop(aggregator_knowledge_source)
Q47	e0	e_3	NCBIGene:5888	biolink:affects	NCBIGene:672	RAD51	BRCA1	infores:text-mining-provider-targeted(primary_knowledge_source);infores:automat-robokop(aggregator_knowledge_source)
Q47	e0	e_4	NCBIGene:5888	biolink:affects	NCBIGene:672	RAD51	BRCA1	infores:text-mining-provider-targeted(primary_knowledge_source);infores:automat-robokop(aggregator_knowledge_source)
Q47	e0	e_5	NCBIGene:672	biolink:directly_physically_interacts_with	NCBIGene:5888	BRCA1	RAD51	infores:intact(primary_knowledge_source);infores:automat-robokop(aggregator_knowledge_source)
Q47	e0	e_6	NCBIGene:5888	biolink:regulates	NCBIGene:672	RAD51	BRCA1	infores:lincs(primary_knowledge_source);infores:hetionet(aggregator_knowledge_source);infores:automat-robokop(aggregator_knowledge_source)
Q47	e0	e_7	NCBIGene:672	biolink:genetically_interacts_with	NCBIGene:5888	BRCA1	RAD51	infores:hetionet(primary_knowledge_source);infores:hetionet(aggregator_knowledge_source);infores:automat-robokop(aggregator_knowledge_source)
Q47	e0	e_8	UniProtKB:P38398-7	biolink:physically_interacts_with	UniProtKB:Q06609-4	breast cancer type 1 susceptibility protein isoform h7 (human)	DNA repair protein RAD51 homolog 1 isoform h4 (human)	infores:string(primary_knowledge_source);infores:automat-robokop(aggregator_knowledge_source)
Q47	e0	e_9	UniProtKB:Q06609-4	biolink:physically_interacts_with	UniProtKB:P38398-7	DNA repair protein RAD51 homolog 1 isoform h4 (human)	breast cancer type 1 susceptibility protein isoform h7 (human)	infores:string(primary_knowledge_source);infores:automat-robokop(aggregator_knowledge_source)
Q47	e0	e_10	UniProtKB:P38398-7	biolink:interacts_with	UniProtKB:Q06609-4	breast cancer type 1 susceptibility protein isoform h7 (human)	DNA repair protein RAD51 homolog 1 isoform h4 (human)	infores:string(primary_knowledge_source);infores:automat-robokop(aggregator_knowledge_source)
Q47	e0	e_11	UniProtKB:Q06609-4	biolink:interacts_with	UniProtKB:P38398-7	DNA repair protein RAD51 homolog 1 isoform h4 (human)	breast cancer type 1 susceptibility protein isoform h7 (human)	infores:string(primary_knowledge_source);infores:automat-robokop(aggregator_knowledge_source)
Q47	e0	e_12	UniProtKB:P38398-7	biolink:subclass_of	NCBIGene:672	breast cancer type 1 susceptibility protein isoform h7 (human)	BRCA1	infores:ubergraph(primary_knowledge_source);infores:automat-robokop(aggregator_knowledge_source)
Q47	e0	e_13	UniProtKB:Q06609-4	biolink:subclass_of	NCBIGene:5888	DNA repair protein RAD51 homolog 1 isoform h4 (human)	RAD51	infores:ubergraph(primary_knowledge_source);infores:automat-robokop(aggregator_knowledge_source)
Q47	e0	e_8_e_12_e_13	NCBIGene:672	biolink:physically_interacts_with	NCBIGene:5888	BRCA1	RAD51	infores:automat-robokop(primary_knowledge_source)
Q47	e0	e_9_e_12_e_13	NCBIGene:672	biolink:physically_interacts_with	NCBIGene:5888	BRCA1	RAD51	infores:automat-robokop(primary_knowledge_source)
Q47	e0	e_10_e_12_e_13	NCBIGene:672	biolink:interacts_with	NCBIGene:5888	BRCA1	RAD51	infores:automat-robokop(primary_knowledge_source)
Q47	e0	e_11_e_12_e_13	NCBIGene:672	biolink:interacts_with	NCBIGene:5888	BRCA1	RAD51	infores:automat-robokop(primary_knowledge_source)
Q48	e0	e_1	NCBIGene:2309	biolink:affects	NCBIGene:23411	FOXO3	SIRT1	infores:text-mining-provider-targeted(primary_knowledge_source);infores:automat-robokop(aggregator_knowledge_source)
Q48	e0	e_2	NCBIGene:2309	biolink:affects	NCBIGene:23411	FOXO3	SIRT1	infores:text-mining-provider-targeted(primary_knowledge_source);infores:automat-robokop(aggregator_knowledge_source)
Q48	e0	e_3	NCBIGene:23411	biolink:affects	NCBIGene:2309	SIRT1	FOXO3	infores:text-mining-provider-targeted(primary_knowledge_source);infores:automat-robokop(aggregator_knowledge_source)
Q48	e0	e_4	NCBIGene:23411	biolink:affects	NCBIGene:2309	SIRT1	FOXO3	infores:text-mining-provider-targeted(primary_knowledge_source);infores:automat-robokop(aggregator_knowledge_source)
Q48	e0	e_5	NCBIGene:2309	biolink:directly_physically_interacts_with	NCBIGene:23411	FOXO3	SIRT1	infores:intact(primary_knowledge_source);infores:automat-robokop(aggregator_knowledge_source)
Q48	e0	e_6	NCBIGene:23411	biolink:directly_physically_interacts_with	NCBIGene:2309	SIRT1	FOXO3	infores:intact(primary_knowledge_source);infores:automat-robokop(aggregator_knowledge_source)
Q48	e0	e_7	NCBIGene:23411	biolink:regulates	NCBIGene:2309	SIRT1	FOXO3	infores:signor(primary_knowledge_source);infores:automat-robokop(aggregator_knowledge_source)
Q48	e0	e_8	NCBIGene:23411	biolink:regulates	NCBIGene:2309	SIRT1	FOXO3	infores:signor(primary_knowledge_source);infores:automat-robokop(aggregator_knowledge_source)
Q48	e0	e_9	NCBIGene:23411	biolink:regulates	NCBIGene:2309	SIRT1	FOXO3	infores:signor(primary_knowledge_source);infores:automat-robokop(aggregator_knowledge_source)
Q48	e0	e_10	NCBIGene:23411	biolink:related_to	NCBIGene:2309	SIRT1	FOXO3	infores:signor(primary_knowledge_source);infores:automat-robokop(aggregator_knowledge_source)
Q48	e0	e_11	NCBIGene:23411	biolink:related_to	NCBIGene:2309	SIRT1	FOXO3	infores:signor(primary_knowledge_source);infores:automat-robokop(aggregator_knowledge_source)
Q48	e0	e_12	NCBIGene:23411	biolink:related_to	NCBIGene:2309	SIRT1	FOXO3	infores:signor(primary_knowledge_source);infores:automat-robokop(aggregator_knowledge_source)
Q48	e0	e_13	NCBIGene:2309	biolink:genetically_interacts_with	NCBIGene:23411	FOXO3	SIRT1	infores:hetionet(primary_knowledge_source);infores:hetionet(aggregator_knowledge_source);infores:automat-robokop(aggregator_knowledge_source)
Q48	e0	e_14	UniProtKB:O43524-1	biolink:interacts_with	UniProtKB:Q96EB6-1	forkhead box protein O3 isoform h1 (human)	NAD-dependent protein deacetylase sirtuin-1 isoform h1 (human)	infores:string(primary_knowledge_source);infores:automat-robokop(aggregator_knowledge_source)
Q48	e0	e_15	UniProtKB:Q96EB6-1	biolink:interacts_with	UniProtKB:O43524-1	NAD-dependent protein deacetylase sirtuin-1 isoform h1 (human)	forkhead box protein O3 isoform h1 (human)	infores:string(primary_knowledge_source);infores:automat-robokop(aggregator_knowledge_source)
Q48	e0	e_16	UniProtKB:O43524-1	biolink:subclass_of	NCBIGene:2309	forkhead box protein O3 isoform h1 (human)	FOXO3	infores:ubergraph(primary_knowledge_source);infores:automat-robokop(aggregator_knowledge_source)
Q48	e0	e_17	UniProtKB:Q96EB6-1	biolink:subclass_of	NCBIGene:23411	NAD-dependent protein deacetylase sirtuin-1 isoform h1 (human)	SIRT1	infores:ubergraph(primary_knowledge_source);infores:automat-robokop(aggregator_knowledge_source)
Q48	e0	e_14_e_16_e_17	NCBIGene:2309	biolink:interacts_with	NCBIGene:23411	FOXO3	SIRT1	infores:automat-robokop(primary_knowledge_source)
Q48	e0	e_15_e_16_e_17	NCBIGene:2309	biolink:interacts_with	NCBIGene:23411	FOXO3	SIRT1	infores:automat-robokop(primary_knowledge_source)
Q49	e0	e_1	NCBIGene:2475	biolink:affects	NCBIGene:57521	MTOR	RPTOR	infores:psite-plus(primary_knowledge_source);infores:kinace(aggregator_knowledge_source);infores:automat-robokop(aggregator_knowledge_source)
Q49	e0	e_2	NCBIGene:2475	biolink:affects	NCBIGene:57521	MTOR	RPTOR	infores:epsd(primary_knowledge_source);infores:kinace(aggregator_knowledge_source);infores:automat-robokop(aggregator_knowledge_source)
Q49	e0	e_3	NCBIGene:2475	biolink:directly_physically_interacts_with	NCBIGene:57521	MTOR	RPTOR	infores:intact(primary_knowledge_source);infores:automat-robokop(aggregator_knowledge_source)
Q49	e0	e_4	NCBIGene:57521	biolink:directly_physically_interacts_with	NCBIGene:2475	RPTOR	MTOR	infores:intact(primary_knowledge_source);infores:automat-robokop(aggregator_knowledge_source)
Q49	e0	e_5	NCBIGene:2475	biolink:regulates	NCBIGene:57521	MTOR	RPTOR	infores:signor(primary_knowledge_source);infores:automat-robokop(aggregator_knowledge_source)
Q49	e0	e_6	NCBIGene:2475	biolink:related_to	NCBIGene:57521	MTOR	RPTOR	infores:signor(primary_knowledge_source);infores:automat-robokop(aggregator_knowledge_source)
Q49	e0	e_7	NCBIGene:2475	biolink:genetically_interacts_with	NCBIGene:57521	MTOR	RPTOR	infores:hetionet(primary_knowledge_source);infores:hetionet(aggregator_knowledge_source);infores:automat-robokop(aggregator_knowledge_source)
Q49	e0	e_8	NCBIGene:2475	biolink:physically_interacts_with	UniProtKB:Q8N122-1	MTOR	regulatory-associated protein of mTOR isoform h1 (human)	infores:string(primary_knowledge_source);infores:automat-robokop(aggregator_knowledge_source)
Q49	e0	e_9	UniProtKB:Q8N122-1	biolink:physically_interacts_with	NCBIGene:2475	regulatory-associated protein of mTOR isoform h1 (human)	MTOR	infores:string(primary_knowledge_source);infores:automat-robokop(aggregator_knowledge_source)
Q49	e0	e_10	NCBIGene:2475	biolink:interacts_with	UniProtKB:Q8N122-1	MTOR	regulatory-associated protein of mTOR isoform h1 (human)	infores:string(primary_knowledge_source);infores:automat-robokop(aggregator_knowledge_source)
Q49	e0	e_11	UniProtKB:Q8N122-1	biolink:interacts_with	NCBIGene:2475	regulatory-associated protein of mTOR isoform h1 (human)	MTOR	infores:string(primary_knowledge_source);infores:automat-robokop(aggregator_knowledge_source)
Q49	e0	e_12	UniProtKB:Q8N122-1	biolink:subclass_of	NCBIGene:57521	regulatory-associated protein of mTOR isoform h1 (human)	RPTOR	infores:ubergraph(primary_knowledge_source);infores:automat-robokop(aggregator_knowledge_source)
Q49	e0	e_8_e_12	NCBIGene:2475	biolink:physically_interacts_with	NCBIGene:57521	MTOR	RPTOR	infores:automat-robokop(primary_knowledge_source)
Q49	e0	e_9_e_12	UniProtKB:Q8N122-1	biolink:physically_interacts_with	NCBIGene:57521	regulatory-associated protein of mTOR isoform h1 (human)	RPTOR	infores:automat-robokop(primary_knowledge_source)
Q49	e0	e_10_e_12	NCBIGene:2475	biolink:interacts_with	NCBIGene:57521	MTOR	RPTOR	infores:automat-robokop(primary_knowledge_source)
Q49	e0	e_11_e_12	UniProtKB:Q8N122-1	biolink:interacts_with	NCBIGene:57521	regulatory-associated protein of mTOR isoform h1 (human)	RPTOR	infores:automat-robokop(primary_knowledge_source)
Q50	e0	e_1	UniProtKB:P42771-4	biolink:interacts_with	NCBIGene:5925	cyclin-dependent kinase inhibitor 2A isoform h5 (human)	RB1	infores:string(primary_knowledge_source);infores:automat-robokop(aggregator_knowledge_source)
Q50	e0	e_2	NCBIGene:5925	biolink:interacts_with	UniProtKB:P42771-4	RB1	cyclin-dependent kinase inhibitor 2A isoform h5 (human)	infores:string(primary_knowledge_source);infores:automat-robokop(aggregator_knowledge_source)
Q50	e0	e_3	UniProtKB:P42771-4	biolink:subclass_of	NCBIGene:1029	cyclin-dependent kinase inhibitor 2A isoform h5 (human)	CDKN2A	infores:ubergraph(primary_knowledge_source);infores:automat-robokop(aggregator_knowledge_source)
Q50	e0	e_1_e_3	NCBIGene:1029	biolink:interacts_with	NCBIGene:5925	CDKN2A	RB1	infores:automat-robokop(primary_knowledge_source)
Q50	e0	e_2_e_3	NCBIGene:1029	biolink:interacts_with	UniProtKB:P42771-4	CDKN2A	cyclin-dependent kinase inhibitor 2A isoform h5 (human)	infores:automat-robokop(primary_knowledge_source)
Q51	e0	uuid:0ec435d8-198e-11f0-be82-6045bdb3d4c0	NCBIGene:3064	biolink:causes	MONDO:0007739	HTT	Huntington disease	infores:omim(primary_knowledge_source);infores:monarchinitiative(aggregator_knowledge_source);infores:medgen(aggregator_knowledge_source);infores:automat-robokop(aggregator_knowledge_source)
Q51	e0	e_2	NCBIGene:3064	biolink:genetically_associated_with	MONDO:0007739	HTT	Huntington disease	infores:uniprot(primary_knowledge_source);infores:pharos(aggregator_knowledge_source);infores:automat-robokop(aggregator_knowledge_source)
Q51	e0	e_3	NCBIGene:3064	biolink:genetically_associated_with	MONDO:0007739	HTT	Huntington disease	infores:disgenet(primary_knowledge_source);infores:pharos(aggregator_knowledge_source);infores:automat-robokop(aggregator_knowledge_source)
Q51	e0	e_4	NCBIGene:3064	biolink:genetically_associated_with	MONDO:0016621	HTT	juvenile Huntington disease	infores:disgenet(primary_knowledge_source);infores:pharos(aggregator_knowledge_source);infores:automat-robokop(aggregator_knowledge_source)
Q51	e0	e_5	NCBIGene:3064	biolink:genetically_associated_with	MONDO:0007739	HTT	Huntington disease	infores:ctd(primary_knowledge_source);infores:pharos(aggregator_knowledge_source);infores:automat-robokop(aggregator_knowledge_source)
Q51	e0	e_6	NCBIGene:3064	biolink:genetically_associated_with	MONDO:0007739	HTT	Huntington disease	infores:eram(primary_knowledge_source);infores:pharos(aggregator_knowledge_source);infores:automat-robokop(aggregator_knowledge_source)
Q51	e0	e_7	NCBIGene:3064	biolink:genetically_associated_with	MONDO:0007739	HTT	Huntington disease	infores:diseases(primary_knowledge_source);infores:pharos(aggregator_knowledge_source);infores:automat-robokop(aggregator_knowledge_source)
Q51	e0	e_8	NCBIGene:3064	biolink:genetically_associated_with	MONDO:0007739	HTT	Huntington disease	infores:monarchinitiative(primary_knowledge_source);infores:pharos(aggregator_knowledge_source);infores:automat-robokop(aggregator_knowledge_source)
Q51	e0	e_9	NCBIGene:3064	biolink:gene_associated_with_condition	MONDO:0007739	HTT	Huntington disease	infores:ubergraph(primary_knowledge_source);infores:automat-robokop(aggregator_knowledge_source)
Q51	e0	e_10	MONDO:0016621	biolink:subclass_of	MONDO:0007739	juvenile Huntington disease	Huntington disease	infores:ubergraph(primary_knowledge_source);infores:automat-robokop(aggregator_knowledge_source)
Q51	e0	e_4_e_10	MONDO:0007739	biolink:genetically_associated_with	MONDO:0016621	Huntington disease	juvenile Huntington disease	infores:automat-robokop(primary_knowledge_source)
Q52	e0	e_1	MONDO:0004976	biolink:related_to	NCBIGene:6647	amyotrophic lateral sclerosis	SOD1	infores:hetionet(primary_knowledge_source);infores:automat-robokop(aggregator_knowledge_source)
Q52	e0	uuid:0e9d58ca-198e-11f0-be82-6045bdb3d4c0	NCBIGene:6647	biolink:causes	MONDO:0007103	SOD1	amyotrophic lateral sclerosis type 1	infores:omim(primary_knowledge_source);infores:monarchinitiative(aggregator_knowledge_source);infores:medgen(aggregator_knowledge_source);infores:automat-robokop(aggregator_knowledge_source)
Q52	e0	uuid:12638626-198e-11f0-be82-6045bdb3d4c0	NCBIGene:6647	biolink:has_phenotype	MONDO:0004976	SOD1	amyotrophic lateral sclerosis	infores:hpo-annotations(primary_knowledge_source);infores:monarchinitiative(aggregator_knowledge_source);infores:automat-robokop(aggregator_knowledge_source)
Q52	e0	uuid:13ff4a81-198e-11f0-be82-6045bdb3d4c0	NCBIGene:6647	biolink:has_phenotype	MONDO:0004976	SOD1	amyotrophic lateral sclerosis	infores:hpo-annotations(primary_knowledge_source);infores:monarchinitiative(aggregator_knowledge_source);infores:automat-robokop(aggregator_knowledge_source)
Q52	e0	e_5	NCBIGene:6647	biolink:genetically_associated_with	MONDO:0007103	SOD1	amyotrophic lateral sclerosis type 1	infores:disgenet(primary_knowledge_source);infores:pharos(aggregator_knowledge_source);infores:automat-robokop(aggregator_knowledge_source)
Q52	e0	e_6	NCBIGene:6647	biolink:genetically_associated_with	MONDO:0005145	SOD1	sporadic amyotrophic lateral sclerosis	infores:disgenet(primary_knowledge_source);infores:pharos(aggregator_knowledge_source);infores:automat-robokop(aggregator_knowledge_source)
Q52	e0	e_7	NCBIGene:6647	biolink:genetically_associated_with	MONDO:0007103	SOD1	amyotrophic lateral sclerosis type 1	infores:monarchinitiative(primary_knowledge_source);infores:pharos(aggregator_knowledge_source);infores:automat-robokop(aggregator_knowledge_source)
Q52	e0	e_8	NCBIGene:6647	biolink:genetically_associated_with	MONDO:0004976	SOD1	amyotrophic lateral sclerosis	infores:disgenet(primary_knowledge_source);infores:pharos(aggregator_knowledge_source);infores:automat-robokop(aggregator_knowledge_source)
Q52	e0	e_9	NCBIGene:6647	biolink:genetically_associated_with	MONDO:0004976	SOD1	amyotrophic lateral sclerosis	infores:monarchinitiative(primary_knowledge_source);infores:pharos(aggregator_knowledge_source);infores:automat-robokop(aggregator_knowledge_source)
Q52	e0	e_10	NCBIGene:6647	biolink:genetically_associated_with	MONDO:0004976	SOD1	amyotrophic lateral sclerosis	infores:diseases(primary_knowledge_source);infores:pharos(aggregator_knowledge_source);infores:automat-robokop(aggregator_knowledge_source)
Q52	e0	e_11	NCBIGene:6647	biolink:genetically_associated_with	MONDO:0004976	SOD1	amyotrophic lateral sclerosis	infores:ctd(primary_knowledge_source);infores:pharos(aggregator_knowledge_source);infores:automat-robokop(aggregator_knowledge_source)
Q52	e0	e_12	NCBIGene:6647	biolink:genetically_associated_with	MONDO:0007103	SOD1	amyotrophic lateral sclerosis type 1	infores:eram(primary_knowledge_source);infores:pharos(aggregator_knowledge_source);infores:automat-robokop(aggregator_knowledge_source)
Q52	e0	e_13	NCBIGene:6647	biolink:genetically_associated_with	MONDO:0007103	SOD1	amyotrophic lateral sclerosis type 1	infores:ctd(primary_knowledge_source);infores:pharos(aggregator_knowledge_source);infores:automat-robokop(aggregator_knowledge_source)
Q52	e0	e_14	NCBIGene:6647	biolink:genetically_associated_with	MONDO:0004976	SOD1	amyotrophic lateral sclerosis	infores:eram(primary_knowledge_source);infores:pharos(aggregator_knowledge_source);infores:automat-robokop(aggregator_knowledge_source)
Q52	e0	e_15	NCBIGene:6647	biolink:genetically_associated_with	MONDO:0007103	SOD1	amyotrophic lateral sclerosis type 1	infores:uniprot(primary_knowledge_source);infores:pharos(aggregator_knowledge_source);infores:automat-robokop(aggregator_knowledge_source)
Q52	e0	e_16	NCBIGene:6647	biolink:gene_associated_with_condition	MONDO:0007103	SOD1	amyotrophic lateral sclerosis type 1	infores:ubergraph(primary_knowledge_source);infores:automat-robokop(aggregator_knowledge_source)
Q52	e0	e_17	MONDO:0007103	biolink:subclass_of	MONDO:0004976	amyotrophic lateral sclerosis type 1	amyotrophic lateral sclerosis	infores:ubergraph(primary_knowledge_source);infores:automat-robokop(aggregator_knowledge_source)
Q52	e0	e_18	MONDO:0005145	biolink:subclass_of	MONDO:0004976	sporadic amyotrophic lateral sclerosis	amyotrophic lateral sclerosis	infores:ubergraph(primary_knowledge_source);infores:automat-robokop(aggregator_knowledge_source)
Q52	e0	uuid:0e9d58ca-198e-11f0-be82-6045bdb3d4c0_e_17	MONDO:0004976	biolink:causes	MONDO:0007103	amyotrophic lateral sclerosis	amyotrophic lateral sclerosis type 1	infores:automat-robokop(primary_knowledge_source)
Q52	e0	e_5_e_17	MONDO:0004976	biolink:genetically_associated_with	MONDO:0007103	amyotrophic lateral sclerosis	amyotrophic lateral sclerosis type 1	infores:automat-robokop(primary_knowledge_source)
Q52	e0	e_6_e_18	MONDO:0004976	biolink:genetically_associated_with	MONDO:0005145	amyotrophic lateral sclerosis	sporadic amyotrophic lateral sclerosis	infores:automat-robokop(primary_knowledge_source)
Q52	e0	e_7_e_17	MONDO:0004976	biolink:genetically_associated_with	MONDO:0007103	amyotrophic lateral sclerosis	amyotrophic lateral sclerosis type 1	infores:automat-robokop(primary_knowledge_source)
Q52	e0	e_12_e_17	MONDO:0004976	biolink:genetically_associated_with	MONDO:0007103	amyotrophic lateral sclerosis	amyotrophic lateral sclerosis type 1	infores:automat-robokop(primary_knowledge_source)
Q52	e0	e_13_e_17	MONDO:0004976	biolink:genetically_associated_with	MONDO:0007103	amyotrophic lateral sclerosis	amyotrophic lateral sclerosis type 1	infores:automat-robokop(primary_knowledge_source)
Q52	e0	e_15_e_17	MONDO:0004976	biolink:genetically_associated_with	MONDO:0007103	amyotrophic lateral sclerosis	amyotrophic lateral sclerosis type 1	infores:automat-robokop(primary_knowledge_source)
Q52	e0	e_16_e_17	MONDO:0004976	biolink:gene_associated_with_condition	MONDO:0007103	amyotrophic lateral sclerosis	amyotrophic lateral sclerosis type 1	infores:automat-robokop(primary_knowledge_source)
Q56	e0	e_1	MONDO:0005044	biolink:related_to	NCBIGene:4878	hypertension	NPPA	infores:hetionet(primary_knowledge_source);infores:automat-robokop(aggregator_knowledge_source)
Q56	e0	e_2	MONDO:0005010	biolink:related_to	NCBIGene:4878	coronary artery disorder	NPPA	infores:hetionet(primary_knowledge_source);infores:automat-robokop(aggregator_knowledge_source)
Q56	e0	e_3	MONDO:0005021	biolink:related_to	NCBIGene:4878	dilated cardiomyopathy	NPPA	infores:hetionet(primary_knowledge_source);infores:automat-robokop(aggregator_knowledge_source)
Q56	e0	uuid:0ec440c8-198e-11f0-be82-6045bdb3d4c0	NCBIGene:4878	biolink:causes	MONDO:0012816	NPPA	atrial fibrillation, familial, 6	infores:omim(primary_knowledge_source);infores:monarchinitiative(aggregator_knowledge_source);infores:medgen(aggregator_knowledge_source);infores:automat-robokop(aggregator_knowledge_source)
Q56	e0	uuid:0ec438dc-198e-11f0-be82-6045bdb3d4c0	NCBIGene:4878	biolink:causes	MONDO:0014329	NPPA	atrial standstill 2	infores:omim(primary_knowledge_source);infores:monarchinitiative(aggregator_knowledge_source);infores:medgen(aggregator_knowledge_source);infores:automat-robokop(aggregator_knowledge_source)
Q56	e0	uuid:19f4db02-198e-11f0-be82-6045bdb3d4c0	NCBIGene:4878	biolink:has_phenotype	MONDO:0020744	NPPA	Mobitz type I atrioventricular block	infores:hpo-annotations(primary_knowledge_source);infores:monarchinitiative(aggregator_knowledge_source);infores:automat-robokop(aggregator_knowledge_source)
Q56	e0	uuid:153058b3-198e-11f0-be82-6045bdb3d4c0	NCBIGene:4878	biolink:has_phenotype	MONDO:0018901	NPPA	left ventricular noncompaction	infores:hpo-annotations(primary_knowledge_source);infores:monarchinitiative(aggregator_knowledge_source);infores:automat-robokop(aggregator_knowledge_source)
Q56	e0	uuid:15306071-198e-11f0-be82-6045bdb3d4c0	NCBIGene:4878	biolink:has_phenotype	MONDO:0004981	NPPA	atrial fibrillation	infores:hpo-annotations(primary_knowledge_source);infores:monarchinitiative(aggregator_knowledge_source);infores:automat-robokop(aggregator_knowledge_source)
Q56	e0	uuid:13ff4829-198e-11f0-be82-6045bdb3d4c0	NCBIGene:4878	biolink:has_phenotype	MONDO:0005385	NPPA	aneurysm	infores:hpo-annotations(primary_knowledge_source);infores:monarchinitiative(aggregator_knowledge_source);infores:automat-robokop(aggregator_knowledge_source)
Q56	e0	uuid:19f510a4-198e-11f0-be82-6045bdb3d4c0	NCBIGene:4878	biolink:has_phenotype	MONDO:0004981	NPPA	atrial fibrillation	infores:hpo-annotations(primary_knowledge_source);infores:monarchinitiative(aggregator_knowledge_source);infores:automat-robokop(aggregator_knowledge_source)
Q56	e0	uuid:1eb9e82a-198e-11f0-be82-6045bdb3d4c0	NCBIGene:4878	biolink:has_phenotype	HP:0200127	NPPA	Atrial cardiomyopathy	infores:hpo-annotations(primary_knowledge_source);infores:monarchinitiative(aggregator_knowledge_source);infores:automat-robokop(aggregator_knowledge_source)
Q56	e0	uuid:18c3c1e3-198e-11f0-be82-6045bdb3d4c0	NCBIGene:4878	biolink:has_phenotype	HP:0001907	NPPA	Thromboembolism	infores:hpo-annotations(primary_knowledge_source);infores:monarchinitiative(aggregator_knowledge_source);infores:automat-robokop(aggregator_knowledge_source)
Q56	e0	uuid:18c3c1e4-198e-11f0-be82-6045bdb3d4c0	NCBIGene:4878	biolink:has_phenotype	HP:0031546	NPPA	Cardiac conduction abnormality	infores:hpo-annotations(primary_knowledge_source);infores:monarchinitiative(aggregator_knowledge_source);infores:automat-robokop(aggregator_knowledge_source)
Q56	e0	uuid:15306072-198e-11f0-be82-6045bdb3d4c0	NCBIGene:4878	biolink:has_phenotype	MONDO:0005453	NPPA	congenital heart disease	infores:hpo-annotations(primary_knowledge_source);infores:monarchinitiative(aggregator_knowledge_source);infores:automat-robokop(aggregator_knowledge_source)
Q56	e0	uuid:19f4db03-198e-11f0-be82-6045bdb3d4c0	NCBIGene:4878	biolink:has_phenotype	MONDO:0005252	NPPA	heart failure	infores:hpo-annotations(primary_knowledge_source);infores:monarchinitiative(aggregator_knowledge_source);infores:automat-robokop(aggregator_knowledge_source)
Q56	e0	uuid:1feae803-198e-11f0-be82-6045bdb3d4c0	NCBIGene:4878	biolink:has_phenotype	HP:0012664	NPPA	Reduced left ventricular ejection fraction	infores:hpo-annotations(primary_knowledge_source);infores:monarchinitiative(aggregator_knowledge_source);infores:automat-robokop(aggregator_knowledge_source)
Q56	e0	uuid:17928f01-198e-11f0-be82-6045bdb3d4c0	NCBIGene:4878	biolink:has_phenotype	HP:0001962	NPPA	Palpitations	infores:hpo-annotations(primary_knowledge_source);infores:monarchinitiative(aggregator_knowledge_source);infores:automat-robokop(aggregator_knowledge_source)
Q56	e0	uuid:1d88b0bf-198e-11f0-be82-6045bdb3d4c0	NCBIGene:4878	biolink:has_phenotype	HP:0001962	NPPA	Palpitations	infores:hpo-annotations(primary_knowledge_source);infores:monarchinitiative(aggregator_knowledge_source);infores:automat-robokop(aggregator_knowledge_source)
Q56	e0	uuid:13ff3fc5-198e-11f0-be82-6045bdb3d4c0	NCBIGene:4878	biolink:has_phenotype	MONDO:0004994	NPPA	cardiomyopathy	infores:hpo-annotations(primary_knowledge_source);infores:monarchinitiative(aggregator_knowledge_source);infores:automat-robokop(aggregator_knowledge_source)
Q56	e0	uuid:18c3f740-198e-11f0-be82-6045bdb3d4c0	NCBIGene:4878	biolink:has_phenotype	HP:0001712	NPPA	Left ventricular hypertrophy	infores:hpo-annotations(primary_knowledge_source);infores:monarchinitiative(aggregator_knowledge_source);infores:automat-robokop(aggregator_knowledge_source)
Q56	e0	uuid:17928f00-198e-11f0-be82-6045bdb3d4c0	NCBIGene:4878	biolink:has_phenotype	HP:0002140	NPPA	Ischemic stroke	infores:hpo-annotations(primary_knowledge_source);infores:monarchinitiative(aggregator_knowledge_source);infores:automat-robokop(aggregator_knowledge_source)
Q56	e0	uuid:16617935-198e-11f0-be82-6045bdb3d4c0	NCBIGene:4878	biolink:has_phenotype	HP:0001279	NPPA	Syncope	infores:hpo-annotations(primary_knowledge_source);infores:monarchinitiative(aggregator_knowledge_source);infores:automat-robokop(aggregator_knowledge_source)
Q56	e0	uuid:1d88b0c0-198e-11f0-be82-6045bdb3d4c0	NCBIGene:4878	biolink:has_phenotype	HP:0001662	NPPA	Bradycardia	infores:hpo-annotations(primary_knowledge_source);infores:monarchinitiative(aggregator_knowledge_source);infores:automat-robokop(aggregator_knowledge_source)
Q56	e0	uuid:1eb9cc6f-198e-11f0-be82-6045bdb3d4c0	NCBIGene:4878	biolink:has_phenotype	HP:0001662	NPPA	Bradycardia	infores:hpo-annotations(primary_knowledge_source);infores:monarchinitiative(aggregator_knowledge_source);infores:automat-robokop(aggregator_knowledge_source)
Q56	e0	uuid:1eb9dd0c-198e-11f0-be82-6045bdb3d4c0	NCBIGene:4878	biolink:has_phenotype	MONDO:0001823	NPPA	sick sinus syndrome	infores:hpo-annotations(primary_knowledge_source);infores:monarchinitiative(aggregator_knowledge_source);infores:automat-robokop(aggregator_knowledge_source)
Q56	e0	uuid:1eb9cc83-198e-11f0-be82-6045bdb3d4c0	NCBIGene:4878	biolink:has_phenotype	MONDO:0015281	NPPA	atrial standstill	infores:hpo-annotations(primary_knowledge_source);infores:monarchinitiative(aggregator_knowledge_source);infores:automat-robokop(aggregator_knowledge_source)
Q56	e0	uuid:1b2637a7-198e-11f0-be82-6045bdb3d4c0	NCBIGene:4878	biolink:has_phenotype	HP:0006698	NPPA	Dilatation of the ventricular cavity	infores:hpo-annotations(primary_knowledge_source);infores:monarchinitiative(aggregator_knowledge_source);infores:automat-robokop(aggregator_knowledge_source)
Q56	e0	uuid:1b26473d-198e-11f0-be82-6045bdb3d4c0	NCBIGene:4878	biolink:has_phenotype	MONDO:0015281	NPPA	atrial standstill	infores:hpo-annotations(primary_knowledge_source);infores:monarchinitiative(aggregator_knowledge_source);infores:automat-robokop(aggregator_knowledge_source)
Q56	e0	uuid:15306833-198e-11f0-be82-6045bdb3d4c0	NCBIGene:4878	biolink:has_phenotype	MONDO:0005098	NPPA	stroke disorder	infores:hpo-annotations(primary_knowledge_source);infores:monarchinitiative(aggregator_knowledge_source);infores:automat-robokop(aggregator_knowledge_source)
Q56	e0	uuid:1c575095-198e-11f0-be82-6045bdb3d4c0	NCBIGene:4878	biolink:has_phenotype	HP:0001692	NPPA	Atrial arrhythmia	infores:hpo-annotations(primary_knowledge_source);infores:monarchinitiative(aggregator_knowledge_source);infores:automat-robokop(aggregator_knowledge_source)
Q56	e0	uuid:1d8862f2-198e-11f0-be82-6045bdb3d4c0	NCBIGene:4878	biolink:has_phenotype	HP:0001962	NPPA	Palpitations	infores:hpo-annotations(primary_knowledge_source);infores:monarchinitiative(aggregator_knowledge_source);infores:automat-robokop(aggregator_knowledge_source)
Q56	e0	uuid:1c575086-198e-11f0-be82-6045bdb3d4c0	NCBIGene:4878	biolink:has_phenotype	HP:0410174	NPPA	Increased circulating troponin T concentration	infores:hpo-annotations(primary_knowledge_source);infores:monarchinitiative(aggregator_knowledge_source);infores:automat-robokop(aggregator_knowledge_source)
Q56	e0	uuid:13ff4fd9-198e-11f0-be82-6045bdb3d4c0	NCBIGene:4878	biolink:has_phenotype	HP:0031295	NPPA	Left atrial enlargement	infores:hpo-annotations(primary_knowledge_source);infores:monarchinitiative(aggregator_knowledge_source);infores:automat-robokop(aggregator_knowledge_source)
Q56	e0	uuid:19f5281d-198e-11f0-be82-6045bdb3d4c0	NCBIGene:4878	biolink:has_phenotype	MONDO:0007263	NPPA	Arrhythmia	infores:hpo-annotations(primary_knowledge_source);infores:monarchinitiative(aggregator_knowledge_source);infores:automat-robokop(aggregator_knowledge_source)
Q56	e0	uuid:13ff4fdb-198e-11f0-be82-6045bdb3d4c0	NCBIGene:4878	biolink:has_phenotype	MONDO:0005068	NPPA	myocardial infarction	infores:hpo-annotations(primary_knowledge_source);infores:monarchinitiative(aggregator_knowledge_source);infores:automat-robokop(aggregator_knowledge_source)
Q56	e0	uuid:1feaf7fa-198e-11f0-be82-6045bdb3d4c0	NCBIGene:4878	biolink:has_phenotype	MONDO:0005477	NPPA	ventricular tachycardia	infores:hpo-annotations(primary_knowledge_source);infores:monarchinitiative(aggregator_knowledge_source);infores:automat-robokop(aggregator_knowledge_source)
Q56	e0	uuid:1661716c-198e-11f0-be82-6045bdb3d4c0	NCBIGene:4878	biolink:has_phenotype	MONDO:0004994	NPPA	cardiomyopathy	infores:hpo-annotations(primary_knowledge_source);infores:monarchinitiative(aggregator_knowledge_source);infores:automat-robokop(aggregator_knowledge_source)
Q56	e0	uuid:18c3ff3f-198e-11f0-be82-6045bdb3d4c0	NCBIGene:4878	biolink:has_phenotype	HP:0033122	NPPA	Absent P wave	infores:hpo-annotations(primary_knowledge_source);infores:monarchinitiative(aggregator_knowledge_source);infores:automat-robokop(aggregator_knowledge_source)
Q56	e0	uuid:17929760-198e-11f0-be82-6045bdb3d4c0	NCBIGene:4878	biolink:has_phenotype	HP:0005155	NPPA	Ventricular escape rhythm	infores:hpo-annotations(primary_knowledge_source);infores:monarchinitiative(aggregator_knowledge_source);infores:automat-robokop(aggregator_knowledge_source)
Q56	e0	uuid:18c3f73f-198e-11f0-be82-6045bdb3d4c0	NCBIGene:4878	biolink:has_phenotype	HP:0001907	NPPA	Thromboembolism	infores:hpo-annotations(primary_knowledge_source);infores:monarchinitiative(aggregator_knowledge_source);infores:automat-robokop(aggregator_knowledge_source)
Q56	e0	uuid:18c3f73e-198e-11f0-be82-6045bdb3d4c0	NCBIGene:4878	biolink:has_phenotype	HP:0011712	NPPA	Right bundle branch block	infores:hpo-annotations(primary_knowledge_source);infores:monarchinitiative(aggregator_knowledge_source);infores:automat-robokop(aggregator_knowledge_source)
Q56	e0	uuid:18c3f741-198e-11f0-be82-6045bdb3d4c0	NCBIGene:4878	biolink:has_phenotype	HP:0031595	NPPA	Abnormal P wave	infores:hpo-annotations(primary_knowledge_source);infores:monarchinitiative(aggregator_knowledge_source);infores:automat-robokop(aggregator_knowledge_source)
Q56	e0	uuid:1c5758a1-198e-11f0-be82-6045bdb3d4c0	NCBIGene:4878	biolink:has_phenotype	HP:0034307	NPPA	Elevated left ventricular end-diastolic diameter	infores:hpo-annotations(primary_knowledge_source);infores:monarchinitiative(aggregator_knowledge_source);infores:automat-robokop(aggregator_knowledge_source)
Q56	e0	uuid:1d886b71-198e-11f0-be82-6045bdb3d4c0	NCBIGene:4878	biolink:has_phenotype	HP:0012664	NPPA	Reduced left ventricular ejection fraction	infores:hpo-annotations(primary_knowledge_source);infores:monarchinitiative(aggregator_knowledge_source);infores:automat-robokop(aggregator_knowledge_source)
Q56	e0	uuid:1c5760b1-198e-11f0-be82-6045bdb3d4c0	NCBIGene:4878	biolink:has_phenotype	HP:0001279	NPPA	Syncope	infores:hpo-annotations(primary_knowledge_source);infores:monarchinitiative(aggregator_knowledge_source);infores:automat-robokop(aggregator_knowledge_source)
Q56	e0	e_46	NCBIGene:4878	biolink:genetically_associated_with	MONDO:0007171	NPPA	atrial standstill 1	infores:disgenet(primary_knowledge_source);infores:pharos(aggregator_knowledge_source);infores:automat-robokop(aggregator_knowledge_source)
Q56	e0	e_47	NCBIGene:4878	biolink:genetically_associated_with	MONDO:0014329	NPPA	atrial standstill 2	infores:monarchinitiative(primary_knowledge_source);infores:pharos(aggregator_knowledge_source);infores:automat-robokop(aggregator_knowledge_source)
Q56	e0	e_48	NCBIGene:4878	biolink:genetically_associated_with	MONDO:0005468	NPPA	hypotension	infores:disgenet(primary_knowledge_source);infores:pharos(aggregator_knowledge_source);infores:automat-robokop(aggregator_knowledge_source)
Q56	e0	e_49	NCBIGene:4878	biolink:genetically_associated_with	MONDO:0001105	NPPA	renal hypertension	infores:eram(primary_knowledge_source);infores:pharos(aggregator_knowledge_source);infores:automat-robokop(aggregator_knowledge_source)
Q56	e0	e_50	NCBIGene:4878	biolink:genetically_associated_with	MONDO:0012816	NPPA	atrial fibrillation, familial, 6	infores:monarchinitiative(primary_knowledge_source);infores:pharos(aggregator_knowledge_source);infores:automat-robokop(aggregator_knowledge_source)
Q56	e0	e_51	NCBIGene:4878	biolink:genetically_associated_with	MONDO:0005044	NPPA	hypertension	infores:disgenet(primary_knowledge_source);infores:pharos(aggregator_knowledge_source);infores:automat-robokop(aggregator_knowledge_source)
Q56	e0	e_52	NCBIGene:4878	biolink:genetically_associated_with	MONDO:0005648	NPPA	aortic valve insufficiency	infores:ctd(primary_knowledge_source);infores:pharos(aggregator_knowledge_source);infores:automat-robokop(aggregator_knowledge_source)
Q56	e0	e_53	NCBIGene:4878	biolink:genetically_associated_with	MONDO:0001105	NPPA	renal hypertension	infores:ctd(primary_knowledge_source);infores:pharos(aggregator_knowledge_source);infores:automat-robokop(aggregator_knowledge_source)
Q56	e0	e_54	NCBIGene:4878	biolink:genetically_associated_with	MONDO:0004981	NPPA	atrial fibrillation	infores:eram(primary_knowledge_source);infores:pharos(aggregator_knowledge_source);infores:automat-robokop(aggregator_knowledge_source)
Q56	e0	e_55	NCBIGene:4878	biolink:genetically_associated_with	MONDO:0012816	NPPA	atrial fibrillation, familial, 6	infores:ctd(primary_knowledge_source);infores:pharos(aggregator_knowledge_source);infores:automat-robokop(aggregator_knowledge_source)
Q56	e0	e_56	NCBIGene:4878	biolink:genetically_associated_with	MONDO:0012816	NPPA	atrial fibrillation, familial, 6	infores:disgenet(primary_knowledge_source);infores:pharos(aggregator_knowledge_source);infores:automat-robokop(aggregator_knowledge_source)
Q56	e0	e_57	NCBIGene:4878	biolink:genetically_associated_with	MONDO:0005648	NPPA	aortic valve insufficiency	infores:eram(primary_knowledge_source);infores:pharos(aggregator_knowledge_source);infores:automat-robokop(aggregator_knowledge_source)
Q56	e0	e_58	NCBIGene:4878	biolink:genetically_associated_with	MONDO:0007269	NPPA	dilated cardiomyopathy 1A	infores:disgenet(primary_knowledge_source);infores:pharos(aggregator_knowledge_source);infores:automat-robokop(aggregator_knowledge_source)
Q56	e0	e_59	NCBIGene:4878	biolink:genetically_associated_with	MONDO:0004994	NPPA	cardiomyopathy	infores:diseases(primary_knowledge_source);infores:pharos(aggregator_knowledge_source);infores:automat-robokop(aggregator_knowledge_source)
Q56	e0	e_60	NCBIGene:4878	biolink:genetically_associated_with	HP:0001708	NPPA	Right ventricular failure	infores:disgenet(primary_knowledge_source);infores:pharos(aggregator_knowledge_source);infores:automat-robokop(aggregator_knowledge_source)
Q56	e0	e_61	NCBIGene:4878	biolink:genetically_associated_with	MONDO:0001105	NPPA	renal hypertension	infores:disgenet(primary_knowledge_source);infores:pharos(aggregator_knowledge_source);infores:automat-robokop(aggregator_knowledge_source)
Q56	e0	e_62	NCBIGene:4878	biolink:genetically_associated_with	MONDO:0005021	NPPA	dilated cardiomyopathy	infores:disgenet(primary_knowledge_source);infores:pharos(aggregator_knowledge_source);infores:automat-robokop(aggregator_knowledge_source)
Q56	e0	e_63	NCBIGene:4878	biolink:genetically_associated_with	HP:0001640	NPPA	Cardiomegaly	infores:ctd(primary_knowledge_source);infores:pharos(aggregator_knowledge_source);infores:automat-robokop(aggregator_knowledge_source)
Q56	e0	e_64	NCBIGene:4878	biolink:genetically_associated_with	MONDO:0018054	NPPA	familial atrial fibrillation	infores:diseases(primary_knowledge_source);infores:pharos(aggregator_knowledge_source);infores:automat-robokop(aggregator_knowledge_source)
Q56	e0	e_65	NCBIGene:4878	biolink:genetically_associated_with	MONDO:0005468	NPPA	hypotension	infores:ctd(primary_knowledge_source);infores:pharos(aggregator_knowledge_source);infores:automat-robokop(aggregator_knowledge_source)
Q56	e0	e_66	NCBIGene:4878	biolink:genetically_associated_with	MONDO:0004994	NPPA	cardiomyopathy	infores:eram(primary_knowledge_source);infores:pharos(aggregator_knowledge_source);infores:automat-robokop(aggregator_knowledge_source)
Q56	e0	e_67	NCBIGene:4878	biolink:genetically_associated_with	MONDO:0005009	NPPA	congestive heart failure	infores:ctd(primary_knowledge_source);infores:pharos(aggregator_knowledge_source);infores:automat-robokop(aggregator_knowledge_source)
Q56	e0	e_68	NCBIGene:4878	biolink:genetically_associated_with	MONDO:0005021	NPPA	dilated cardiomyopathy	infores:ctd(primary_knowledge_source);infores:pharos(aggregator_knowledge_source);infores:automat-robokop(aggregator_knowledge_source)
Q56	e0	e_69	NCBIGene:4878	biolink:genetically_associated_with	MONDO:0006715	NPPA	coronary stenosis	infores:monarchinitiative(primary_knowledge_source);infores:pharos(aggregator_knowledge_source);infores:automat-robokop(aggregator_knowledge_source)
Q56	e0	e_70	NCBIGene:4878	biolink:genetically_associated_with	MONDO:0005021	NPPA	dilated cardiomyopathy	infores:monarchinitiative(primary_knowledge_source);infores:pharos(aggregator_knowledge_source);infores:automat-robokop(aggregator_knowledge_source)
Q56	e0	e_71	NCBIGene:4878	biolink:genetically_associated_with	MONDO:0005267	NPPA	heart disorder	infores:diseases(primary_knowledge_source);infores:pharos(aggregator_knowledge_source);infores:automat-robokop(aggregator_knowledge_source)
Q56	e0	e_72	NCBIGene:4878	biolink:genetically_associated_with	MONDO:0012816	NPPA	atrial fibrillation, familial, 6	infores:uniprot(primary_knowledge_source);infores:pharos(aggregator_knowledge_source);infores:automat-robokop(aggregator_knowledge_source)
Q56	e0	e_73	NCBIGene:4878	biolink:genetically_associated_with	HP:0001712	NPPA	Left ventricular hypertrophy	infores:ctd(primary_knowledge_source);infores:pharos(aggregator_knowledge_source);infores:automat-robokop(aggregator_knowledge_source)
Q56	e0	e_74	NCBIGene:4878	biolink:genetically_associated_with	MONDO:0005044	NPPA	hypertension	infores:ctd(primary_knowledge_source);infores:pharos(aggregator_knowledge_source);infores:automat-robokop(aggregator_knowledge_source)
Q56	e0	e_75	NCBIGene:4878	biolink:genetically_associated_with	MONDO:0006715	NPPA	coronary stenosis	infores:ctd(primary_knowledge_source);infores:pharos(aggregator_knowledge_source);infores:automat-robokop(aggregator_knowledge_source)
Q56	e0	e_76	NCBIGene:4878	biolink:genetically_associated_with	MONDO:0005021	NPPA	dilated cardiomyopathy	infores:eram(primary_knowledge_source);infores:pharos(aggregator_knowledge_source);infores:automat-robokop(aggregator_knowledge_source)
Q56	e0	e_77	NCBIGene:4878	biolink:genetically_associated_with	HP:0001712	NPPA	Left ventricular hypertrophy	infores:monarchinitiative(primary_knowledge_source);infores:pharos(aggregator_knowledge_source);infores:automat-robokop(aggregator_knowledge_source)
Q56	e0	e_78	NCBIGene:4878	biolink:genetically_associated_with	HP:0001640	NPPA	Cardiomegaly	infores:disgenet(primary_knowledge_source);infores:pharos(aggregator_knowledge_source);infores:automat-robokop(aggregator_knowledge_source)
Q56	e0	e_79	NCBIGene:4878	biolink:genetically_associated_with	MONDO:0005068	NPPA	myocardial infarction	infores:disgenet(primary_knowledge_source);infores:pharos(aggregator_knowledge_source);infores:automat-robokop(aggregator_knowledge_source)
Q56	e0	e_80	NCBIGene:4878	biolink:genetically_associated_with	MONDO:0015281	NPPA	atrial standstill	infores:disgenet(primary_knowledge_source);infores:pharos(aggregator_knowledge_source);infores:automat-robokop(aggregator_knowledge_source)
Q56	e0	e_81	NCBIGene:4878	biolink:genetically_associated_with	HP:0001712	NPPA	Left ventricular hypertrophy	infores:disgenet(primary_knowledge_source);infores:pharos(aggregator_knowledge_source);infores:automat-robokop(aggregator_knowledge_source)
Q56	e0	e_82	NCBIGene:4878	biolink:genetically_associated_with	MONDO:0011827	NPPA	patent ductus arteriosus	infores:disgenet(primary_knowledge_source);infores:pharos(aggregator_knowledge_source);infores:automat-robokop(aggregator_knowledge_source)
Q56	e0	e_83	NCBIGene:4878	biolink:genetically_associated_with	MONDO:0015281	NPPA	atrial standstill	infores:ctd(primary_knowledge_source);infores:pharos(aggregator_knowledge_source);infores:automat-robokop(aggregator_knowledge_source)
Q56	e0	e_84	NCBIGene:4878	biolink:genetically_associated_with	MONDO:0018054	NPPA	familial atrial fibrillation	infores:eram(primary_knowledge_source);infores:pharos(aggregator_knowledge_source);infores:automat-robokop(aggregator_knowledge_source)
Q56	e0	e_85	NCBIGene:4878	biolink:genetically_associated_with	MONDO:0005010	NPPA	coronary artery disorder	infores:ctd(primary_knowledge_source);infores:pharos(aggregator_knowledge_source);infores:automat-robokop(aggregator_knowledge_source)
Q56	e0	e_86	NCBIGene:4878	biolink:genetically_associated_with	MONDO:0014329	NPPA	atrial standstill 2	infores:disgenet(primary_knowledge_source);infores:pharos(aggregator_knowledge_source);infores:automat-robokop(aggregator_knowledge_source)
Q56	e0	e_87	NCBIGene:4878	biolink:genetically_associated_with	MONDO:0006715	NPPA	coronary stenosis	infores:disgenet(primary_knowledge_source);infores:pharos(aggregator_knowledge_source);infores:automat-robokop(aggregator_knowledge_source)
Q56	e0	e_88	NCBIGene:4878	biolink:genetically_associated_with	MONDO:0011827	NPPA	patent ductus arteriosus	infores:eram(primary_knowledge_source);infores:pharos(aggregator_knowledge_source);infores:automat-robokop(aggregator_knowledge_source)
Q56	e0	e_89	NCBIGene:4878	biolink:genetically_associated_with	HP:0005162	NPPA	Abnormal left ventricular function	infores:disgenet(primary_knowledge_source);infores:pharos(aggregator_knowledge_source);infores:automat-robokop(aggregator_knowledge_source)
Q56	e0	e_90	NCBIGene:4878	biolink:genetically_associated_with	MONDO:0014329	NPPA	atrial standstill 2	infores:uniprot(primary_knowledge_source);infores:pharos(aggregator_knowledge_source);infores:automat-robokop(aggregator_knowledge_source)
Q56	e0	e_91	NCBIGene:4878	biolink:genetically_associated_with	MONDO:0012066	NPPA	atrial fibrillation, familial, 1	infores:disgenet(primary_knowledge_source);infores:pharos(aggregator_knowledge_source);infores:automat-robokop(aggregator_knowledge_source)
Q56	e0	e_92	NCBIGene:4878	biolink:genetically_associated_with	MONDO:0005252	NPPA	heart failure	infores:disgenet(primary_knowledge_source);infores:pharos(aggregator_knowledge_source);infores:automat-robokop(aggregator_knowledge_source)
Q56	e0	e_93	NCBIGene:4878	biolink:genetically_associated_with	MONDO:0024644	NPPA	myocardial ischemia	infores:disgenet(primary_knowledge_source);infores:pharos(aggregator_knowledge_source);infores:automat-robokop(aggregator_knowledge_source)
Q56	e0	e_94	NCBIGene:4878	biolink:genetically_associated_with	MONDO:0011827	NPPA	patent ductus arteriosus	infores:ctd(primary_knowledge_source);infores:pharos(aggregator_knowledge_source);infores:automat-robokop(aggregator_knowledge_source)
Q56	e0	e_95	NCBIGene:4878	biolink:genetically_associated_with	MONDO:0005648	NPPA	aortic valve insufficiency	infores:disgenet(primary_knowledge_source);infores:pharos(aggregator_knowledge_source);infores:automat-robokop(aggregator_knowledge_source)
Q56	e0	e_96	NCBIGene:4878	biolink:genetically_associated_with	MONDO:0005068	NPPA	myocardial infarction	infores:ctd(primary_knowledge_source);infores:pharos(aggregator_knowledge_source);infores:automat-robokop(aggregator_knowledge_source)
Q56	e0	e_97	NCBIGene:4878	biolink:gene_associated_with_condition	MONDO:0012816	NPPA	atrial fibrillation, familial, 6	infores:ubergraph(primary_knowledge_source);infores:automat-robokop(aggregator_knowledge_source)
Q56	e0	e_98	NCBIGene:4878	biolink:gene_associated_with_condition	MONDO:0014329	NPPA	atrial standstill 2	infores:ubergraph(primary_knowledge_source);infores:automat-robokop(aggregator_knowledge_source)
Q56	e0	e_99	MONDO:0005044	biolink:subclass_of	MONDO:0004995	hypertension	cardiovascular disorder	infores:ubergraph(primary_knowledge_source);infores:automat-robokop(aggregator_knowledge_source)
Q56	e0	e_100	MONDO:0005010	biolink:subclass_of	MONDO:0004995	coronary artery disorder	cardiovascular disorder	infores:ubergraph(primary_knowledge_source);infores:automat-robokop(aggregator_knowledge_source)
Q56	e0	e_101	MONDO:0005021	biolink:subclass_of	MONDO:0004995	dilated cardiomyopathy	cardiovascular disorder	infores:ubergraph(primary_knowledge_source);infores:automat-robokop(aggregator_knowledge_source)
Q56	e0	e_102	MONDO:0012816	biolink:subclass_of	MONDO:0004995	atrial fibrillation, familial, 6	cardiovascular disorder	infores:ubergraph(primary_knowledge_source);infores:automat-robokop(aggregator_knowledge_source)
Q56	e0	e_103	MONDO:0014329	biolink:subclass_of	MONDO:0004995	atrial standstill 2	cardiovascular disorder	infores:ubergraph(primary_knowledge_source);infores:automat-robokop(aggregator_knowledge_source)
Q56	e0	e_104	MONDO:0020744	biolink:subclass_of	MONDO:0004995	Mobitz type I atrioventricular block	cardiovascular disorder	infores:ubergraph(primary_knowledge_source);infores:automat-robokop(aggregator_knowledge_source)
Q56	e0	e_105	MONDO:0018901	biolink:subclass_of	MONDO:0004995	left ventricular noncompaction	cardiovascular disorder	infores:ubergraph(primary_knowledge_source);infores:automat-robokop(aggregator_knowledge_source)
Q56	e0	e_106	MONDO:0004981	biolink:subclass_of	MONDO:0004995	atrial fibrillation	cardiovascular disorder	infores:ubergraph(primary_knowledge_source);infores:automat-robokop(aggregator_knowledge_source)
Q56	e0	e_107	MONDO:0005385	biolink:subclass_of	MONDO:0004995	aneurysm	cardiovascular disorder	infores:ubergraph(primary_knowledge_source);infores:automat-robokop(aggregator_knowledge_source)
Q56	e0	e_108	HP:0200127	biolink:subclass_of	MONDO:0004995	Atrial cardiomyopathy	cardiovascular disorder	infores:ubergraph(primary_knowledge_source);infores:automat-robokop(aggregator_knowledge_source)
Q56	e0	e_109	HP:0001907	biolink:subclass_of	MONDO:0004995	Thromboembolism	cardiovascular disorder	infores:ubergraph(primary_knowledge_source);infores:automat-robokop(aggregator_knowledge_source)
Q56	e0	e_110	HP:0031546	biolink:subclass_of	MONDO:0004995	Cardiac conduction abnormality	cardiovascular disorder	infores:ubergraph(primary_knowledge_source);infores:automat-robokop(aggregator_knowledge_source)
Q56	e0	e_111	MONDO:0005453	biolink:subclass_of	MONDO:0004995	congenital heart disease	cardiovascular disorder	infores:ubergraph(primary_knowledge_source);infores:automat-robokop(aggregator_knowledge_source)
Q56	e0	e_112	MONDO:0005252	biolink:subclass_of	MONDO:0004995	heart failure	cardiovascular disorder	infores:ubergraph(primary_knowledge_source);infores:automat-robokop(aggregator_knowledge_source)
Q56	e0	e_113	HP:0012664	biolink:subclass_of	MONDO:0004995	Reduced left ventricular ejection fraction	cardiovascular disorder	infores:ubergraph(primary_knowledge_source);infores:automat-robokop(aggregator_knowledge_source)
Q56	e0	e_114	HP:0001962	biolink:subclass_of	MONDO:0004995	Palpitations	cardiovascular disorder	infores:ubergraph(primary_knowledge_source);infores:automat-robokop(aggregator_knowledge_source)
Q56	e0	e_115	MONDO:0004994	biolink:subclass_of	MONDO:0004995	cardiomyopathy	cardiovascular disorder	infores:ubergraph(primary_knowledge_source);infores:automat-robokop(aggregator_knowledge_source)
Q56	e0	e_116	HP:0001712	biolink:subclass_of	MONDO:0004995	Left ventricular hypertrophy	cardiovascular disorder	infores:ubergraph(primary_knowledge_source);infores:automat-robokop(aggregator_knowledge_source)
Q56	e0	e_117	HP:0002140	biolink:subclass_of	MONDO:0004995	Ischemic stroke	cardiovascular disorder	infores:ubergraph(primary_knowledge_source);infores:automat-robokop(aggregator_knowledge_source)
Q56	e0	e_118	HP:0001279	biolink:subclass_of	MONDO:0004995	Syncope	cardiovascular disorder	infores:ubergraph(primary_knowledge_source);infores:automat-robokop(aggregator_knowledge_source)
Q56	e0	e_119	HP:0001662	biolink:subclass_of	MONDO:0004995	Bradycardia	cardiovascular disorder	infores:ubergraph(primary_knowledge_source);infores:automat-robokop(aggregator_knowledge_source)
Q56	e0	e_120	MONDO:0001823	biolink:subclass_of	MONDO:0004995	sick sinus syndrome	cardiovascular disorder	infores:ubergraph(primary_knowledge_source);infores:automat-robokop(aggregator_knowledge_source)
Q56	e0	e_121	MONDO:0015281	biolink:subclass_of	MONDO:0004995	atrial standstill	cardiovascular disorder	infores:ubergraph(primary_knowledge_source);infores:automat-robokop(aggregator_knowledge_source)
Q56	e0	e_122	HP:0006698	biolink:subclass_of	MONDO:0004995	Dilatation of the ventricular cavity	cardiovascular disorder	infores:ubergraph(primary_knowledge_source);infores:automat-robokop(aggregator_knowledge_source)
Q56	e0	e_123	MONDO:0005098	biolink:subclass_of	MONDO:0004995	stroke disorder	cardiovascular disorder	infores:ubergraph(primary_knowledge_source);infores:automat-robokop(aggregator_knowledge_source)
Q56	e0	e_124	HP:0001692	biolink:subclass_of	MONDO:0004995	Atrial arrhythmia	cardiovascular disorder	infores:ubergraph(primary_knowledge_source);infores:automat-robokop(aggregator_knowledge_source)
Q56	e0	e_125	HP:0410174	biolink:subclass_of	MONDO:0004995	Increased circulating troponin T concentration	cardiovascular disorder	infores:ubergraph(primary_knowledge_source);infores:automat-robokop(aggregator_knowledge_source)
Q56	e0	e_126	HP:0031295	biolink:subclass_of	MONDO:0004995	Left atrial enlargement	cardiovascular disorder	infores:ubergraph(primary_knowledge_source);infores:automat-robokop(aggregator_knowledge_source)
Q56	e0	e_127	MONDO:0007263	biolink:subclass_of	MONDO:0004995	Arrhythmia	cardiovascular disorder	infores:ubergraph(primary_knowledge_source);infores:automat-robokop(aggregator_knowledge_source)
Q56	e0	e_128	MONDO:0005068	biolink:subclass_of	MONDO:0004995	myocardial infarction	cardiovascular disorder	infores:ubergraph(primary_knowledge_source);infores:automat-robokop(aggregator_knowledge_source)
Q56	e0	e_129	MONDO:0005477	biolink:subclass_of	MONDO:0004995	ventricular tachycardia	cardiovascular disorder	infores:ubergraph(primary_knowledge_source);infores:automat-robokop(aggregator_knowledge_source)
Q56	e0	e_130	HP:0033122	biolink:subclass_of	MONDO:0004995	Absent P wave	cardiovascular disorder	infores:ubergraph(primary_knowledge_source);infores:automat-robokop(aggregator_knowledge_source)
Q56	e0	e_131	HP:0005155	biolink:subclass_of	MONDO:0004995	Ventricular escape rhythm	cardiovascular disorder	infores:ubergraph(primary_knowledge_source);infores:automat-robokop(aggregator_knowledge_source)
Q56	e0	e_132	HP:0011712	biolink:subclass_of	MONDO:0004995	Right bundle branch block	cardiovascular disorder	infores:ubergraph(primary_knowledge_source);infores:automat-robokop(aggregator_knowledge_source)
Q56	e0	e_133	HP:0031595	biolink:subclass_of	MONDO:0004995	Abnormal P wave	cardiovascular disorder	infores:ubergraph(primary_knowledge_source);infores:automat-robokop(aggregator_knowledge_source)
Q56	e0	e_134	HP:0034307	biolink:subclass_of	MONDO:0004995	Elevated left ventricular end-diastolic diameter	cardiovascular disorder	infores:ubergraph(primary_knowledge_source);infores:automat-robokop(aggregator_knowledge_source)
Q56	e0	e_135	MONDO:0007171	biolink:subclass_of	MONDO:0004995	atrial standstill 1	cardiovascular disorder	infores:ubergraph(primary_knowledge_source);infores:automat-robokop(aggregator_knowledge_source)
Q56	e0	e_136	MONDO:0005468	biolink:subclass_of	MONDO:0004995	hypotension	cardiovascular disorder	infores:ubergraph(primary_knowledge_source);infores:automat-robokop(aggregator_knowledge_source)
Q56	e0	e_137	MONDO:0001105	biolink:subclass_of	MONDO:0004995	renal hypertension	cardiovascular disorder	infores:ubergraph(primary_knowledge_source);infores:automat-robokop(aggregator_knowledge_source)
Q56	e0	e_138	MONDO:0005648	biolink:subclass_of	MONDO:0004995	aortic valve insufficiency	cardiovascular disorder	infores:ubergraph(primary_knowledge_source);infores:automat-robokop(aggregator_knowledge_source)
Q56	e0	e_139	MONDO:0007269	biolink:subclass_of	MONDO:0004995	dilated cardiomyopathy 1A	cardiovascular disorder	infores:ubergraph(primary_knowledge_source);infores:automat-robokop(aggregator_knowledge_source)
Q56	e0	e_140	HP:0001708	biolink:subclass_of	MONDO:0004995	Right ventricular failure	cardiovascular disorder	infores:ubergraph(primary_knowledge_source);infores:automat-robokop(aggregator_knowledge_source)
Q56	e0	e_141	HP:0001640	biolink:subclass_of	MONDO:0004995	Cardiomegaly	cardiovascular disorder	infores:ubergraph(primary_knowledge_source);infores:automat-robokop(aggregator_knowledge_source)
Q56	e0	e_142	MONDO:0018054	biolink:subclass_of	MONDO:0004995	familial atrial fibrillation	cardiovascular disorder	infores:ubergraph(primary_knowledge_source);infores:automat-robokop(aggregator_knowledge_source)
Q56	e0	e_143	MONDO:0005009	biolink:subclass_of	MONDO:0004995	congestive heart failure	cardiovascular disorder	infores:ubergraph(primary_knowledge_source);infores:automat-robokop(aggregator_knowledge_source)
Q56	e0	e_144	MONDO:0006715	biolink:subclass_of	MONDO:0004995	coronary stenosis	cardiovascular disorder	infores:ubergraph(primary_knowledge_source);infores:automat-robokop(aggregator_knowledge_source)
Q56	e0	e_145	MONDO:0005267	biolink:subclass_of	MONDO:0004995	heart disorder	cardiovascular disorder	infores:ubergraph(primary_knowledge_source);infores:automat-robokop(aggregator_knowledge_source)
Q56	e0	e_146	MONDO:0011827	biolink:subclass_of	MONDO:0004995	patent ductus arteriosus	cardiovascular disorder	infores:ubergraph(primary_knowledge_source);infores:automat-robokop(aggregator_knowledge_source)
Q56	e0	e_147	HP:0005162	biolink:subclass_of	MONDO:0004995	Abnormal left ventricular function	cardiovascular disorder	infores:ubergraph(primary_knowledge_source);infores:automat-robokop(aggregator_knowledge_source)
Q56	e0	e_148	MONDO:0012066	biolink:subclass_of	MONDO:0004995	atrial fibrillation, familial, 1	cardiovascular disorder	infores:ubergraph(primary_knowledge_source);infores:automat-robokop(aggregator_knowledge_source)
Q56	e0	e_149	MONDO:0024644	biolink:subclass_of	MONDO:0004995	myocardial ischemia	cardiovascular disorder	infores:ubergraph(primary_knowledge_source);infores:automat-robokop(aggregator_knowledge_source)
Q56	e0	e_1_e_99	MONDO:0004995	biolink:related_to	NCBIGene:4878	cardiovascular disorder	NPPA	infores:automat-robokop(primary_knowledge_source)
Q56	e0	e_2_e_100	MONDO:0004995	biolink:related_to	NCBIGene:4878	cardiovascular disorder	NPPA	infores:automat-robokop(primary_knowledge_source)
Q56	e0	e_3_e_101	MONDO:0004995	biolink:related_to	NCBIGene:4878	cardiovascular disorder	NPPA	infores:automat-robokop(primary_knowledge_source)
Q56	e0	uuid:0ec440c8-198e-11f0-be82-6045bdb3d4c0_e_102	MONDO:0004995	biolink:causes	MONDO:0012816	cardiovascular disorder	atrial fibrillation, familial, 6	infores:automat-robokop(primary_knowledge_source)
Q56	e0	uuid:0ec438dc-198e-11f0-be82-6045bdb3d4c0_e_103	MONDO:0004995	biolink:causes	MONDO:0014329	cardiovascular disorder	atrial standstill 2	infores:automat-robokop(primary_knowledge_source)
Q56	e0	uuid:19f4db02-198e-11f0-be82-6045bdb3d4c0_e_104	MONDO:0004995	biolink:has_phenotype	MONDO:0020744	cardiovascular disorder	Mobitz type I atrioventricular block	infores:automat-robokop(primary_knowledge_source)
Q56	e0	uuid:153058b3-198e-11f0-be82-6045bdb3d4c0_e_105	MONDO:0004995	biolink:has_phenotype	MONDO:0018901	cardiovascular disorder	left ventricular noncompaction	infores:automat-robokop(primary_knowledge_source)
Q56	e0	uuid:15306071-198e-11f0-be82-6045bdb3d4c0_e_106	MONDO:0004995	biolink:has_phenotype	MONDO:0004981	cardiovascular disorder	atrial fibrillation	infores:automat-robokop(primary_knowledge_source)
Q56	e0	uuid:13ff4829-198e-11f0-be82-6045bdb3d4c0_e_107	MONDO:0004995	biolink:has_phenotype	MONDO:0005385	cardiovascular disorder	aneurysm	infores:automat-robokop(primary_knowledge_source)
Q56	e0	uuid:19f510a4-198e-11f0-be82-6045bdb3d4c0_e_106	MONDO:0004995	biolink:has_phenotype	MONDO:0004981	cardiovascular disorder	atrial fibrillation	infores:automat-robokop(primary_knowledge_source)
Q56	e0	uuid:1eb9e82a-198e-11f0-be82-6045bdb3d4c0_e_108	MONDO:0004995	biolink:has_phenotype	HP:0200127	cardiovascular disorder	Atrial cardiomyopathy	infores:automat-robokop(primary_knowledge_source)
Q56	e0	uuid:18c3c1e3-198e-11f0-be82-6045bdb3d4c0_e_109	MONDO:0004995	biolink:has_phenotype	HP:0001907	cardiovascular disorder	Thromboembolism	infores:automat-robokop(primary_knowledge_source)
Q56	e0	uuid:18c3c1e4-198e-11f0-be82-6045bdb3d4c0_e_110	MONDO:0004995	biolink:has_phenotype	HP:0031546	cardiovascular disorder	Cardiac conduction abnormality	infores:automat-robokop(primary_knowledge_source)
Q56	e0	uuid:15306072-198e-11f0-be82-6045bdb3d4c0_e_111	MONDO:0004995	biolink:has_phenotype	MONDO:0005453	cardiovascular disorder	congenital heart disease	infores:automat-robokop(primary_knowledge_source)
Q56	e0	uuid:19f4db03-198e-11f0-be82-6045bdb3d4c0_e_112	MONDO:0004995	biolink:has_phenotype	MONDO:0005252	cardiovascular disorder	heart failure	infores:automat-robokop(primary_knowledge_source)
Q56	e0	uuid:1feae803-198e-11f0-be82-6045bdb3d4c0_e_113	MONDO:0004995	biolink:has_phenotype	HP:0012664	cardiovascular disorder	Reduced left ventricular ejection fraction	infores:automat-robokop(primary_knowledge_source)
Q56	e0	uuid:17928f01-198e-11f0-be82-6045bdb3d4c0_e_114	MONDO:0004995	biolink:has_phenotype	HP:0001962	cardiovascular disorder	Palpitations	infores:automat-robokop(primary_knowledge_source)
Q56	e0	uuid:1d88b0bf-198e-11f0-be82-6045bdb3d4c0_e_114	MONDO:0004995	biolink:has_phenotype	HP:0001962	cardiovascular disorder	Palpitations	infores:automat-robokop(primary_knowledge_source)
Q56	e0	uuid:13ff3fc5-198e-11f0-be82-6045bdb3d4c0_e_115	MONDO:0004995	biolink:has_phenotype	MONDO:0004994	cardiovascular disorder	cardiomyopathy	infores:automat-robokop(primary_knowledge_source)
Q56	e0	uuid:18c3f740-198e-11f0-be82-6045bdb3d4c0_e_116	MONDO:0004995	biolink:has_phenotype	HP:0001712	cardiovascular disorder	Left ventricular hypertrophy	infores:automat-robokop(primary_knowledge_source)
Q56	e0	uuid:17928f00-198e-11f0-be82-6045bdb3d4c0_e_117	MONDO:0004995	biolink:has_phenotype	HP:0002140	cardiovascular disorder	Ischemic stroke	infores:automat-robokop(primary_knowledge_source)
Q56	e0	uuid:16617935-198e-11f0-be82-6045bdb3d4c0_e_118	MONDO:0004995	biolink:has_phenotype	HP:0001279	cardiovascular disorder	Syncope	infores:automat-robokop(primary_knowledge_source)
Q56	e0	uuid:1d88b0c0-198e-11f0-be82-6045bdb3d4c0_e_119	MONDO:0004995	biolink:has_phenotype	HP:0001662	cardiovascular disorder	Bradycardia	infores:automat-robokop(primary_knowledge_source)
Q56	e0	uuid:1eb9cc6f-198e-11f0-be82-6045bdb3d4c0_e_119	MONDO:0004995	biolink:has_phenotype	HP:0001662	cardiovascular disorder	Bradycardia	infores:automat-robokop(primary_knowledge_source)
Q56	e0	uuid:1eb9dd0c-198e-11f0-be82-6045bdb3d4c0_e_120	MONDO:0004995	biolink:has_phenotype	MONDO:0001823	cardiovascular disorder	sick sinus syndrome	infores:automat-robokop(primary_knowledge_source)
Q56	e0	uuid:1eb9cc83-198e-11f0-be82-6045bdb3d4c0_e_121	MONDO:0004995	biolink:has_phenotype	MONDO:0015281	cardiovascular disorder	atrial standstill	infores:automat-robokop(primary_knowledge_source)
Q56	e0	uuid:1b2637a7-198e-11f0-be82-6045bdb3d4c0_e_122	MONDO:0004995	biolink:has_phenotype	HP:0006698	cardiovascular disorder	Dilatation of the ventricular cavity	infores:automat-robokop(primary_knowledge_source)
Q56	e0	uuid:1b26473d-198e-11f0-be82-6045bdb3d4c0_e_121	MONDO:0004995	biolink:has_phenotype	MONDO:0015281	cardiovascular disorder	atrial standstill	infores:automat-robokop(primary_knowledge_source)
Q56	e0	uuid:15306833-198e-11f0-be82-6045bdb3d4c0_e_123	MONDO:0004995	biolink:has_phenotype	MONDO:0005098	cardiovascular disorder	stroke disorder	infores:automat-robokop(primary_knowledge_source)
Q56	e0	uuid:1c575095-198e-11f0-be82-6045bdb3d4c0_e_124	MONDO:0004995	biolink:has_phenotype	HP:0001692	cardiovascular disorder	Atrial arrhythmia	infores:automat-robokop(primary_knowledge_source)
Q56	e0	uuid:1d8862f2-198e-11f0-be82-6045bdb3d4c0_e_114	MONDO:0004995	biolink:has_phenotype	HP:0001962	cardiovascular disorder	Palpitations	infores:automat-robokop(primary_knowledge_source)
Q56	e0	uuid:1c575086-198e-11f0-be82-6045bdb3d4c0_e_125	MONDO:0004995	biolink:has_phenotype	HP:0410174	cardiovascular disorder	Increased circulating troponin T concentration	infores:automat-robokop(primary_knowledge_source)
Q56	e0	uuid:13ff4fd9-198e-11f0-be82-6045bdb3d4c0_e_126	MONDO:0004995	biolink:has_phenotype	HP:0031295	cardiovascular disorder	Left atrial enlargement	infores:automat-robokop(primary_knowledge_source)
Q56	e0	uuid:19f5281d-198e-11f0-be82-6045bdb3d4c0_e_127	MONDO:0004995	biolink:has_phenotype	MONDO:0007263	cardiovascular disorder	Arrhythmia	infores:automat-robokop(primary_knowledge_source)
Q56	e0	uuid:13ff4fdb-198e-11f0-be82-6045bdb3d4c0_e_128	MONDO:0004995	biolink:has_phenotype	MONDO:0005068	cardiovascular disorder	myocardial infarction	infores:automat-robokop(primary_knowledge_source)
Q56	e0	uuid:1feaf7fa-198e-11f0-be82-6045bdb3d4c0_e_129	MONDO:0004995	biolink:has_phenotype	MONDO:0005477	cardiovascular disorder	ventricular tachycardia	infores:automat-robokop(primary_knowledge_source)
Q56	e0	uuid:1661716c-198e-11f0-be82-6045bdb3d4c0_e_115	MONDO:0004995	biolink:has_phenotype	MONDO:0004994	cardiovascular disorder	cardiomyopathy	infores:automat-robokop(primary_knowledge_source)
Q56	e0	uuid:18c3ff3f-198e-11f0-be82-6045bdb3d4c0_e_130	MONDO:0004995	biolink:has_phenotype	HP:0033122	cardiovascular disorder	Absent P wave	infores:automat-robokop(primary_knowledge_source)
Q56	e0	uuid:17929760-198e-11f0-be82-6045bdb3d4c0_e_131	MONDO:0004995	biolink:has_phenotype	HP:0005155	cardiovascular disorder	Ventricular escape rhythm	infores:automat-robokop(primary_knowledge_source)
Q56	e0	uuid:18c3f73f-198e-11f0-be82-6045bdb3d4c0_e_109	MONDO:0004995	biolink:has_phenotype	HP:0001907	cardiovascular disorder	Thromboembolism	infores:automat-robokop(primary_knowledge_source)
Q56	e0	uuid:18c3f73e-198e-11f0-be82-6045bdb3d4c0_e_132	MONDO:0004995	biolink:has_phenotype	HP:0011712	cardiovascular disorder	Right bundle branch block	infores:automat-robokop(primary_knowledge_source)
Q56	e0	uuid:18c3f741-198e-11f0-be82-6045bdb3d4c0_e_133	MONDO:0004995	biolink:has_phenotype	HP:0031595	cardiovascular disorder	Abnormal P wave	infores:automat-robokop(primary_knowledge_source)
Q56	e0	uuid:1c5758a1-198e-11f0-be82-6045bdb3d4c0_e_134	MONDO:0004995	biolink:has_phenotype	HP:0034307	cardiovascular disorder	Elevated left ventricular end-diastolic diameter	infores:automat-robokop(primary_knowledge_source)
Q56	e0	uuid:1d886b71-198e-11f0-be82-6045bdb3d4c0_e_113	MONDO:0004995	biolink:has_phenotype	HP:0012664	cardiovascular disorder	Reduced left ventricular ejection fraction	infores:automat-robokop(primary_knowledge_source)
Q56	e0	uuid:1c5760b1-198e-11f0-be82-6045bdb3d4c0_e_118	MONDO:0004995	biolink:has_phenotype	HP:0001279	cardiovascular disorder	Syncope	infores:automat-robokop(primary_knowledge_source)
Q56	e0	e_46_e_135	MONDO:0004995	biolink:genetically_associated_with	MONDO:0007171	cardiovascular disorder	atrial standstill 1	infores:automat-robokop(primary_knowledge_source)
Q56	e0	e_47_e_103	MONDO:0004995	biolink:genetically_associated_with	MONDO:0014329	cardiovascular disorder	atrial standstill 2	infores:automat-robokop(primary_knowledge_source)
Q56	e0	e_48_e_136	MONDO:0004995	biolink:genetically_associated_with	MONDO:0005468	cardiovascular disorder	hypotension	infores:automat-robokop(primary_knowledge_source)
Q56	e0	e_49_e_137	MONDO:0004995	biolink:genetically_associated_with	MONDO:0001105	cardiovascular disorder	renal hypertension	infores:automat-robokop(primary_knowledge_source)
Q56	e0	e_50_e_102	MONDO:0004995	biolink:genetically_associated_with	MONDO:0012816	cardiovascular disorder	atrial fibrillation, familial, 6	infores:automat-robokop(primary_knowledge_source)
Q56	e0	e_51_e_99	MONDO:0004995	biolink:genetically_associated_with	MONDO:0005044	cardiovascular disorder	hypertension	infores:automat-robokop(primary_knowledge_source)
Q56	e0	e_52_e_138	MONDO:0004995	biolink:genetically_associated_with	MONDO:0005648	cardiovascular disorder	aortic valve insufficiency	infores:automat-robokop(primary_knowledge_source)
Q56	e0	e_53_e_137	MONDO:0004995	biolink:genetically_associated_with	MONDO:0001105	cardiovascular disorder	renal hypertension	infores:automat-robokop(primary_knowledge_source)
Q56	e0	e_54_e_106	MONDO:0004995	biolink:genetically_associated_with	MONDO:0004981	cardiovascular disorder	atrial fibrillation	infores:automat-robokop(primary_knowledge_source)
Q56	e0	e_55_e_102	MONDO:0004995	biolink:genetically_associated_with	MONDO:0012816	cardiovascular disorder	atrial fibrillation, familial, 6	infores:automat-robokop(primary_knowledge_source)
Q56	e0	e_56_e_102	MONDO:0004995	biolink:genetically_associated_with	MONDO:0012816	cardiovascular disorder	atrial fibrillation, familial, 6	infores:automat-robokop(primary_knowledge_source)
Q56	e0	e_57_e_138	MONDO:0004995	biolink:genetically_associated_with	MONDO:0005648	cardiovascular disorder	aortic valve insufficiency	infores:automat-robokop(primary_knowledge_source)
Q56	e0	e_58_e_139	MONDO:0004995	biolink:genetically_associated_with	MONDO:0007269	cardiovascular disorder	dilated cardiomyopathy 1A	infores:automat-robokop(primary_knowledge_source)
Q56	e0	e_59_e_115	MONDO:0004995	biolink:genetically_associated_with	MONDO:0004994	cardiovascular disorder	cardiomyopathy	infores:automat-robokop(primary_knowledge_source)
Q56	e0	e_60_e_140	MONDO:0004995	biolink:genetically_associated_with	HP:0001708	cardiovascular disorder	Right ventricular failure	infores:automat-robokop(primary_knowledge_source)
Q56	e0	e_61_e_137	MONDO:0004995	biolink:genetically_associated_with	MONDO:0001105	cardiovascular disorder	renal hypertension	infores:automat-robokop(primary_knowledge_source)
Q56	e0	e_62_e_101	MONDO:0004995	biolink:genetically_associated_with	MONDO:0005021	cardiovascular disorder	dilated cardiomyopathy	infores:automat-robokop(primary_knowledge_source)
Q56	e0	e_63_e_141	MONDO:0004995	biolink:genetically_associated_with	HP:0001640	cardiovascular disorder	Cardiomegaly	infores:automat-robokop(primary_knowledge_source)
Q56	e0	e_64_e_142	MONDO:0004995	biolink:genetically_associated_with	MONDO:0018054	cardiovascular disorder	familial atrial fibrillation	infores:automat-robokop(primary_knowledge_source)
Q56	e0	e_65_e_136	MONDO:0004995	biolink:genetically_associated_with	MONDO:0005468	cardiovascular disorder	hypotension	infores:automat-robokop(primary_knowledge_source)
Q56	e0	e_66_e_115	MONDO:0004995	biolink:genetically_associated_with	MONDO:0004994	cardiovascular disorder	cardiomyopathy	infores:automat-robokop(primary_knowledge_source)
Q56	e0	e_67_e_143	MONDO:0004995	biolink:genetically_associated_with	MONDO:0005009	cardiovascular disorder	congestive heart failure	infores:automat-robokop(primary_knowledge_source)
Q56	e0	e_68_e_101	MONDO:0004995	biolink:genetically_associated_with	MONDO:0005021	cardiovascular disorder	dilated cardiomyopathy	infores:automat-robokop(primary_knowledge_source)
Q56	e0	e_69_e_144	MONDO:0004995	biolink:genetically_associated_with	MONDO:0006715	cardiovascular disorder	coronary stenosis	infores:automat-robokop(primary_knowledge_source)
Q56	e0	e_70_e_101	MONDO:0004995	biolink:genetically_associated_with	MONDO:0005021	cardiovascular disorder	dilated cardiomyopathy	infores:automat-robokop(primary_knowledge_source)
Q56	e0	e_71_e_145	MONDO:0004995	biolink:genetically_associated_with	MONDO:0005267	cardiovascular disorder	heart disorder	infores:automat-robokop(primary_knowledge_source)
Q56	e0	e_72_e_102	MONDO:0004995	biolink:genetically_associated_with	MONDO:0012816	cardiovascular disorder	atrial fibrillation, familial, 6	infores:automat-robokop(primary_knowledge_source)
Q56	e0	e_73_e_116	MONDO:0004995	biolink:genetically_associated_with	HP:0001712	cardiovascular disorder	Left ventricular hypertrophy	infores:automat-robokop(primary_knowledge_source)
Q56	e0	e_74_e_99	MONDO:0004995	biolink:genetically_associated_with	MONDO:0005044	cardiovascular disorder	hypertension	infores:automat-robokop(primary_knowledge_source)
Q56	e0	e_75_e_144	MONDO:0004995	biolink:genetically_associated_with	MONDO:0006715	cardiovascular disorder	coronary stenosis	infores:automat-robokop(primary_knowledge_source)
Q56	e0	e_76_e_101	MONDO:0004995	biolink:genetically_associated_with	MONDO:0005021	cardiovascular disorder	dilated cardiomyopathy	infores:automat-robokop(primary_knowledge_source)
Q56	e0	e_77_e_116	MONDO:0004995	biolink:genetically_associated_with	HP:0001712	cardiovascular disorder	Left ventricular hypertrophy	infores:automat-robokop(primary_knowledge_source)
Q56	e0	e_78_e_141	MONDO:0004995	biolink:genetically_associated_with	HP:0001640	cardiovascular disorder	Cardiomegaly	infores:automat-robokop(primary_knowledge_source)
Q56	e0	e_79_e_128	MONDO:0004995	biolink:genetically_associated_with	MONDO:0005068	cardiovascular disorder	myocardial infarction	infores:automat-robokop(primary_knowledge_source)
Q56	e0	e_80_e_121	MONDO:0004995	biolink:genetically_associated_with	MONDO:0015281	cardiovascular disorder	atrial standstill	infores:automat-robokop(primary_knowledge_source)
Q56	e0	e_81_e_116	MONDO:0004995	biolink:genetically_associated_with	HP:0001712	cardiovascular disorder	Left ventricular hypertrophy	infores:automat-robokop(primary_knowledge_source)
Q56	e0	e_82_e_146	MONDO:0004995	biolink:genetically_associated_with	MONDO:0011827	cardiovascular disorder	patent ductus arteriosus	infores:automat-robokop(primary_knowledge_source)
Q56	e0	e_83_e_121	MONDO:0004995	biolink:genetically_associated_with	MONDO:0015281	cardiovascular disorder	atrial standstill	infores:automat-robokop(primary_knowledge_source)
Q56	e0	e_84_e_142	MONDO:0004995	biolink:genetically_associated_with	MONDO:0018054	cardiovascular disorder	familial atrial fibrillation	infores:automat-robokop(primary_knowledge_source)
Q56	e0	e_85_e_100	MONDO:0004995	biolink:genetically_associated_with	MONDO:0005010	cardiovascular disorder	coronary artery disorder	infores:automat-robokop(primary_knowledge_source)
Q56	e0	e_86_e_103	MONDO:0004995	biolink:genetically_associated_with	MONDO:0014329	cardiovascular disorder	atrial standstill 2	infores:automat-robokop(primary_knowledge_source)
Q56	e0	e_87_e_144	MONDO:0004995	biolink:genetically_associated_with	MONDO:0006715	cardiovascular disorder	coronary stenosis	infores:automat-robokop(primary_knowledge_source)
Q56	e0	e_88_e_146	MONDO:0004995	biolink:genetically_associated_with	MONDO:0011827	cardiovascular disorder	patent ductus arteriosus	infores:automat-robokop(primary_knowledge_source)
Q56	e0	e_89_e_147	MONDO:0004995	biolink:genetically_associated_with	HP:0005162	cardiovascular disorder	Abnormal left ventricular function	infores:automat-robokop(primary_knowledge_source)
Q56	e0	e_90_e_103	MONDO:0004995	biolink:genetically_associated_with	MONDO:0014329	cardiovascular disorder	atrial standstill 2	infores:automat-robokop(primary_knowledge_source)
Q56	e0	e_91_e_148	MONDO:0004995	biolink:genetically_associated_with	MONDO:0012066	cardiovascular disorder	atrial fibrillation, familial, 1	infores:automat-robokop(primary_knowledge_source)
Q56	e0	e_92_e_112	MONDO:0004995	biolink:genetically_associated_with	MONDO:0005252	cardiovascular disorder	heart failure	infores:automat-robokop(primary_knowledge_source)
Q56	e0	e_93_e_149	MONDO:0004995	biolink:genetically_associated_with	MONDO:0024644	cardiovascular disorder	myocardial ischemia	infores:automat-robokop(primary_knowledge_source)
Q56	e0	e_94_e_146	MONDO:0004995	biolink:genetically_associated_with	MONDO:0011827	cardiovascular disorder	patent ductus arteriosus	infores:automat-robokop(primary_knowledge_source)
Q56	e0	e_95_e_138	MONDO:0004995	biolink:genetically_associated_with	MONDO:0005648	cardiovascular disorder	aortic valve insufficiency	infores:automat-robokop(primary_knowledge_source)
Q56	e0	e_96_e_128	MONDO:0004995	biolink:genetically_associated_with	MONDO:0005068	cardiovascular disorder	myocardial infarction	infores:automat-robokop(primary_knowledge_source)
Q56	e0	e_97_e_102	MONDO:0004995	biolink:gene_associated_with_condition	MONDO:0012816	cardiovascular disorder	atrial fibrillation, familial, 6	infores:automat-robokop(primary_knowledge_source)
Q56	e0	e_98_e_103	MONDO:0004995	biolink:gene_associated_with_condition	MONDO:0014329	cardiovascular disorder	atrial standstill 2	infores:automat-robokop(primary_knowledge_source)
Q57	e0	uuid:0ec43543-198e-11f0-be82-6045bdb3d4c0	NCBIGene:3784	biolink:causes	MONDO:0011857	KCNQ1	atrial fibrillation, familial, 3	infores:omim(primary_knowledge_source);infores:monarchinitiative(aggregator_knowledge_source);infores:medgen(aggregator_knowledge_source);infores:automat-robokop(aggregator_knowledge_source)
Q57	e0	uuid:19f4d97a-198e-11f0-be82-6045bdb3d4c0	NCBIGene:3784	biolink:has_phenotype	MONDO:1030011	KCNQ1	paroxysmal atrial fibrillation	infores:hpo-annotations(primary_knowledge_source);infores:monarchinitiative(aggregator_knowledge_source);infores:automat-robokop(aggregator_knowledge_source)
Q57	e0	uuid:1feb0403-198e-11f0-be82-6045bdb3d4c0	NCBIGene:3784	biolink:has_phenotype	MONDO:0004981	KCNQ1	atrial fibrillation	infores:hpo-annotations(primary_knowledge_source);infores:monarchinitiative(aggregator_knowledge_source);infores:automat-robokop(aggregator_knowledge_source)
Q57	e0	uuid:13ff4675-198e-11f0-be82-6045bdb3d4c0	NCBIGene:3784	biolink:has_phenotype	MONDO:0004981	KCNQ1	atrial fibrillation	infores:hpo-annotations(primary_knowledge_source);infores:monarchinitiative(aggregator_knowledge_source);infores:automat-robokop(aggregator_knowledge_source)
Q57	e0	uuid:126379a0-198e-11f0-be82-6045bdb3d4c0	NCBIGene:3784	biolink:has_phenotype	HP:0004754	KCNQ1	Permanent atrial fibrillation	infores:hpo-annotations(primary_knowledge_source);infores:monarchinitiative(aggregator_knowledge_source);infores:automat-robokop(aggregator_knowledge_source)
Q57	e0	uuid:19f51687-198e-11f0-be82-6045bdb3d4c0	NCBIGene:3784	biolink:has_phenotype	MONDO:0004981	KCNQ1	atrial fibrillation	infores:hpo-annotations(primary_knowledge_source);infores:monarchinitiative(aggregator_knowledge_source);infores:automat-robokop(aggregator_knowledge_source)
Q57	e0	uuid:153066a5-198e-11f0-be82-6045bdb3d4c0	NCBIGene:3784	biolink:has_phenotype	MONDO:0004981	KCNQ1	atrial fibrillation	infores:hpo-annotations(primary_knowledge_source);infores:monarchinitiative(aggregator_knowledge_source);infores:automat-robokop(aggregator_knowledge_source)
Q57	e0	e_8	NCBIGene:3784	biolink:genetically_associated_with	MONDO:0012066	KCNQ1	atrial fibrillation, familial, 1	infores:disgenet(primary_knowledge_source);infores:pharos(aggregator_knowledge_source);infores:automat-robokop(aggregator_knowledge_source)
Q57	e0	e_9	NCBIGene:3784	biolink:genetically_associated_with	MONDO:0011857	KCNQ1	atrial fibrillation, familial, 3	infores:disgenet(primary_knowledge_source);infores:pharos(aggregator_knowledge_source);infores:automat-robokop(aggregator_knowledge_source)
Q57	e0	e_10	NCBIGene:3784	biolink:genetically_associated_with	MONDO:0004981	KCNQ1	atrial fibrillation	infores:eram(primary_knowledge_source);infores:pharos(aggregator_knowledge_source);infores:automat-robokop(aggregator_knowledge_source)
Q57	e0	e_11	NCBIGene:3784	biolink:genetically_associated_with	MONDO:0018054	KCNQ1	familial atrial fibrillation	infores:eram(primary_knowledge_source);infores:pharos(aggregator_knowledge_source);infores:automat-robokop(aggregator_knowledge_source)
Q57	e0	e_12	NCBIGene:3784	biolink:genetically_associated_with	MONDO:0011857	KCNQ1	atrial fibrillation, familial, 3	infores:monarchinitiative(primary_knowledge_source);infores:pharos(aggregator_knowledge_source);infores:automat-robokop(aggregator_knowledge_source)
Q57	e0	e_13	NCBIGene:3784	biolink:genetically_associated_with	MONDO:0011857	KCNQ1	atrial fibrillation, familial, 3	infores:uniprot(primary_knowledge_source);infores:pharos(aggregator_knowledge_source);infores:automat-robokop(aggregator_knowledge_source)
Q57	e0	e_14	NCBIGene:3784	biolink:genetically_associated_with	MONDO:0018054	KCNQ1	familial atrial fibrillation	infores:diseases(primary_knowledge_source);infores:pharos(aggregator_knowledge_source);infores:automat-robokop(aggregator_knowledge_source)
Q57	e0	e_15	NCBIGene:3784	biolink:genetically_associated_with	MONDO:0011857	KCNQ1	atrial fibrillation, familial, 3	infores:ctd(primary_knowledge_source);infores:pharos(aggregator_knowledge_source);infores:automat-robokop(aggregator_knowledge_source)
Q57	e0	e_16	NCBIGene:3784	biolink:gene_associated_with_condition	MONDO:0011857	KCNQ1	atrial fibrillation, familial, 3	infores:ubergraph(primary_knowledge_source);infores:automat-robokop(aggregator_knowledge_source)
Q57	e0	e_17	MONDO:0011857	biolink:subclass_of	MONDO:0004981	atrial fibrillation, familial, 3	atrial fibrillation	infores:ubergraph(primary_knowledge_source);infores:automat-robokop(aggregator_knowledge_source)
Q57	e0	e_18	MONDO:1030011	biolink:subclass_of	MONDO:0004981	paroxysmal atrial fibrillation	atrial fibrillation	infores:ubergraph(primary_knowledge_source);infores:automat-robokop(aggregator_knowledge_source)
Q57	e0	e_19	HP:0004754	biolink:subclass_of	MONDO:0004981	Permanent atrial fibrillation	atrial fibrillation	infores:ubergraph(primary_knowledge_source);infores:automat-robokop(aggregator_knowledge_source)
Q57	e0	e_20	MONDO:0012066	biolink:subclass_of	MONDO:0004981	atrial fibrillation, familial, 1	atrial fibrillation	infores:ubergraph(primary_knowledge_source);infores:automat-robokop(aggregator_knowledge_source)
Q57	e0	e_21	MONDO:0018054	biolink:subclass_of	MONDO:0004981	familial atrial fibrillation	atrial fibrillation	infores:ubergraph(primary_knowledge_source);infores:automat-robokop(aggregator_knowledge_source)
Q57	e0	uuid:0ec43543-198e-11f0-be82-6045bdb3d4c0_e_17	MONDO:0004981	biolink:causes	MONDO:0011857	atrial fibrillation	atrial fibrillation, familial, 3	infores:automat-robokop(primary_knowledge_source)
Q57	e0	uuid:19f4d97a-198e-11f0-be82-6045bdb3d4c0_e_18	MONDO:0004981	biolink:has_phenotype	MONDO:1030011	atrial fibrillation	paroxysmal atrial fibrillation	infores:automat-robokop(primary_knowledge_source)
Q57	e0	uuid:126379a0-198e-11f0-be82-6045bdb3d4c0_e_19	MONDO:0004981	biolink:has_phenotype	HP:0004754	atrial fibrillation	Permanent atrial fibrillation	infores:automat-robokop(primary_knowledge_source)
Q57	e0	e_8_e_20	MONDO:0004981	biolink:genetically_associated_with	MONDO:0012066	atrial fibrillation	atrial fibrillation, familial, 1	infores:automat-robokop(primary_knowledge_source)
Q57	e0	e_9_e_17	MONDO:0004981	biolink:genetically_associated_with	MONDO:0011857	atrial fibrillation	atrial fibrillation, familial, 3	infores:automat-robokop(primary_knowledge_source)
Q57	e0	e_11_e_21	MONDO:0004981	biolink:genetically_associated_with	MONDO:0018054	atrial fibrillation	familial atrial fibrillation	infores:automat-robokop(primary_knowledge_source)
Q57	e0	e_12_e_17	MONDO:0004981	biolink:genetically_associated_with	MONDO:0011857	atrial fibrillation	atrial fibrillation, familial, 3	infores:automat-robokop(primary_knowledge_source)
Q57	e0	e_13_e_17	MONDO:0004981	biolink:genetically_associated_with	MONDO:0011857	atrial fibrillation	atrial fibrillation, familial, 3	infores:automat-robokop(primary_knowledge_source)
Q57	e0	e_14_e_21	MONDO:0004981	biolink:genetically_associated_with	MONDO:0018054	atrial fibrillation	familial atrial fibrillation	infores:automat-robokop(primary_knowledge_source)
Q57	e0	e_15_e_17	MONDO:0004981	biolink:genetically_associated_with	MONDO:0011857	atrial fibrillation	atrial fibrillation, familial, 3	infores:automat-robokop(primary_knowledge_source)
Q57	e0	e_16_e_17	MONDO:0004981	biolink:gene_associated_with_condition	MONDO:0011857	atrial fibrillation	atrial fibrillation, familial, 3	infores:automat-robokop(primary_knowledge_source)
Q58	e0	uuid:0ec43ebf-198e-11f0-be82-6045bdb3d4c0	NCBIGene:3757	biolink:causes	MONDO:0013367	KCNH2	long QT syndrome 2	infores:omim(primary_knowledge_source);infores:monarchinitiative(aggregator_knowledge_source);infores:medgen(aggregator_knowledge_source);infores:automat-robokop(aggregator_knowledge_source)
Q58	e0	e_2	NCBIGene:3757	biolink:genetically_associated_with	MONDO:0013367	KCNH2	long QT syndrome 2	infores:ctd(primary_knowledge_source);infores:pharos(aggregator_knowledge_source);infores:automat-robokop(aggregator_knowledge_source)
Q58	e0	e_3	NCBIGene:3757	biolink:genetically_associated_with	MONDO:0002442	KCNH2	long QT syndrome	infores:monarchinitiative(primary_knowledge_source);infores:pharos(aggregator_knowledge_source);infores:automat-robokop(aggregator_knowledge_source)
Q58	e0	e_4	NCBIGene:3757	biolink:genetically_associated_with	MONDO:0002442	KCNH2	long QT syndrome	infores:ctd(primary_knowledge_source);infores:pharos(aggregator_knowledge_source);infores:automat-robokop(aggregator_knowledge_source)
Q58	e0	e_5	NCBIGene:3757	biolink:genetically_associated_with	MONDO:0100316	KCNH2	long QT syndrome 1	infores:monarchinitiative(primary_knowledge_source);infores:pharos(aggregator_knowledge_source);infores:automat-robokop(aggregator_knowledge_source)
Q58	e0	e_6	NCBIGene:3757	biolink:genetically_associated_with	MONDO:0002442	KCNH2	long QT syndrome	infores:diseases(primary_knowledge_source);infores:pharos(aggregator_knowledge_source);infores:automat-robokop(aggregator_knowledge_source)
Q58	e0	e_7	NCBIGene:3757	biolink:genetically_associated_with	MONDO:0013367	KCNH2	long QT syndrome 2	infores:disgenet(primary_knowledge_source);infores:pharos(aggregator_knowledge_source);infores:automat-robokop(aggregator_knowledge_source)
Q58	e0	e_8	NCBIGene:3757	biolink:genetically_associated_with	MONDO:0002442	KCNH2	long QT syndrome	infores:eram(primary_knowledge_source);infores:pharos(aggregator_knowledge_source);infores:automat-robokop(aggregator_knowledge_source)
Q58	e0	e_9	NCBIGene:3757	biolink:genetically_associated_with	MONDO:0002442	KCNH2	long QT syndrome	infores:disgenet(primary_knowledge_source);infores:pharos(aggregator_knowledge_source);infores:automat-robokop(aggregator_knowledge_source)
Q58	e0	e_10	NCBIGene:3757	biolink:genetically_associated_with	MONDO:0013367	KCNH2	long QT syndrome 2	infores:uniprot(primary_knowledge_source);infores:pharos(aggregator_knowledge_source);infores:automat-robokop(aggregator_knowledge_source)
Q58	e0	e_11	NCBIGene:3757	biolink:genetically_associated_with	MONDO:0011377	KCNH2	long QT syndrome 3	infores:disgenet(primary_knowledge_source);infores:pharos(aggregator_knowledge_source);infores:automat-robokop(aggregator_knowledge_source)
Q58	e0	e_12	NCBIGene:3757	biolink:genetically_associated_with	MONDO:0013367	KCNH2	long QT syndrome 2	infores:monarchinitiative(primary_knowledge_source);infores:pharos(aggregator_knowledge_source);infores:automat-robokop(aggregator_knowledge_source)
Q58	e0	e_13	NCBIGene:3757	biolink:genetically_associated_with	MONDO:0100316	KCNH2	long QT syndrome 1	infores:disgenet(primary_knowledge_source);infores:pharos(aggregator_knowledge_source);infores:automat-robokop(aggregator_knowledge_source)
Q58	e0	e_14	NCBIGene:3757	biolink:gene_associated_with_condition	MONDO:0013367	KCNH2	long QT syndrome 2	infores:ubergraph(primary_knowledge_source);infores:automat-robokop(aggregator_knowledge_source)
Q58	e0	e_15	MONDO:0013367	biolink:subclass_of	MONDO:0002442	long QT syndrome 2	long QT syndrome	infores:ubergraph(primary_knowledge_source);infores:automat-robokop(aggregator_knowledge_source)
Q58	e0	e_16	MONDO:0100316	biolink:subclass_of	MONDO:0002442	long QT syndrome 1	long QT syndrome	infores:ubergraph(primary_knowledge_source);infores:automat-robokop(aggregator_knowledge_source)
Q58	e0	e_17	MONDO:0011377	biolink:subclass_of	MONDO:0002442	long QT syndrome 3	long QT syndrome	infores:ubergraph(primary_knowledge_source);infores:automat-robokop(aggregator_knowledge_source)
Q58	e0	uuid:0ec43ebf-198e-11f0-be82-6045bdb3d4c0_e_15	MONDO:0002442	biolink:causes	MONDO:0013367	long QT syndrome	long QT syndrome 2	infores:automat-robokop(primary_knowledge_source)
Q58	e0	e_2_e_15	MONDO:0002442	biolink:genetically_associated_with	MONDO:0013367	long QT syndrome	long QT syndrome 2	infores:automat-robokop(primary_knowledge_source)
Q58	e0	e_5_e_16	MONDO:0002442	biolink:genetically_associated_with	MONDO:0100316	long QT syndrome	long QT syndrome 1	infores:automat-robokop(primary_knowledge_source)
Q58	e0	e_7_e_15	MONDO:0002442	biolink:genetically_associated_with	MONDO:0013367	long QT syndrome	long QT syndrome 2	infores:automat-robokop(primary_knowledge_source)
Q58	e0	e_10_e_15	MONDO:0002442	biolink:genetically_associated_with	MONDO:0013367	long QT syndrome	long QT syndrome 2	infores:automat-robokop(primary_knowledge_source)
Q58	e0	e_11_e_17	MONDO:0002442	biolink:genetically_associated_with	MONDO:0011377	long QT syndrome	long QT syndrome 3	infores:automat-robokop(primary_knowledge_source)
Q58	e0	e_12_e_15	MONDO:0002442	biolink:genetically_associated_with	MONDO:0013367	long QT syndrome	long QT syndrome 2	infores:automat-robokop(primary_knowledge_source)
Q58	e0	e_13_e_16	MONDO:0002442	biolink:genetically_associated_with	MONDO:0100316	long QT syndrome	long QT syndrome 1	infores:automat-robokop(primary_knowledge_source)
Q58	e0	e_14_e_15	MONDO:0002442	biolink:gene_associated_with_condition	MONDO:0013367	long QT syndrome	long QT syndrome 2	infores:automat-robokop(primary_knowledge_source)
Q59	e0	uuid:0e9d57f7-198e-11f0-be82-6045bdb3d4c0	NCBIGene:4625	biolink:causes	MONDO:0008647	MYH7	hypertrophic cardiomyopathy 1	infores:omim(primary_knowledge_source);infores:monarchinitiative(aggregator_knowledge_source);infores:medgen(aggregator_knowledge_source);infores:automat-robokop(aggregator_knowledge_source)
Q59	e0	uuid:13ff02a1-198e-11f0-be82-6045bdb3d4c0	NCBIGene:4625	biolink:has_phenotype	MONDO:0008647	MYH7	hypertrophic cardiomyopathy 1	infores:hpo-annotations(primary_knowledge_source);infores:monarchinitiative(aggregator_knowledge_source);infores:automat-robokop(aggregator_knowledge_source)
Q59	e0	uuid:12637ab8-198e-11f0-be82-6045bdb3d4c0	NCBIGene:4625	biolink:has_phenotype	MONDO:0005045	MYH7	hypertrophic cardiomyopathy	infores:hpo-annotations(primary_knowledge_source);infores:monarchinitiative(aggregator_knowledge_source);infores:automat-robokop(aggregator_knowledge_source)
Q59	e0	uuid:1eb99a9d-198e-11f0-be82-6045bdb3d4c0	NCBIGene:4625	biolink:has_phenotype	MONDO:0005045	MYH7	hypertrophic cardiomyopathy	infores:hpo-annotations(primary_knowledge_source);infores:monarchinitiative(aggregator_knowledge_source);infores:automat-robokop(aggregator_knowledge_source)
Q59	e0	e_5	NCBIGene:4625	biolink:genetically_associated_with	MONDO:0008647	MYH7	hypertrophic cardiomyopathy 1	infores:ctd(primary_knowledge_source);infores:pharos(aggregator_knowledge_source);infores:automat-robokop(aggregator_knowledge_source)
Q59	e0	e_6	NCBIGene:4625	biolink:genetically_associated_with	MONDO:0008647	MYH7	hypertrophic cardiomyopathy 1	infores:disgenet(primary_knowledge_source);infores:pharos(aggregator_knowledge_source);infores:automat-robokop(aggregator_knowledge_source)
Q59	e0	e_7	NCBIGene:4625	biolink:genetically_associated_with	MONDO:0005045	MYH7	hypertrophic cardiomyopathy	infores:disgenet(primary_knowledge_source);infores:pharos(aggregator_knowledge_source);infores:automat-robokop(aggregator_knowledge_source)
Q59	e0	e_8	NCBIGene:4625	biolink:genetically_associated_with	MONDO:0024573	MYH7	familial hypertrophic cardiomyopathy	infores:disgenet(primary_knowledge_source);infores:pharos(aggregator_knowledge_source);infores:automat-robokop(aggregator_knowledge_source)
Q59	e0	e_9	NCBIGene:4625	biolink:genetically_associated_with	MONDO:0024573	MYH7	familial hypertrophic cardiomyopathy	infores:diseases(primary_knowledge_source);infores:pharos(aggregator_knowledge_source);infores:automat-robokop(aggregator_knowledge_source)
Q59	e0	e_10	NCBIGene:4625	biolink:genetically_associated_with	MONDO:0008647	MYH7	hypertrophic cardiomyopathy 1	infores:uniprot(primary_knowledge_source);infores:pharos(aggregator_knowledge_source);infores:automat-robokop(aggregator_knowledge_source)
Q59	e0	e_11	NCBIGene:4625	biolink:genetically_associated_with	MONDO:0005045	MYH7	hypertrophic cardiomyopathy	infores:ctd(primary_knowledge_source);infores:pharos(aggregator_knowledge_source);infores:automat-robokop(aggregator_knowledge_source)
Q59	e0	e_12	NCBIGene:4625	biolink:genetically_associated_with	MONDO:0008647	MYH7	hypertrophic cardiomyopathy 1	infores:monarchinitiative(primary_knowledge_source);infores:pharos(aggregator_knowledge_source);infores:automat-robokop(aggregator_knowledge_source)
Q59	e0	e_13	NCBIGene:4625	biolink:genetically_associated_with	MONDO:0005045	MYH7	hypertrophic cardiomyopathy	infores:eram(primary_knowledge_source);infores:pharos(aggregator_knowledge_source);infores:automat-robokop(aggregator_knowledge_source)
Q59	e0	e_14	NCBIGene:4625	biolink:gene_associated_with_condition	MONDO:0008647	MYH7	hypertrophic cardiomyopathy 1	infores:ubergraph(primary_knowledge_source);infores:automat-robokop(aggregator_knowledge_source)
Q59	e0	e_15	NCBIGene:4625	biolink:target_for	MONDO:0005045	MYH7	hypertrophic cardiomyopathy	infores:drugcentral(primary_knowledge_source);infores:pharos(aggregator_knowledge_source);infores:automat-robokop(aggregator_knowledge_source)
Q59	e0	e_16	MONDO:0008647	biolink:subclass_of	MONDO:0005045	hypertrophic cardiomyopathy 1	hypertrophic cardiomyopathy	infores:ubergraph(primary_knowledge_source);infores:automat-robokop(aggregator_knowledge_source)
Q59	e0	e_17	MONDO:0024573	biolink:subclass_of	MONDO:0005045	familial hypertrophic cardiomyopathy	hypertrophic cardiomyopathy	infores:ubergraph(primary_knowledge_source);infores:automat-robokop(aggregator_knowledge_source)
Q59	e0	uuid:0e9d57f7-198e-11f0-be82-6045bdb3d4c0_e_16	MONDO:0005045	biolink:causes	MONDO:0008647	hypertrophic cardiomyopathy	hypertrophic cardiomyopathy 1	infores:automat-robokop(primary_knowledge_source)
Q59	e0	uuid:13ff02a1-198e-11f0-be82-6045bdb3d4c0_e_16	MONDO:0005045	biolink:has_phenotype	MONDO:0008647	hypertrophic cardiomyopathy	hypertrophic cardiomyopathy 1	infores:automat-robokop(primary_knowledge_source)
Q59	e0	e_5_e_16	MONDO:0005045	biolink:genetically_associated_with	MONDO:0008647	hypertrophic cardiomyopathy	hypertrophic cardiomyopathy 1	infores:automat-robokop(primary_knowledge_source)
Q59	e0	e_6_e_16	MONDO:0005045	biolink:genetically_associated_with	MONDO:0008647	hypertrophic cardiomyopathy	hypertrophic cardiomyopathy 1	infores:automat-robokop(primary_knowledge_source)
Q59	e0	e_8_e_17	MONDO:0005045	biolink:genetically_associated_with	MONDO:0024573	hypertrophic cardiomyopathy	familial hypertrophic cardiomyopathy	infores:automat-robokop(primary_knowledge_source)
Q59	e0	e_9_e_17	MONDO:0005045	biolink:genetically_associated_with	MONDO:0024573	hypertrophic cardiomyopathy	familial hypertrophic cardiomyopathy	infores:automat-robokop(primary_knowledge_source)
Q59	e0	e_10_e_16	MONDO:0005045	biolink:genetically_associated_with	MONDO:0008647	hypertrophic cardiomyopathy	hypertrophic cardiomyopathy 1	infores:automat-robokop(primary_knowledge_source)
Q59	e0	e_12_e_16	MONDO:0005045	biolink:genetically_associated_with	MONDO:0008647	hypertrophic cardiomyopathy	hypertrophic cardiomyopathy 1	infores:automat-robokop(primary_knowledge_source)
Q59	e0	e_14_e_16	MONDO:0005045	biolink:gene_associated_with_condition	MONDO:0008647	hypertrophic cardiomyopathy	hypertrophic cardiomyopathy 1	infores:automat-robokop(primary_knowledge_source)
Q60	e0	e_1	MONDO:0005021	biolink:related_to	NCBIGene:7273	dilated cardiomyopathy	TTN	infores:hetionet(primary_knowledge_source);infores:automat-robokop(aggregator_knowledge_source)
Q60	e0	uuid:0ec43adc-198e-11f0-be82-6045bdb3d4c0	NCBIGene:7273	biolink:causes	MONDO:0011400	TTN	dilated cardiomyopathy 1G	infores:omim(primary_knowledge_source);infores:monarchinitiative(aggregator_knowledge_source);infores:medgen(aggregator_knowledge_source);infores:automat-robokop(aggregator_knowledge_source)
Q60	e0	uuid:0e99041d-198e-11f0-be82-6045bdb3d4c0	NCBIGene:7273	biolink:causes	MONDO:0012714	TTN	early-onset myopathy with fatal cardiomyopathy	infores:omim(primary_knowledge_source);infores:monarchinitiative(aggregator_knowledge_source);infores:medgen(aggregator_knowledge_source);infores:automat-robokop(aggregator_knowledge_source)
Q60	e0	uuid:18c3c55b-198e-11f0-be82-6045bdb3d4c0	NCBIGene:7273	biolink:has_phenotype	MONDO:0005021	TTN	dilated cardiomyopathy	infores:hpo-annotations(primary_knowledge_source);infores:monarchinitiative(aggregator_knowledge_source);infores:automat-robokop(aggregator_knowledge_source)
Q60	e0	uuid:1263871e-198e-11f0-be82-6045bdb3d4c0	NCBIGene:7273	biolink:has_phenotype	MONDO:0005021	TTN	dilated cardiomyopathy	infores:hpo-annotations(primary_knowledge_source);infores:monarchinitiative(aggregator_knowledge_source);infores:automat-robokop(aggregator_knowledge_source)
Q60	e0	uuid:166184d2-198e-11f0-be82-6045bdb3d4c0	NCBIGene:7273	biolink:has_phenotype	MONDO:0005021	TTN	dilated cardiomyopathy	infores:hpo-annotations(primary_knowledge_source);infores:monarchinitiative(aggregator_knowledge_source);infores:automat-robokop(aggregator_knowledge_source)
Q60	e0	e_7	NCBIGene:7273	biolink:genetically_associated_with	MONDO:0016333	TTN	familial dilated cardiomyopathy	infores:disgenet(primary_knowledge_source);infores:pharos(aggregator_knowledge_source);infores:automat-robokop(aggregator_knowledge_source)
Q60	e0	e_8	NCBIGene:7273	biolink:genetically_associated_with	MONDO:0005021	TTN	dilated cardiomyopathy	infores:disgenet(primary_knowledge_source);infores:pharos(aggregator_knowledge_source);infores:automat-robokop(aggregator_knowledge_source)
Q60	e0	e_9	NCBIGene:7273	biolink:genetically_associated_with	MONDO:0007269	TTN	dilated cardiomyopathy 1A	infores:disgenet(primary_knowledge_source);infores:pharos(aggregator_knowledge_source);infores:automat-robokop(aggregator_knowledge_source)
Q60	e0	e_10	NCBIGene:7273	biolink:genetically_associated_with	MONDO:0012714	TTN	early-onset myopathy with fatal cardiomyopathy	infores:monarchinitiative(primary_knowledge_source);infores:pharos(aggregator_knowledge_source);infores:automat-robokop(aggregator_knowledge_source)
Q60	e0	e_11	NCBIGene:7273	biolink:genetically_associated_with	MONDO:0011400	TTN	dilated cardiomyopathy 1G	infores:disgenet(primary_knowledge_source);infores:pharos(aggregator_knowledge_source);infores:automat-robokop(aggregator_knowledge_source)
Q60	e0	e_12	NCBIGene:7273	biolink:genetically_associated_with	MONDO:0011400	TTN	dilated cardiomyopathy 1G	infores:ctd(primary_knowledge_source);infores:pharos(aggregator_knowledge_source);infores:automat-robokop(aggregator_knowledge_source)
Q60	e0	e_13	NCBIGene:7273	biolink:genetically_associated_with	MONDO:0011400	TTN	dilated cardiomyopathy 1G	infores:uniprot(primary_knowledge_source);infores:pharos(aggregator_knowledge_source);infores:automat-robokop(aggregator_knowledge_source)
Q60	e0	e_14	NCBIGene:7273	biolink:genetically_associated_with	MONDO:0005021	TTN	dilated cardiomyopathy	infores:ctd(primary_knowledge_source);infores:pharos(aggregator_knowledge_source);infores:automat-robokop(aggregator_knowledge_source)
Q60	e0	e_15	NCBIGene:7273	biolink:genetically_associated_with	MONDO:0012714	TTN	early-onset myopathy with fatal cardiomyopathy	infores:uniprot(primary_knowledge_source);infores:pharos(aggregator_knowledge_source);infores:automat-robokop(aggregator_knowledge_source)
Q60	e0	e_16	NCBIGene:7273	biolink:genetically_associated_with	MONDO:0700335	TTN	familial isolated dilated cardiomyopathy	infores:monarchinitiative(primary_knowledge_source);infores:pharos(aggregator_knowledge_source);infores:automat-robokop(aggregator_knowledge_source)
Q60	e0	e_17	NCBIGene:7273	biolink:genetically_associated_with	MONDO:0005021	TTN	dilated cardiomyopathy	infores:eram(primary_knowledge_source);infores:pharos(aggregator_knowledge_source);infores:automat-robokop(aggregator_knowledge_source)
Q60	e0	e_18	NCBIGene:7273	biolink:genetically_associated_with	MONDO:0005021	TTN	dilated cardiomyopathy	infores:diseases(primary_knowledge_source);infores:pharos(aggregator_knowledge_source);infores:automat-robokop(aggregator_knowledge_source)
Q60	e0	e_19	NCBIGene:7273	biolink:genetically_associated_with	MONDO:0012714	TTN	early-onset myopathy with fatal cardiomyopathy	infores:ctd(primary_knowledge_source);infores:pharos(aggregator_knowledge_source);infores:automat-robokop(aggregator_knowledge_source)
Q60	e0	e_20	NCBIGene:7273	biolink:genetically_associated_with	MONDO:0016333	TTN	familial dilated cardiomyopathy	infores:ctd(primary_knowledge_source);infores:pharos(aggregator_knowledge_source);infores:automat-robokop(aggregator_knowledge_source)
Q60	e0	e_21	NCBIGene:7273	biolink:genetically_associated_with	MONDO:0012714	TTN	early-onset myopathy with fatal cardiomyopathy	infores:disgenet(primary_knowledge_source);infores:pharos(aggregator_knowledge_source);infores:automat-robokop(aggregator_knowledge_source)
Q60	e0	e_22	MONDO:0011400	biolink:subclass_of	MONDO:0005021	dilated cardiomyopathy 1G	dilated cardiomyopathy	infores:ubergraph(primary_knowledge_source);infores:automat-robokop(aggregator_knowledge_source)
Q60	e0	e_23	MONDO:0012714	biolink:subclass_of	MONDO:0005021	early-onset myopathy with fatal cardiomyopathy	dilated cardiomyopathy	infores:ubergraph(primary_knowledge_source);infores:automat-robokop(aggregator_knowledge_source)
Q60	e0	e_24	MONDO:0016333	biolink:subclass_of	MONDO:0005021	familial dilated cardiomyopathy	dilated cardiomyopathy	infores:ubergraph(primary_knowledge_source);infores:automat-robokop(aggregator_knowledge_source)
Q60	e0	e_25	MONDO:0007269	biolink:subclass_of	MONDO:0005021	dilated cardiomyopathy 1A	dilated cardiomyopathy	infores:ubergraph(primary_knowledge_source);infores:automat-robokop(aggregator_knowledge_source)
Q60	e0	e_26	MONDO:0700335	biolink:subclass_of	MONDO:0005021	familial isolated dilated cardiomyopathy	dilated cardiomyopathy	infores:ubergraph(primary_knowledge_source);infores:automat-robokop(aggregator_knowledge_source)
Q60	e0	uuid:0ec43adc-198e-11f0-be82-6045bdb3d4c0_e_22	MONDO:0005021	biolink:causes	MONDO:0011400	dilated cardiomyopathy	dilated cardiomyopathy 1G	infores:automat-robokop(primary_knowledge_source)
Q60	e0	uuid:0e99041d-198e-11f0-be82-6045bdb3d4c0_e_23	MONDO:0005021	biolink:causes	MONDO:0012714	dilated cardiomyopathy	early-onset myopathy with fatal cardiomyopathy	infores:automat-robokop(primary_knowledge_source)
Q60	e0	e_7_e_24	MONDO:0005021	biolink:genetically_associated_with	MONDO:0016333	dilated cardiomyopathy	familial dilated cardiomyopathy	infores:automat-robokop(primary_knowledge_source)
Q60	e0	e_9_e_25	MONDO:0005021	biolink:genetically_associated_with	MONDO:0007269	dilated cardiomyopathy	dilated cardiomyopathy 1A	infores:automat-robokop(primary_knowledge_source)
Q60	e0	e_10_e_23	MONDO:0005021	biolink:genetically_associated_with	MONDO:0012714	dilated cardiomyopathy	early-onset myopathy with fatal cardiomyopathy	infores:automat-robokop(primary_knowledge_source)
Q60	e0	e_11_e_22	MONDO:0005021	biolink:genetically_associated_with	MONDO:0011400	dilated cardiomyopathy	dilated cardiomyopathy 1G	infores:automat-robokop(primary_knowledge_source)
Q60	e0	e_12_e_22	MONDO:0005021	biolink:genetically_associated_with	MONDO:0011400	dilated cardiomyopathy	dilated cardiomyopathy 1G	infores:automat-robokop(primary_knowledge_source)
Q60	e0	e_13_e_22	MONDO:0005021	biolink:genetically_associated_with	MONDO:0011400	dilated cardiomyopathy	dilated cardiomyopathy 1G	infores:automat-robokop(primary_knowledge_source)
Q60	e0	e_15_e_23	MONDO:0005021	biolink:genetically_associated_with	MONDO:0012714	dilated cardiomyopathy	early-onset myopathy with fatal cardiomyopathy	infores:automat-robokop(primary_knowledge_source)
Q60	e0	e_16_e_26	MONDO:0005021	biolink:genetically_associated_with	MONDO:0700335	dilated cardiomyopathy	familial isolated dilated cardiomyopathy	infores:automat-robokop(primary_knowledge_source)
Q60	e0	e_19_e_23	MONDO:0005021	biolink:genetically_associated_with	MONDO:0012714	dilated cardiomyopathy	early-onset myopathy with fatal cardiomyopathy	infores:automat-robokop(primary_knowledge_source)
Q60	e0	e_20_e_24	MONDO:0005021	biolink:genetically_associated_with	MONDO:0016333	dilated cardiomyopathy	familial dilated cardiomyopathy	infores:automat-robokop(primary_knowledge_source)
Q60	e0	e_21_e_23	MONDO:0005021	biolink:genetically_associated_with	MONDO:0012714	dilated cardiomyopathy	early-onset myopathy with fatal cardiomyopathy	infores:automat-robokop(primary_knowledge_source)
Q64	e0	uuid:18c3cb26-198e-11f0-be82-6045bdb3d4c0	NCBIGene:56606	biolink:has_phenotype	HP:0003537	SLC2A9	Hypouricemia	infores:hpo-annotations(primary_knowledge_source);infores:monarchinitiative(aggregator_knowledge_source);infores:automat-robokop(aggregator_knowledge_source)
Q64	e0	uuid:19f53221-198e-11f0-be82-6045bdb3d4c0	NCBIGene:56606	biolink:has_phenotype	HP:0003537	SLC2A9	Hypouricemia	infores:hpo-annotations(primary_knowledge_source);infores:monarchinitiative(aggregator_knowledge_source);infores:automat-robokop(aggregator_knowledge_source)
Q64	e0	uuid:1b265487-198e-11f0-be82-6045bdb3d4c0	NCBIGene:56606	biolink:has_phenotype	HP:0003138	SLC2A9	Increased blood urea nitrogen	infores:hpo-annotations(primary_knowledge_source);infores:monarchinitiative(aggregator_knowledge_source);infores:automat-robokop(aggregator_knowledge_source)
Q64	e0	uuid:19f4eae9-198e-11f0-be82-6045bdb3d4c0	NCBIGene:56606	biolink:has_phenotype	HP:0000790	SLC2A9	Hematuria	infores:hpo-annotations(primary_knowledge_source);infores:monarchinitiative(aggregator_knowledge_source);infores:automat-robokop(aggregator_knowledge_source)
Q64	e0	e_5	NCBIGene:56606	biolink:genetically_associated_with	HP:0002149	SLC2A9	Hyperuricemia	infores:disgenet(primary_knowledge_source);infores:pharos(aggregator_knowledge_source);infores:automat-robokop(aggregator_knowledge_source)
Q64	e0	e_6	HP:0003537	biolink:subclass_of	MONDO:0005570	Hypouricemia	hematologic disorder	infores:ubergraph(primary_knowledge_source);infores:automat-robokop(aggregator_knowledge_source)
Q64	e0	e_7	HP:0003138	biolink:subclass_of	MONDO:0005570	Increased blood urea nitrogen	hematologic disorder	infores:ubergraph(primary_knowledge_source);infores:automat-robokop(aggregator_knowledge_source)
Q64	e0	e_8	HP:0000790	biolink:subclass_of	MONDO:0005570	Hematuria	hematologic disorder	infores:ubergraph(primary_knowledge_source);infores:automat-robokop(aggregator_knowledge_source)
Q64	e0	e_9	HP:0002149	biolink:subclass_of	MONDO:0005570	Hyperuricemia	hematologic disorder	infores:ubergraph(primary_knowledge_source);infores:automat-robokop(aggregator_knowledge_source)
Q64	e0	uuid:18c3cb26-198e-11f0-be82-6045bdb3d4c0_e_6	MONDO:0005570	biolink:has_phenotype	HP:0003537	hematologic disorder	Hypouricemia	infores:automat-robokop(primary_knowledge_source)
Q64	e0	uuid:19f53221-198e-11f0-be82-6045bdb3d4c0_e_6	MONDO:0005570	biolink:has_phenotype	HP:0003537	hematologic disorder	Hypouricemia	infores:automat-robokop(primary_knowledge_source)
Q64	e0	uuid:1b265487-198e-11f0-be82-6045bdb3d4c0_e_7	MONDO:0005570	biolink:has_phenotype	HP:0003138	hematologic disorder	Increased blood urea nitrogen	infores:automat-robokop(primary_knowledge_source)
Q64	e0	uuid:19f4eae9-198e-11f0-be82-6045bdb3d4c0_e_8	MONDO:0005570	biolink:has_phenotype	HP:0000790	hematologic disorder	Hematuria	infores:automat-robokop(primary_knowledge_source)
Q64	e0	e_5_e_9	MONDO:0005570	biolink:genetically_associated_with	HP:0002149	hematologic disorder	Hyperuricemia	infores:automat-robokop(primary_knowledge_source)
Q66	e0	uuid:0ec43933-198e-11f0-be82-6045bdb3d4c0	NCBIGene:1499	biolink:causes	MONDO:0007256	CTNNB1	liver carcinoma	infores:omim(primary_knowledge_source);infores:monarchinitiative(aggregator_knowledge_source);infores:medgen(aggregator_knowledge_source);infores:automat-robokop(aggregator_knowledge_source)
Q66	e0	uuid:1eb9c08e-198e-11f0-be82-6045bdb3d4c0	NCBIGene:1499	biolink:has_phenotype	MONDO:0007256	CTNNB1	liver carcinoma	infores:hpo-annotations(primary_knowledge_source);infores:monarchinitiative(aggregator_knowledge_source);infores:automat-robokop(aggregator_knowledge_source)
Q66	e0	e_3	NCBIGene:1499	biolink:genetically_associated_with	MONDO:0016216	CTNNB1	adult hepatocellular carcinoma	infores:disgenet(primary_knowledge_source);infores:pharos(aggregator_knowledge_source);infores:automat-robokop(aggregator_knowledge_source)
Q66	e0	e_4	NCBIGene:1499	biolink:genetically_associated_with	MONDO:0007256	CTNNB1	liver carcinoma	infores:disgenet(primary_knowledge_source);infores:pharos(aggregator_knowledge_source);infores:automat-robokop(aggregator_knowledge_source)
Q66	e0	e_5	NCBIGene:1499	biolink:genetically_associated_with	MONDO:0018055	CTNNB1	pediatric hepatocellular carcinoma	infores:disgenet(primary_knowledge_source);infores:pharos(aggregator_knowledge_source);infores:automat-robokop(aggregator_knowledge_source)
Q66	e0	e_6	NCBIGene:1499	biolink:genetically_associated_with	MONDO:0018666	CTNNB1	hepatoblastoma	infores:ctd(primary_knowledge_source);infores:pharos(aggregator_knowledge_source);infores:automat-robokop(aggregator_knowledge_source)
Q66	e0	e_7	NCBIGene:1499	biolink:genetically_associated_with	MONDO:0007256	CTNNB1	liver carcinoma	infores:ctd(primary_knowledge_source);infores:pharos(aggregator_knowledge_source);infores:automat-robokop(aggregator_knowledge_source)
Q66	e0	e_8	NCBIGene:1499	biolink:genetically_associated_with	MONDO:0018666	CTNNB1	hepatoblastoma	infores:disgenet(primary_knowledge_source);infores:pharos(aggregator_knowledge_source);infores:automat-robokop(aggregator_knowledge_source)
Q66	e0	e_9	NCBIGene:1499	biolink:genetically_associated_with	MONDO:0007256	CTNNB1	liver carcinoma	infores:monarchinitiative(primary_knowledge_source);infores:pharos(aggregator_knowledge_source);infores:automat-robokop(aggregator_knowledge_source)
Q66	e0	e_10	NCBIGene:1499	biolink:genetically_associated_with	MONDO:0018666	CTNNB1	hepatoblastoma	infores:eram(primary_knowledge_source);infores:pharos(aggregator_knowledge_source);infores:automat-robokop(aggregator_knowledge_source)
Q66	e0	e_11	NCBIGene:1499	biolink:genetically_associated_with	MONDO:0018666	CTNNB1	hepatoblastoma	infores:monarchinitiative(primary_knowledge_source);infores:pharos(aggregator_knowledge_source);infores:automat-robokop(aggregator_knowledge_source)
Q66	e0	e_12	MONDO:0016216	biolink:subclass_of	MONDO:0007256	adult hepatocellular carcinoma	liver carcinoma	infores:ubergraph(primary_knowledge_source);infores:automat-robokop(aggregator_knowledge_source)
Q66	e0	e_13	MONDO:0018055	biolink:subclass_of	MONDO:0007256	pediatric hepatocellular carcinoma	liver carcinoma	infores:ubergraph(primary_knowledge_source);infores:automat-robokop(aggregator_knowledge_source)
Q66	e0	e_14	MONDO:0018666	biolink:subclass_of	MONDO:0007256	hepatoblastoma	liver carcinoma	infores:ubergraph(primary_knowledge_source);infores:automat-robokop(aggregator_knowledge_source)
Q66	e0	e_3_e_12	MONDO:0007256	biolink:genetically_associated_with	MONDO:0016216	liver carcinoma	adult hepatocellular carcinoma	infores:automat-robokop(primary_knowledge_source)
Q66	e0	e_5_e_13	MONDO:0007256	biolink:genetically_associated_with	MONDO:0018055	liver carcinoma	pediatric hepatocellular carcinoma	infores:automat-robokop(primary_knowledge_source)
Q66	e0	e_6_e_14	MONDO:0007256	biolink:genetically_associated_with	MONDO:0018666	liver carcinoma	hepatoblastoma	infores:automat-robokop(primary_knowledge_source)
Q66	e0	e_8_e_14	MONDO:0007256	biolink:genetically_associated_with	MONDO:0018666	liver carcinoma	hepatoblastoma	infores:automat-robokop(primary_knowledge_source)
Q66	e0	e_10_e_14	MONDO:0007256	biolink:genetically_associated_with	MONDO:0018666	liver carcinoma	hepatoblastoma	infores:automat-robokop(primary_knowledge_source)
Q66	e0	e_11_e_14	MONDO:0007256	biolink:genetically_associated_with	MONDO:0018666	liver carcinoma	hepatoblastoma	infores:automat-robokop(primary_knowledge_source)
Q71	e0	e_1	MONDO:0005100	biolink:regulates	NCBIGene:7428	systemic sclerosis	VHL	infores:hetionet(primary_knowledge_source);infores:automat-robokop(aggregator_knowledge_source)
Q71	e0	uuid:1c575469-198e-11f0-be82-6045bdb3d4c0	NCBIGene:7428	biolink:has_phenotype	HP:0031284	VHL	Flushing	infores:hpo-annotations(primary_knowledge_source);infores:monarchinitiative(aggregator_knowledge_source);infores:automat-robokop(aggregator_knowledge_source)
Q71	e0	uuid:1d88bc33-198e-11f0-be82-6045bdb3d4c0	NCBIGene:7428	biolink:has_phenotype	HP:0000957	VHL	Birthmark	infores:hpo-annotations(primary_knowledge_source);infores:monarchinitiative(aggregator_knowledge_source);infores:automat-robokop(aggregator_knowledge_source)
Q71	e0	uuid:1eb992c3-198e-11f0-be82-6045bdb3d4c0	NCBIGene:7428	biolink:has_phenotype	HP:0000980	VHL	Pallor	infores:hpo-annotations(primary_knowledge_source);infores:monarchinitiative(aggregator_knowledge_source);infores:automat-robokop(aggregator_knowledge_source)
Q71	e0	uuid:11fe43a2-198e-11f0-be82-6045bdb3d4c0	NCBIGene:7428	biolink:has_phenotype	HP:0031284	VHL	Flushing	infores:hpo-annotations(primary_knowledge_source);infores:monarchinitiative(aggregator_knowledge_source);infores:automat-robokop(aggregator_knowledge_source)
Q71	e0	uuid:1b263b46-198e-11f0-be82-6045bdb3d4c0	NCBIGene:7428	biolink:has_phenotype	HP:0001050	VHL	Plethora	infores:hpo-annotations(primary_knowledge_source);infores:monarchinitiative(aggregator_knowledge_source);infores:automat-robokop(aggregator_knowledge_source)
Q71	e0	uuid:1feab96d-198e-11f0-be82-6045bdb3d4c0	NCBIGene:7428	biolink:has_phenotype	HP:0000980	VHL	Pallor	infores:hpo-annotations(primary_knowledge_source);infores:monarchinitiative(aggregator_knowledge_source);infores:automat-robokop(aggregator_knowledge_source)
Q71	e0	uuid:1792a314-198e-11f0-be82-6045bdb3d4c0	NCBIGene:7428	biolink:has_phenotype	HP:0000980	VHL	Pallor	infores:hpo-annotations(primary_knowledge_source);infores:monarchinitiative(aggregator_knowledge_source);infores:automat-robokop(aggregator_knowledge_source)
Q71	e0	e_9	MONDO:0005100	biolink:subclass_of	MONDO:0005093	systemic sclerosis	skin disorder	infores:ubergraph(primary_knowledge_source);infores:automat-robokop(aggregator_knowledge_source)
Q71	e0	e_10	HP:0031284	biolink:subclass_of	MONDO:0005093	Flushing	skin disorder	infores:ubergraph(primary_knowledge_source);infores:automat-robokop(aggregator_knowledge_source)
Q71	e0	e_11	HP:0000957	biolink:subclass_of	MONDO:0005093	Birthmark	skin disorder	infores:ubergraph(primary_knowledge_source);infores:automat-robokop(aggregator_knowledge_source)
Q71	e0	e_12	HP:0000980	biolink:subclass_of	MONDO:0005093	Pallor	skin disorder	infores:ubergraph(primary_knowledge_source);infores:automat-robokop(aggregator_knowledge_source)
Q71	e0	e_13	HP:0001050	biolink:subclass_of	MONDO:0005093	Plethora	skin disorder	infores:ubergraph(primary_knowledge_source);infores:automat-robokop(aggregator_knowledge_source)
Q71	e0	e_1_e_9	MONDO:0005093	biolink:regulates	NCBIGene:7428	skin disorder	VHL	infores:automat-robokop(primary_knowledge_source)
Q71	e0	uuid:1c575469-198e-11f0-be82-6045bdb3d4c0_e_10	MONDO:0005093	biolink:has_phenotype	HP:0031284	skin disorder	Flushing	infores:automat-robokop(primary_knowledge_source)
Q71	e0	uuid:1d88bc33-198e-11f0-be82-6045bdb3d4c0_e_11	MONDO:0005093	biolink:has_phenotype	HP:0000957	skin disorder	Birthmark	infores:automat-robokop(primary_knowledge_source)
Q71	e0	uuid:1eb992c3-198e-11f0-be82-6045bdb3d4c0_e_12	MONDO:0005093	biolink:has_phenotype	HP:0000980	skin disorder	Pallor	infores:automat-robokop(primary_knowledge_source)
Q71	e0	uuid:11fe43a2-198e-11f0-be82-6045bdb3d4c0_e_10	MONDO:0005093	biolink:has_phenotype	HP:0031284	skin disorder	Flushing	infores:automat-robokop(primary_knowledge_source)
Q71	e0	uuid:1b263b46-198e-11f0-be82-6045bdb3d4c0_e_13	MONDO:0005093	biolink:has_phenotype	HP:0001050	skin disorder	Plethora	infores:automat-robokop(primary_knowledge_source)
Q71	e0	uuid:1feab96d-198e-11f0-be82-6045bdb3d4c0_e_12	MONDO:0005093	biolink:has_phenotype	HP:0000980	skin disorder	Pallor	infores:automat-robokop(primary_knowledge_source)
Q71	e0	uuid:1792a314-198e-11f0-be82-6045bdb3d4c0_e_12	MONDO:0005093	biolink:has_phenotype	HP:0000980	skin disorder	Pallor	infores:automat-robokop(primary_knowledge_source)
Q72	e0	e_1	NCBIGene:5979	biolink:target_for	MONDO:0011719	RET	Plexosarcoma	infores:drugcentral(primary_knowledge_source);infores:pharos(aggregator_knowledge_source);infores:automat-robokop(aggregator_knowledge_source)
Q72	e0	e_2	MONDO:0011719	biolink:subclass_of	MONDO:0005089	Plexosarcoma	sarcoma	infores:ubergraph(primary_knowledge_source);infores:automat-robokop(aggregator_knowledge_source)
Q72	e0	e_1_e_2	MONDO:0005089	biolink:target_for	MONDO:0011719	sarcoma	Plexosarcoma	infores:automat-robokop(primary_knowledge_source)
Q77	e0	e_1	MONDO:0005130	biolink:related_to	NCBIGene:3117	celiac disease	HLA-DQA1	infores:hetionet(primary_knowledge_source);infores:automat-robokop(aggregator_knowledge_source)
Q77	e0	uuid:1792c194-198e-11f0-be82-6045bdb3d4c0	NCBIGene:3117	biolink:has_phenotype	MONDO:0005130	HLA-DQA1	celiac disease	infores:hpo-annotations(primary_knowledge_source);infores:monarchinitiative(aggregator_knowledge_source);infores:automat-robokop(aggregator_knowledge_source)
Q77	e0	e_3	NCBIGene:3117	biolink:genetically_associated_with	MONDO:0005130	HLA-DQA1	celiac disease	infores:ctd(primary_knowledge_source);infores:pharos(aggregator_knowledge_source);infores:automat-robokop(aggregator_knowledge_source)
Q77	e0	e_4	NCBIGene:3117	biolink:genetically_associated_with	MONDO:0005130	HLA-DQA1	celiac disease	infores:disgenet(primary_knowledge_source);infores:pharos(aggregator_knowledge_source);infores:automat-robokop(aggregator_knowledge_source)
Q77	e0	e_5	NCBIGene:3117	biolink:genetically_associated_with	MONDO:0005130	HLA-DQA1	celiac disease	infores:diseases(primary_knowledge_source);infores:pharos(aggregator_knowledge_source);infores:automat-robokop(aggregator_knowledge_source)
Q78	e0	uuid:0e9d579c-198e-11f0-be82-6045bdb3d4c0	NCBIGene:5468	biolink:contributes_to	MONDO:0005148	PPARG	type 2 diabetes mellitus	infores:omim(primary_knowledge_source);infores:monarchinitiative(aggregator_knowledge_source);infores:medgen(aggregator_knowledge_source);infores:automat-robokop(aggregator_knowledge_source)
Q78	e0	e_2	MONDO:0005148	biolink:related_to	NCBIGene:5468	type 2 diabetes mellitus	PPARG	infores:hetionet(primary_knowledge_source);infores:automat-robokop(aggregator_knowledge_source)
Q78	e0	uuid:11fe48dd-198e-11f0-be82-6045bdb3d4c0	NCBIGene:5468	biolink:has_phenotype	MONDO:0005148	PPARG	type 2 diabetes mellitus	infores:hpo-annotations(primary_knowledge_source);infores:monarchinitiative(aggregator_knowledge_source);infores:automat-robokop(aggregator_knowledge_source)
Q78	e0	uuid:1eb99018-198e-11f0-be82-6045bdb3d4c0	NCBIGene:5468	biolink:has_phenotype	MONDO:0005148	PPARG	type 2 diabetes mellitus	infores:hpo-annotations(primary_knowledge_source);infores:monarchinitiative(aggregator_knowledge_source);infores:automat-robokop(aggregator_knowledge_source)
Q78	e0	e_5	NCBIGene:5468	biolink:genetically_associated_with	MONDO:0005148	PPARG	type 2 diabetes mellitus	infores:monarchinitiative(primary_knowledge_source);infores:pharos(aggregator_knowledge_source);infores:automat-robokop(aggregator_knowledge_source)
Q78	e0	e_6	NCBIGene:5468	biolink:genetically_associated_with	MONDO:0005148	PPARG	type 2 diabetes mellitus	infores:ctd(primary_knowledge_source);infores:pharos(aggregator_knowledge_source);infores:automat-robokop(aggregator_knowledge_source)
Q78	e0	e_7	NCBIGene:5468	biolink:genetically_associated_with	MONDO:0005827	PPARG	lipoatrophic diabetes	infores:eram(primary_knowledge_source);infores:pharos(aggregator_knowledge_source);infores:automat-robokop(aggregator_knowledge_source)
Q78	e0	e_8	NCBIGene:5468	biolink:genetically_associated_with	MONDO:0005148	PPARG	type 2 diabetes mellitus	infores:disgenet(primary_knowledge_source);infores:pharos(aggregator_knowledge_source);infores:automat-robokop(aggregator_knowledge_source)
Q78	e0	e_9	NCBIGene:5468	biolink:genetically_associated_with	MONDO:0005827	PPARG	lipoatrophic diabetes	infores:disgenet(primary_knowledge_source);infores:pharos(aggregator_knowledge_source);infores:automat-robokop(aggregator_knowledge_source)
Q78	e0	e_10	NCBIGene:5468	biolink:genetically_associated_with	MONDO:0005148	PPARG	type 2 diabetes mellitus	infores:diseases(primary_knowledge_source);infores:pharos(aggregator_knowledge_source);infores:automat-robokop(aggregator_knowledge_source)
Q78	e0	e_11	NCBIGene:5468	biolink:genetically_associated_with	MONDO:0005148	PPARG	type 2 diabetes mellitus	infores:eram(primary_knowledge_source);infores:pharos(aggregator_knowledge_source);infores:automat-robokop(aggregator_knowledge_source)
Q78	e0	e_12	NCBIGene:5468	biolink:target_for	MONDO:0005148	PPARG	type 2 diabetes mellitus	infores:drugmechdb(primary_knowledge_source);infores:automat-robokop(aggregator_knowledge_source)
Q78	e0	e_13	NCBIGene:5468	biolink:target_for	MONDO:0005148	PPARG	type 2 diabetes mellitus	infores:drugcentral(primary_knowledge_source);infores:pharos(aggregator_knowledge_source);infores:automat-robokop(aggregator_knowledge_source)
Q78	e0	e_14	MONDO:0005827	biolink:subclass_of	MONDO:0005148	lipoatrophic diabetes	type 2 diabetes mellitus	infores:ubergraph(primary_knowledge_source);infores:automat-robokop(aggregator_knowledge_source)
Q78	e0	e_7_e_14	MONDO:0005148	biolink:genetically_associated_with	MONDO:0005827	type 2 diabetes mellitus	lipoatrophic diabetes	infores:automat-robokop(primary_knowledge_source)
Q78	e0	e_9_e_14	MONDO:0005148	biolink:genetically_associated_with	MONDO:0005827	type 2 diabetes mellitus	lipoatrophic diabetes	infores:automat-robokop(primary_knowledge_source)
Q79	e0	e_1	MONDO:0005148	biolink:related_to	NCBIGene:4160	type 2 diabetes mellitus	MC4R	infores:hetionet(primary_knowledge_source);infores:automat-robokop(aggregator_knowledge_source)
Q79	e0	uuid:1eb9d390-198e-11f0-be82-6045bdb3d4c0	NCBIGene:4160	biolink:has_phenotype	MONDO:0005148	MC4R	type 2 diabetes mellitus	infores:hpo-annotations(primary_knowledge_source);infores:monarchinitiative(aggregator_knowledge_source);infores:automat-robokop(aggregator_knowledge_source)
Q79	e0	e_3	NCBIGene:4160	biolink:genetically_associated_with	MONDO:0005148	MC4R	type 2 diabetes mellitus	infores:diseases(primary_knowledge_source);infores:pharos(aggregator_knowledge_source);infores:automat-robokop(aggregator_knowledge_source)
Q84	e0	e_1	CHEBI:45783	biolink:affects	NCBIGene:613	Imatinib	BCR	infores:text-mining-provider-targeted(primary_knowledge_source);infores:automat-robokop(aggregator_knowledge_source)
Q84	e0	e_2	CHEBI:45783	biolink:affects	NCBIGene:613	Imatinib	BCR	infores:chembl(primary_knowledge_source);infores:drugcentral(aggregator_knowledge_source);infores:automat-robokop(aggregator_knowledge_source)
Q84	e0	e_3	CHEBI:45783	biolink:directly_physically_interacts_with	NCBIGene:613	Imatinib	BCR	infores:pharos(primary_knowledge_source);infores:automat-robokop(aggregator_knowledge_source)
Q88	e0	e_1	NCBIGene:2475	biolink:affects	CHEBI:9168	MTOR	Sirolimus	infores:hmdb(primary_knowledge_source);infores:automat-robokop(aggregator_knowledge_source)
Q88	e0	e_2	CHEBI:9168	biolink:affects	NCBIGene:2475	Sirolimus	MTOR	infores:bindingdb(primary_knowledge_source);infores:automat-robokop(aggregator_knowledge_source)
Q88	e0	e_3	CHEBI:9168	biolink:affects	NCBIGene:2475	Sirolimus	MTOR	infores:ctd(primary_knowledge_source);infores:automat-robokop(aggregator_knowledge_source)
Q88	e0	e_4	CHEBI:9168	biolink:affects	NCBIGene:2475	Sirolimus	MTOR	infores:ctd(primary_knowledge_source);infores:automat-robokop(aggregator_knowledge_source)
Q88	e0	e_5	CHEBI:9168	biolink:affects	NCBIGene:2475	Sirolimus	MTOR	infores:ctd(primary_knowledge_source);infores:automat-robokop(aggregator_knowledge_source)
Q88	e0	e_6	CHEBI:9168	biolink:affects	NCBIGene:2475	Sirolimus	MTOR	infores:chembl(primary_knowledge_source);infores:drugcentral(aggregator_knowledge_source);infores:automat-robokop(aggregator_knowledge_source)
Q88	e0	e_7	CHEBI:9168	biolink:affects	NCBIGene:2475	Sirolimus	MTOR	infores:drugmechdb(primary_knowledge_source);infores:automat-robokop(aggregator_knowledge_source)
Q88	e0	e_8	CHEBI:9168	biolink:affects	NCBIGene:2475	Sirolimus	MTOR	infores:text-mining-provider-targeted(primary_knowledge_source);infores:automat-robokop(aggregator_knowledge_source)
Q88	e0	e_9	CHEBI:9168	biolink:affects	NCBIGene:2475	Sirolimus	MTOR	infores:pharos(primary_knowledge_source);infores:automat-robokop(aggregator_knowledge_source)
Q88	e0	e_10	CHEBI:9168	biolink:directly_physically_interacts_with	NCBIGene:2475	Sirolimus	MTOR	infores:pharos(primary_knowledge_source);infores:automat-robokop(aggregator_knowledge_source)
Q88	e0	e_11	CHEBI:9168	biolink:directly_physically_interacts_with	NCBIGene:2475	Sirolimus	MTOR	infores:bindingdb(primary_knowledge_source);infores:automat-robokop(aggregator_knowledge_source)
Q88	e0	e_12	CHEBI:9168	biolink:directly_physically_interacts_with	NCBIGene:2475	Sirolimus	MTOR	infores:hetionet(primary_knowledge_source);infores:automat-robokop(aggregator_knowledge_source)
Q94	e0	e_1	NCBIGene:1565	biolink:affects	CHEBI:16714	CYP2D6	Codeine	infores:ctd(primary_knowledge_source);infores:automat-robokop(aggregator_knowledge_source)
Q94	e0	e_2	CHEBI:16714	biolink:affects	NCBIGene:1565	Codeine	CYP2D6	infores:bindingdb(primary_knowledge_source);infores:automat-robokop(aggregator_knowledge_source)
Q94	e0	e_3	CHEBI:16714	biolink:affects	NCBIGene:1565	Codeine	CYP2D6	infores:text-mining-provider-targeted(primary_knowledge_source);infores:automat-robokop(aggregator_knowledge_source)
Q94	e0	e_4	CHEBI:16714	biolink:directly_physically_interacts_with	NCBIGene:1565	Codeine	CYP2D6	infores:hetionet(primary_knowledge_source);infores:automat-robokop(aggregator_knowledge_source)
Q94	e0	e_5	CHEBI:16714	biolink:related_to	NCBIGene:1565	Codeine	CYP2D6	infores:hmdb(primary_knowledge_source);infores:automat-robokop(aggregator_knowledge_source)
Q94	e0	e_6	NCBIGene:1565	biolink:affects_response_to	CHEBI:16714	CYP2D6	Codeine	infores:ctd(primary_knowledge_source);infores:automat-robokop(aggregator_knowledge_source)
Q95	e0	e_1	NCBIGene:675	biolink:affects	NCBIGene:79728	BRCA2	PALB2	infores:text-mining-provider-targeted(primary_knowledge_source);infores:automat-robokop(aggregator_knowledge_source)
Q95	e0	e_2	NCBIGene:79728	biolink:affects	NCBIGene:675	PALB2	BRCA2	infores:text-mining-provider-targeted(primary_knowledge_source);infores:automat-robokop(aggregator_knowledge_source)
Q95	e0	e_3	NCBIGene:79728	biolink:affects	NCBIGene:675	PALB2	BRCA2	infores:text-mining-provider-targeted(primary_knowledge_source);infores:automat-robokop(aggregator_knowledge_source)
Q95	e0	e_4	NCBIGene:675	biolink:directly_physically_interacts_with	NCBIGene:79728	BRCA2	PALB2	infores:intact(primary_knowledge_source);infores:automat-robokop(aggregator_knowledge_source)
Q95	e0	e_5	NCBIGene:79728	biolink:directly_physically_interacts_with	NCBIGene:675	PALB2	BRCA2	infores:intact(primary_knowledge_source);infores:automat-robokop(aggregator_knowledge_source)
Q95	e0	e_6	NCBIGene:675	biolink:physically_interacts_with	NCBIGene:79728	BRCA2	PALB2	infores:string(primary_knowledge_source);infores:automat-robokop(aggregator_knowledge_source)
Q95	e0	e_7	NCBIGene:79728	biolink:physically_interacts_with	NCBIGene:675	PALB2	BRCA2	infores:string(primary_knowledge_source);infores:automat-robokop(aggregator_knowledge_source)
Q95	e0	e_8	NCBIGene:79728	biolink:regulates	NCBIGene:675	PALB2	BRCA2	infores:signor(primary_knowledge_source);infores:automat-robokop(aggregator_knowledge_source)
Q95	e0	e_9	NCBIGene:79728	biolink:related_to	NCBIGene:675	PALB2	BRCA2	infores:signor(primary_knowledge_source);infores:automat-robokop(aggregator_knowledge_source)
Q95	e0	e_10	NCBIGene:675	biolink:interacts_with	NCBIGene:79728	BRCA2	PALB2	infores:string(primary_knowledge_source);infores:automat-robokop(aggregator_knowledge_source)
Q95	e0	e_11	NCBIGene:79728	biolink:interacts_with	NCBIGene:675	PALB2	BRCA2	infores:string(primary_knowledge_source);infores:automat-robokop(aggregator_knowledge_source)
Q95	e0	e_12	NCBIGene:675	biolink:genetically_interacts_with	NCBIGene:79728	BRCA2	PALB2	infores:hetionet(primary_knowledge_source);infores:hetionet(aggregator_knowledge_source);infores:automat-robokop(aggregator_knowledge_source)
Q96	e0	e_1	NCBIGene:4088	biolink:affects	NCBIGene:7046	SMAD3	TGFBR1	infores:text-mining-provider-targeted(primary_knowledge_source);infores:automat-robokop(aggregator_knowledge_source)
Q96	e0	e_2	NCBIGene:4088	biolink:affects	NCBIGene:7046	SMAD3	TGFBR1	infores:text-mining-provider-targeted(primary_knowledge_source);infores:automat-robokop(aggregator_knowledge_source)
Q96	e0	e_3	NCBIGene:7046	biolink:affects	NCBIGene:4088	TGFBR1	SMAD3	infores:text-mining-provider-targeted(primary_knowledge_source);infores:automat-robokop(aggregator_knowledge_source)
Q96	e0	e_4	NCBIGene:7046	biolink:affects	NCBIGene:4088	TGFBR1	SMAD3	infores:text-mining-provider-targeted(primary_knowledge_source);infores:automat-robokop(aggregator_knowledge_source)
Q96	e0	e_5	NCBIGene:7046	biolink:regulates	NCBIGene:4088	TGFBR1	SMAD3	infores:signor(primary_knowledge_source);infores:automat-robokop(aggregator_knowledge_source)
Q96	e0	e_6	NCBIGene:7046	biolink:regulates	NCBIGene:4088	TGFBR1	SMAD3	infores:signor(primary_knowledge_source);infores:automat-robokop(aggregator_knowledge_source)
Q96	e0	e_7	NCBIGene:7046	biolink:regulates	NCBIGene:4088	TGFBR1	SMAD3	infores:signor(primary_knowledge_source);infores:automat-robokop(aggregator_knowledge_source)
Q96	e0	e_8	NCBIGene:7046	biolink:related_to	NCBIGene:4088	TGFBR1	SMAD3	infores:signor(primary_knowledge_source);infores:automat-robokop(aggregator_knowledge_source)
Q96	e0	e_9	NCBIGene:7046	biolink:related_to	NCBIGene:4088	TGFBR1	SMAD3	infores:signor(primary_knowledge_source);infores:automat-robokop(aggregator_knowledge_source)
Q96	e0	e_10	NCBIGene:7046	biolink:related_to	NCBIGene:4088	TGFBR1	SMAD3	infores:signor(primary_knowledge_source);infores:automat-robokop(aggregator_knowledge_source)
Q96	e0	e_11	NCBIGene:4088	biolink:genetically_interacts_with	NCBIGene:7046	SMAD3	TGFBR1	infores:hetionet(primary_knowledge_source);infores:hetionet(aggregator_knowledge_source);infores:automat-robokop(aggregator_knowledge_source)
Q96	e0	e_12	UniProtKB:P84022-1	biolink:interacts_with	UniProtKB:P36897-2	mothers against decapentaplegic homolog 3 isoform 1 (human)	TGF-beta receptor type-1 isoform h2 (human)	infores:string(primary_knowledge_source);infores:automat-robokop(aggregator_knowledge_source)
Q96	e0	e_13	UniProtKB:P36897-2	biolink:interacts_with	UniProtKB:P84022-1	TGF-beta receptor type-1 isoform h2 (human)	mothers against decapentaplegic homolog 3 isoform 1 (human)	infores:string(primary_knowledge_source);infores:automat-robokop(aggregator_knowledge_source)
Q96	e0	e_14	UniProtKB:P84022-1	biolink:subclass_of	NCBIGene:4088	mothers against decapentaplegic homolog 3 isoform 1 (human)	SMAD3	infores:ubergraph(primary_knowledge_source);infores:automat-robokop(aggregator_knowledge_source)
Q96	e0	e_15	UniProtKB:P36897-2	biolink:subclass_of	NCBIGene:7046	TGF-beta receptor type-1 isoform h2 (human)	TGFBR1	infores:ubergraph(primary_knowledge_source);infores:automat-robokop(aggregator_knowledge_source)
Q96	e0	e_12_e_14_e_15	NCBIGene:4088	biolink:interacts_with	NCBIGene:7046	SMAD3	TGFBR1	infores:automat-robokop(primary_knowledge_source)
Q96	e0	e_13_e_14_e_15	NCBIGene:4088	biolink:interacts_with	NCBIGene:7046	SMAD3	TGFBR1	infores:automat-robokop(primary_knowledge_source)
Q97	e0	e_1	NCBIGene:7471	biolink:affects	NCBIGene:1499	WNT1	CTNNB1	infores:text-mining-provider-targeted(primary_knowledge_source);infores:automat-robokop(aggregator_knowledge_source)
Q97	e0	e_2	NCBIGene:7471	biolink:affects	NCBIGene:1499	WNT1	CTNNB1	infores:text-mining-provider-targeted(primary_knowledge_source);infores:automat-robokop(aggregator_knowledge_source)
Q97	e0	e_3	NCBIGene:1499	biolink:affects	NCBIGene:7471	CTNNB1	WNT1	infores:text-mining-provider-targeted(primary_knowledge_source);infores:automat-robokop(aggregator_knowledge_source)
Q97	e0	e_4	NCBIGene:7471	biolink:regulates	NCBIGene:1499	WNT1	CTNNB1	infores:signor(primary_knowledge_source);infores:automat-robokop(aggregator_knowledge_source)
Q97	e0	e_5	NCBIGene:7471	biolink:interacts_with	NCBIGene:1499	WNT1	CTNNB1	infores:string(primary_knowledge_source);infores:automat-robokop(aggregator_knowledge_source)
Q97	e0	e_6	NCBIGene:1499	biolink:interacts_with	NCBIGene:7471	CTNNB1	WNT1	infores:string(primary_knowledge_source);infores:automat-robokop(aggregator_knowledge_source)
Q98	e0	e_1	NCBIGene:468	biolink:affects	NCBIGene:9451	ATF4	EIF2AK3	infores:text-mining-provider-targeted(primary_knowledge_source);infores:automat-robokop(aggregator_knowledge_source)
Q98	e0	e_2	NCBIGene:9451	biolink:interacts_with	NCBIGene:468	EIF2AK3	ATF4	infores:string(primary_knowledge_source);infores:automat-robokop(aggregator_knowledge_source)
Q98	e0	e_3	NCBIGene:468	biolink:interacts_with	NCBIGene:9451	ATF4	EIF2AK3	infores:string(primary_knowledge_source);infores:automat-robokop(aggregator_knowledge_source)
Q99	e0	e_1	NCBIGene:50943	biolink:affects	NCBIGene:3559	FOXP3	IL2RA	infores:text-mining-provider-targeted(primary_knowledge_source);infores:automat-robokop(aggregator_knowledge_source)
Q99	e0	e_2	NCBIGene:3559	biolink:affects	NCBIGene:50943	IL2RA	FOXP3	infores:text-mining-provider-targeted(primary_knowledge_source);infores:automat-robokop(aggregator_knowledge_source)
Q99	e0	e_3	UniProtKB:Q9BZS1-1	biolink:interacts_with	NCBIGene:3559	forkhead box protein P3 isoform h1 (human)	IL2RA	infores:string(primary_knowledge_source);infores:automat-robokop(aggregator_knowledge_source)
Q99	e0	e_4	NCBIGene:3559	biolink:interacts_with	UniProtKB:Q9BZS1-1	IL2RA	forkhead box protein P3 isoform h1 (human)	infores:string(primary_knowledge_source);infores:automat-robokop(aggregator_knowledge_source)
Q99	e0	e_5	UniProtKB:Q9BZS1-1	biolink:subclass_of	NCBIGene:50943	forkhead box protein P3 isoform h1 (human)	FOXP3	infores:ubergraph(primary_knowledge_source);infores:automat-robokop(aggregator_knowledge_source)
Q99	e0	e_3_e_5	NCBIGene:50943	biolink:interacts_with	NCBIGene:3559	FOXP3	IL2RA	infores:automat-robokop(primary_knowledge_source)
Q99	e0	e_4_e_5	NCBIGene:50943	biolink:interacts_with	UniProtKB:Q9BZS1-1	FOXP3	forkhead box protein P3 isoform h1 (human)	infores:automat-robokop(primary_knowledge_source)
Q100	e0	e_1	NCBIGene:1019	biolink:affects	NCBIGene:595	CDK4	CCND1	infores:text-mining-provider-targeted(primary_knowledge_source);infores:automat-robokop(aggregator_knowledge_source)
Q100	e0	e_2	NCBIGene:1019	biolink:affects	NCBIGene:595	CDK4	CCND1	infores:text-mining-provider-targeted(primary_knowledge_source);infores:automat-robokop(aggregator_knowledge_source)
Q100	e0	e_3	NCBIGene:595	biolink:affects	NCBIGene:1019	CCND1	CDK4	infores:text-mining-provider-targeted(primary_knowledge_source);infores:automat-robokop(aggregator_knowledge_source)
Q100	e0	e_4	NCBIGene:595	biolink:affects	NCBIGene:1019	CCND1	CDK4	infores:text-mining-provider-targeted(primary_knowledge_source);infores:automat-robokop(aggregator_knowledge_source)
Q100	e0	e_5	NCBIGene:1019	biolink:directly_physically_interacts_with	NCBIGene:595	CDK4	CCND1	infores:intact(primary_knowledge_source);infores:automat-robokop(aggregator_knowledge_source)
Q100	e0	e_6	NCBIGene:595	biolink:directly_physically_interacts_with	NCBIGene:1019	CCND1	CDK4	infores:intact(primary_knowledge_source);infores:automat-robokop(aggregator_knowledge_source)
Q100	e0	e_7	UniProtKB:P11802-1	biolink:physically_interacts_with	NCBIGene:595	cyclin-dependent kinase 4 isoform 1 (human)	CCND1	infores:string(primary_knowledge_source);infores:automat-robokop(aggregator_knowledge_source)
Q100	e0	e_8	NCBIGene:595	biolink:physically_interacts_with	UniProtKB:P11802-1	CCND1	cyclin-dependent kinase 4 isoform 1 (human)	infores:string(primary_knowledge_source);infores:automat-robokop(aggregator_knowledge_source)
Q100	e0	e_9	NCBIGene:595	biolink:regulates	NCBIGene:1019	CCND1	CDK4	infores:signor(primary_knowledge_source);infores:automat-robokop(aggregator_knowledge_source)
Q100	e0	e_10	NCBIGene:595	biolink:regulates	NCBIGene:1019	CCND1	CDK4	infores:signor(primary_knowledge_source);infores:automat-robokop(aggregator_knowledge_source)
Q100	e0	e_11	NCBIGene:595	biolink:related_to	NCBIGene:1019	CCND1	CDK4	infores:signor(primary_knowledge_source);infores:automat-robokop(aggregator_knowledge_source)
Q100	e0	e_12	NCBIGene:595	biolink:related_to	NCBIGene:1019	CCND1	CDK4	infores:signor(primary_knowledge_source);infores:automat-robokop(aggregator_knowledge_source)
Q100	e0	e_13	UniProtKB:P11802-1	biolink:interacts_with	NCBIGene:595	cyclin-dependent kinase 4 isoform 1 (human)	CCND1	infores:string(primary_knowledge_source);infores:automat-robokop(aggregator_knowledge_source)
Q100	e0	e_14	NCBIGene:595	biolink:interacts_with	UniProtKB:P11802-1	CCND1	cyclin-dependent kinase 4 isoform 1 (human)	infores:string(primary_knowledge_source);infores:automat-robokop(aggregator_knowledge_source)
Q100	e0	e_15	NCBIGene:595	biolink:genetically_interacts_with	NCBIGene:1019	CCND1	CDK4	infores:hetionet(primary_knowledge_source);infores:hetionet(aggregator_knowledge_source);infores:automat-robokop(aggregator_knowledge_source)
Q100	e0	e_16	UniProtKB:P11802-1	biolink:subclass_of	NCBIGene:1019	cyclin-dependent kinase 4 isoform 1 (human)	CDK4	infores:ubergraph(primary_knowledge_source);infores:automat-robokop(aggregator_knowledge_source)
Q100	e0	e_7_e_16	NCBIGene:1019	biolink:physically_interacts_with	NCBIGene:595	CDK4	CCND1	infores:automat-robokop(primary_knowledge_source)
Q100	e0	e_8_e_16	NCBIGene:1019	biolink:physically_interacts_with	UniProtKB:P11802-1	CDK4	cyclin-dependent kinase 4 isoform 1 (human)	infores:automat-robokop(primary_knowledge_source)
Q100	e0	e_13_e_16	NCBIGene:1019	biolink:interacts_with	NCBIGene:595	CDK4	CCND1	infores:automat-robokop(primary_knowledge_source)
Q100	e0	e_14_e_16	NCBIGene:1019	biolink:interacts_with	UniProtKB:P11802-1	CDK4	cyclin-dependent kinase 4 isoform 1 (human)	infores:automat-robokop(primary_knowledge_source)
