question_id	query_edge_key	edge_id	subject	predicate	object	subject_label	object_label	provenance
Q1	e0	e_1	MONDO:0005180	biolink:related_to	NCBIGene:348	Parkinson disease	APOE	infores:hetionet(primary_knowledge_source);infores:automat-robokop(aggregator_knowledge_source)
Q1	e0	e_2	NCBIGene:348	biolink:genetically_associated_with	MONDO:0005180	APOE	Parkinson disease	infores:diseases(primary_knowledge_source);infores:pharos(aggregator_knowledge_source);infores:automat-robokop(aggregator_knowledge_source)
Q2	e0	e_1	MONDO:0005300	biolink:related_to	NCBIGene:3569	chronic kidney disease	IL6	infores:hetionet(primary_knowledge_source);infores:automat-robokop(aggregator_knowledge_source)
Q2	e0	e_2	NCBIGene:3569	biolink:genetically_associated_with	MONDO:0024327	IL6	Chronic uremia	infores:disgenet(primary_knowledge_source);infores:pharos(aggregator_knowledge_source);infores:automat-robokop(aggregator_knowledge_source)
Q2	e0	e_3	NCBIGene:3569	biolink:genetically_associated_with	MONDO:0005300	IL6	chronic kidney disease	infores:ctd(primary_knowledge_source);infores:pharos(aggregator_knowledge_source);infores:automat-robokop(aggregator_knowledge_source)
Q2	e0	e_4	MONDO:0024327	biolink:subclass_of	MONDO:0005300	Chronic uremia	chronic kidney disease	infores:ubergraph(primary_knowledge_source);infores:automat-robokop(aggregator_knowledge_source)
Q2	e0	e_2_e_4	MONDO:0005300	biolink:genetically_associated_with	MONDO:0024327	chronic kidney disease	Chronic uremia	infores:automat-robokop(primary_knowledge_source)
Q3	e0	e_1	CHEBI:6801	biolink:affects	NCBIGene:7124	Metformin	TNF	infores:text-mining-provider-targeted(primary_knowledge_source);infores:automat-robokop(aggregator_knowledge_source)
Q4	e0	e_1	CHEBI:3756	biolink:treats_or_applied_or_studied_to_treat	MONDO:0005180	Clonazepam	Parkinson disease	infores:text-mining-provider-targeted(primary_knowledge_source);infores:automat-robokop(aggregator_knowledge_source)
Q4	e0	e_2	CHEBI:3756	biolink:treats_or_applied_or_studied_to_treat	MONDO:0005180	Clonazepam	Parkinson disease	infores:ctd(primary_knowledge_source);infores:automat-robokop(aggregator_knowledge_source)
Q4	e0	e_3	CHEBI:3756	biolink:has_adverse_event	MONDO:0005180	Clonazepam	Parkinson disease	infores:faers(primary_knowledge_source);infores:drugcentral(aggregator_knowledge_source);infores:automat-robokop(aggregator_knowledge_source)
Q4	e0	e_4	CHEBI:3756	biolink:ameliorates_condition	MONDO:0005180	Clonazepam	Parkinson disease	infores:hetionet(primary_knowledge_source);infores:automat-robokop(aggregator_knowledge_source)
Q5	e0	uuid:0eae151a-198e-11f0-be82-6045bdb3d4c0	NCBIGene:675	biolink:contributes_to	MONDO:0016419	BRCA2	hereditary breast carcinoma	infores:omim(primary_knowledge_source);infores:monarchinitiative(aggregator_knowledge_source);infores:medgen(aggregator_knowledge_source);infores:automat-robokop(aggregator_knowledge_source)
Q5	e0	e_2	MONDO:0007254	biolink:related_to	NCBIGene:675	breast cancer	BRCA2	infores:hetionet(primary_knowledge_source);infores:automat-robokop(aggregator_knowledge_source)
Q5	e0	uuid:12636e2f-198e-11f0-be82-6045bdb3d4c0	NCBIGene:675	biolink:has_phenotype	MONDO:0004989	BRCA2	breast carcinoma	infores:hpo-annotations(primary_knowledge_source);infores:monarchinitiative(aggregator_knowledge_source);infores:automat-robokop(aggregator_knowledge_source)
Q5	e0	uuid:132ef500-198e-11f0-be82-6045bdb3d4c0	NCBIGene:675	biolink:has_phenotype	MONDO:0004989	BRCA2	breast carcinoma	infores:hpo-annotations(primary_knowledge_source);infores:monarchinitiative(aggregator_knowledge_source);infores:automat-robokop(aggregator_knowledge_source)
Q5	e0	uuid:1661a239-198e-11f0-be82-6045bdb3d4c0	NCBIGene:675	biolink:has_phenotype	MONDO:0004989	BRCA2	breast carcinoma	infores:hpo-annotations(primary_knowledge_source);infores:monarchinitiative(aggregator_knowledge_source);infores:automat-robokop(aggregator_knowledge_source)
Q5	e0	uuid:132eecf4-198e-11f0-be82-6045bdb3d4c0	NCBIGene:675	biolink:has_phenotype	MONDO:0004989	BRCA2	breast carcinoma	infores:hpo-annotations(primary_knowledge_source);infores:monarchinitiative(aggregator_knowledge_source);infores:automat-robokop(aggregator_knowledge_source)
Q5	e0	e_7	NCBIGene:675	biolink:genetically_associated_with	MONDO:0004989	BRCA2	breast carcinoma	infores:ctd(primary_knowledge_source);infores:pharos(aggregator_knowledge_source);infores:automat-robokop(aggregator_knowledge_source)
Q5	e0	e_8	NCBIGene:675	biolink:genetically_associated_with	MONDO:0016419	BRCA2	hereditary breast carcinoma	infores:disgenet(primary_knowledge_source);infores:pharos(aggregator_knowledge_source);infores:automat-robokop(aggregator_knowledge_source)
Q5	e0	e_9	NCBIGene:675	biolink:genetically_associated_with	MONDO:0007254	BRCA2	breast cancer	infores:diseases(primary_knowledge_source);infores:pharos(aggregator_knowledge_source);infores:automat-robokop(aggregator_knowledge_source)
Q5	e0	e_10	NCBIGene:675	biolink:genetically_associated_with	MONDO:0004989	BRCA2	breast carcinoma	infores:disgenet(primary_knowledge_source);infores:pharos(aggregator_knowledge_source);infores:automat-robokop(aggregator_knowledge_source)
Q5	e0	e_11	NCBIGene:675	biolink:genetically_associated_with	MONDO:0016419	BRCA2	hereditary breast carcinoma	infores:uniprot(primary_knowledge_source);infores:pharos(aggregator_knowledge_source);infores:automat-robokop(aggregator_knowledge_source)
Q5	e0	e_12	NCBIGene:675	biolink:genetically_associated_with	MONDO:0004988	BRCA2	breast adenocarcinoma	infores:disgenet(primary_knowledge_source);infores:pharos(aggregator_knowledge_source);infores:automat-robokop(aggregator_knowledge_source)
Q5	e0	e_13	NCBIGene:675	biolink:genetically_associated_with	MONDO:0007254	BRCA2	breast cancer	infores:ctd(primary_knowledge_source);infores:pharos(aggregator_knowledge_source);infores:automat-robokop(aggregator_knowledge_source)
Q5	e0	e_14	NCBIGene:675	biolink:genetically_associated_with	MONDO:0007254	BRCA2	breast cancer	infores:disgenet(primary_knowledge_source);infores:pharos(aggregator_knowledge_source);infores:automat-robokop(aggregator_knowledge_source)
Q5	e0	e_15	MONDO:0016419	biolink:subclass_of	MONDO:0007254	hereditary breast carcinoma	breast cancer	infores:ubergraph(primary_knowledge_source);infores:automat-robokop(aggregator_knowledge_source)
Q5	e0	e_16	MONDO:0004989	biolink:subclass_of	MONDO:0007254	breast carcinoma	breast cancer	infores:ubergraph(primary_knowledge_source);infores:automat-robokop(aggregator_knowledge_source)
Q5	e0	e_17	MONDO:0004988	biolink:subclass_of	MONDO:0007254	breast adenocarcinoma	breast cancer	infores:ubergraph(primary_knowledge_source);infores:automat-robokop(aggregator_knowledge_source)
Q5	e0	uuid:0eae151a-198e-11f0-be82-6045bdb3d4c0_e_15	MONDO:0007254	biolink:contributes_to	MONDO:0016419	breast cancer	hereditary breast carcinoma	infores:automat-robokop(primary_knowledge_source)
Q5	e0	uuid:12636e2f-198e-11f0-be82-6045bdb3d4c0_e_16	MONDO:0007254	biolink:has_phenotype	MONDO:0004989	breast cancer	breast carcinoma	infores:automat-robokop(primary_knowledge_source)
Q5	e0	uuid:132ef500-198e-11f0-be82-6045bdb3d4c0_e_16	MONDO:0007254	biolink:has_phenotype	MONDO:0004989	breast cancer	breast carcinoma	infores:automat-robokop(primary_knowledge_source)
Q5	e0	uuid:1661a239-198e-11f0-be82-6045bdb3d4c0_e_16	MONDO:0007254	biolink:has_phenotype	MONDO:0004989	breast cancer	breast carcinoma	infores:automat-robokop(primary_knowledge_source)
Q5	e0	uuid:132eecf4-198e-11f0-be82-6045bdb3d4c0_e_16	MONDO:0007254	biolink:has_phenotype	MONDO:0004989	breast cancer	breast carcinoma	infores:automat-robokop(primary_knowledge_source)
Q5	e0	e_7_e_16	MONDO:0007254	biolink:genetically_associated_with	MONDO:0004989	breast cancer	breast carcinoma	infores:automat-robokop(primary_knowledge_source)
Q5	e0	e_8_e_15	MONDO:0007254	biolink:genetically_associated_with	MONDO:0016419	breast cancer	hereditary breast carcinoma	infores:automat-robokop(primary_knowledge_source)
Q5	e0	e_10_e_16	MONDO:0007254	biolink:genetically_associated_with	MONDO:0004989	breast cancer	breast carcinoma	infores:automat-robokop(primary_knowledge_source)
Q5	e0	e_11_e_15	MONDO:0007254	biolink:genetically_associated_with	MONDO:0016419	breast cancer	hereditary breast carcinoma	infores:automat-robokop(primary_knowledge_source)
Q5	e0	e_12_e_17	MONDO:0007254	biolink:genetically_associated_with	MONDO:0004988	breast cancer	breast adenocarcinoma	infores:automat-robokop(primary_knowledge_source)
Q6	e0	e_1	CHEBI:5855	biolink:treats_or_applied_or_studied_to_treat	MONDO:0011849	Ibuprofen	psoriatic arthritis	infores:text-mining-provider-targeted(primary_knowledge_source);infores:automat-robokop(aggregator_knowledge_source)
Q6	e0	e_2	CHEBI:5855	biolink:treats_or_applied_or_studied_to_treat	MONDO:0019434	Ibuprofen	Still Disease	infores:text-mining-provider-targeted(primary_knowledge_source);infores:automat-robokop(aggregator_knowledge_source)
Q6	e0	e_3	CHEBI:5855	biolink:treats_or_applied_or_studied_to_treat	MONDO:0011429	Ibuprofen	juvenile idiopathic arthritis	infores:text-mining-provider-targeted(primary_knowledge_source);infores:automat-robokop(aggregator_knowledge_source)
Q6	e0	e_4	CHEBI:5855	biolink:treats_or_applied_or_studied_to_treat	MONDO:0005185	Ibuprofen	chronic childhood arthritis	infores:text-mining-provider-targeted(primary_knowledge_source);infores:automat-robokop(aggregator_knowledge_source)
Q6	e0	e_5	CHEBI:5855	biolink:treats_or_applied_or_studied_to_treat	MONDO:0008383	Ibuprofen	rheumatoid arthritis	infores:text-mining-provider-targeted(primary_knowledge_source);infores:automat-robokop(aggregator_knowledge_source)
Q6	e0	e_6	CHEBI:5855	biolink:treats_or_applied_or_studied_to_treat	MONDO:0005306	Ibuprofen	ankylosing spondylitis	infores:text-mining-provider-targeted(primary_knowledge_source);infores:automat-robokop(aggregator_knowledge_source)
Q6	e0	e_7	CHEBI:5855	biolink:treats_or_applied_or_studied_to_treat	MONDO:0005306	Ibuprofen	ankylosing spondylitis	infores:ctd(primary_knowledge_source);infores:automat-robokop(aggregator_knowledge_source)
Q6	e0	e_8	CHEBI:5855	biolink:has_adverse_event	MONDO:0011849	Ibuprofen	psoriatic arthritis	infores:faers(primary_knowledge_source);infores:drugcentral(aggregator_knowledge_source);infores:automat-robokop(aggregator_knowledge_source)
Q6	e0	e_9	CHEBI:5855	biolink:has_adverse_event	MONDO:0008383	Ibuprofen	rheumatoid arthritis	infores:faers(primary_knowledge_source);infores:drugcentral(aggregator_knowledge_source);infores:automat-robokop(aggregator_knowledge_source)
Q6	e0	e_10	CHEBI:5855	biolink:has_adverse_event	MONDO:0005306	Ibuprofen	ankylosing spondylitis	infores:faers(primary_knowledge_source);infores:drugcentral(aggregator_knowledge_source);infores:automat-robokop(aggregator_knowledge_source)
Q6	e0	e_11	CHEBI:5855	biolink:treats	MONDO:0008383	Ibuprofen	rheumatoid arthritis	infores:drugcentral(primary_knowledge_source);infores:automat-robokop(aggregator_knowledge_source)
Q6	e0	e_12	CHEBI:5855	biolink:treats	MONDO:0011429	Ibuprofen	juvenile idiopathic arthritis	infores:drugcentral(primary_knowledge_source);infores:automat-robokop(aggregator_knowledge_source)
Q6	e0	e_13	CHEBI:43415	biolink:treats_or_applied_or_studied_to_treat	MONDO:0008383	Dexibuprofen	rheumatoid arthritis	infores:text-mining-provider-targeted(primary_knowledge_source);infores:automat-robokop(aggregator_knowledge_source)
Q6	e0	e_14	CHEBI:43415	biolink:treats	MONDO:0011429	Dexibuprofen	juvenile idiopathic arthritis	infores:drugcentral(primary_knowledge_source);infores:automat-robokop(aggregator_knowledge_source)
Q6	e0	e_15	CHEBI:43415	biolink:treats	MONDO:0008383	Dexibuprofen	rheumatoid arthritis	infores:drugcentral(primary_knowledge_source);infores:automat-robokop(aggregator_knowledge_source)
Q6	e0	e_16	MONDO:0011849	biolink:subclass_of	MONDO:0008383	psoriatic arthritis	rheumatoid arthritis	infores:ubergraph(primary_knowledge_source);infores:automat-robokop(aggregator_knowledge_source)
Q6	e0	e_17	MONDO:0019434	biolink:subclass_of	MONDO:0008383	Still Disease	rheumatoid arthritis	infores:ubergraph(primary_knowledge_source);infores:automat-robokop(aggregator_knowledge_source)
Q6	e0	e_18	MONDO:0011429	biolink:subclass_of	MONDO:0008383	juvenile idiopathic arthritis	rheumatoid arthritis	infores:ubergraph(primary_knowledge_source);infores:automat-robokop(aggregator_knowledge_source)
Q6	e0	e_19	MONDO:0011429	biolink:subclass_of	MONDO:0008383	juvenile idiopathic arthritis	rheumatoid arthritis	infores:drugmechdb(primary_knowledge_source);infores:automat-robokop(aggregator_knowledge_source)
Q6	e0	e_20	MONDO:0005185	biolink:subclass_of	MONDO:0008383	chronic childhood arthritis	rheumatoid arthritis	infores:ubergraph(primary_knowledge_source);infores:automat-robokop(aggregator_knowledge_source)
Q6	e0	e_21	MONDO:0005306	biolink:subclass_of	MONDO:0008383	ankylosing spondylitis	rheumatoid arthritis	infores:ubergraph(primary_knowledge_source);infores:automat-robokop(aggregator_knowledge_source)
Q6	e0	e_22	CHEBI:43415	biolink:subclass_of	CHEBI:5855	Dexibuprofen	Ibuprofen	infores:ubergraph(primary_knowledge_source);infores:automat-robokop(aggregator_knowledge_source)
Q6	e0	e_1_e_16	MONDO:0008383	biolink:treats_or_applied_or_studied_to_treat	MONDO:0011849	rheumatoid arthritis	psoriatic arthritis	infores:automat-robokop(primary_knowledge_source)
Q6	e0	e_2_e_17	MONDO:0008383	biolink:treats_or_applied_or_studied_to_treat	MONDO:0019434	rheumatoid arthritis	Still Disease	infores:automat-robokop(primary_knowledge_source)
Q6	e0	e_3_e_18	MONDO:0008383	biolink:treats_or_applied_or_studied_to_treat	MONDO:0011429	rheumatoid arthritis	juvenile idiopathic arthritis	infores:automat-robokop(primary_knowledge_source)
Q6	e0	e_3_e_19	MONDO:0008383	biolink:treats_or_applied_or_studied_to_treat	MONDO:0011429	rheumatoid arthritis	juvenile idiopathic arthritis	infores:automat-robokop(primary_knowledge_source)
Q6	e0	e_4_e_20	MONDO:0008383	biolink:treats_or_applied_or_studied_to_treat	MONDO:0005185	rheumatoid arthritis	chronic childhood arthritis	infores:automat-robokop(primary_knowledge_source)
Q6	e0	e_6_e_21	MONDO:0008383	biolink:treats_or_applied_or_studied_to_treat	MONDO:0005306	rheumatoid arthritis	ankylosing spondylitis	infores:automat-robokop(primary_knowledge_source)
Q6	e0	e_7_e_21	MONDO:0008383	biolink:treats_or_applied_or_studied_to_treat	MONDO:0005306	rheumatoid arthritis	ankylosing spondylitis	infores:automat-robokop(primary_knowledge_source)
Q6	e0	e_8_e_16	MONDO:0008383	biolink:has_adverse_event	MONDO:0011849	rheumatoid arthritis	psoriatic arthritis	infores:automat-robokop(primary_knowledge_source)
Q6	e0	e_10_e_21	MONDO:0008383	biolink:has_adverse_event	MONDO:0005306	rheumatoid arthritis	ankylosing spondylitis	infores:automat-robokop(primary_knowledge_source)
Q6	e0	e_12_e_18	MONDO:0008383	biolink:treats	MONDO:0011429	rheumatoid arthritis	juvenile idiopathic arthritis	infores:automat-robokop(primary_knowledge_source)
Q6	e0	e_12_e_19	MONDO:0008383	biolink:treats	MONDO:0011429	rheumatoid arthritis	juvenile idiopathic arthritis	infores:automat-robokop(primary_knowledge_source)
Q6	e0	e_13_e_22	CHEBI:43415	biolink:treats_or_applied_or_studied_to_treat	CHEBI:5855	Dexibuprofen	Ibuprofen	infores:automat-robokop(primary_knowledge_source)
Q6	e0	e_14_e_18_e_22	MONDO:0008383	biolink:treats	CHEBI:5855	rheumatoid arthritis	Ibuprofen	infores:automat-robokop(primary_knowledge_source)
Q6	e0	e_14_e_19_e_22	MONDO:0008383	biolink:treats	CHEBI:5855	rheumatoid arthritis	Ibuprofen	infores:automat-robokop(primary_knowledge_source)
Q6	e0	e_15_e_22	CHEBI:43415	biolink:treats	CHEBI:5855	Dexibuprofen	Ibuprofen	infores:automat-robokop(primary_knowledge_source)
Q7	e0	e_1	CHEBI:3756	biolink:treats_or_applied_or_studied_to_treat	MONDO:0004375	Clonazepam	end stage renal failure	infores:text-mining-provider-targeted(primary_knowledge_source);infores:automat-robokop(aggregator_knowledge_source)
Q7	e0	e_2	CHEBI:3756	biolink:has_adverse_event	MONDO:0005300	Clonazepam	chronic kidney disease	infores:faers(primary_knowledge_source);infores:drugcentral(aggregator_knowledge_source);infores:automat-robokop(aggregator_knowledge_source)
Q7	e0	e_3	CHEBI:3756	biolink:has_adverse_event	MONDO:0024327	Clonazepam	Chronic uremia	infores:faers(primary_knowledge_source);infores:drugcentral(aggregator_knowledge_source);infores:automat-robokop(aggregator_knowledge_source)
Q7	e0	e_4	MONDO:0004375	biolink:subclass_of	MONDO:0005300	end stage renal failure	chronic kidney disease	infores:ubergraph(primary_knowledge_source);infores:automat-robokop(aggregator_knowledge_source)
Q7	e0	e_5	MONDO:0024327	biolink:subclass_of	MONDO:0005300	Chronic uremia	chronic kidney disease	infores:ubergraph(primary_knowledge_source);infores:automat-robokop(aggregator_knowledge_source)
Q7	e0	e_1_e_4	MONDO:0005300	biolink:treats_or_applied_or_studied_to_treat	MONDO:0004375	chronic kidney disease	end stage renal failure	infores:automat-robokop(primary_knowledge_source)
Q7	e0	e_3_e_5	MONDO:0005300	biolink:has_adverse_event	MONDO:0024327	chronic kidney disease	Chronic uremia	infores:automat-robokop(primary_knowledge_source)
Q8	e0	e_1	CHEBI:41774	biolink:treats_or_applied_or_studied_to_treat	MONDO:0008383	Tamoxifen	rheumatoid arthritis	infores:text-mining-provider-targeted(primary_knowledge_source);infores:automat-robokop(aggregator_knowledge_source)
Q9	e0	e_1	CHEBI:15365	biolink:affects	NCBIGene:7422	Aspirin	VEGFA	infores:text-mining-provider-targeted(primary_knowledge_source);infores:automat-robokop(aggregator_knowledge_source)
Q10	e0	e_1	MONDO:0007254	biolink:related_to	NCBIGene:3569	breast cancer	IL6	infores:hetionet(primary_knowledge_source);infores:automat-robokop(aggregator_knowledge_source)
Q10	e0	e_2	NCBIGene:3569	biolink:genetically_associated_with	MONDO:0004989	IL6	breast carcinoma	infores:disgenet(primary_knowledge_source);infores:pharos(aggregator_knowledge_source);infores:automat-robokop(aggregator_knowledge_source)
Q10	e0	e_3	NCBIGene:3569	biolink:genetically_associated_with	MONDO:0004989	IL6	breast carcinoma	infores:ctd(primary_knowledge_source);infores:pharos(aggregator_knowledge_source);infores:automat-robokop(aggregator_knowledge_source)
Q10	e0	e_4	NCBIGene:3569	biolink:genetically_associated_with	MONDO:0007254	IL6	breast cancer	infores:disgenet(primary_knowledge_source);infores:pharos(aggregator_knowledge_source);infores:automat-robokop(aggregator_knowledge_source)
Q10	e0	e_5	NCBIGene:3569	biolink:genetically_associated_with	MONDO:0007254	IL6	breast cancer	infores:ctd(primary_knowledge_source);infores:pharos(aggregator_knowledge_source);infores:automat-robokop(aggregator_knowledge_source)
Q10	e0	e_6	MONDO:0004989	biolink:subclass_of	MONDO:0007254	breast carcinoma	breast cancer	infores:ubergraph(primary_knowledge_source);infores:automat-robokop(aggregator_knowledge_source)
Q10	e0	e_2_e_6	MONDO:0007254	biolink:genetically_associated_with	MONDO:0004989	breast cancer	breast carcinoma	infores:automat-robokop(primary_knowledge_source)
Q10	e0	e_3_e_6	MONDO:0007254	biolink:genetically_associated_with	MONDO:0004989	breast cancer	breast carcinoma	infores:automat-robokop(primary_knowledge_source)
Q11	e0	e_1	MONDO:0005300	biolink:related_to	NCBIGene:7422	chronic kidney disease	VEGFA	infores:hetionet(primary_knowledge_source);infores:automat-robokop(aggregator_knowledge_source)
Q11	e0	e_2	NCBIGene:7422	biolink:genetically_associated_with	MONDO:0005016	VEGFA	diabetic kidney disease	infores:disgenet(primary_knowledge_source);infores:pharos(aggregator_knowledge_source);infores:automat-robokop(aggregator_knowledge_source)
Q11	e0	e_3	NCBIGene:7422	biolink:genetically_associated_with	MONDO:0005016	VEGFA	diabetic kidney disease	infores:ctd(primary_knowledge_source);infores:pharos(aggregator_knowledge_source);infores:automat-robokop(aggregator_knowledge_source)
Q11	e0	e_4	MONDO:0005016	biolink:subclass_of	MONDO:0005300	diabetic kidney disease	chronic kidney disease	infores:ubergraph(primary_knowledge_source);infores:automat-robokop(aggregator_knowledge_source)
Q11	e0	e_2_e_4	MONDO:0005300	biolink:genetically_associated_with	MONDO:0005016	chronic kidney disease	diabetic kidney disease	infores:automat-robokop(primary_knowledge_source)
Q11	e0	e_3_e_4	MONDO:0005300	biolink:genetically_associated_with	MONDO:0005016	chronic kidney disease	diabetic kidney disease	infores:automat-robokop(primary_knowledge_source)
Q12	e0	e_1	CHEBI:27899	biolink:treats_or_applied_or_studied_to_treat	MONDO:0008383	Cisplatin	rheumatoid arthritis	infores:text-mining-provider-targeted(primary_knowledge_source);infores:automat-robokop(aggregator_knowledge_source)
Q13	e0	e_1	CHEBI:5855	biolink:contributes_to	MONDO:0005300	Ibuprofen	chronic kidney disease	infores:text-mining-provider-targeted(primary_knowledge_source);infores:automat-robokop(aggregator_knowledge_source)
Q13	e0	e_2	CHEBI:5855	biolink:contributes_to	MONDO:0005300	Ibuprofen	chronic kidney disease	infores:ctd(primary_knowledge_source);infores:automat-robokop(aggregator_knowledge_source)
Q13	e0	e_3	CHEBI:5855	biolink:treats_or_applied_or_studied_to_treat	MONDO:0024327	Ibuprofen	Chronic uremia	infores:text-mining-provider-targeted(primary_knowledge_source);infores:automat-robokop(aggregator_knowledge_source)
Q13	e0	e_4	CHEBI:5855	biolink:treats_or_applied_or_studied_to_treat	MONDO:0005300	Ibuprofen	chronic kidney disease	infores:text-mining-provider-targeted(primary_knowledge_source);infores:automat-robokop(aggregator_knowledge_source)
Q13	e0	e_5	MONDO:0024327	biolink:subclass_of	MONDO:0005300	Chronic uremia	chronic kidney disease	infores:ubergraph(primary_knowledge_source);infores:automat-robokop(aggregator_knowledge_source)
Q13	e0	e_3_e_5	MONDO:0005300	biolink:treats_or_applied_or_studied_to_treat	MONDO:0024327	chronic kidney disease	Chronic uremia	infores:automat-robokop(primary_knowledge_source)
Q14	e0	e_1	CHEBI:5855	biolink:affects	NCBIGene:3569	Ibuprofen	IL6	infores:text-mining-provider-targeted(primary_knowledge_source);infores:automat-robokop(aggregator_knowledge_source)
Q15	e0	e_1	CHEBI:41774	biolink:treats_or_applied_or_studied_to_treat	MONDO:0005148	Tamoxifen	type 2 diabetes mellitus	infores:text-mining-provider-targeted(primary_knowledge_source);infores:automat-robokop(aggregator_knowledge_source)
Q16	e0	e_1	CHEBI:10033	biolink:contributes_to	MONDO:0004979	Warfarin	asthma	infores:text-mining-provider-targeted(primary_knowledge_source);infores:automat-robokop(aggregator_knowledge_source)
Q16	e0	e_2	CHEBI:10033	biolink:treats_or_applied_or_studied_to_treat	MONDO:0004979	Warfarin	asthma	infores:text-mining-provider-targeted(primary_knowledge_source);infores:automat-robokop(aggregator_knowledge_source)
Q16	e0	e_3	CHEBI:10033	biolink:treats_or_applied_or_studied_to_treat	MONDO:0005405	Warfarin	childhood onset asthma	infores:text-mining-provider-targeted(primary_knowledge_source);infores:automat-robokop(aggregator_knowledge_source)
Q16	e0	e_4	CHEBI:10033	biolink:has_adverse_event	MONDO:0004979	Warfarin	asthma	infores:faers(primary_knowledge_source);infores:drugcentral(aggregator_knowledge_source);infores:automat-robokop(aggregator_knowledge_source)
Q16	e0	e_5	MONDO:0005405	biolink:subclass_of	MONDO:0004979	childhood onset asthma	asthma	infores:ubergraph(primary_knowledge_source);infores:automat-robokop(aggregator_knowledge_source)
Q16	e0	e_3_e_5	MONDO:0004979	biolink:treats_or_applied_or_studied_to_treat	MONDO:0005405	asthma	childhood onset asthma	infores:automat-robokop(primary_knowledge_source)
Q17	e0	e_1	MONDO:0005010	biolink:related_to	NCBIGene:3569	coronary artery disorder	IL6	infores:hetionet(primary_knowledge_source);infores:automat-robokop(aggregator_knowledge_source)
Q17	e0	e_2	NCBIGene:3569	biolink:genetically_associated_with	MONDO:0005010	IL6	coronary artery disorder	infores:diseases(primary_knowledge_source);infores:pharos(aggregator_knowledge_source);infores:automat-robokop(aggregator_knowledge_source)
Q17	e0	e_3	NCBIGene:3569	biolink:genetically_associated_with	MONDO:0005010	IL6	coronary artery disorder	infores:ctd(primary_knowledge_source);infores:pharos(aggregator_knowledge_source);infores:automat-robokop(aggregator_knowledge_source)
Q18	e0	e_1	CHEBI:6801	biolink:affects	NCBIGene:673	Metformin	BRAF	infores:text-mining-provider-targeted(primary_knowledge_source);infores:automat-robokop(aggregator_knowledge_source)
Q19	e0	e_1	CHEBI:6801	biolink:affects	NCBIGene:1636	Metformin	ACE	infores:text-mining-provider-targeted(primary_knowledge_source);infores:automat-robokop(aggregator_knowledge_source)
Q20	e0	e_1	CHEBI:15365	biolink:contributes_to	MONDO:0043267	Aspirin	rheumatoid vasculitis	infores:text-mining-provider-targeted(primary_knowledge_source);infores:automat-robokop(aggregator_knowledge_source)
Q20	e0	e_2	CHEBI:15365	biolink:treats_or_applied_or_studied_to_treat	MONDO:0023249	Aspirin	polyarticular juvenile rheumatoid arthritis	infores:text-mining-provider-targeted(primary_knowledge_source);infores:automat-robokop(aggregator_knowledge_source)
Q20	e0	e_3	CHEBI:15365	biolink:treats_or_applied_or_studied_to_treat	MONDO:0019434	Aspirin	Still Disease	infores:text-mining-provider-targeted(primary_knowledge_source);infores:automat-robokop(aggregator_knowledge_source)
Q20	e0	e_4	CHEBI:15365	biolink:treats_or_applied_or_studied_to_treat	MONDO:0005306	Aspirin	ankylosing spondylitis	infores:text-mining-provider-targeted(primary_knowledge_source);infores:automat-robokop(aggregator_knowledge_source)
Q20	e0	e_5	CHEBI:15365	biolink:treats_or_applied_or_studied_to_treat	MONDO:0019355	Aspirin	adult-onset Still disease	infores:text-mining-provider-targeted(primary_knowledge_source);infores:automat-robokop(aggregator_knowledge_source)
Q20	e0	e_6	CHEBI:15365	biolink:treats_or_applied_or_studied_to_treat	MONDO:0019355	Aspirin	adult-onset Still disease	infores:ctd(primary_knowledge_source);infores:automat-robokop(aggregator_knowledge_source)
Q20	e0	e_7	CHEBI:15365	biolink:treats_or_applied_or_studied_to_treat	MONDO:0011849	Aspirin	psoriatic arthritis	infores:text-mining-provider-targeted(primary_knowledge_source);infores:automat-robokop(aggregator_knowledge_source)
Q20	e0	e_8	CHEBI:15365	biolink:treats_or_applied_or_studied_to_treat	MONDO:0008383	Aspirin	rheumatoid arthritis	infores:ctd(primary_knowledge_source);infores:automat-robokop(aggregator_knowledge_source)
Q20	e0	e_9	CHEBI:15365	biolink:treats_or_applied_or_studied_to_treat	MONDO:0008383	Aspirin	rheumatoid arthritis	infores:text-mining-provider-targeted(primary_knowledge_source);infores:automat-robokop(aggregator_knowledge_source)
Q20	e0	e_10	CHEBI:15365	biolink:treats_or_applied_or_studied_to_treat	MONDO:0005185	Aspirin	chronic childhood arthritis	infores:text-mining-provider-targeted(primary_knowledge_source);infores:automat-robokop(aggregator_knowledge_source)
Q20	e0	e_11	CHEBI:15365	biolink:treats_or_applied_or_studied_to_treat	MONDO:0011429	Aspirin	juvenile idiopathic arthritis	infores:text-mining-provider-targeted(primary_knowledge_source);infores:automat-robokop(aggregator_knowledge_source)
Q20	e0	e_12	CHEBI:15365	biolink:treats_or_applied_or_studied_to_treat	MONDO:0011429	Aspirin	juvenile idiopathic arthritis	infores:ctd(primary_knowledge_source);infores:automat-robokop(aggregator_knowledge_source)
Q20	e0	e_13	CHEBI:15365	biolink:treats_or_applied_or_studied_to_treat	MONDO:0043267	Aspirin	rheumatoid vasculitis	infores:text-mining-provider-targeted(primary_knowledge_source);infores:automat-robokop(aggregator_knowledge_source)
Q20	e0	e_14	CHEBI:15365	biolink:has_adverse_event	MONDO:0011849	Aspirin	psoriatic arthritis	infores:faers(primary_knowledge_source);infores:drugcentral(aggregator_knowledge_source);infores:automat-robokop(aggregator_knowledge_source)
Q20	e0	e_15	CHEBI:15365	biolink:has_adverse_event	MONDO:0011429	Aspirin	juvenile idiopathic arthritis	infores:faers(primary_knowledge_source);infores:drugcentral(aggregator_knowledge_source);infores:automat-robokop(aggregator_knowledge_source)
Q20	e0	e_16	CHEBI:15365	biolink:has_adverse_event	MONDO:0005306	Aspirin	ankylosing spondylitis	infores:faers(primary_knowledge_source);infores:drugcentral(aggregator_knowledge_source);infores:automat-robokop(aggregator_knowledge_source)
Q20	e0	e_17	CHEBI:15365	biolink:has_adverse_event	MONDO:0008383	Aspirin	rheumatoid arthritis	infores:faers(primary_knowledge_source);infores:drugcentral(aggregator_knowledge_source);infores:automat-robokop(aggregator_knowledge_source)
Q20	e0	e_18	CHEBI:15365	biolink:treats	MONDO:0008383	Aspirin	rheumatoid arthritis	infores:drugcentral(primary_knowledge_source);infores:automat-robokop(aggregator_knowledge_source)
Q20	e0	e_19	CHEBI:15365	biolink:ameliorates_condition	MONDO:0008383	Aspirin	rheumatoid arthritis	infores:hetionet(primary_knowledge_source);infores:automat-robokop(aggregator_knowledge_source)
Q20	e0	e_20	MONDO:0043267	biolink:subclass_of	MONDO:0008383	rheumatoid vasculitis	rheumatoid arthritis	infores:ubergraph(primary_knowledge_source);infores:automat-robokop(aggregator_knowledge_source)
Q20	e0	e_21	MONDO:0023249	biolink:subclass_of	MONDO:0008383	polyarticular juvenile rheumatoid arthritis	rheumatoid arthritis	infores:ubergraph(primary_knowledge_source);infores:automat-robokop(aggregator_knowledge_source)
Q20	e0	e_22	MONDO:0019434	biolink:subclass_of	MONDO:0008383	Still Disease	rheumatoid arthritis	infores:ubergraph(primary_knowledge_source);infores:automat-robokop(aggregator_knowledge_source)
Q20	e0	e_23	MONDO:0005306	biolink:subclass_of	MONDO:0008383	ankylosing spondylitis	rheumatoid arthritis	infores:ubergraph(primary_knowledge_source);infores:automat-robokop(aggregator_knowledge_source)
Q20	e0	e_24	MONDO:0019355	biolink:subclass_of	MONDO:0008383	adult-onset Still disease	rheumatoid arthritis	infores:ubergraph(primary_knowledge_source);infores:automat-robokop(aggregator_knowledge_source)
Q20	e0	e_25	MONDO:0011849	biolink:subclass_of	MONDO:0008383	psoriatic arthritis	rheumatoid arthritis	infores:ubergraph(primary_knowledge_source);infores:automat-robokop(aggregator_knowledge_source)
Q20	e0	e_26	MONDO:0005185	biolink:subclass_of	MONDO:0008383	chronic childhood arthritis	rheumatoid arthritis	infores:ubergraph(primary_knowledge_source);infores:automat-robokop(aggregator_knowledge_source)
Q20	e0	e_27	MONDO:0011429	biolink:subclass_of	MONDO:0008383	juvenile idiopathic arthritis	rheumatoid arthritis	infores:ubergraph(primary_knowledge_source);infores:automat-robokop(aggregator_knowledge_source)
Q20	e0	e_28	MONDO:0011429	biolink:subclass_of	MONDO:0008383	juvenile idiopathic arthritis	rheumatoid arthritis	infores:drugmechdb(primary_knowledge_source);infores:automat-robokop(aggregator_knowledge_source)
Q20	e0	e_1_e_20	MONDO:0008383	biolink:contributes_to	MONDO:0043267	rheumatoid arthritis	rheumatoid vasculitis	infores:automat-robokop(primary_knowledge_source)
Q20	e0	e_2_e_21	MONDO:0008383	biolink:treats_or_applied_or_studied_to_treat	MONDO:0023249	rheumatoid arthritis	polyarticular juvenile rheumatoid arthritis	infores:automat-robokop(primary_knowledge_source)
Q20	e0	e_3_e_22	MONDO:0008383	biolink:treats_or_applied_or_studied_to_treat	MONDO:0019434	rheumatoid arthritis	Still Disease	infores:automat-robokop(primary_knowledge_source)
Q20	e0	e_4_e_23	MONDO:0008383	biolink:treats_or_applied_or_studied_to_treat	MONDO:0005306	rheumatoid arthritis	ankylosing spondylitis	infores:automat-robokop(primary_knowledge_source)
Q20	e0	e_5_e_24	MONDO:0008383	biolink:treats_or_applied_or_studied_to_treat	MONDO:0019355	rheumatoid arthritis	adult-onset Still disease	infores:automat-robokop(primary_knowledge_source)
Q20	e0	e_6_e_24	MONDO:0008383	biolink:treats_or_applied_or_studied_to_treat	MONDO:0019355	rheumatoid arthritis	adult-onset Still disease	infores:automat-robokop(primary_knowledge_source)
Q20	e0	e_7_e_25	MONDO:0008383	biolink:treats_or_applied_or_studied_to_treat	MONDO:0011849	rheumatoid arthritis	psoriatic arthritis	infores:automat-robokop(primary_knowledge_source)
Q20	e0	e_10_e_26	MONDO:0008383	biolink:treats_or_applied_or_studied_to_treat	MONDO:0005185	rheumatoid arthritis	chronic childhood arthritis	infores:automat-robokop(primary_knowledge_source)
Q20	e0	e_11_e_27	MONDO:0008383	biolink:treats_or_applied_or_studied_to_treat	MONDO:0011429	rheumatoid arthritis	juvenile idiopathic arthritis	infores:automat-robokop(primary_knowledge_source)
Q20	e0	e_11_e_28	MONDO:0008383	biolink:treats_or_applied_or_studied_to_treat	MONDO:0011429	rheumatoid arthritis	juvenile idiopathic arthritis	infores:automat-robokop(primary_knowledge_source)
Q20	e0	e_12_e_27	MONDO:0008383	biolink:treats_or_applied_or_studied_to_treat	MONDO:0011429	rheumatoid arthritis	juvenile idiopathic arthritis	infores:automat-robokop(primary_knowledge_source)
Q20	e0	e_12_e_28	MONDO:0008383	biolink:treats_or_applied_or_studied_to_treat	MONDO:0011429	rheumatoid arthritis	juvenile idiopathic arthritis	infores:automat-robokop(primary_knowledge_source)
Q20	e0	e_13_e_20	MONDO:0008383	biolink:treats_or_applied_or_studied_to_treat	MONDO:0043267	rheumatoid arthritis	rheumatoid vasculitis	infores:automat-robokop(primary_knowledge_source)
Q20	e0	e_14_e_25	MONDO:0008383	biolink:has_adverse_event	MONDO:0011849	rheumatoid arthritis	psoriatic arthritis	infores:automat-robokop(primary_knowledge_source)
Q20	e0	e_15_e_27	MONDO:0008383	biolink:has_adverse_event	MONDO:0011429	rheumatoid arthritis	juvenile idiopathic arthritis	infores:automat-robokop(primary_knowledge_source)
Q20	e0	e_15_e_28	MONDO:0008383	biolink:has_adverse_event	MONDO:0011429	rheumatoid arthritis	juvenile idiopathic arthritis	infores:automat-robokop(primary_knowledge_source)
Q20	e0	e_16_e_23	MONDO:0008383	biolink:has_adverse_event	MONDO:0005306	rheumatoid arthritis	ankylosing spondylitis	infores:automat-robokop(primary_knowledge_source)
Q21	e0	e_1	CHEBI:41774	biolink:treats_or_applied_or_studied_to_treat	MONDO:0004975	Tamoxifen	Alzheimer disease	infores:text-mining-provider-targeted(primary_knowledge_source);infores:automat-robokop(aggregator_knowledge_source)
Q22	e0	e_1	CHEBI:3756	biolink:treats_or_applied_or_studied_to_treat	MONDO:0007254	Clonazepam	breast cancer	infores:text-mining-provider-targeted(primary_knowledge_source);infores:automat-robokop(aggregator_knowledge_source)
Q23	e0	e_1	CHEBI:6801	biolink:affects	NCBIGene:7422	Metformin	VEGFA	infores:text-mining-provider-targeted(primary_knowledge_source);infores:automat-robokop(aggregator_knowledge_source)
Q24	e0	e_1	MONDO:0008383	biolink:related_to	NCBIGene:7422	rheumatoid arthritis	VEGFA	infores:hetionet(primary_knowledge_source);infores:automat-robokop(aggregator_knowledge_source)
Q24	e0	e_2	NCBIGene:7422	biolink:genetically_associated_with	MONDO:0008383	VEGFA	rheumatoid arthritis	infores:disgenet(primary_knowledge_source);infores:pharos(aggregator_knowledge_source);infores:automat-robokop(aggregator_knowledge_source)
Q24	e0	e_3	NCBIGene:7422	biolink:genetically_associated_with	MONDO:0008383	VEGFA	rheumatoid arthritis	infores:ctd(primary_knowledge_source);infores:pharos(aggregator_knowledge_source);infores:automat-robokop(aggregator_knowledge_source)
Q24	e0	e_4	NCBIGene:7422	biolink:genetically_associated_with	MONDO:0008383	VEGFA	rheumatoid arthritis	infores:eram(primary_knowledge_source);infores:pharos(aggregator_knowledge_source);infores:automat-robokop(aggregator_knowledge_source)
Q25	e0	e_1	MONDO:0005010	biolink:related_to	NCBIGene:1636	coronary artery disorder	ACE	infores:hetionet(primary_knowledge_source);infores:automat-robokop(aggregator_knowledge_source)
Q25	e0	e_2	NCBIGene:1636	biolink:genetically_associated_with	MONDO:0005355	ACE	coronary restenosis	infores:ctd(primary_knowledge_source);infores:pharos(aggregator_knowledge_source);infores:automat-robokop(aggregator_knowledge_source)
Q25	e0	e_3	NCBIGene:1636	biolink:genetically_associated_with	MONDO:0005010	ACE	coronary artery disorder	infores:disgenet(primary_knowledge_source);infores:pharos(aggregator_knowledge_source);infores:automat-robokop(aggregator_knowledge_source)
Q25	e0	e_4	NCBIGene:1636	biolink:genetically_associated_with	MONDO:0005010	ACE	coronary artery disorder	infores:diseases(primary_knowledge_source);infores:pharos(aggregator_knowledge_source);infores:automat-robokop(aggregator_knowledge_source)
Q25	e0	e_5	NCBIGene:1636	biolink:genetically_associated_with	MONDO:0005355	ACE	coronary restenosis	infores:disgenet(primary_knowledge_source);infores:pharos(aggregator_knowledge_source);infores:automat-robokop(aggregator_knowledge_source)
Q25	e0	e_6	NCBIGene:1636	biolink:genetically_associated_with	MONDO:0021661	ACE	coronary atherosclerosis	infores:disgenet(primary_knowledge_source);infores:pharos(aggregator_knowledge_source);infores:automat-robokop(aggregator_knowledge_source)
Q25	e0	e_7	NCBIGene:1636	biolink:genetically_associated_with	MONDO:0005010	ACE	coronary artery disorder	infores:ctd(primary_knowledge_source);infores:pharos(aggregator_knowledge_source);infores:automat-robokop(aggregator_knowledge_source)
Q25	e0	e_8	MONDO:0005355	biolink:subclass_of	MONDO:0005010	coronary restenosis	coronary artery disorder	infores:ubergraph(primary_knowledge_source);infores:automat-robokop(aggregator_knowledge_source)
Q25	e0	e_9	MONDO:0021661	biolink:subclass_of	MONDO:0005010	coronary atherosclerosis	coronary artery disorder	infores:ubergraph(primary_knowledge_source);infores:automat-robokop(aggregator_knowledge_source)
Q25	e0	e_2_e_8	MONDO:0005010	biolink:genetically_associated_with	MONDO:0005355	coronary artery disorder	coronary restenosis	infores:automat-robokop(primary_knowledge_source)
Q25	e0	e_5_e_8	MONDO:0005010	biolink:genetically_associated_with	MONDO:0005355	coronary artery disorder	coronary restenosis	infores:automat-robokop(primary_knowledge_source)
Q25	e0	e_6_e_9	MONDO:0005010	biolink:genetically_associated_with	MONDO:0021661	coronary artery disorder	coronary atherosclerosis	infores:automat-robokop(primary_knowledge_source)
Q26	e0	e_1	MONDO:0004979	biolink:related_to	NCBIGene:7124	asthma	TNF	infores:hetionet(primary_knowledge_source);infores:automat-robokop(aggregator_knowledge_source)
Q26	e0	uuid:166174f4-198e-11f0-be82-6045bdb3d4c0	NCBIGene:7124	biolink:has_phenotype	MONDO:0004979	TNF	asthma	infores:hpo-annotations(primary_knowledge_source);infores:monarchinitiative(aggregator_knowledge_source);infores:automat-robokop(aggregator_knowledge_source)
Q26	e0	e_3	NCBIGene:7124	biolink:genetically_associated_with	MONDO:0004979	TNF	asthma	infores:ctd(primary_knowledge_source);infores:pharos(aggregator_knowledge_source);infores:automat-robokop(aggregator_knowledge_source)
Q26	e0	e_4	NCBIGene:7124	biolink:genetically_associated_with	MONDO:0004979	TNF	asthma	infores:diseases(primary_knowledge_source);infores:pharos(aggregator_knowledge_source);infores:automat-robokop(aggregator_knowledge_source)
Q26	e0	e_5	NCBIGene:7124	biolink:genetically_associated_with	MONDO:0022742	TNF	occupational asthma	infores:monarchinitiative(primary_knowledge_source);infores:pharos(aggregator_knowledge_source);infores:automat-robokop(aggregator_knowledge_source)
Q26	e0	e_6	NCBIGene:7124	biolink:genetically_associated_with	MONDO:0022742	TNF	occupational asthma	infores:disgenet(primary_knowledge_source);infores:pharos(aggregator_knowledge_source);infores:automat-robokop(aggregator_knowledge_source)
Q26	e0	e_7	NCBIGene:7124	biolink:genetically_associated_with	MONDO:0004979	TNF	asthma	infores:disgenet(primary_knowledge_source);infores:pharos(aggregator_knowledge_source);infores:automat-robokop(aggregator_knowledge_source)
Q26	e0	e_8	NCBIGene:7124	biolink:genetically_associated_with	MONDO:0022742	TNF	occupational asthma	infores:ctd(primary_knowledge_source);infores:pharos(aggregator_knowledge_source);infores:automat-robokop(aggregator_knowledge_source)
Q26	e0	e_9	MONDO:0022742	biolink:subclass_of	MONDO:0004979	occupational asthma	asthma	infores:ubergraph(primary_knowledge_source);infores:automat-robokop(aggregator_knowledge_source)
Q26	e0	e_5_e_9	MONDO:0004979	biolink:genetically_associated_with	MONDO:0022742	asthma	occupational asthma	infores:automat-robokop(primary_knowledge_source)
Q26	e0	e_6_e_9	MONDO:0004979	biolink:genetically_associated_with	MONDO:0022742	asthma	occupational asthma	infores:automat-robokop(primary_knowledge_source)
Q26	e0	e_8_e_9	MONDO:0004979	biolink:genetically_associated_with	MONDO:0022742	asthma	occupational asthma	infores:automat-robokop(primary_knowledge_source)
Q27	e0	e_1	NCBIGene:1636	biolink:target_for	MONDO:0001134	ACE	essential hypertension	infores:drugcentral(primary_knowledge_source);infores:pharos(aggregator_knowledge_source);infores:automat-robokop(aggregator_knowledge_source)
Q28	e0	uuid:0e9d591e-198e-11f0-be82-6045bdb3d4c0	NCBIGene:3569	biolink:contributes_to	MONDO:0011429	IL6	juvenile idiopathic arthritis	infores:omim(primary_knowledge_source);infores:monarchinitiative(aggregator_knowledge_source);infores:medgen(aggregator_knowledge_source);infores:automat-robokop(aggregator_knowledge_source)
Q28	e0	e_2	MONDO:0008383	biolink:related_to	NCBIGene:3569	rheumatoid arthritis	IL6	infores:hetionet(primary_knowledge_source);infores:automat-robokop(aggregator_knowledge_source)
Q28	e0	uuid:1eb9db29-198e-11f0-be82-6045bdb3d4c0	NCBIGene:3569	biolink:has_phenotype	MONDO:0011429	IL6	juvenile idiopathic arthritis	infores:hpo-annotations(primary_knowledge_source);infores:monarchinitiative(aggregator_knowledge_source);infores:automat-robokop(aggregator_knowledge_source)
Q28	e0	e_4	NCBIGene:3569	biolink:genetically_associated_with	MONDO:0011429	IL6	juvenile idiopathic arthritis	infores:monarchinitiative(primary_knowledge_source);infores:pharos(aggregator_knowledge_source);infores:automat-robokop(aggregator_knowledge_source)
Q28	e0	e_5	NCBIGene:3569	biolink:genetically_associated_with	MONDO:0019434	IL6	Still Disease	infores:disgenet(primary_knowledge_source);infores:pharos(aggregator_knowledge_source);infores:automat-robokop(aggregator_knowledge_source)
Q28	e0	e_6	NCBIGene:3569	biolink:genetically_associated_with	MONDO:0011429	IL6	juvenile idiopathic arthritis	infores:eram(primary_knowledge_source);infores:pharos(aggregator_knowledge_source);infores:automat-robokop(aggregator_knowledge_source)
Q28	e0	e_7	NCBIGene:3569	biolink:genetically_associated_with	MONDO:0019434	IL6	Still Disease	infores:ctd(primary_knowledge_source);infores:pharos(aggregator_knowledge_source);infores:automat-robokop(aggregator_knowledge_source)
Q28	e0	e_8	NCBIGene:3569	biolink:genetically_associated_with	MONDO:0011429	IL6	juvenile idiopathic arthritis	infores:uniprot(primary_knowledge_source);infores:pharos(aggregator_knowledge_source);infores:automat-robokop(aggregator_knowledge_source)
Q28	e0	e_9	NCBIGene:3569	biolink:genetically_associated_with	MONDO:0008383	IL6	rheumatoid arthritis	infores:eram(primary_knowledge_source);infores:pharos(aggregator_knowledge_source);infores:automat-robokop(aggregator_knowledge_source)
Q28	e0	e_10	NCBIGene:3569	biolink:genetically_associated_with	MONDO:0011429	IL6	juvenile idiopathic arthritis	infores:diseases(primary_knowledge_source);infores:pharos(aggregator_knowledge_source);infores:automat-robokop(aggregator_knowledge_source)
Q28	e0	e_11	NCBIGene:3569	biolink:genetically_associated_with	MONDO:0008383	IL6	rheumatoid arthritis	infores:ctd(primary_knowledge_source);infores:pharos(aggregator_knowledge_source);infores:automat-robokop(aggregator_knowledge_source)
Q28	e0	e_12	NCBIGene:3569	biolink:genetically_associated_with	MONDO:0008383	IL6	rheumatoid arthritis	infores:disgenet(primary_knowledge_source);infores:pharos(aggregator_knowledge_source);infores:automat-robokop(aggregator_knowledge_source)
Q28	e0	e_13	NCBIGene:3569	biolink:positively_correlated_with	MONDO:0008383	IL6	rheumatoid arthritis	infores:drugmechdb(primary_knowledge_source);infores:automat-robokop(aggregator_knowledge_source)
Q28	e0	e_14	MONDO:0011429	biolink:subclass_of	MONDO:0008383	juvenile idiopathic arthritis	rheumatoid arthritis	infores:ubergraph(primary_knowledge_source);infores:automat-robokop(aggregator_knowledge_source)
Q28	e0	e_15	MONDO:0011429	biolink:subclass_of	MONDO:0008383	juvenile idiopathic arthritis	rheumatoid arthritis	infores:drugmechdb(primary_knowledge_source);infores:automat-robokop(aggregator_knowledge_source)
Q28	e0	e_16	MONDO:0019434	biolink:subclass_of	MONDO:0008383	Still Disease	rheumatoid arthritis	infores:ubergraph(primary_knowledge_source);infores:automat-robokop(aggregator_knowledge_source)
Q28	e0	uuid:0e9d591e-198e-11f0-be82-6045bdb3d4c0_e_14	MONDO:0008383	biolink:contributes_to	MONDO:0011429	rheumatoid arthritis	juvenile idiopathic arthritis	infores:automat-robokop(primary_knowledge_source)
Q28	e0	uuid:0e9d591e-198e-11f0-be82-6045bdb3d4c0_e_15	MONDO:0008383	biolink:contributes_to	MONDO:0011429	rheumatoid arthritis	juvenile idiopathic arthritis	infores:automat-robokop(primary_knowledge_source)
Q28	e0	uuid:1eb9db29-198e-11f0-be82-6045bdb3d4c0_e_14	MONDO:0008383	biolink:has_phenotype	MONDO:0011429	rheumatoid arthritis	juvenile idiopathic arthritis	infores:automat-robokop(primary_knowledge_source)
Q28	e0	uuid:1eb9db29-198e-11f0-be82-6045bdb3d4c0_e_15	MONDO:0008383	biolink:has_phenotype	MONDO:0011429	rheumatoid arthritis	juvenile idiopathic arthritis	infores:automat-robokop(primary_knowledge_source)
Q28	e0	e_4_e_14	MONDO:0008383	biolink:genetically_associated_with	MONDO:0011429	rheumatoid arthritis	juvenile idiopathic arthritis	infores:automat-robokop(primary_knowledge_source)
Q28	e0	e_4_e_15	MONDO:0008383	biolink:genetically_associated_with	MONDO:0011429	rheumatoid arthritis	juvenile idiopathic arthritis	infores:automat-robokop(primary_knowledge_source)
Q28	e0	e_5_e_16	MONDO:0008383	biolink:genetically_associated_with	MONDO:0019434	rheumatoid arthritis	Still Disease	infores:automat-robokop(primary_knowledge_source)
Q28	e0	e_6_e_14	MONDO:0008383	biolink:genetically_associated_with	MONDO:0011429	rheumatoid arthritis	juvenile idiopathic arthritis	infores:automat-robokop(primary_knowledge_source)
Q28	e0	e_6_e_15	MONDO:0008383	biolink:genetically_associated_with	MONDO:0011429	rheumatoid arthritis	juvenile idiopathic arthritis	infores:automat-robokop(primary_knowledge_source)
Q28	e0	e_7_e_16	MONDO:0008383	biolink:genetically_associated_with	MONDO:0019434	rheumatoid arthritis	Still Disease	infores:automat-robokop(primary_knowledge_source)
Q28	e0	e_8_e_14	MONDO:0008383	biolink:genetically_associated_with	MONDO:0011429	rheumatoid arthritis	juvenile idiopathic arthritis	infores:automat-robokop(primary_knowledge_source)
Q28	e0	e_8_e_15	MONDO:0008383	biolink:genetically_associated_with	MONDO:0011429	rheumatoid arthritis	juvenile idiopathic arthritis	infores:automat-robokop(primary_knowledge_source)
Q28	e0	e_10_e_14	MONDO:0008383	biolink:genetically_associated_with	MONDO:0011429	rheumatoid arthritis	juvenile idiopathic arthritis	infores:automat-robokop(primary_knowledge_source)
Q28	e0	e_10_e_15	MONDO:0008383	biolink:genetically_associated_with	MONDO:0011429	rheumatoid arthritis	juvenile idiopathic arthritis	infores:automat-robokop(primary_knowledge_source)
Q29	e0	e_1	CHEBI:41774	biolink:affects	NCBIGene:7124	Tamoxifen	TNF	infores:text-mining-provider-targeted(primary_knowledge_source);infores:automat-robokop(aggregator_knowledge_source)
Q30	e0	e_1	CHEBI:15365	biolink:treats_or_applied_or_studied_to_treat	MONDO:0010422	Aspirin	Alzheimer disease 16	infores:text-mining-provider-targeted(primary_knowledge_source);infores:automat-robokop(aggregator_knowledge_source)
Q30	e0	e_2	CHEBI:15365	biolink:treats_or_applied_or_studied_to_treat	MONDO:0012630	Aspirin	Alzheimer disease 13	infores:text-mining-provider-targeted(primary_knowledge_source);infores:automat-robokop(aggregator_knowledge_source)
Q30	e0	e_3	CHEBI:15365	biolink:treats_or_applied_or_studied_to_treat	MONDO:0004975	Aspirin	Alzheimer disease	infores:text-mining-provider-targeted(primary_knowledge_source);infores:automat-robokop(aggregator_knowledge_source)
Q30	e0	e_4	CHEBI:15365	biolink:has_adverse_event	MONDO:0004975	Aspirin	Alzheimer disease	infores:faers(primary_knowledge_source);infores:drugcentral(aggregator_knowledge_source);infores:automat-robokop(aggregator_knowledge_source)
Q30	e0	e_5	MONDO:0010422	biolink:subclass_of	MONDO:0004975	Alzheimer disease 16	Alzheimer disease	infores:ubergraph(primary_knowledge_source);infores:automat-robokop(aggregator_knowledge_source)
Q30	e0	e_6	MONDO:0012630	biolink:subclass_of	MONDO:0004975	Alzheimer disease 13	Alzheimer disease	infores:ubergraph(primary_knowledge_source);infores:automat-robokop(aggregator_knowledge_source)
Q30	e0	e_1_e_5	MONDO:0004975	biolink:treats_or_applied_or_studied_to_treat	MONDO:0010422	Alzheimer disease	Alzheimer disease 16	infores:automat-robokop(primary_knowledge_source)
Q30	e0	e_2_e_6	MONDO:0004975	biolink:treats_or_applied_or_studied_to_treat	MONDO:0012630	Alzheimer disease	Alzheimer disease 13	infores:automat-robokop(primary_knowledge_source)
Q31	e0	uuid:1d886652-198e-11f0-be82-6045bdb3d4c0	NCBIGene:7157	biolink:has_phenotype	MONDO:0005061	TP53	lung adenocarcinoma	infores:hpo-annotations(primary_knowledge_source);infores:monarchinitiative(aggregator_knowledge_source);infores:automat-robokop(aggregator_knowledge_source)
Q31	e0	uuid:1d88764d-198e-11f0-be82-6045bdb3d4c0	NCBIGene:7157	biolink:has_phenotype	MONDO:0005061	TP53	lung adenocarcinoma	infores:hpo-annotations(primary_knowledge_source);infores:monarchinitiative(aggregator_knowledge_source);infores:automat-robokop(aggregator_knowledge_source)
Q31	e0	e_3	NCBIGene:7157	biolink:genetically_associated_with	MONDO:0005233	TP53	non-small cell lung carcinoma	infores:monarchinitiative(primary_knowledge_source);infores:pharos(aggregator_knowledge_source);infores:automat-robokop(aggregator_knowledge_source)
Q31	e0	e_4	NCBIGene:7157	biolink:genetically_associated_with	MONDO:0005233	TP53	non-small cell lung carcinoma	infores:disgenet(primary_knowledge_source);infores:pharos(aggregator_knowledge_source);infores:automat-robokop(aggregator_knowledge_source)
Q31	e0	e_5	NCBIGene:7157	biolink:genetically_associated_with	MONDO:0005233	TP53	non-small cell lung carcinoma	infores:ctd(primary_knowledge_source);infores:pharos(aggregator_knowledge_source);infores:automat-robokop(aggregator_knowledge_source)
Q31	e0	e_6	MONDO:0005061	biolink:subclass_of	MONDO:0005233	lung adenocarcinoma	non-small cell lung carcinoma	infores:ubergraph(primary_knowledge_source);infores:automat-robokop(aggregator_knowledge_source)
Q31	e0	uuid:1d886652-198e-11f0-be82-6045bdb3d4c0_e_6	MONDO:0005233	biolink:has_phenotype	MONDO:0005061	non-small cell lung carcinoma	lung adenocarcinoma	infores:automat-robokop(primary_knowledge_source)
Q31	e0	uuid:1d88764d-198e-11f0-be82-6045bdb3d4c0_e_6	MONDO:0005233	biolink:has_phenotype	MONDO:0005061	non-small cell lung carcinoma	lung adenocarcinoma	infores:automat-robokop(primary_knowledge_source)
Q32	e0	e_1	CHEBI:5855	biolink:affects	NCBIGene:7124	Ibuprofen	TNF	infores:text-mining-provider-targeted(primary_knowledge_source);infores:automat-robokop(aggregator_knowledge_source)
Q32	e0	e_2	CHEBI:43415	biolink:affects	NCBIGene:7124	Dexibuprofen	TNF	infores:text-mining-provider-targeted(primary_knowledge_source);infores:automat-robokop(aggregator_knowledge_source)
Q32	e0	e_3	CHEBI:43415	biolink:subclass_of	CHEBI:5855	Dexibuprofen	Ibuprofen	infores:ubergraph(primary_knowledge_source);infores:automat-robokop(aggregator_knowledge_source)
Q32	e0	e_2_e_3	CHEBI:43415	biolink:affects	CHEBI:5855	Dexibuprofen	Ibuprofen	infores:automat-robokop(primary_knowledge_source)
Q33	e0	e_1	CHEBI:41879	biolink:contributes_to	MONDO:0005010	Dexamethasone	coronary artery disorder	infores:text-mining-provider-targeted(primary_knowledge_source);infores:automat-robokop(aggregator_knowledge_source)
Q33	e0	e_2	CHEBI:41879	biolink:treats_or_applied_or_studied_to_treat	MONDO:0021661	Dexamethasone	coronary atherosclerosis	infores:text-mining-provider-targeted(primary_knowledge_source);infores:automat-robokop(aggregator_knowledge_source)
Q33	e0	e_3	CHEBI:41879	biolink:treats_or_applied_or_studied_to_treat	MONDO:0005010	Dexamethasone	coronary artery disorder	infores:text-mining-provider-targeted(primary_knowledge_source);infores:automat-robokop(aggregator_knowledge_source)
Q33	e0	e_4	CHEBI:41879	biolink:has_adverse_event	MONDO:0021661	Dexamethasone	coronary atherosclerosis	infores:faers(primary_knowledge_source);infores:drugcentral(aggregator_knowledge_source);infores:automat-robokop(aggregator_knowledge_source)
Q33	e0	e_5	CHEBI:41879	biolink:has_adverse_event	MONDO:0006805	Dexamethasone	angina unstable	infores:faers(primary_knowledge_source);infores:drugcentral(aggregator_knowledge_source);infores:automat-robokop(aggregator_knowledge_source)
Q33	e0	e_6	CHEBI:41879	biolink:has_adverse_event	MONDO:0005010	Dexamethasone	coronary artery disorder	infores:faers(primary_knowledge_source);infores:drugcentral(aggregator_knowledge_source);infores:automat-robokop(aggregator_knowledge_source)
Q33	e0	e_7	CHEBI:41879	biolink:has_adverse_event	MONDO:0006715	Dexamethasone	coronary stenosis	infores:faers(primary_knowledge_source);infores:drugcentral(aggregator_knowledge_source);infores:automat-robokop(aggregator_knowledge_source)
Q33	e0	e_8	MONDO:0021661	biolink:subclass_of	MONDO:0005010	coronary atherosclerosis	coronary artery disorder	infores:ubergraph(primary_knowledge_source);infores:automat-robokop(aggregator_knowledge_source)
Q33	e0	e_9	MONDO:0006805	biolink:subclass_of	MONDO:0005010	angina unstable	coronary artery disorder	infores:ubergraph(primary_knowledge_source);infores:automat-robokop(aggregator_knowledge_source)
Q33	e0	e_10	MONDO:0006715	biolink:subclass_of	MONDO:0005010	coronary stenosis	coronary artery disorder	infores:ubergraph(primary_knowledge_source);infores:automat-robokop(aggregator_knowledge_source)
Q33	e0	e_2_e_8	MONDO:0005010	biolink:treats_or_applied_or_studied_to_treat	MONDO:0021661	coronary artery disorder	coronary atherosclerosis	infores:automat-robokop(primary_knowledge_source)
Q33	e0	e_4_e_8	MONDO:0005010	biolink:has_adverse_event	MONDO:0021661	coronary artery disorder	coronary atherosclerosis	infores:automat-robokop(primary_knowledge_source)
Q33	e0	e_5_e_9	MONDO:0005010	biolink:has_adverse_event	MONDO:0006805	coronary artery disorder	angina unstable	infores:automat-robokop(primary_knowledge_source)
Q33	e0	e_7_e_10	MONDO:0005010	biolink:has_adverse_event	MONDO:0006715	coronary artery disorder	coronary stenosis	infores:automat-robokop(primary_knowledge_source)
Q34	e0	e_1	CHEBI:6801	biolink:treats_or_applied_or_studied_to_treat	MONDO:0011849	Metformin	psoriatic arthritis	infores:text-mining-provider-targeted(primary_knowledge_source);infores:automat-robokop(aggregator_knowledge_source)
Q34	e0	e_2	CHEBI:6801	biolink:treats_or_applied_or_studied_to_treat	MONDO:0008383	Metformin	rheumatoid arthritis	infores:text-mining-provider-targeted(primary_knowledge_source);infores:automat-robokop(aggregator_knowledge_source)
Q34	e0	e_3	CHEBI:6801	biolink:treats_or_applied_or_studied_to_treat	MONDO:0005306	Metformin	ankylosing spondylitis	infores:text-mining-provider-targeted(primary_knowledge_source);infores:automat-robokop(aggregator_knowledge_source)
Q34	e0	e_4	CHEBI:6801	biolink:has_adverse_event	MONDO:0005306	Metformin	ankylosing spondylitis	infores:faers(primary_knowledge_source);infores:drugcentral(aggregator_knowledge_source);infores:automat-robokop(aggregator_knowledge_source)
Q34	e0	e_5	CHEBI:6801	biolink:has_adverse_event	MONDO:0008383	Metformin	rheumatoid arthritis	infores:faers(primary_knowledge_source);infores:drugcentral(aggregator_knowledge_source);infores:automat-robokop(aggregator_knowledge_source)
Q34	e0	e_6	CHEBI:6801	biolink:has_adverse_event	MONDO:0011849	Metformin	psoriatic arthritis	infores:faers(primary_knowledge_source);infores:drugcentral(aggregator_knowledge_source);infores:automat-robokop(aggregator_knowledge_source)
Q34	e0	e_7	MONDO:0011849	biolink:subclass_of	MONDO:0008383	psoriatic arthritis	rheumatoid arthritis	infores:ubergraph(primary_knowledge_source);infores:automat-robokop(aggregator_knowledge_source)
Q34	e0	e_8	MONDO:0005306	biolink:subclass_of	MONDO:0008383	ankylosing spondylitis	rheumatoid arthritis	infores:ubergraph(primary_knowledge_source);infores:automat-robokop(aggregator_knowledge_source)
Q34	e0	e_1_e_7	MONDO:0008383	biolink:treats_or_applied_or_studied_to_treat	MONDO:0011849	rheumatoid arthritis	psoriatic arthritis	infores:automat-robokop(primary_knowledge_source)
Q34	e0	e_3_e_8	MONDO:0008383	biolink:treats_or_applied_or_studied_to_treat	MONDO:0005306	rheumatoid arthritis	ankylosing spondylitis	infores:automat-robokop(primary_knowledge_source)
Q34	e0	e_4_e_8	MONDO:0008383	biolink:has_adverse_event	MONDO:0005306	rheumatoid arthritis	ankylosing spondylitis	infores:automat-robokop(primary_knowledge_source)
Q34	e0	e_6_e_7	MONDO:0008383	biolink:has_adverse_event	MONDO:0011849	rheumatoid arthritis	psoriatic arthritis	infores:automat-robokop(primary_knowledge_source)
Q35	e0	e_1	CHEBI:41774	biolink:contributes_to	MONDO:0005300	Tamoxifen	chronic kidney disease	infores:text-mining-provider-targeted(primary_knowledge_source);infores:automat-robokop(aggregator_knowledge_source)
Q35	e0	e_2	CHEBI:41774	biolink:treats_or_applied_or_studied_to_treat	MONDO:0024327	Tamoxifen	Chronic uremia	infores:text-mining-provider-targeted(primary_knowledge_source);infores:automat-robokop(aggregator_knowledge_source)
Q35	e0	e_3	CHEBI:41774	biolink:treats_or_applied_or_studied_to_treat	MONDO:0004375	Tamoxifen	end stage renal failure	infores:text-mining-provider-targeted(primary_knowledge_source);infores:automat-robokop(aggregator_knowledge_source)
Q35	e0	e_4	CHEBI:41774	biolink:treats_or_applied_or_studied_to_treat	MONDO:0005016	Tamoxifen	diabetic kidney disease	infores:ctd(primary_knowledge_source);infores:automat-robokop(aggregator_knowledge_source)
Q35	e0	e_5	CHEBI:41774	biolink:treats_or_applied_or_studied_to_treat	MONDO:0005016	Tamoxifen	diabetic kidney disease	infores:text-mining-provider-targeted(primary_knowledge_source);infores:automat-robokop(aggregator_knowledge_source)
Q35	e0	e_6	CHEBI:41774	biolink:treats_or_applied_or_studied_to_treat	MONDO:0005300	Tamoxifen	chronic kidney disease	infores:text-mining-provider-targeted(primary_knowledge_source);infores:automat-robokop(aggregator_knowledge_source)
Q35	e0	e_7	MONDO:0024327	biolink:subclass_of	MONDO:0005300	Chronic uremia	chronic kidney disease	infores:ubergraph(primary_knowledge_source);infores:automat-robokop(aggregator_knowledge_source)
Q35	e0	e_8	MONDO:0004375	biolink:subclass_of	MONDO:0005300	end stage renal failure	chronic kidney disease	infores:ubergraph(primary_knowledge_source);infores:automat-robokop(aggregator_knowledge_source)
Q35	e0	e_9	MONDO:0005016	biolink:subclass_of	MONDO:0005300	diabetic kidney disease	chronic kidney disease	infores:ubergraph(primary_knowledge_source);infores:automat-robokop(aggregator_knowledge_source)
Q35	e0	e_2_e_7	MONDO:0005300	biolink:treats_or_applied_or_studied_to_treat	MONDO:0024327	chronic kidney disease	Chronic uremia	infores:automat-robokop(primary_knowledge_source)
Q35	e0	e_3_e_8	MONDO:0005300	biolink:treats_or_applied_or_studied_to_treat	MONDO:0004375	chronic kidney disease	end stage renal failure	infores:automat-robokop(primary_knowledge_source)
Q35	e0	e_4_e_9	MONDO:0005300	biolink:treats_or_applied_or_studied_to_treat	MONDO:0005016	chronic kidney disease	diabetic kidney disease	infores:automat-robokop(primary_knowledge_source)
Q35	e0	e_5_e_9	MONDO:0005300	biolink:treats_or_applied_or_studied_to_treat	MONDO:0005016	chronic kidney disease	diabetic kidney disease	infores:automat-robokop(primary_knowledge_source)
Q36	e0	e_1	MONDO:0007254	biolink:related_to	NCBIGene:7124	breast cancer	TNF	infores:hetionet(primary_knowledge_source);infores:automat-robokop(aggregator_knowledge_source)
Q36	e0	e_2	NCBIGene:7124	biolink:genetically_associated_with	MONDO:0007254	TNF	breast cancer	infores:ctd(primary_knowledge_source);infores:pharos(aggregator_knowledge_source);infores:automat-robokop(aggregator_knowledge_source)
Q36	e0	e_3	NCBIGene:7124	biolink:genetically_associated_with	MONDO:0045059	TNF	cribriform carcinoma of breast	infores:ctd(primary_knowledge_source);infores:pharos(aggregator_knowledge_source);infores:automat-robokop(aggregator_knowledge_source)
Q36	e0	e_4	NCBIGene:7124	biolink:genetically_associated_with	MONDO:0004989	TNF	breast carcinoma	infores:ctd(primary_knowledge_source);infores:pharos(aggregator_knowledge_source);infores:automat-robokop(aggregator_knowledge_source)
Q36	e0	e_5	NCBIGene:7124	biolink:genetically_associated_with	MONDO:0004989	TNF	breast carcinoma	infores:disgenet(primary_knowledge_source);infores:pharos(aggregator_knowledge_source);infores:automat-robokop(aggregator_knowledge_source)
Q36	e0	e_6	NCBIGene:7124	biolink:genetically_associated_with	MONDO:0007254	TNF	breast cancer	infores:disgenet(primary_knowledge_source);infores:pharos(aggregator_knowledge_source);infores:automat-robokop(aggregator_knowledge_source)
Q36	e0	e_7	MONDO:0045059	biolink:subclass_of	MONDO:0007254	cribriform carcinoma of breast	breast cancer	infores:ubergraph(primary_knowledge_source);infores:automat-robokop(aggregator_knowledge_source)
Q36	e0	e_8	MONDO:0004989	biolink:subclass_of	MONDO:0007254	breast carcinoma	breast cancer	infores:ubergraph(primary_knowledge_source);infores:automat-robokop(aggregator_knowledge_source)
Q36	e0	e_3_e_7	MONDO:0007254	biolink:genetically_associated_with	MONDO:0045059	breast cancer	cribriform carcinoma of breast	infores:automat-robokop(primary_knowledge_source)
Q36	e0	e_4_e_8	MONDO:0007254	biolink:genetically_associated_with	MONDO:0004989	breast cancer	breast carcinoma	infores:automat-robokop(primary_knowledge_source)
Q36	e0	e_5_e_8	MONDO:0007254	biolink:genetically_associated_with	MONDO:0004989	breast cancer	breast carcinoma	infores:automat-robokop(primary_knowledge_source)
Q37	e0	e_1	CHEBI:10033	biolink:treats_or_applied_or_studied_to_treat	MONDO:0005148	Warfarin	type 2 diabetes mellitus	infores:text-mining-provider-targeted(primary_knowledge_source);infores:automat-robokop(aggregator_knowledge_source)
Q37	e0	e_2	CHEBI:10033	biolink:has_adverse_event	MONDO:0005148	Warfarin	type 2 diabetes mellitus	infores:faers(primary_knowledge_source);infores:drugcentral(aggregator_knowledge_source);infores:automat-robokop(aggregator_knowledge_source)
Q38	e0	e_1	CHEBI:6801	biolink:affects	NCBIGene:348	Metformin	APOE	infores:text-mining-provider-targeted(primary_knowledge_source);infores:automat-robokop(aggregator_knowledge_source)
Q39	e0	e_1	MONDO:0005180	biolink:regulates	NCBIGene:1956	Parkinson disease	EGFR	infores:hetionet(primary_knowledge_source);infores:automat-robokop(aggregator_knowledge_source)
Q40	e0	e_1	CHEBI:5855	biolink:contributes_to	MONDO:0005494	Ibuprofen	triple-negative breast carcinoma	infores:text-mining-provider-targeted(primary_knowledge_source);infores:automat-robokop(aggregator_knowledge_source)
Q40	e0	e_2	CHEBI:5855	biolink:treats_or_applied_or_studied_to_treat	MONDO:0007254	Ibuprofen	breast cancer	infores:text-mining-provider-targeted(primary_knowledge_source);infores:automat-robokop(aggregator_knowledge_source)
Q40	e0	e_3	CHEBI:5855	biolink:treats_or_applied_or_studied_to_treat	MONDO:0005494	Ibuprofen	triple-negative breast carcinoma	infores:text-mining-provider-targeted(primary_knowledge_source);infores:automat-robokop(aggregator_knowledge_source)
Q40	e0	e_4	CHEBI:5855	biolink:treats_or_applied_or_studied_to_treat	MONDO:0004988	Ibuprofen	breast adenocarcinoma	infores:text-mining-provider-targeted(primary_knowledge_source);infores:automat-robokop(aggregator_knowledge_source)
Q40	e0	e_5	CHEBI:5855	biolink:treats_or_applied_or_studied_to_treat	MONDO:0004989	Ibuprofen	breast carcinoma	infores:text-mining-provider-targeted(primary_knowledge_source);infores:automat-robokop(aggregator_knowledge_source)
Q40	e0	e_6	CHEBI:5855	biolink:has_adverse_event	MONDO:0007254	Ibuprofen	breast cancer	infores:faers(primary_knowledge_source);infores:drugcentral(aggregator_knowledge_source);infores:automat-robokop(aggregator_knowledge_source)
Q40	e0	e_7	CHEBI:43415	biolink:treats_or_applied_or_studied_to_treat	MONDO:0007254	Dexibuprofen	breast cancer	infores:text-mining-provider-targeted(primary_knowledge_source);infores:automat-robokop(aggregator_knowledge_source)
Q40	e0	e_8	MONDO:0005494	biolink:subclass_of	MONDO:0007254	triple-negative breast carcinoma	breast cancer	infores:ubergraph(primary_knowledge_source);infores:automat-robokop(aggregator_knowledge_source)
Q40	e0	e_9	MONDO:0004988	biolink:subclass_of	MONDO:0007254	breast adenocarcinoma	breast cancer	infores:ubergraph(primary_knowledge_source);infores:automat-robokop(aggregator_knowledge_source)
Q40	e0	e_10	MONDO:0004989	biolink:subclass_of	MONDO:0007254	breast carcinoma	breast cancer	infores:ubergraph(primary_knowledge_source);infores:automat-robokop(aggregator_knowledge_source)
Q40	e0	e_11	CHEBI:43415	biolink:subclass_of	CHEBI:5855	Dexibuprofen	Ibuprofen	infores:ubergraph(primary_knowledge_source);infores:automat-robokop(aggregator_knowledge_source)
Q40	e0	e_1_e_8	MONDO:0007254	biolink:contributes_to	MONDO:0005494	breast cancer	triple-negative breast carcinoma	infores:automat-robokop(primary_knowledge_source)
Q40	e0	e_3_e_8	MONDO:0007254	biolink:treats_or_applied_or_studied_to_treat	MONDO:0005494	breast cancer	triple-negative breast carcinoma	infores:automat-robokop(primary_knowledge_source)
Q40	e0	e_4_e_9	MONDO:0007254	biolink:treats_or_applied_or_studied_to_treat	MONDO:0004988	breast cancer	breast adenocarcinoma	infores:automat-robokop(primary_knowledge_source)
Q40	e0	e_5_e_10	MONDO:0007254	biolink:treats_or_applied_or_studied_to_treat	MONDO:0004989	breast cancer	breast carcinoma	infores:automat-robokop(primary_knowledge_source)
Q40	e0	e_7_e_11	CHEBI:43415	biolink:treats_or_applied_or_studied_to_treat	CHEBI:5855	Dexibuprofen	Ibuprofen	infores:automat-robokop(primary_knowledge_source)
Q41	e0	e_1	MONDO:0004979	biolink:related_to	NCBIGene:3569	asthma	IL6	infores:hetionet(primary_knowledge_source);infores:automat-robokop(aggregator_knowledge_source)
Q41	e0	e_2	NCBIGene:3569	biolink:genetically_associated_with	MONDO:0004979	IL6	asthma	infores:diseases(primary_knowledge_source);infores:pharos(aggregator_knowledge_source);infores:automat-robokop(aggregator_knowledge_source)
Q42	e0	e_1	CHEBI:41879	biolink:affects	NCBIGene:7422	Dexamethasone	VEGFA	infores:ctd(primary_knowledge_source);infores:automat-robokop(aggregator_knowledge_source)
Q42	e0	e_2	CHEBI:41879	biolink:affects	NCBIGene:7422	Dexamethasone	VEGFA	infores:text-mining-provider-targeted(primary_knowledge_source);infores:automat-robokop(aggregator_knowledge_source)
Q42	e0	e_3	CHEBI:41879	biolink:regulates	NCBIGene:7422	Dexamethasone	VEGFA	infores:lincs(primary_knowledge_source);infores:hetionet(aggregator_knowledge_source);infores:automat-robokop(aggregator_knowledge_source)
Q43	e0	e_1	MONDO:0008383	biolink:related_to	NCBIGene:7157	rheumatoid arthritis	TP53	infores:hetionet(primary_knowledge_source);infores:automat-robokop(aggregator_knowledge_source)
Q44	e0	e_1	MONDO:0005300	biolink:related_to	NCBIGene:7124	chronic kidney disease	TNF	infores:hetionet(primary_knowledge_source);infores:automat-robokop(aggregator_knowledge_source)
Q44	e0	e_2	NCBIGene:7124	biolink:genetically_associated_with	MONDO:0005300	TNF	chronic kidney disease	infores:ctd(primary_knowledge_source);infores:pharos(aggregator_knowledge_source);infores:automat-robokop(aggregator_knowledge_source)
Q44	e0	e_3	NCBIGene:7124	biolink:genetically_associated_with	MONDO:0024327	TNF	Chronic uremia	infores:disgenet(primary_knowledge_source);infores:pharos(aggregator_knowledge_source);infores:automat-robokop(aggregator_knowledge_source)
Q44	e0	e_4	MONDO:0024327	biolink:subclass_of	MONDO:0005300	Chronic uremia	chronic kidney disease	infores:ubergraph(primary_knowledge_source);infores:automat-robokop(aggregator_knowledge_source)
Q44	e0	e_3_e_4	MONDO:0005300	biolink:genetically_associated_with	MONDO:0024327	chronic kidney disease	Chronic uremia	infores:automat-robokop(primary_knowledge_source)
Q45	e0	e_1	CHEBI:41879	biolink:contributes_to	MONDO:0005148	Dexamethasone	type 2 diabetes mellitus	infores:text-mining-provider-targeted(primary_knowledge_source);infores:automat-robokop(aggregator_knowledge_source)
Q45	e0	e_2	CHEBI:41879	biolink:treats_or_applied_or_studied_to_treat	MONDO:0005148	Dexamethasone	type 2 diabetes mellitus	infores:text-mining-provider-targeted(primary_knowledge_source);infores:automat-robokop(aggregator_knowledge_source)
Q45	e0	e_3	CHEBI:41879	biolink:has_adverse_event	MONDO:0005148	Dexamethasone	type 2 diabetes mellitus	infores:faers(primary_knowledge_source);infores:drugcentral(aggregator_knowledge_source);infores:automat-robokop(aggregator_knowledge_source)
Q46	e0	e_1	CHEBI:27899	biolink:contributes_to	MONDO:0005180	Cisplatin	Parkinson disease	infores:text-mining-provider-targeted(primary_knowledge_source);infores:automat-robokop(aggregator_knowledge_source)
Q46	e0	e_2	CHEBI:27899	biolink:treats_or_applied_or_studied_to_treat	MONDO:0005180	Cisplatin	Parkinson disease	infores:text-mining-provider-targeted(primary_knowledge_source);infores:automat-robokop(aggregator_knowledge_source)
Q47	e0	uuid:166153bb-198e-11f0-be82-6045bdb3d4c0	NCBIGene:673	biolink:has_phenotype	MONDO:0005148	BRAF	type 2 diabetes mellitus	infores:hpo-annotations(primary_knowledge_source);infores:monarchinitiative(aggregator_knowledge_source);infores:automat-robokop(aggregator_knowledge_source)
Q47	e0	e_2	NCBIGene:673	biolink:genetically_associated_with	MONDO:0005148	BRAF	type 2 diabetes mellitus	infores:ctd(primary_knowledge_source);infores:pharos(aggregator_knowledge_source);infores:automat-robokop(aggregator_knowledge_source)
Q47	e0	e_3	NCBIGene:673	biolink:genetically_associated_with	MONDO:0005148	BRAF	type 2 diabetes mellitus	infores:disgenet(primary_knowledge_source);infores:pharos(aggregator_knowledge_source);infores:automat-robokop(aggregator_knowledge_source)
Q48	e0	e_1	CHEBI:27899	biolink:contributes_to	MONDO:0004975	Cisplatin	Alzheimer disease	infores:text-mining-provider-targeted(primary_knowledge_source);infores:automat-robokop(aggregator_knowledge_source)
Q48	e0	e_2	CHEBI:27899	biolink:treats_or_applied_or_studied_to_treat	MONDO:0004975	Cisplatin	Alzheimer disease	infores:text-mining-provider-targeted(primary_knowledge_source);infores:automat-robokop(aggregator_knowledge_source)
Q49	e0	e_1	CHEBI:41879	biolink:affects	NCBIGene:7157	Dexamethasone	TP53	infores:text-mining-provider-targeted(primary_knowledge_source);infores:automat-robokop(aggregator_knowledge_source)
Q49	e0	e_2	CHEBI:41879	biolink:affects	NCBIGene:7157	Dexamethasone	TP53	infores:ctd(primary_knowledge_source);infores:automat-robokop(aggregator_knowledge_source)
Q49	e0	e_3	CHEBI:41879	biolink:affects	NCBIGene:7157	Dexamethasone	TP53	infores:ctd(primary_knowledge_source);infores:automat-robokop(aggregator_knowledge_source)
Q49	e0	e_4	CHEBI:41879	biolink:affects	NCBIGene:7157	Dexamethasone	TP53	infores:text-mining-provider-targeted(primary_knowledge_source);infores:automat-robokop(aggregator_knowledge_source)
Q50	e0	e_1	CHEBI:3756	biolink:treats_or_applied_or_studied_to_treat	MONDO:0005148	Clonazepam	type 2 diabetes mellitus	infores:text-mining-provider-targeted(primary_knowledge_source);infores:automat-robokop(aggregator_knowledge_source)
Q51	e0	e_1	MONDO:0004979	biolink:related_to	NCBIGene:7422	asthma	VEGFA	infores:hetionet(primary_knowledge_source);infores:automat-robokop(aggregator_knowledge_source)
Q51	e0	e_2	NCBIGene:7422	biolink:genetically_associated_with	MONDO:0004979	VEGFA	asthma	infores:disgenet(primary_knowledge_source);infores:pharos(aggregator_knowledge_source);infores:automat-robokop(aggregator_knowledge_source)
Q51	e0	e_3	NCBIGene:7422	biolink:genetically_associated_with	MONDO:0004979	VEGFA	asthma	infores:ctd(primary_knowledge_source);infores:pharos(aggregator_knowledge_source);infores:automat-robokop(aggregator_knowledge_source)
Q52	e0	e_1	CHEBI:3756	biolink:affects	NCBIGene:3569	Clonazepam	IL6	infores:text-mining-provider-targeted(primary_knowledge_source);infores:automat-robokop(aggregator_knowledge_source)
Q53	e0	e_1	CHEBI:5855	biolink:affects	NCBIGene:7422	Ibuprofen	VEGFA	infores:ctd(primary_knowledge_source);infores:automat-robokop(aggregator_knowledge_source)
Q53	e0	e_2	CHEBI:5855	biolink:affects	NCBIGene:7422	Ibuprofen	VEGFA	infores:text-mining-provider-targeted(primary_knowledge_source);infores:automat-robokop(aggregator_knowledge_source)
Q54	e0	e_1	CHEBI:3756	biolink:affects	NCBIGene:7124	Clonazepam	TNF	infores:text-mining-provider-targeted(primary_knowledge_source);infores:automat-robokop(aggregator_knowledge_source)
Q55	e0	e_1	MONDO:0005148	biolink:related_to	NCBIGene:1636	type 2 diabetes mellitus	ACE	infores:hetionet(primary_knowledge_source);infores:automat-robokop(aggregator_knowledge_source)
Q56	e0	e_1	CHEBI:41774	biolink:affects	NCBIGene:7422	Tamoxifen	VEGFA	infores:text-mining-provider-targeted(primary_knowledge_source);infores:automat-robokop(aggregator_knowledge_source)
Q56	e0	e_2	NCBIGene:7422	biolink:decreases_response_to	CHEBI:41774	VEGFA	Tamoxifen	infores:ctd(primary_knowledge_source);infores:automat-robokop(aggregator_knowledge_source)
Q57	e0	e_1	CHEBI:6801	biolink:contributes_to	MONDO:0006513	Metformin	estrogen-receptor negative breast cancer	infores:text-mining-provider-targeted(primary_knowledge_source);infores:automat-robokop(aggregator_knowledge_source)
Q57	e0	e_2	CHEBI:6801	biolink:contributes_to	MONDO:0700079	Metformin	hormone receptor-positive breast cancer	infores:text-mining-provider-targeted(primary_knowledge_source);infores:automat-robokop(aggregator_knowledge_source)
Q57	e0	e_3	CHEBI:6801	biolink:contributes_to	MONDO:0004379	Metformin	female breast carcinoma	infores:text-mining-provider-targeted(primary_knowledge_source);infores:automat-robokop(aggregator_knowledge_source)
Q57	e0	e_4	MONDO:0007254	biolink:treats_or_applied_or_studied_to_treat	CHEBI:6801	breast cancer	Metformin	infores:text-mining-provider-targeted(primary_knowledge_source);infores:automat-robokop(aggregator_knowledge_source)
Q57	e0	e_5	CHEBI:6801	biolink:treats_or_applied_or_studied_to_treat	MONDO:0002975	Metformin	Breast Melanoma	infores:text-mining-provider-targeted(primary_knowledge_source);infores:automat-robokop(aggregator_knowledge_source)
Q57	e0	e_6	CHEBI:6801	biolink:treats_or_applied_or_studied_to_treat	MONDO:0004984	Metformin	basal-like breast carcinoma	infores:text-mining-provider-targeted(primary_knowledge_source);infores:automat-robokop(aggregator_knowledge_source)
Q57	e0	e_7	CHEBI:6801	biolink:treats_or_applied_or_studied_to_treat	MONDO:0006256	Metformin	invasive breast carcinoma	infores:text-mining-provider-targeted(primary_knowledge_source);infores:automat-robokop(aggregator_knowledge_source)
Q57	e0	e_8	CHEBI:6801	biolink:treats_or_applied_or_studied_to_treat	MONDO:0004379	Metformin	female breast carcinoma	infores:text-mining-provider-targeted(primary_knowledge_source);infores:automat-robokop(aggregator_knowledge_source)
Q57	e0	e_9	CHEBI:6801	biolink:treats_or_applied_or_studied_to_treat	MONDO:0004990	Metformin	breast tumor luminal A or B	infores:text-mining-provider-targeted(primary_knowledge_source);infores:automat-robokop(aggregator_knowledge_source)
Q57	e0	e_10	CHEBI:6801	biolink:treats_or_applied_or_studied_to_treat	MONDO:0005023	Metformin	ductal breast carcinoma in situ	infores:text-mining-provider-targeted(primary_knowledge_source);infores:automat-robokop(aggregator_knowledge_source)
Q57	e0	e_11	CHEBI:6801	biolink:treats_or_applied_or_studied_to_treat	MONDO:0003661	Metformin	breast lymphoma	infores:text-mining-provider-targeted(primary_knowledge_source);infores:automat-robokop(aggregator_knowledge_source)
Q57	e0	e_12	CHEBI:6801	biolink:treats_or_applied_or_studied_to_treat	MONDO:0007254	Metformin	breast cancer	infores:text-mining-provider-targeted(primary_knowledge_source);infores:automat-robokop(aggregator_knowledge_source)
Q57	e0	e_13	CHEBI:6801	biolink:treats_or_applied_or_studied_to_treat	MONDO:0700078	Metformin	triple-positive breast carcinoma	infores:text-mining-provider-targeted(primary_knowledge_source);infores:automat-robokop(aggregator_knowledge_source)
Q57	e0	e_14	CHEBI:6801	biolink:treats_or_applied_or_studied_to_treat	MONDO:0005494	Metformin	triple-negative breast carcinoma	infores:text-mining-provider-targeted(primary_knowledge_source);infores:automat-robokop(aggregator_knowledge_source)
Q57	e0	e_15	CHEBI:6801	biolink:treats_or_applied_or_studied_to_treat	MONDO:0006513	Metformin	estrogen-receptor negative breast cancer	infores:text-mining-provider-targeted(primary_knowledge_source);infores:automat-robokop(aggregator_knowledge_source)
Q57	e0	e_16	CHEBI:6801	biolink:treats_or_applied_or_studied_to_treat	MONDO:0004988	Metformin	breast adenocarcinoma	infores:text-mining-provider-targeted(primary_knowledge_source);infores:automat-robokop(aggregator_knowledge_source)
Q57	e0	e_17	CHEBI:6801	biolink:treats_or_applied_or_studied_to_treat	MONDO:0700079	Metformin	hormone receptor-positive breast cancer	infores:text-mining-provider-targeted(primary_knowledge_source);infores:automat-robokop(aggregator_knowledge_source)
Q57	e0	e_18	CHEBI:6801	biolink:treats_or_applied_or_studied_to_treat	MONDO:0006804	Metformin	inflammatory breast carcinoma	infores:text-mining-provider-targeted(primary_knowledge_source);infores:automat-robokop(aggregator_knowledge_source)
Q57	e0	e_19	CHEBI:6801	biolink:treats_or_applied_or_studied_to_treat	MONDO:0004989	Metformin	breast carcinoma	infores:text-mining-provider-targeted(primary_knowledge_source);infores:automat-robokop(aggregator_knowledge_source)
Q57	e0	e_20	CHEBI:6801	biolink:treats_or_applied_or_studied_to_treat	MONDO:0006512	Metformin	estrogen-receptor positive breast cancer	infores:text-mining-provider-targeted(primary_knowledge_source);infores:automat-robokop(aggregator_knowledge_source)
Q57	e0	e_21	MONDO:0006513	biolink:subclass_of	MONDO:0007254	estrogen-receptor negative breast cancer	breast cancer	infores:ubergraph(primary_knowledge_source);infores:automat-robokop(aggregator_knowledge_source)
Q57	e0	e_22	MONDO:0700079	biolink:subclass_of	MONDO:0007254	hormone receptor-positive breast cancer	breast cancer	infores:ubergraph(primary_knowledge_source);infores:automat-robokop(aggregator_knowledge_source)
Q57	e0	e_23	MONDO:0004379	biolink:subclass_of	MONDO:0007254	female breast carcinoma	breast cancer	infores:ubergraph(primary_knowledge_source);infores:automat-robokop(aggregator_knowledge_source)
Q57	e0	e_24	MONDO:0002975	biolink:subclass_of	MONDO:0007254	Breast Melanoma	breast cancer	infores:ubergraph(primary_knowledge_source);infores:automat-robokop(aggregator_knowledge_source)
Q57	e0	e_25	MONDO:0004984	biolink:subclass_of	MONDO:0007254	basal-like breast carcinoma	breast cancer	infores:ubergraph(primary_knowledge_source);infores:automat-robokop(aggregator_knowledge_source)
Q57	e0	e_26	MONDO:0006256	biolink:subclass_of	MONDO:0007254	invasive breast carcinoma	breast cancer	infores:ubergraph(primary_knowledge_source);infores:automat-robokop(aggregator_knowledge_source)
Q57	e0	e_27	MONDO:0004990	biolink:subclass_of	MONDO:0007254	breast tumor luminal A or B	breast cancer	infores:ubergraph(primary_knowledge_source);infores:automat-robokop(aggregator_knowledge_source)
Q57	e0	e_28	MONDO:0005023	biolink:subclass_of	MONDO:0007254	ductal breast carcinoma in situ	breast cancer	infores:ubergraph(primary_knowledge_source);infores:automat-robokop(aggregator_knowledge_source)
Q57	e0	e_29	MONDO:0003661	biolink:subclass_of	MONDO:0007254	breast lymphoma	breast cancer	infores:ubergraph(primary_knowledge_source);infores:automat-robokop(aggregator_knowledge_source)
Q57	e0	e_30	MONDO:0700078	biolink:subclass_of	MONDO:0007254	triple-positive breast carcinoma	breast cancer	infores:ubergraph(primary_knowledge_source);infores:automat-robokop(aggregator_knowledge_source)
Q57	e0	e_31	MONDO:0005494	biolink:subclass_of	MONDO:0007254	triple-negative breast carcinoma	breast cancer	infores:ubergraph(primary_knowledge_source);infores:automat-robokop(aggregator_knowledge_source)
Q57	e0	e_32	MONDO:0004988	biolink:subclass_of	MONDO:0007254	breast adenocarcinoma	breast cancer	infores:ubergraph(primary_knowledge_source);infores:automat-robokop(aggregator_knowledge_source)
Q57	e0	e_33	MONDO:0006804	biolink:subclass_of	MONDO:0007254	inflammatory breast carcinoma	breast cancer	infores:ubergraph(primary_knowledge_source);infores:automat-robokop(aggregator_knowledge_source)
Q57	e0	e_34	MONDO:0004989	biolink:subclass_of	MONDO:0007254	breast carcinoma	breast cancer	infores:ubergraph(primary_knowledge_source);infores:automat-robokop(aggregator_knowledge_source)
Q57	e0	e_35	MONDO:0006512	biolink:subclass_of	MONDO:0007254	estrogen-receptor positive breast cancer	breast cancer	infores:ubergraph(primary_knowledge_source);infores:automat-robokop(aggregator_knowledge_source)
Q57	e0	e_1_e_21	MONDO:0007254	biolink:contributes_to	MONDO:0006513	breast cancer	estrogen-receptor negative breast cancer	infores:automat-robokop(primary_knowledge_source)
Q57	e0	e_2_e_22	MONDO:0007254	biolink:contributes_to	MONDO:0700079	breast cancer	hormone receptor-positive breast cancer	infores:automat-robokop(primary_knowledge_source)
Q57	e0	e_3_e_23	MONDO:0007254	biolink:contributes_to	MONDO:0004379	breast cancer	female breast carcinoma	infores:automat-robokop(primary_knowledge_source)
Q57	e0	e_5_e_24	MONDO:0007254	biolink:treats_or_applied_or_studied_to_treat	MONDO:0002975	breast cancer	Breast Melanoma	infores:automat-robokop(primary_knowledge_source)
Q57	e0	e_6_e_25	MONDO:0007254	biolink:treats_or_applied_or_studied_to_treat	MONDO:0004984	breast cancer	basal-like breast carcinoma	infores:automat-robokop(primary_knowledge_source)
Q57	e0	e_7_e_26	MONDO:0007254	biolink:treats_or_applied_or_studied_to_treat	MONDO:0006256	breast cancer	invasive breast carcinoma	infores:automat-robokop(primary_knowledge_source)
Q57	e0	e_8_e_23	MONDO:0007254	biolink:treats_or_applied_or_studied_to_treat	MONDO:0004379	breast cancer	female breast carcinoma	infores:automat-robokop(primary_knowledge_source)
Q57	e0	e_9_e_27	MONDO:0007254	biolink:treats_or_applied_or_studied_to_treat	MONDO:0004990	breast cancer	breast tumor luminal A or B	infores:automat-robokop(primary_knowledge_source)
Q57	e0	e_10_e_28	MONDO:0007254	biolink:treats_or_applied_or_studied_to_treat	MONDO:0005023	breast cancer	ductal breast carcinoma in situ	infores:automat-robokop(primary_knowledge_source)
Q57	e0	e_11_e_29	MONDO:0007254	biolink:treats_or_applied_or_studied_to_treat	MONDO:0003661	breast cancer	breast lymphoma	infores:automat-robokop(primary_knowledge_source)
Q57	e0	e_13_e_30	MONDO:0007254	biolink:treats_or_applied_or_studied_to_treat	MONDO:0700078	breast cancer	triple-positive breast carcinoma	infores:automat-robokop(primary_knowledge_source)
Q57	e0	e_14_e_31	MONDO:0007254	biolink:treats_or_applied_or_studied_to_treat	MONDO:0005494	breast cancer	triple-negative breast carcinoma	infores:automat-robokop(primary_knowledge_source)
Q57	e0	e_15_e_21	MONDO:0007254	biolink:treats_or_applied_or_studied_to_treat	MONDO:0006513	breast cancer	estrogen-receptor negative breast cancer	infores:automat-robokop(primary_knowledge_source)
Q57	e0	e_16_e_32	MONDO:0007254	biolink:treats_or_applied_or_studied_to_treat	MONDO:0004988	breast cancer	breast adenocarcinoma	infores:automat-robokop(primary_knowledge_source)
Q57	e0	e_17_e_22	MONDO:0007254	biolink:treats_or_applied_or_studied_to_treat	MONDO:0700079	breast cancer	hormone receptor-positive breast cancer	infores:automat-robokop(primary_knowledge_source)
Q57	e0	e_18_e_33	MONDO:0007254	biolink:treats_or_applied_or_studied_to_treat	MONDO:0006804	breast cancer	inflammatory breast carcinoma	infores:automat-robokop(primary_knowledge_source)
Q57	e0	e_19_e_34	MONDO:0007254	biolink:treats_or_applied_or_studied_to_treat	MONDO:0004989	breast cancer	breast carcinoma	infores:automat-robokop(primary_knowledge_source)
Q57	e0	e_20_e_35	MONDO:0007254	biolink:treats_or_applied_or_studied_to_treat	MONDO:0006512	breast cancer	estrogen-receptor positive breast cancer	infores:automat-robokop(primary_knowledge_source)
Q58	e0	e_1	CHEBI:41774	biolink:affects	NCBIGene:675	Tamoxifen	BRCA2	infores:text-mining-provider-targeted(primary_knowledge_source);infores:automat-robokop(aggregator_knowledge_source)
Q59	e0	e_1	CHEBI:3756	biolink:has_adverse_event	MONDO:0005010	Clonazepam	coronary artery disorder	infores:faers(primary_knowledge_source);infores:drugcentral(aggregator_knowledge_source);infores:automat-robokop(aggregator_knowledge_source)
Q60	e0	e_1	CHEBI:15365	biolink:affects	NCBIGene:7157	Aspirin	TP53	infores:text-mining-provider-targeted(primary_knowledge_source);infores:automat-robokop(aggregator_knowledge_source)
Q60	e0	e_2	CHEBI:15365	biolink:affects	NCBIGene:7157	Aspirin	TP53	infores:text-mining-provider-targeted(primary_knowledge_source);infores:automat-robokop(aggregator_knowledge_source)
Q60	e0	e_3	CHEBI:15365	biolink:directly_physically_interacts_with	NCBIGene:7157	Aspirin	TP53	infores:hetionet(primary_knowledge_source);infores:automat-robokop(aggregator_knowledge_source)
Q61	e0	e_1	CHEBI:6801	biolink:treats_or_applied_or_studied_to_treat	MONDO:0850282	Metformin	chronic asthma	infores:text-mining-provider-targeted(primary_knowledge_source);infores:automat-robokop(aggregator_knowledge_source)
Q61	e0	e_2	CHEBI:6801	biolink:treats_or_applied_or_studied_to_treat	MONDO:0004979	Metformin	asthma	infores:text-mining-provider-targeted(primary_knowledge_source);infores:automat-robokop(aggregator_knowledge_source)
Q61	e0	e_3	CHEBI:6801	biolink:treats_or_applied_or_studied_to_treat	MONDO:0004784	Metformin	allergic asthma	infores:text-mining-provider-targeted(primary_knowledge_source);infores:automat-robokop(aggregator_knowledge_source)
Q61	e0	e_4	MONDO:0850282	biolink:subclass_of	MONDO:0004979	chronic asthma	asthma	infores:ubergraph(primary_knowledge_source);infores:automat-robokop(aggregator_knowledge_source)
Q61	e0	e_5	MONDO:0004784	biolink:subclass_of	MONDO:0004979	allergic asthma	asthma	infores:ubergraph(primary_knowledge_source);infores:automat-robokop(aggregator_knowledge_source)
Q61	e0	e_1_e_4	MONDO:0004979	biolink:treats_or_applied_or_studied_to_treat	MONDO:0850282	asthma	chronic asthma	infores:automat-robokop(primary_knowledge_source)
Q61	e0	e_3_e_5	MONDO:0004979	biolink:treats_or_applied_or_studied_to_treat	MONDO:0004784	asthma	allergic asthma	infores:automat-robokop(primary_knowledge_source)
Q62	e0	e_1	MONDO:0004979	biolink:related_to	NCBIGene:1956	asthma	EGFR	infores:hetionet(primary_knowledge_source);infores:automat-robokop(aggregator_knowledge_source)
Q63	e0	e_1	CHEBI:10033	biolink:affects	NCBIGene:3569	Warfarin	IL6	infores:text-mining-provider-targeted(primary_knowledge_source);infores:automat-robokop(aggregator_knowledge_source)
Q63	e0	e_2	CHEBI:10033	biolink:affects	NCBIGene:3569	Warfarin	IL6	infores:ctd(primary_knowledge_source);infores:automat-robokop(aggregator_knowledge_source)
Q64	e0	e_1	MONDO:0005148	biolink:related_to	NCBIGene:348	type 2 diabetes mellitus	APOE	infores:hetionet(primary_knowledge_source);infores:automat-robokop(aggregator_knowledge_source)
Q64	e0	e_2	NCBIGene:348	biolink:genetically_associated_with	MONDO:0005148	APOE	type 2 diabetes mellitus	infores:diseases(primary_knowledge_source);infores:pharos(aggregator_knowledge_source);infores:automat-robokop(aggregator_knowledge_source)
Q65	e0	e_1	CHEBI:41774	biolink:affects	NCBIGene:348	Tamoxifen	APOE	infores:text-mining-provider-targeted(primary_knowledge_source);infores:automat-robokop(aggregator_knowledge_source)
Q65	e0	e_2	NCBIGene:348	biolink:affects_response_to	CHEBI:41774	APOE	Tamoxifen	infores:ctd(primary_knowledge_source);infores:automat-robokop(aggregator_knowledge_source)
Q66	e0	e_1	CHEBI:15365	biolink:affects	NCBIGene:348	Aspirin	APOE	infores:text-mining-provider-targeted(primary_knowledge_source);infores:automat-robokop(aggregator_knowledge_source)
Q66	e0	e_2	CHEBI:15365	biolink:affects	NCBIGene:348	Aspirin	APOE	infores:text-mining-provider-targeted(primary_knowledge_source);infores:automat-robokop(aggregator_knowledge_source)
Q67	e0	e_1	MONDO:0005300	biolink:related_to	NCBIGene:1636	chronic kidney disease	ACE	infores:hetionet(primary_knowledge_source);infores:automat-robokop(aggregator_knowledge_source)
Q67	e0	e_2	NCBIGene:1636	biolink:genetically_associated_with	MONDO:0024327	ACE	Chronic uremia	infores:disgenet(primary_knowledge_source);infores:pharos(aggregator_knowledge_source);infores:automat-robokop(aggregator_knowledge_source)
Q67	e0	e_3	NCBIGene:1636	biolink:genetically_associated_with	MONDO:0005016	ACE	diabetic kidney disease	infores:disgenet(primary_knowledge_source);infores:pharos(aggregator_knowledge_source);infores:automat-robokop(aggregator_knowledge_source)
Q67	e0	e_4	NCBIGene:1636	biolink:genetically_associated_with	MONDO:0005016	ACE	diabetic kidney disease	infores:ctd(primary_knowledge_source);infores:pharos(aggregator_knowledge_source);infores:automat-robokop(aggregator_knowledge_source)
Q67	e0	e_5	NCBIGene:1636	biolink:genetically_associated_with	MONDO:0005300	ACE	chronic kidney disease	infores:ctd(primary_knowledge_source);infores:pharos(aggregator_knowledge_source);infores:automat-robokop(aggregator_knowledge_source)
Q67	e0	e_6	NCBIGene:1636	biolink:target_for	MONDO:0005016	ACE	diabetic kidney disease	infores:drugmechdb(primary_knowledge_source);infores:automat-robokop(aggregator_knowledge_source)
Q67	e0	e_7	MONDO:0024327	biolink:subclass_of	MONDO:0005300	Chronic uremia	chronic kidney disease	infores:ubergraph(primary_knowledge_source);infores:automat-robokop(aggregator_knowledge_source)
Q67	e0	e_8	MONDO:0005016	biolink:subclass_of	MONDO:0005300	diabetic kidney disease	chronic kidney disease	infores:ubergraph(primary_knowledge_source);infores:automat-robokop(aggregator_knowledge_source)
Q67	e0	e_2_e_7	MONDO:0005300	biolink:genetically_associated_with	MONDO:0024327	chronic kidney disease	Chronic uremia	infores:automat-robokop(primary_knowledge_source)
Q67	e0	e_3_e_8	MONDO:0005300	biolink:genetically_associated_with	MONDO:0005016	chronic kidney disease	diabetic kidney disease	infores:automat-robokop(primary_knowledge_source)
Q67	e0	e_4_e_8	MONDO:0005300	biolink:genetically_associated_with	MONDO:0005016	chronic kidney disease	diabetic kidney disease	infores:automat-robokop(primary_knowledge_source)
Q67	e0	e_6_e_8	MONDO:0005300	biolink:target_for	MONDO:0005016	chronic kidney disease	diabetic kidney disease	infores:automat-robokop(primary_knowledge_source)
Q68	e0	e_1	MONDO:0004975	biolink:related_to	NCBIGene:7124	Alzheimer disease	TNF	infores:hetionet(primary_knowledge_source);infores:automat-robokop(aggregator_knowledge_source)
Q68	e0	e_2	NCBIGene:7124	biolink:genetically_associated_with	MONDO:0004975	TNF	Alzheimer disease	infores:disgenet(primary_knowledge_source);infores:pharos(aggregator_knowledge_source);infores:automat-robokop(aggregator_knowledge_source)
Q68	e0	e_3	NCBIGene:7124	biolink:genetically_associated_with	MONDO:0004975	TNF	Alzheimer disease	infores:ctd(primary_knowledge_source);infores:pharos(aggregator_knowledge_source);infores:automat-robokop(aggregator_knowledge_source)
Q68	e0	e_4	NCBIGene:7124	biolink:genetically_associated_with	MONDO:0100087	TNF	familial Alzheimer disease	infores:disgenet(primary_knowledge_source);infores:pharos(aggregator_knowledge_source);infores:automat-robokop(aggregator_knowledge_source)
Q68	e0	e_5	NCBIGene:7124	biolink:genetically_associated_with	MONDO:0004975	TNF	Alzheimer disease	infores:eram(primary_knowledge_source);infores:pharos(aggregator_knowledge_source);infores:automat-robokop(aggregator_knowledge_source)
Q68	e0	e_6	MONDO:0100087	biolink:subclass_of	MONDO:0004975	familial Alzheimer disease	Alzheimer disease	infores:ubergraph(primary_knowledge_source);infores:automat-robokop(aggregator_knowledge_source)
Q68	e0	e_4_e_6	MONDO:0004975	biolink:genetically_associated_with	MONDO:0100087	Alzheimer disease	familial Alzheimer disease	infores:automat-robokop(primary_knowledge_source)
Q69	e0	e_1	CHEBI:10033	biolink:contributes_to	MONDO:0008383	Warfarin	rheumatoid arthritis	infores:text-mining-provider-targeted(primary_knowledge_source);infores:automat-robokop(aggregator_knowledge_source)
Q69	e0	e_2	CHEBI:10033	biolink:treats_or_applied_or_studied_to_treat	MONDO:0008383	Warfarin	rheumatoid arthritis	infores:text-mining-provider-targeted(primary_knowledge_source);infores:automat-robokop(aggregator_knowledge_source)
Q69	e0	e_3	CHEBI:10033	biolink:treats_or_applied_or_studied_to_treat	MONDO:0005306	Warfarin	ankylosing spondylitis	infores:text-mining-provider-targeted(primary_knowledge_source);infores:automat-robokop(aggregator_knowledge_source)
Q69	e0	e_4	CHEBI:10033	biolink:has_adverse_event	MONDO:0008383	Warfarin	rheumatoid arthritis	infores:faers(primary_knowledge_source);infores:drugcentral(aggregator_knowledge_source);infores:automat-robokop(aggregator_knowledge_source)
Q69	e0	e_5	CHEBI:10033	biolink:has_adverse_event	MONDO:0011849	Warfarin	psoriatic arthritis	infores:faers(primary_knowledge_source);infores:drugcentral(aggregator_knowledge_source);infores:automat-robokop(aggregator_knowledge_source)
Q69	e0	e_6	MONDO:0005306	biolink:subclass_of	MONDO:0008383	ankylosing spondylitis	rheumatoid arthritis	infores:ubergraph(primary_knowledge_source);infores:automat-robokop(aggregator_knowledge_source)
Q69	e0	e_7	MONDO:0011849	biolink:subclass_of	MONDO:0008383	psoriatic arthritis	rheumatoid arthritis	infores:ubergraph(primary_knowledge_source);infores:automat-robokop(aggregator_knowledge_source)
Q69	e0	e_3_e_6	MONDO:0008383	biolink:treats_or_applied_or_studied_to_treat	MONDO:0005306	rheumatoid arthritis	ankylosing spondylitis	infores:automat-robokop(primary_knowledge_source)
Q69	e0	e_5_e_7	MONDO:0008383	biolink:has_adverse_event	MONDO:0011849	rheumatoid arthritis	psoriatic arthritis	infores:automat-robokop(primary_knowledge_source)
Q70	e0	e_1	CHEBI:6801	biolink:affects	NCBIGene:672	Metformin	BRCA1	infores:text-mining-provider-targeted(primary_knowledge_source);infores:automat-robokop(aggregator_knowledge_source)
Q70	e0	e_2	CHEBI:6801	biolink:affects	NCBIGene:672	Metformin	BRCA1	infores:text-mining-provider-targeted(primary_knowledge_source);infores:automat-robokop(aggregator_knowledge_source)
Q70	e0	e_3	CHEBI:6801	biolink:regulates	NCBIGene:672	Metformin	BRCA1	infores:lincs(primary_knowledge_source);infores:hetionet(aggregator_knowledge_source);infores:automat-robokop(aggregator_knowledge_source)
Q71	e0	e_1	CHEBI:41879	biolink:contributes_to	MONDO:0004975	Dexamethasone	Alzheimer disease	infores:text-mining-provider-targeted(primary_knowledge_source);infores:automat-robokop(aggregator_knowledge_source)
Q71	e0	e_2	CHEBI:41879	biolink:treats_or_applied_or_studied_to_treat	MONDO:0004975	Dexamethasone	Alzheimer disease	infores:text-mining-provider-targeted(primary_knowledge_source);infores:automat-robokop(aggregator_knowledge_source)
Q72	e0	e_1	CHEBI:6801	biolink:affects	NCBIGene:3569	Metformin	IL6	infores:text-mining-provider-targeted(primary_knowledge_source);infores:automat-robokop(aggregator_knowledge_source)
Q73	e0	e_1	CHEBI:41774	biolink:contributes_to	MONDO:0005590	Tamoxifen	breast ductal adenocarcinoma	infores:text-mining-provider-targeted(primary_knowledge_source);infores:automat-robokop(aggregator_knowledge_source)
Q73	e0	e_2	CHEBI:41774	biolink:causes	MONDO:0005628	Tamoxifen	male breast carcinoma	infores:sider(primary_knowledge_source);infores:hetionet(aggregator_knowledge_source);infores:automat-robokop(aggregator_knowledge_source)
Q73	e0	e_3	MONDO:0007254	biolink:treats_or_applied_or_studied_to_treat	CHEBI:41774	breast cancer	Tamoxifen	infores:text-mining-provider-targeted(primary_knowledge_source);infores:automat-robokop(aggregator_knowledge_source)
Q73	e0	e_4	CHEBI:41774	biolink:treats_or_applied_or_studied_to_treat	MONDO:0007254	Tamoxifen	breast cancer	infores:text-mining-provider-targeted(primary_knowledge_source);infores:automat-robokop(aggregator_knowledge_source)
Q73	e0	e_5	CHEBI:41774	biolink:treats_or_applied_or_studied_to_treat	MONDO:0005051	Tamoxifen	invasive lobular breast carcinoma	infores:text-mining-provider-targeted(primary_knowledge_source);infores:automat-robokop(aggregator_knowledge_source)
Q73	e0	e_6	CHEBI:41774	biolink:treats_or_applied_or_studied_to_treat	MONDO:0000615	Tamoxifen	progesterone-receptor positive breast cancer	infores:text-mining-provider-targeted(primary_knowledge_source);infores:automat-robokop(aggregator_knowledge_source)
Q73	e0	e_7	CHEBI:41774	biolink:treats_or_applied_or_studied_to_treat	MONDO:0004988	Tamoxifen	breast adenocarcinoma	infores:text-mining-provider-targeted(primary_knowledge_source);infores:automat-robokop(aggregator_knowledge_source)
Q73	e0	e_8	CHEBI:41774	biolink:treats_or_applied_or_studied_to_treat	MONDO:0006270	Tamoxifen	lobular breast carcinoma in situ	infores:text-mining-provider-targeted(primary_knowledge_source);infores:automat-robokop(aggregator_knowledge_source)
Q73	e0	e_9	CHEBI:41774	biolink:treats_or_applied_or_studied_to_treat	MONDO:0016419	Tamoxifen	hereditary breast carcinoma	infores:text-mining-provider-targeted(primary_knowledge_source);infores:automat-robokop(aggregator_knowledge_source)
Q73	e0	e_10	CHEBI:41774	biolink:treats_or_applied_or_studied_to_treat	MONDO:0005590	Tamoxifen	breast ductal adenocarcinoma	infores:text-mining-provider-targeted(primary_knowledge_source);infores:automat-robokop(aggregator_knowledge_source)
Q73	e0	e_11	CHEBI:41774	biolink:treats_or_applied_or_studied_to_treat	MONDO:0056813	Tamoxifen	hormone-resistant breast carcinoma	infores:text-mining-provider-targeted(primary_knowledge_source);infores:automat-robokop(aggregator_knowledge_source)
Q73	e0	e_12	CHEBI:41774	biolink:treats_or_applied_or_studied_to_treat	MONDO:0700079	Tamoxifen	hormone receptor-positive breast cancer	infores:text-mining-provider-targeted(primary_knowledge_source);infores:automat-robokop(aggregator_knowledge_source)
Q73	e0	e_13	CHEBI:41774	biolink:treats_or_applied_or_studied_to_treat	MONDO:0002486	Tamoxifen	lobular neoplasia	infores:text-mining-provider-targeted(primary_knowledge_source);infores:automat-robokop(aggregator_knowledge_source)
Q73	e0	e_14	CHEBI:41774	biolink:treats_or_applied_or_studied_to_treat	MONDO:0004989	Tamoxifen	breast carcinoma	infores:text-mining-provider-targeted(primary_knowledge_source);infores:automat-robokop(aggregator_knowledge_source)
Q73	e0	e_15	CHEBI:41774	biolink:treats_or_applied_or_studied_to_treat	MONDO:0004990	Tamoxifen	breast tumor luminal A or B	infores:text-mining-provider-targeted(primary_knowledge_source);infores:automat-robokop(aggregator_knowledge_source)
Q73	e0	e_16	CHEBI:41774	biolink:treats_or_applied_or_studied_to_treat	MONDO:0003982	Tamoxifen	bilateral breast carcinoma	infores:text-mining-provider-targeted(primary_knowledge_source);infores:automat-robokop(aggregator_knowledge_source)
Q73	e0	e_17	CHEBI:41774	biolink:treats_or_applied_or_studied_to_treat	MONDO:0005628	Tamoxifen	male breast carcinoma	infores:text-mining-provider-targeted(primary_knowledge_source);infores:automat-robokop(aggregator_knowledge_source)
Q73	e0	e_18	CHEBI:41774	biolink:treats_or_applied_or_studied_to_treat	MONDO:0004438	Tamoxifen	sporadic breast cancer	infores:text-mining-provider-targeted(primary_knowledge_source);infores:automat-robokop(aggregator_knowledge_source)
Q73	e0	e_19	CHEBI:41774	biolink:treats_or_applied_or_studied_to_treat	MONDO:0004379	Tamoxifen	female breast carcinoma	infores:text-mining-provider-targeted(primary_knowledge_source);infores:automat-robokop(aggregator_knowledge_source)
Q73	e0	e_20	CHEBI:41774	biolink:treats_or_applied_or_studied_to_treat	MONDO:0021115	Tamoxifen	luminal B breast carcinoma	infores:text-mining-provider-targeted(primary_knowledge_source);infores:automat-robokop(aggregator_knowledge_source)
Q73	e0	e_21	CHEBI:41774	biolink:treats_or_applied_or_studied_to_treat	MONDO:0005023	Tamoxifen	ductal breast carcinoma in situ	infores:text-mining-provider-targeted(primary_knowledge_source);infores:automat-robokop(aggregator_knowledge_source)
Q73	e0	e_22	CHEBI:41774	biolink:treats_or_applied_or_studied_to_treat	MONDO:0021116	Tamoxifen	luminal A breast carcinoma	infores:text-mining-provider-targeted(primary_knowledge_source);infores:automat-robokop(aggregator_knowledge_source)
Q73	e0	e_23	CHEBI:41774	biolink:treats_or_applied_or_studied_to_treat	MONDO:0005494	Tamoxifen	triple-negative breast carcinoma	infores:text-mining-provider-targeted(primary_knowledge_source);infores:automat-robokop(aggregator_knowledge_source)
Q73	e0	e_24	CHEBI:41774	biolink:treats_or_applied_or_studied_to_treat	MONDO:0006256	Tamoxifen	invasive breast carcinoma	infores:text-mining-provider-targeted(primary_knowledge_source);infores:automat-robokop(aggregator_knowledge_source)
Q73	e0	e_25	CHEBI:41774	biolink:treats_or_applied_or_studied_to_treat	MONDO:0004953	Tamoxifen	invasive ductal breast carcinoma	infores:text-mining-provider-targeted(primary_knowledge_source);infores:automat-robokop(aggregator_knowledge_source)
Q73	e0	e_26	CHEBI:41774	biolink:treats_or_applied_or_studied_to_treat	MONDO:0000552	Tamoxifen	breast lobular carcinoma	infores:text-mining-provider-targeted(primary_knowledge_source);infores:automat-robokop(aggregator_knowledge_source)
Q73	e0	e_27	CHEBI:41774	biolink:treats_or_applied_or_studied_to_treat	MONDO:0003024	Tamoxifen	breast angiosarcoma	infores:text-mining-provider-targeted(primary_knowledge_source);infores:automat-robokop(aggregator_knowledge_source)
Q73	e0	e_28	CHEBI:41774	biolink:treats_or_applied_or_studied_to_treat	MONDO:0006043	Tamoxifen	metaplastic breast carcinoma	infores:text-mining-provider-targeted(primary_knowledge_source);infores:automat-robokop(aggregator_knowledge_source)
Q73	e0	e_29	CHEBI:41774	biolink:treats_or_applied_or_studied_to_treat	MONDO:0006804	Tamoxifen	inflammatory breast carcinoma	infores:text-mining-provider-targeted(primary_knowledge_source);infores:automat-robokop(aggregator_knowledge_source)
Q73	e0	e_30	CHEBI:41774	biolink:treats_or_applied_or_studied_to_treat	MONDO:0003532	Tamoxifen	breast papillary carcinoma	infores:text-mining-provider-targeted(primary_knowledge_source);infores:automat-robokop(aggregator_knowledge_source)
Q73	e0	e_31	CHEBI:41774	biolink:treats_or_applied_or_studied_to_treat	MONDO:0005628	Tamoxifen	male breast carcinoma	infores:ctd(primary_knowledge_source);infores:automat-robokop(aggregator_knowledge_source)
Q73	e0	e_32	CHEBI:41774	biolink:treats_or_applied_or_studied_to_treat	MONDO:0004658	Tamoxifen	breast carcinoma in situ	infores:text-mining-provider-targeted(primary_knowledge_source);infores:automat-robokop(aggregator_knowledge_source)
Q73	e0	e_33	CHEBI:41774	biolink:treats_or_applied_or_studied_to_treat	MONDO:0002707	Tamoxifen	breast mucinous carcinoma	infores:text-mining-provider-targeted(primary_knowledge_source);infores:automat-robokop(aggregator_knowledge_source)
Q73	e0	e_34	CHEBI:41774	biolink:treats_or_applied_or_studied_to_treat	MONDO:0005050	Tamoxifen	invasive ductal and lobular carcinoma	infores:text-mining-provider-targeted(primary_knowledge_source);infores:automat-robokop(aggregator_knowledge_source)
Q73	e0	e_35	CHEBI:41774	biolink:treats_or_applied_or_studied_to_treat	MONDO:0006098	Tamoxifen	atypical lobular breast hyperplasia	infores:text-mining-provider-targeted(primary_knowledge_source);infores:automat-robokop(aggregator_knowledge_source)
Q73	e0	e_36	CHEBI:41774	biolink:treats_or_applied_or_studied_to_treat	MONDO:0004984	Tamoxifen	basal-like breast carcinoma	infores:text-mining-provider-targeted(primary_knowledge_source);infores:automat-robokop(aggregator_knowledge_source)
Q73	e0	e_37	CHEBI:41774	biolink:treats_or_applied_or_studied_to_treat	MONDO:0006513	Tamoxifen	estrogen-receptor negative breast cancer	infores:text-mining-provider-targeted(primary_knowledge_source);infores:automat-robokop(aggregator_knowledge_source)
Q73	e0	e_38	CHEBI:41774	biolink:treats_or_applied_or_studied_to_treat	MONDO:0006512	Tamoxifen	estrogen-receptor positive breast cancer	infores:text-mining-provider-targeted(primary_knowledge_source);infores:automat-robokop(aggregator_knowledge_source)
Q73	e0	e_39	CHEBI:41774	biolink:has_adverse_event	MONDO:0007254	Tamoxifen	breast cancer	infores:faers(primary_knowledge_source);infores:drugcentral(aggregator_knowledge_source);infores:automat-robokop(aggregator_knowledge_source)
Q73	e0	e_40	CHEBI:41774	biolink:has_adverse_event	UMLS:C0278493	Tamoxifen	Breast cancer recurrent	infores:faers(primary_knowledge_source);infores:drugcentral(aggregator_knowledge_source);infores:automat-robokop(aggregator_knowledge_source)
Q73	e0	e_41	CHEBI:41774	biolink:has_adverse_event	MONDO:0004953	Tamoxifen	invasive ductal breast carcinoma	infores:faers(primary_knowledge_source);infores:drugcentral(aggregator_knowledge_source);infores:automat-robokop(aggregator_knowledge_source)
Q73	e0	e_42	CHEBI:41774	biolink:treats	MONDO:0007254	Tamoxifen	breast cancer	infores:hetionet(primary_knowledge_source);infores:automat-robokop(aggregator_knowledge_source)
Q73	e0	e_43	CHEBI:41774	biolink:treats	MONDO:0004953	Tamoxifen	invasive ductal breast carcinoma	infores:drugcentral(primary_knowledge_source);infores:automat-robokop(aggregator_knowledge_source)
Q73	e0	e_44	MONDO:0005590	biolink:subclass_of	MONDO:0007254	breast ductal adenocarcinoma	breast cancer	infores:ubergraph(primary_knowledge_source);infores:automat-robokop(aggregator_knowledge_source)
Q73	e0	e_45	MONDO:0005628	biolink:subclass_of	MONDO:0007254	male breast carcinoma	breast cancer	infores:ubergraph(primary_knowledge_source);infores:automat-robokop(aggregator_knowledge_source)
Q73	e0	e_46	MONDO:0005051	biolink:subclass_of	MONDO:0007254	invasive lobular breast carcinoma	breast cancer	infores:ubergraph(primary_knowledge_source);infores:automat-robokop(aggregator_knowledge_source)
Q73	e0	e_47	MONDO:0000615	biolink:subclass_of	MONDO:0007254	progesterone-receptor positive breast cancer	breast cancer	infores:ubergraph(primary_knowledge_source);infores:automat-robokop(aggregator_knowledge_source)
Q73	e0	e_48	MONDO:0004988	biolink:subclass_of	MONDO:0007254	breast adenocarcinoma	breast cancer	infores:ubergraph(primary_knowledge_source);infores:automat-robokop(aggregator_knowledge_source)
Q73	e0	e_49	MONDO:0006270	biolink:subclass_of	MONDO:0007254	lobular breast carcinoma in situ	breast cancer	infores:ubergraph(primary_knowledge_source);infores:automat-robokop(aggregator_knowledge_source)
Q73	e0	e_50	MONDO:0016419	biolink:subclass_of	MONDO:0007254	hereditary breast carcinoma	breast cancer	infores:ubergraph(primary_knowledge_source);infores:automat-robokop(aggregator_knowledge_source)
Q73	e0	e_51	MONDO:0056813	biolink:subclass_of	MONDO:0007254	hormone-resistant breast carcinoma	breast cancer	infores:ubergraph(primary_knowledge_source);infores:automat-robokop(aggregator_knowledge_source)
Q73	e0	e_52	MONDO:0700079	biolink:subclass_of	MONDO:0007254	hormone receptor-positive breast cancer	breast cancer	infores:ubergraph(primary_knowledge_source);infores:automat-robokop(aggregator_knowledge_source)
Q73	e0	e_53	MONDO:0002486	biolink:subclass_of	MONDO:0007254	lobular neoplasia	breast cancer	infores:ubergraph(primary_knowledge_source);infores:automat-robokop(aggregator_knowledge_source)
Q73	e0	e_54	MONDO:0004989	biolink:subclass_of	MONDO:0007254	breast carcinoma	breast cancer	infores:ubergraph(primary_knowledge_source);infores:automat-robokop(aggregator_knowledge_source)
Q73	e0	e_55	MONDO:0004990	biolink:subclass_of	MONDO:0007254	breast tumor luminal A or B	breast cancer	infores:ubergraph(primary_knowledge_source);infores:automat-robokop(aggregator_knowledge_source)
Q73	e0	e_56	MONDO:0003982	biolink:subclass_of	MONDO:0007254	bilateral breast carcinoma	breast cancer	infores:ubergraph(primary_knowledge_source);infores:automat-robokop(aggregator_knowledge_source)
Q73	e0	e_57	MONDO:0004438	biolink:subclass_of	MONDO:0007254	sporadic breast cancer	breast cancer	infores:ubergraph(primary_knowledge_source);infores:automat-robokop(aggregator_knowledge_source)
Q73	e0	e_58	MONDO:0004379	biolink:subclass_of	MONDO:0007254	female breast carcinoma	breast cancer	infores:ubergraph(primary_knowledge_source);infores:automat-robokop(aggregator_knowledge_source)
Q73	e0	e_59	MONDO:0021115	biolink:subclass_of	MONDO:0007254	luminal B breast carcinoma	breast cancer	infores:ubergraph(primary_knowledge_source);infores:automat-robokop(aggregator_knowledge_source)
Q73	e0	e_60	MONDO:0005023	biolink:subclass_of	MONDO:0007254	ductal breast carcinoma in situ	breast cancer	infores:ubergraph(primary_knowledge_source);infores:automat-robokop(aggregator_knowledge_source)
Q73	e0	e_61	MONDO:0021116	biolink:subclass_of	MONDO:0007254	luminal A breast carcinoma	breast cancer	infores:ubergraph(primary_knowledge_source);infores:automat-robokop(aggregator_knowledge_source)
Q73	e0	e_62	MONDO:0005494	biolink:subclass_of	MONDO:0007254	triple-negative breast carcinoma	breast cancer	infores:ubergraph(primary_knowledge_source);infores:automat-robokop(aggregator_knowledge_source)
Q73	e0	e_63	MONDO:0006256	biolink:subclass_of	MONDO:0007254	invasive breast carcinoma	breast cancer	infores:ubergraph(primary_knowledge_source);infores:automat-robokop(aggregator_knowledge_source)
Q73	e0	e_64	MONDO:0004953	biolink:subclass_of	MONDO:0007254	invasive ductal breast carcinoma	breast cancer	infores:ubergraph(primary_knowledge_source);infores:automat-robokop(aggregator_knowledge_source)
Q73	e0	e_65	MONDO:0000552	biolink:subclass_of	MONDO:0007254	breast lobular carcinoma	breast cancer	infores:ubergraph(primary_knowledge_source);infores:automat-robokop(aggregator_knowledge_source)
Q73	e0	e_66	MONDO:0003024	biolink:subclass_of	MONDO:0007254	breast angiosarcoma	breast cancer	infores:ubergraph(primary_knowledge_source);infores:automat-robokop(aggregator_knowledge_source)
Q73	e0	e_67	MONDO:0006043	biolink:subclass_of	MONDO:0007254	metaplastic breast carcinoma	breast cancer	infores:ubergraph(primary_knowledge_source);infores:automat-robokop(aggregator_knowledge_source)
Q73	e0	e_68	MONDO:0006804	biolink:subclass_of	MONDO:0007254	inflammatory breast carcinoma	breast cancer	infores:ubergraph(primary_knowledge_source);infores:automat-robokop(aggregator_knowledge_source)
Q73	e0	e_69	MONDO:0003532	biolink:subclass_of	MONDO:0007254	breast papillary carcinoma	breast cancer	infores:ubergraph(primary_knowledge_source);infores:automat-robokop(aggregator_knowledge_source)
Q73	e0	e_70	MONDO:0004658	biolink:subclass_of	MONDO:0007254	breast carcinoma in situ	breast cancer	infores:ubergraph(primary_knowledge_source);infores:automat-robokop(aggregator_knowledge_source)
Q73	e0	e_71	MONDO:0002707	biolink:subclass_of	MONDO:0007254	breast mucinous carcinoma	breast cancer	infores:ubergraph(primary_knowledge_source);infores:automat-robokop(aggregator_knowledge_source)
Q73	e0	e_72	MONDO:0005050	biolink:subclass_of	MONDO:0007254	invasive ductal and lobular carcinoma	breast cancer	infores:ubergraph(primary_knowledge_source);infores:automat-robokop(aggregator_knowledge_source)
Q73	e0	e_73	MONDO:0006098	biolink:subclass_of	MONDO:0007254	atypical lobular breast hyperplasia	breast cancer	infores:ubergraph(primary_knowledge_source);infores:automat-robokop(aggregator_knowledge_source)
Q73	e0	e_74	MONDO:0004984	biolink:subclass_of	MONDO:0007254	basal-like breast carcinoma	breast cancer	infores:ubergraph(primary_knowledge_source);infores:automat-robokop(aggregator_knowledge_source)
Q73	e0	e_75	MONDO:0006513	biolink:subclass_of	MONDO:0007254	estrogen-receptor negative breast cancer	breast cancer	infores:ubergraph(primary_knowledge_source);infores:automat-robokop(aggregator_knowledge_source)
Q73	e0	e_76	MONDO:0006512	biolink:subclass_of	MONDO:0007254	estrogen-receptor positive breast cancer	breast cancer	infores:ubergraph(primary_knowledge_source);infores:automat-robokop(aggregator_knowledge_source)
Q73	e0	e_77	UMLS:C0278493	biolink:subclass_of	MONDO:0007254	Breast cancer recurrent	breast cancer	infores:ubergraph(primary_knowledge_source);infores:automat-robokop(aggregator_knowledge_source)
Q73	e0	e_1_e_44	MONDO:0007254	biolink:contributes_to	MONDO:0005590	breast cancer	breast ductal adenocarcinoma	infores:automat-robokop(primary_knowledge_source)
Q73	e0	e_2_e_45	MONDO:0007254	biolink:causes	MONDO:0005628	breast cancer	male breast carcinoma	infores:automat-robokop(primary_knowledge_source)
Q73	e0	e_5_e_46	MONDO:0007254	biolink:treats_or_applied_or_studied_to_treat	MONDO:0005051	breast cancer	invasive lobular breast carcinoma	infores:automat-robokop(primary_knowledge_source)
Q73	e0	e_6_e_47	MONDO:0007254	biolink:treats_or_applied_or_studied_to_treat	MONDO:0000615	breast cancer	progesterone-receptor positive breast cancer	infores:automat-robokop(primary_knowledge_source)
Q73	e0	e_7_e_48	MONDO:0007254	biolink:treats_or_applied_or_studied_to_treat	MONDO:0004988	breast cancer	breast adenocarcinoma	infores:automat-robokop(primary_knowledge_source)
Q73	e0	e_8_e_49	MONDO:0007254	biolink:treats_or_applied_or_studied_to_treat	MONDO:0006270	breast cancer	lobular breast carcinoma in situ	infores:automat-robokop(primary_knowledge_source)
Q73	e0	e_9_e_50	MONDO:0007254	biolink:treats_or_applied_or_studied_to_treat	MONDO:0016419	breast cancer	hereditary breast carcinoma	infores:automat-robokop(primary_knowledge_source)
Q73	e0	e_10_e_44	MONDO:0007254	biolink:treats_or_applied_or_studied_to_treat	MONDO:0005590	breast cancer	breast ductal adenocarcinoma	infores:automat-robokop(primary_knowledge_source)
Q73	e0	e_11_e_51	MONDO:0007254	biolink:treats_or_applied_or_studied_to_treat	MONDO:0056813	breast cancer	hormone-resistant breast carcinoma	infores:automat-robokop(primary_knowledge_source)
Q73	e0	e_12_e_52	MONDO:0007254	biolink:treats_or_applied_or_studied_to_treat	MONDO:0700079	breast cancer	hormone receptor-positive breast cancer	infores:automat-robokop(primary_knowledge_source)
Q73	e0	e_13_e_53	MONDO:0007254	biolink:treats_or_applied_or_studied_to_treat	MONDO:0002486	breast cancer	lobular neoplasia	infores:automat-robokop(primary_knowledge_source)
Q73	e0	e_14_e_54	MONDO:0007254	biolink:treats_or_applied_or_studied_to_treat	MONDO:0004989	breast cancer	breast carcinoma	infores:automat-robokop(primary_knowledge_source)
Q73	e0	e_15_e_55	MONDO:0007254	biolink:treats_or_applied_or_studied_to_treat	MONDO:0004990	breast cancer	breast tumor luminal A or B	infores:automat-robokop(primary_knowledge_source)
Q73	e0	e_16_e_56	MONDO:0007254	biolink:treats_or_applied_or_studied_to_treat	MONDO:0003982	breast cancer	bilateral breast carcinoma	infores:automat-robokop(primary_knowledge_source)
Q73	e0	e_17_e_45	MONDO:0007254	biolink:treats_or_applied_or_studied_to_treat	MONDO:0005628	breast cancer	male breast carcinoma	infores:automat-robokop(primary_knowledge_source)
Q73	e0	e_18_e_57	MONDO:0007254	biolink:treats_or_applied_or_studied_to_treat	MONDO:0004438	breast cancer	sporadic breast cancer	infores:automat-robokop(primary_knowledge_source)
Q73	e0	e_19_e_58	MONDO:0007254	biolink:treats_or_applied_or_studied_to_treat	MONDO:0004379	breast cancer	female breast carcinoma	infores:automat-robokop(primary_knowledge_source)
Q73	e0	e_20_e_59	MONDO:0007254	biolink:treats_or_applied_or_studied_to_treat	MONDO:0021115	breast cancer	luminal B breast carcinoma	infores:automat-robokop(primary_knowledge_source)
Q73	e0	e_21_e_60	MONDO:0007254	biolink:treats_or_applied_or_studied_to_treat	MONDO:0005023	breast cancer	ductal breast carcinoma in situ	infores:automat-robokop(primary_knowledge_source)
Q73	e0	e_22_e_61	MONDO:0007254	biolink:treats_or_applied_or_studied_to_treat	MONDO:0021116	breast cancer	luminal A breast carcinoma	infores:automat-robokop(primary_knowledge_source)
Q73	e0	e_23_e_62	MONDO:0007254	biolink:treats_or_applied_or_studied_to_treat	MONDO:0005494	breast cancer	triple-negative breast carcinoma	infores:automat-robokop(primary_knowledge_source)
Q73	e0	e_24_e_63	MONDO:0007254	biolink:treats_or_applied_or_studied_to_treat	MONDO:0006256	breast cancer	invasive breast carcinoma	infores:automat-robokop(primary_knowledge_source)
Q73	e0	e_25_e_64	MONDO:0007254	biolink:treats_or_applied_or_studied_to_treat	MONDO:0004953	breast cancer	invasive ductal breast carcinoma	infores:automat-robokop(primary_knowledge_source)
Q73	e0	e_26_e_65	MONDO:0007254	biolink:treats_or_applied_or_studied_to_treat	MONDO:0000552	breast cancer	breast lobular carcinoma	infores:automat-robokop(primary_knowledge_source)
Q73	e0	e_27_e_66	MONDO:0007254	biolink:treats_or_applied_or_studied_to_treat	MONDO:0003024	breast cancer	breast angiosarcoma	infores:automat-robokop(primary_knowledge_source)
Q73	e0	e_28_e_67	MONDO:0007254	biolink:treats_or_applied_or_studied_to_treat	MONDO:0006043	breast cancer	metaplastic breast carcinoma	infores:automat-robokop(primary_knowledge_source)
Q73	e0	e_29_e_68	MONDO:0007254	biolink:treats_or_applied_or_studied_to_treat	MONDO:0006804	breast cancer	inflammatory breast carcinoma	infores:automat-robokop(primary_knowledge_source)
Q73	e0	e_30_e_69	MONDO:0007254	biolink:treats_or_applied_or_studied_to_treat	MONDO:0003532	breast cancer	breast papillary carcinoma	infores:automat-robokop(primary_knowledge_source)
Q73	e0	e_31_e_45	MONDO:0007254	biolink:treats_or_applied_or_studied_to_treat	MONDO:0005628	breast cancer	male breast carcinoma	infores:automat-robokop(primary_knowledge_source)
Q73	e0	e_32_e_70	MONDO:0007254	biolink:treats_or_applied_or_studied_to_treat	MONDO:0004658	breast cancer	breast carcinoma in situ	infores:automat-robokop(primary_knowledge_source)
Q73	e0	e_33_e_71	MONDO:0007254	biolink:treats_or_applied_or_studied_to_treat	MONDO:0002707	breast cancer	breast mucinous carcinoma	infores:automat-robokop(primary_knowledge_source)
Q73	e0	e_34_e_72	MONDO:0007254	biolink:treats_or_applied_or_studied_to_treat	MONDO:0005050	breast cancer	invasive ductal and lobular carcinoma	infores:automat-robokop(primary_knowledge_source)
Q73	e0	e_35_e_73	MONDO:0007254	biolink:treats_or_applied_or_studied_to_treat	MONDO:0006098	breast cancer	atypical lobular breast hyperplasia	infores:automat-robokop(primary_knowledge_source)
Q73	e0	e_36_e_74	MONDO:0007254	biolink:treats_or_applied_or_studied_to_treat	MONDO:0004984	breast cancer	basal-like breast carcinoma	infores:automat-robokop(primary_knowledge_source)
Q73	e0	e_37_e_75	MONDO:0007254	biolink:treats_or_applied_or_studied_to_treat	MONDO:0006513	breast cancer	estrogen-receptor negative breast cancer	infores:automat-robokop(primary_knowledge_source)
Q73	e0	e_38_e_76	MONDO:0007254	biolink:treats_or_applied_or_studied_to_treat	MONDO:0006512	breast cancer	estrogen-receptor positive breast cancer	infores:automat-robokop(primary_knowledge_source)
Q73	e0	e_40_e_77	MONDO:0007254	biolink:has_adverse_event	UMLS:C0278493	breast cancer	Breast cancer recurrent	infores:automat-robokop(primary_knowledge_source)
Q73	e0	e_41_e_64	MONDO:0007254	biolink:has_adverse_event	MONDO:0004953	breast cancer	invasive ductal breast carcinoma	infores:automat-robokop(primary_knowledge_source)
Q73	e0	e_43_e_64	MONDO:0007254	biolink:treats	MONDO:0004953	breast cancer	invasive ductal breast carcinoma	infores:automat-robokop(primary_knowledge_source)
Q74	e0	e_1	CHEBI:5855	biolink:contributes_to	MONDO:0004979	Ibuprofen	asthma	infores:text-mining-provider-targeted(primary_knowledge_source);infores:automat-robokop(aggregator_knowledge_source)
Q74	e0	e_2	CHEBI:5855	biolink:contributes_to	MONDO:0004979	Ibuprofen	asthma	infores:ctd(primary_knowledge_source);infores:automat-robokop(aggregator_knowledge_source)
Q74	e0	e_3	CHEBI:5855	biolink:causes	MONDO:0004979	Ibuprofen	asthma	infores:sider(primary_knowledge_source);infores:hetionet(aggregator_knowledge_source);infores:automat-robokop(aggregator_knowledge_source)
Q74	e0	e_4	CHEBI:5855	biolink:causes	MONDO:0850283	Ibuprofen	acute asthma	infores:sider(primary_knowledge_source);infores:hetionet(aggregator_knowledge_source);infores:automat-robokop(aggregator_knowledge_source)
Q74	e0	e_5	CHEBI:5855	biolink:treats_or_applied_or_studied_to_treat	MONDO:0004979	Ibuprofen	asthma	infores:text-mining-provider-targeted(primary_knowledge_source);infores:automat-robokop(aggregator_knowledge_source)
Q74	e0	e_6	CHEBI:5855	biolink:contraindicated_in	MONDO:0850283	Ibuprofen	acute asthma	infores:drugcentral(primary_knowledge_source);infores:automat-robokop(aggregator_knowledge_source)
Q74	e0	e_7	MONDO:0850283	biolink:subclass_of	MONDO:0004979	acute asthma	asthma	infores:ubergraph(primary_knowledge_source);infores:automat-robokop(aggregator_knowledge_source)
Q74	e0	e_4_e_7	MONDO:0004979	biolink:causes	MONDO:0850283	asthma	acute asthma	infores:automat-robokop(primary_knowledge_source)
Q74	e0	e_6_e_7	MONDO:0004979	biolink:contraindicated_in	MONDO:0850283	asthma	acute asthma	infores:automat-robokop(primary_knowledge_source)
Q75	e0	e_1	CHEBI:15365	biolink:affects	NCBIGene:675	Aspirin	BRCA2	infores:text-mining-provider-targeted(primary_knowledge_source);infores:automat-robokop(aggregator_knowledge_source)
Q76	e0	e_1	CHEBI:41879	biolink:affects	NCBIGene:1636	Dexamethasone	ACE	infores:ctd(primary_knowledge_source);infores:automat-robokop(aggregator_knowledge_source)
Q76	e0	e_2	CHEBI:41879	biolink:affects	NCBIGene:1636	Dexamethasone	ACE	infores:text-mining-provider-targeted(primary_knowledge_source);infores:automat-robokop(aggregator_knowledge_source)
Q76	e0	e_3	CHEBI:41879	biolink:affects	NCBIGene:1636	Dexamethasone	ACE	infores:text-mining-provider-targeted(primary_knowledge_source);infores:automat-robokop(aggregator_knowledge_source)
Q77	e0	e_1	CHEBI:5855	biolink:affects	NCBIGene:348	Ibuprofen	APOE	infores:text-mining-provider-targeted(primary_knowledge_source);infores:automat-robokop(aggregator_knowledge_source)
Q77	e0	e_2	CHEBI:5855	biolink:affects	NCBIGene:348	Ibuprofen	APOE	infores:text-mining-provider-targeted(primary_knowledge_source);infores:automat-robokop(aggregator_knowledge_source)
Q78	e0	e_1	CHEBI:6801	biolink:affects	NCBIGene:1956	Metformin	EGFR	infores:text-mining-provider-targeted(primary_knowledge_source);infores:automat-robokop(aggregator_knowledge_source)
Q79	e0	e_1	CHEBI:6801	biolink:causes	MONDO:0006805	Metformin	angina unstable	infores:sider(primary_knowledge_source);infores:hetionet(aggregator_knowledge_source);infores:automat-robokop(aggregator_knowledge_source)
Q79	e0	e_2	CHEBI:6801	biolink:treats_or_applied_or_studied_to_treat	MONDO:0005010	Metformin	coronary artery disorder	infores:text-mining-provider-targeted(primary_knowledge_source);infores:automat-robokop(aggregator_knowledge_source)
Q79	e0	e_3	CHEBI:6801	biolink:treats_or_applied_or_studied_to_treat	MONDO:0021661	Metformin	coronary atherosclerosis	infores:text-mining-provider-targeted(primary_knowledge_source);infores:automat-robokop(aggregator_knowledge_source)
Q79	e0	e_4	CHEBI:6801	biolink:has_adverse_event	MONDO:0006805	Metformin	angina unstable	infores:faers(primary_knowledge_source);infores:drugcentral(aggregator_knowledge_source);infores:automat-robokop(aggregator_knowledge_source)
Q79	e0	e_5	CHEBI:6801	biolink:has_adverse_event	MONDO:0021661	Metformin	coronary atherosclerosis	infores:faers(primary_knowledge_source);infores:drugcentral(aggregator_knowledge_source);infores:automat-robokop(aggregator_knowledge_source)
Q79	e0	e_6	CHEBI:6801	biolink:has_adverse_event	MONDO:0006715	Metformin	coronary stenosis	infores:faers(primary_knowledge_source);infores:drugcentral(aggregator_knowledge_source);infores:automat-robokop(aggregator_knowledge_source)
Q79	e0	e_7	CHEBI:6801	biolink:has_adverse_event	MONDO:0005010	Metformin	coronary artery disorder	infores:faers(primary_knowledge_source);infores:drugcentral(aggregator_knowledge_source);infores:automat-robokop(aggregator_knowledge_source)
Q79	e0	e_8	CHEBI:6801	biolink:contraindicated_in	MONDO:0005010	Metformin	coronary artery disorder	infores:drugcentral(primary_knowledge_source);infores:automat-robokop(aggregator_knowledge_source)
Q79	e0	e_9	MONDO:0006805	biolink:subclass_of	MONDO:0005010	angina unstable	coronary artery disorder	infores:ubergraph(primary_knowledge_source);infores:automat-robokop(aggregator_knowledge_source)
Q79	e0	e_10	MONDO:0021661	biolink:subclass_of	MONDO:0005010	coronary atherosclerosis	coronary artery disorder	infores:ubergraph(primary_knowledge_source);infores:automat-robokop(aggregator_knowledge_source)
Q79	e0	e_11	MONDO:0006715	biolink:subclass_of	MONDO:0005010	coronary stenosis	coronary artery disorder	infores:ubergraph(primary_knowledge_source);infores:automat-robokop(aggregator_knowledge_source)
Q79	e0	e_1_e_9	MONDO:0005010	biolink:causes	MONDO:0006805	coronary artery disorder	angina unstable	infores:automat-robokop(primary_knowledge_source)
Q79	e0	e_3_e_10	MONDO:0005010	biolink:treats_or_applied_or_studied_to_treat	MONDO:0021661	coronary artery disorder	coronary atherosclerosis	infores:automat-robokop(primary_knowledge_source)
Q79	e0	e_4_e_9	MONDO:0005010	biolink:has_adverse_event	MONDO:0006805	coronary artery disorder	angina unstable	infores:automat-robokop(primary_knowledge_source)
Q79	e0	e_5_e_10	MONDO:0005010	biolink:has_adverse_event	MONDO:0021661	coronary artery disorder	coronary atherosclerosis	infores:automat-robokop(primary_knowledge_source)
Q79	e0	e_6_e_11	MONDO:0005010	biolink:has_adverse_event	MONDO:0006715	coronary artery disorder	coronary stenosis	infores:automat-robokop(primary_knowledge_source)
Q80	e0	e_1	CHEBI:5855	biolink:treats_or_applied_or_studied_to_treat	MONDO:0005148	Ibuprofen	type 2 diabetes mellitus	infores:text-mining-provider-targeted(primary_knowledge_source);infores:automat-robokop(aggregator_knowledge_source)
Q80	e0	e_2	CHEBI:43415	biolink:contributes_to	MONDO:0005148	Dexibuprofen	type 2 diabetes mellitus	infores:text-mining-provider-targeted(primary_knowledge_source);infores:automat-robokop(aggregator_knowledge_source)
Q80	e0	e_3	CHEBI:43415	biolink:subclass_of	CHEBI:5855	Dexibuprofen	Ibuprofen	infores:ubergraph(primary_knowledge_source);infores:automat-robokop(aggregator_knowledge_source)
Q80	e0	e_2_e_3	CHEBI:43415	biolink:contributes_to	CHEBI:5855	Dexibuprofen	Ibuprofen	infores:automat-robokop(primary_knowledge_source)
Q81	e0	e_1	CHEBI:6801	biolink:affects	NCBIGene:675	Metformin	BRCA2	infores:text-mining-provider-targeted(primary_knowledge_source);infores:automat-robokop(aggregator_knowledge_source)
Q82	e0	e_1	CHEBI:15365	biolink:affects	NCBIGene:3569	Aspirin	IL6	infores:ctd(primary_knowledge_source);infores:automat-robokop(aggregator_knowledge_source)
Q82	e0	e_2	CHEBI:15365	biolink:affects	NCBIGene:3569	Aspirin	IL6	infores:text-mining-provider-targeted(primary_knowledge_source);infores:automat-robokop(aggregator_knowledge_source)
Q83	e0	e_1	CHEBI:41774	biolink:affects	NCBIGene:7157	Tamoxifen	TP53	infores:text-mining-provider-targeted(primary_knowledge_source);infores:automat-robokop(aggregator_knowledge_source)
Q83	e0	e_2	CHEBI:41774	biolink:affects	NCBIGene:7157	Tamoxifen	TP53	infores:text-mining-provider-targeted(primary_knowledge_source);infores:automat-robokop(aggregator_knowledge_source)
Q83	e0	e_3	CHEBI:41774	biolink:affects	NCBIGene:7157	Tamoxifen	TP53	infores:ctd(primary_knowledge_source);infores:automat-robokop(aggregator_knowledge_source)
Q83	e0	e_4	CHEBI:41774	biolink:affects	NCBIGene:7157	Tamoxifen	TP53	infores:ctd(primary_knowledge_source);infores:automat-robokop(aggregator_knowledge_source)
Q83	e0	e_5	NCBIGene:7157	biolink:affects_response_to	CHEBI:41774	TP53	Tamoxifen	infores:ctd(primary_knowledge_source);infores:automat-robokop(aggregator_knowledge_source)
Q84	e0	e_1	CHEBI:27899	biolink:affects	NCBIGene:3569	Cisplatin	IL6	infores:text-mining-provider-targeted(primary_knowledge_source);infores:automat-robokop(aggregator_knowledge_source)
Q84	e0	e_2	CHEBI:27899	biolink:affects	NCBIGene:3569	Cisplatin	IL6	infores:ctd(primary_knowledge_source);infores:automat-robokop(aggregator_knowledge_source)
Q84	e0	e_3	CHEBI:27899	biolink:affects	NCBIGene:3569	Cisplatin	IL6	infores:text-mining-provider-targeted(primary_knowledge_source);infores:automat-robokop(aggregator_knowledge_source)
Q84	e0	e_4	NCBIGene:3569	biolink:decreases_response_to	CHEBI:27899	IL6	Cisplatin	infores:ctd(primary_knowledge_source);infores:automat-robokop(aggregator_knowledge_source)
Q85	e0	e_1	CHEBI:41879	biolink:affects	NCBIGene:672	Dexamethasone	BRCA1	infores:text-mining-provider-targeted(primary_knowledge_source);infores:automat-robokop(aggregator_knowledge_source)
Q86	e0	e_1	MONDO:0005180	biolink:related_to	NCBIGene:7124	Parkinson disease	TNF	infores:hetionet(primary_knowledge_source);infores:automat-robokop(aggregator_knowledge_source)
Q86	e0	e_2	NCBIGene:7124	biolink:genetically_associated_with	MONDO:0005180	TNF	Parkinson disease	infores:disgenet(primary_knowledge_source);infores:pharos(aggregator_knowledge_source);infores:automat-robokop(aggregator_knowledge_source)
Q86	e0	e_3	NCBIGene:7124	biolink:genetically_associated_with	MONDO:0005180	TNF	Parkinson disease	infores:ctd(primary_knowledge_source);infores:pharos(aggregator_knowledge_source);infores:automat-robokop(aggregator_knowledge_source)
Q87	e0	e_1	MONDO:0008383	biolink:regulates	NCBIGene:1956	rheumatoid arthritis	EGFR	infores:hetionet(primary_knowledge_source);infores:automat-robokop(aggregator_knowledge_source)
Q88	e0	e_1	CHEBI:27899	biolink:treats_or_applied_or_studied_to_treat	MONDO:0003960	Cisplatin	pulmonary large cell neuroendocrine carcinoma	infores:text-mining-provider-targeted(primary_knowledge_source);infores:automat-robokop(aggregator_knowledge_source)
Q88	e0	e_2	CHEBI:27899	biolink:treats_or_applied_or_studied_to_treat	MONDO:0005061	Cisplatin	lung adenocarcinoma	infores:ctd(primary_knowledge_source);infores:automat-robokop(aggregator_knowledge_source)
Q88	e0	e_3	CHEBI:27899	biolink:treats_or_applied_or_studied_to_treat	MONDO:0006275	Cisplatin	lung giant cell carcinoma	infores:text-mining-provider-targeted(primary_knowledge_source);infores:automat-robokop(aggregator_knowledge_source)
Q88	e0	e_4	CHEBI:27899	biolink:treats_or_applied_or_studied_to_treat	MONDO:0005233	Cisplatin	non-small cell lung carcinoma	infores:text-mining-provider-targeted(primary_knowledge_source);infores:automat-robokop(aggregator_knowledge_source)
Q88	e0	e_5	CHEBI:27899	biolink:treats_or_applied_or_studied_to_treat	MONDO:0004973	Cisplatin	adenosquamous lung carcinoma	infores:text-mining-provider-targeted(primary_knowledge_source);infores:automat-robokop(aggregator_knowledge_source)
Q88	e0	e_6	CHEBI:27899	biolink:treats_or_applied_or_studied_to_treat	MONDO:0005061	Cisplatin	lung adenocarcinoma	infores:text-mining-provider-targeted(primary_knowledge_source);infores:automat-robokop(aggregator_knowledge_source)
Q88	e0	e_7	CHEBI:27899	biolink:treats_or_applied_or_studied_to_treat	MONDO:0005097	Cisplatin	squamous cell lung carcinoma	infores:text-mining-provider-targeted(primary_knowledge_source);infores:automat-robokop(aggregator_knowledge_source)
Q88	e0	e_8	CHEBI:27899	biolink:treats_or_applied_or_studied_to_treat	MONDO:0011014	Cisplatin	pleuropulmonary blastoma	infores:text-mining-provider-targeted(primary_knowledge_source);infores:automat-robokop(aggregator_knowledge_source)
Q88	e0	e_9	CHEBI:27899	biolink:treats_or_applied_or_studied_to_treat	MONDO:0005933	Cisplatin	pulmonary blastoma	infores:text-mining-provider-targeted(primary_knowledge_source);infores:automat-robokop(aggregator_knowledge_source)
Q88	e0	e_10	CHEBI:27899	biolink:treats_or_applied_or_studied_to_treat	MONDO:0003050	Cisplatin	lung large cell carcinoma	infores:text-mining-provider-targeted(primary_knowledge_source);infores:automat-robokop(aggregator_knowledge_source)
Q88	e0	e_11	CHEBI:27899	biolink:treats_or_applied_or_studied_to_treat	MONDO:0005233	Cisplatin	non-small cell lung carcinoma	infores:ctd(primary_knowledge_source);infores:automat-robokop(aggregator_knowledge_source)
Q88	e0	e_12	CHEBI:27899	biolink:has_adverse_event	MONDO:0005233	Cisplatin	non-small cell lung carcinoma	infores:faers(primary_knowledge_source);infores:drugcentral(aggregator_knowledge_source);infores:automat-robokop(aggregator_knowledge_source)
Q88	e0	e_13	MONDO:0003960	biolink:subclass_of	MONDO:0005233	pulmonary large cell neuroendocrine carcinoma	non-small cell lung carcinoma	infores:ubergraph(primary_knowledge_source);infores:automat-robokop(aggregator_knowledge_source)
Q88	e0	e_14	MONDO:0005061	biolink:subclass_of	MONDO:0005233	lung adenocarcinoma	non-small cell lung carcinoma	infores:ubergraph(primary_knowledge_source);infores:automat-robokop(aggregator_knowledge_source)
Q88	e0	e_15	MONDO:0006275	biolink:subclass_of	MONDO:0005233	lung giant cell carcinoma	non-small cell lung carcinoma	infores:ubergraph(primary_knowledge_source);infores:automat-robokop(aggregator_knowledge_source)
Q88	e0	e_16	MONDO:0004973	biolink:subclass_of	MONDO:0005233	adenosquamous lung carcinoma	non-small cell lung carcinoma	infores:ubergraph(primary_knowledge_source);infores:automat-robokop(aggregator_knowledge_source)
Q88	e0	e_17	MONDO:0005097	biolink:subclass_of	MONDO:0005233	squamous cell lung carcinoma	non-small cell lung carcinoma	infores:ubergraph(primary_knowledge_source);infores:automat-robokop(aggregator_knowledge_source)
Q88	e0	e_18	MONDO:0011014	biolink:subclass_of	MONDO:0005233	pleuropulmonary blastoma	non-small cell lung carcinoma	infores:ubergraph(primary_knowledge_source);infores:automat-robokop(aggregator_knowledge_source)
Q88	e0	e_19	MONDO:0005933	biolink:subclass_of	MONDO:0005233	pulmonary blastoma	non-small cell lung carcinoma	infores:ubergraph(primary_knowledge_source);infores:automat-robokop(aggregator_knowledge_source)
Q88	e0	e_20	MONDO:0003050	biolink:subclass_of	MONDO:0005233	lung large cell carcinoma	non-small cell lung carcinoma	infores:ubergraph(primary_knowledge_source);infores:automat-robokop(aggregator_knowledge_source)
Q88	e0	e_1_e_13	MONDO:0005233	biolink:treats_or_applied_or_studied_to_treat	MONDO:0003960	non-small cell lung carcinoma	pulmonary large cell neuroendocrine carcinoma	infores:automat-robokop(primary_knowledge_source)
Q88	e0	e_2_e_14	MONDO:0005233	biolink:treats_or_applied_or_studied_to_treat	MONDO:0005061	non-small cell lung carcinoma	lung adenocarcinoma	infores:automat-robokop(primary_knowledge_source)
Q88	e0	e_3_e_15	MONDO:0005233	biolink:treats_or_applied_or_studied_to_treat	MONDO:0006275	non-small cell lung carcinoma	lung giant cell carcinoma	infores:automat-robokop(primary_knowledge_source)
Q88	e0	e_5_e_16	MONDO:0005233	biolink:treats_or_applied_or_studied_to_treat	MONDO:0004973	non-small cell lung carcinoma	adenosquamous lung carcinoma	infores:automat-robokop(primary_knowledge_source)
Q88	e0	e_6_e_14	MONDO:0005233	biolink:treats_or_applied_or_studied_to_treat	MONDO:0005061	non-small cell lung carcinoma	lung adenocarcinoma	infores:automat-robokop(primary_knowledge_source)
Q88	e0	e_7_e_17	MONDO:0005233	biolink:treats_or_applied_or_studied_to_treat	MONDO:0005097	non-small cell lung carcinoma	squamous cell lung carcinoma	infores:automat-robokop(primary_knowledge_source)
Q88	e0	e_8_e_18	MONDO:0005233	biolink:treats_or_applied_or_studied_to_treat	MONDO:0011014	non-small cell lung carcinoma	pleuropulmonary blastoma	infores:automat-robokop(primary_knowledge_source)
Q88	e0	e_9_e_19	MONDO:0005233	biolink:treats_or_applied_or_studied_to_treat	MONDO:0005933	non-small cell lung carcinoma	pulmonary blastoma	infores:automat-robokop(primary_knowledge_source)
Q88	e0	e_10_e_20	MONDO:0005233	biolink:treats_or_applied_or_studied_to_treat	MONDO:0003050	non-small cell lung carcinoma	lung large cell carcinoma	infores:automat-robokop(primary_knowledge_source)
Q89	e0	e_1	CHEBI:10033	biolink:treats_or_applied_or_studied_to_treat	MONDO:0004375	Warfarin	end stage renal failure	infores:text-mining-provider-targeted(primary_knowledge_source);infores:automat-robokop(aggregator_knowledge_source)
Q89	e0	e_2	CHEBI:10033	biolink:treats_or_applied_or_studied_to_treat	MONDO:0005016	Warfarin	diabetic kidney disease	infores:ctd(primary_knowledge_source);infores:automat-robokop(aggregator_knowledge_source)
Q89	e0	e_3	CHEBI:10033	biolink:treats_or_applied_or_studied_to_treat	MONDO:0024327	Warfarin	Chronic uremia	infores:text-mining-provider-targeted(primary_knowledge_source);infores:automat-robokop(aggregator_knowledge_source)
Q89	e0	e_4	CHEBI:10033	biolink:treats_or_applied_or_studied_to_treat	MONDO:0005300	Warfarin	chronic kidney disease	infores:text-mining-provider-targeted(primary_knowledge_source);infores:automat-robokop(aggregator_knowledge_source)
Q89	e0	e_5	MONDO:0004375	biolink:subclass_of	MONDO:0005300	end stage renal failure	chronic kidney disease	infores:ubergraph(primary_knowledge_source);infores:automat-robokop(aggregator_knowledge_source)
Q89	e0	e_6	MONDO:0005016	biolink:subclass_of	MONDO:0005300	diabetic kidney disease	chronic kidney disease	infores:ubergraph(primary_knowledge_source);infores:automat-robokop(aggregator_knowledge_source)
Q89	e0	e_7	MONDO:0024327	biolink:subclass_of	MONDO:0005300	Chronic uremia	chronic kidney disease	infores:ubergraph(primary_knowledge_source);infores:automat-robokop(aggregator_knowledge_source)
Q89	e0	e_1_e_5	MONDO:0005300	biolink:treats_or_applied_or_studied_to_treat	MONDO:0004375	chronic kidney disease	end stage renal failure	infores:automat-robokop(primary_knowledge_source)
Q89	e0	e_2_e_6	MONDO:0005300	biolink:treats_or_applied_or_studied_to_treat	MONDO:0005016	chronic kidney disease	diabetic kidney disease	infores:automat-robokop(primary_knowledge_source)
Q89	e0	e_3_e_7	MONDO:0005300	biolink:treats_or_applied_or_studied_to_treat	MONDO:0024327	chronic kidney disease	Chronic uremia	infores:automat-robokop(primary_knowledge_source)
Q90	e0	e_1	CHEBI:15365	biolink:treats_or_applied_or_studied_to_treat	MONDO:0005180	Aspirin	Parkinson disease	infores:text-mining-provider-targeted(primary_knowledge_source);infores:automat-robokop(aggregator_knowledge_source)
Q90	e0	e_2	CHEBI:15365	biolink:treats_or_applied_or_studied_to_treat	MONDO:0005180	Aspirin	Parkinson disease	infores:ctd(primary_knowledge_source);infores:automat-robokop(aggregator_knowledge_source)
Q90	e0	e_3	CHEBI:15365	biolink:treats_or_applied_or_studied_to_treat	MONDO:0011764	Aspirin	autosomal dominant Parkinson disease 8	infores:text-mining-provider-targeted(primary_knowledge_source);infores:automat-robokop(aggregator_knowledge_source)
Q90	e0	e_4	MONDO:0011764	biolink:subclass_of	MONDO:0005180	autosomal dominant Parkinson disease 8	Parkinson disease	infores:ubergraph(primary_knowledge_source);infores:automat-robokop(aggregator_knowledge_source)
Q90	e0	e_3_e_4	MONDO:0005180	biolink:treats_or_applied_or_studied_to_treat	MONDO:0011764	Parkinson disease	autosomal dominant Parkinson disease 8	infores:automat-robokop(primary_knowledge_source)
Q93	e0	e_1	NCBIGene:348	biolink:genetically_associated_with	MONDO:0045059	APOE	cribriform carcinoma of breast	infores:ctd(primary_knowledge_source);infores:pharos(aggregator_knowledge_source);infores:automat-robokop(aggregator_knowledge_source)
Q93	e0	e_2	MONDO:0045059	biolink:subclass_of	MONDO:0007254	cribriform carcinoma of breast	breast cancer	infores:ubergraph(primary_knowledge_source);infores:automat-robokop(aggregator_knowledge_source)
Q93	e0	e_1_e_2	MONDO:0007254	biolink:genetically_associated_with	MONDO:0045059	breast cancer	cribriform carcinoma of breast	infores:automat-robokop(primary_knowledge_source)
