question_id	query_edge_key	edge_id	subject	predicate	object	subject_label	object_label	provenance
Q301	e0	e_1	MONDO:0005180	biolink:regulates	NCBIGene:6622	Parkinson disease	SNCA	infores:hetionet(primary_knowledge_source);infores:automat-robokop(aggregator_knowledge_source)
Q301	e0	e_2	MONDO:0005180	biolink:related_to	NCBIGene:6622	Parkinson disease	SNCA	infores:hetionet(primary_knowledge_source);infores:automat-robokop(aggregator_knowledge_source)
Q301	e0	uuid:0ec43a68-198e-11f0-be82-6045bdb3d4c0	NCBIGene:6622	biolink:causes	MONDO:0008200	SNCA	autosomal dominant Parkinson disease 1	infores:omim(primary_knowledge_source);infores:monarchinitiative(aggregator_knowledge_source);infores:medgen(aggregator_knowledge_source);infores:automat-robokop(aggregator_knowledge_source)
Q301	e0	uuid:0ea2ed68-198e-11f0-be82-6045bdb3d4c0	NCBIGene:6622	biolink:causes	MONDO:0011562	SNCA	autosomal dominant Parkinson disease 4	infores:omim(primary_knowledge_source);infores:monarchinitiative(aggregator_knowledge_source);infores:medgen(aggregator_knowledge_source);infores:automat-robokop(aggregator_knowledge_source)
Q301	e0	e_5	NCBIGene:6622	biolink:genetically_associated_with	MONDO:0008199	SNCA	late-onset Parkinson disease	infores:disgenet(primary_knowledge_source);infores:pharos(aggregator_knowledge_source);infores:automat-robokop(aggregator_knowledge_source)
Q301	e0	e_6	NCBIGene:6622	biolink:genetically_associated_with	MONDO:0000828	SNCA	juvenile-onset Parkinson disease	infores:disgenet(primary_knowledge_source);infores:pharos(aggregator_knowledge_source);infores:automat-robokop(aggregator_knowledge_source)
Q301	e0	e_7	NCBIGene:6622	biolink:genetically_associated_with	MONDO:0005180	SNCA	Parkinson disease	infores:disgenet(primary_knowledge_source);infores:pharos(aggregator_knowledge_source);infores:automat-robokop(aggregator_knowledge_source)
Q301	e0	e_8	NCBIGene:6622	biolink:genetically_associated_with	MONDO:0008200	SNCA	autosomal dominant Parkinson disease 1	infores:ctd(primary_knowledge_source);infores:pharos(aggregator_knowledge_source);infores:automat-robokop(aggregator_knowledge_source)
Q301	e0	e_9	NCBIGene:6622	biolink:genetically_associated_with	MONDO:0011562	SNCA	autosomal dominant Parkinson disease 4	infores:monarchinitiative(primary_knowledge_source);infores:pharos(aggregator_knowledge_source);infores:automat-robokop(aggregator_knowledge_source)
Q301	e0	e_10	NCBIGene:6622	biolink:genetically_associated_with	MONDO:0011562	SNCA	autosomal dominant Parkinson disease 4	infores:uniprot(primary_knowledge_source);infores:pharos(aggregator_knowledge_source);infores:automat-robokop(aggregator_knowledge_source)
Q301	e0	e_11	NCBIGene:6622	biolink:genetically_associated_with	MONDO:0008200	SNCA	autosomal dominant Parkinson disease 1	infores:monarchinitiative(primary_knowledge_source);infores:pharos(aggregator_knowledge_source);infores:automat-robokop(aggregator_knowledge_source)
Q301	e0	e_12	NCBIGene:6622	biolink:genetically_associated_with	MONDO:0011562	SNCA	autosomal dominant Parkinson disease 4	infores:disgenet(primary_knowledge_source);infores:pharos(aggregator_knowledge_source);infores:automat-robokop(aggregator_knowledge_source)
Q301	e0	e_13	NCBIGene:6622	biolink:genetically_associated_with	MONDO:0005180	SNCA	Parkinson disease	infores:ctd(primary_knowledge_source);infores:pharos(aggregator_knowledge_source);infores:automat-robokop(aggregator_knowledge_source)
Q301	e0	e_14	NCBIGene:6622	biolink:genetically_associated_with	MONDO:0008200	SNCA	autosomal dominant Parkinson disease 1	infores:uniprot(primary_knowledge_source);infores:pharos(aggregator_knowledge_source);infores:automat-robokop(aggregator_knowledge_source)
Q301	e0	e_15	NCBIGene:6622	biolink:genetically_associated_with	MONDO:0011562	SNCA	autosomal dominant Parkinson disease 4	infores:ctd(primary_knowledge_source);infores:pharos(aggregator_knowledge_source);infores:automat-robokop(aggregator_knowledge_source)
Q301	e0	e_16	NCBIGene:6622	biolink:genetically_associated_with	MONDO:0009830	SNCA	parkinsonian-pyramidal syndrome	infores:disgenet(primary_knowledge_source);infores:pharos(aggregator_knowledge_source);infores:automat-robokop(aggregator_knowledge_source)
Q301	e0	e_17	NCBIGene:6622	biolink:genetically_associated_with	MONDO:0005180	SNCA	Parkinson disease	infores:monarchinitiative(primary_knowledge_source);infores:pharos(aggregator_knowledge_source);infores:automat-robokop(aggregator_knowledge_source)
Q301	e0	e_18	NCBIGene:6622	biolink:genetically_associated_with	MONDO:0008200	SNCA	autosomal dominant Parkinson disease 1	infores:disgenet(primary_knowledge_source);infores:pharos(aggregator_knowledge_source);infores:automat-robokop(aggregator_knowledge_source)
Q301	e0	e_19	NCBIGene:6622	biolink:genetically_associated_with	MONDO:0017279	SNCA	young-onset Parkinson disease	infores:disgenet(primary_knowledge_source);infores:pharos(aggregator_knowledge_source);infores:automat-robokop(aggregator_knowledge_source)
Q301	e0	e_20	NCBIGene:6622	biolink:genetically_associated_with	MONDO:0008199	SNCA	late-onset Parkinson disease	infores:monarchinitiative(primary_knowledge_source);infores:pharos(aggregator_knowledge_source);infores:automat-robokop(aggregator_knowledge_source)
Q301	e0	e_21	NCBIGene:6622	biolink:genetically_associated_with	MONDO:0005180	SNCA	Parkinson disease	infores:diseases(primary_knowledge_source);infores:pharos(aggregator_knowledge_source);infores:automat-robokop(aggregator_knowledge_source)
Q301	e0	e_22	NCBIGene:6622	biolink:genetically_associated_with	MONDO:0009830	SNCA	parkinsonian-pyramidal syndrome	infores:monarchinitiative(primary_knowledge_source);infores:pharos(aggregator_knowledge_source);infores:automat-robokop(aggregator_knowledge_source)
Q301	e0	e_23	NCBIGene:6622	biolink:genetically_associated_with	MONDO:0010820	SNCA	autosomal recessive juvenile Parkinson disease 2	infores:disgenet(primary_knowledge_source);infores:pharos(aggregator_knowledge_source);infores:automat-robokop(aggregator_knowledge_source)
Q301	e0	e_24	NCBIGene:6622	biolink:gene_associated_with_condition	MONDO:0011562	SNCA	autosomal dominant Parkinson disease 4	infores:ubergraph(primary_knowledge_source);infores:automat-robokop(aggregator_knowledge_source)
Q301	e0	e_25	NCBIGene:6622	biolink:gene_associated_with_condition	MONDO:0008200	SNCA	autosomal dominant Parkinson disease 1	infores:ubergraph(primary_knowledge_source);infores:automat-robokop(aggregator_knowledge_source)
Q301	e0	e_26	NCBIGene:6622	biolink:target_for	MONDO:0005180	SNCA	Parkinson disease	infores:drugcentral(primary_knowledge_source);infores:pharos(aggregator_knowledge_source);infores:automat-robokop(aggregator_knowledge_source)
Q301	e0	e_27	MONDO:0008200	biolink:subclass_of	MONDO:0005180	autosomal dominant Parkinson disease 1	Parkinson disease	infores:ubergraph(primary_knowledge_source);infores:automat-robokop(aggregator_knowledge_source)
Q301	e0	e_28	MONDO:0011562	biolink:subclass_of	MONDO:0005180	autosomal dominant Parkinson disease 4	Parkinson disease	infores:ubergraph(primary_knowledge_source);infores:automat-robokop(aggregator_knowledge_source)
Q301	e0	e_29	MONDO:0008199	biolink:subclass_of	MONDO:0005180	late-onset Parkinson disease	Parkinson disease	infores:ubergraph(primary_knowledge_source);infores:automat-robokop(aggregator_knowledge_source)
Q301	e0	e_30	MONDO:0000828	biolink:subclass_of	MONDO:0005180	juvenile-onset Parkinson disease	Parkinson disease	infores:ubergraph(primary_knowledge_source);infores:automat-robokop(aggregator_knowledge_source)
Q301	e0	e_31	MONDO:0009830	biolink:subclass_of	MONDO:0005180	parkinsonian-pyramidal syndrome	Parkinson disease	infores:ubergraph(primary_knowledge_source);infores:automat-robokop(aggregator_knowledge_source)
Q301	e0	e_32	MONDO:0017279	biolink:subclass_of	MONDO:0005180	young-onset Parkinson disease	Parkinson disease	infores:ubergraph(primary_knowledge_source);infores:automat-robokop(aggregator_knowledge_source)
Q301	e0	e_33	MONDO:0010820	biolink:subclass_of	MONDO:0005180	autosomal recessive juvenile Parkinson disease 2	Parkinson disease	infores:ubergraph(primary_knowledge_source);infores:automat-robokop(aggregator_knowledge_source)
Q301	e0	uuid:0ec43a68-198e-11f0-be82-6045bdb3d4c0_e_27	MONDO:0005180	biolink:causes	MONDO:0008200	Parkinson disease	autosomal dominant Parkinson disease 1	infores:automat-robokop(primary_knowledge_source)
Q301	e0	uuid:0ea2ed68-198e-11f0-be82-6045bdb3d4c0_e_28	MONDO:0005180	biolink:causes	MONDO:0011562	Parkinson disease	autosomal dominant Parkinson disease 4	infores:automat-robokop(primary_knowledge_source)
Q301	e0	e_5_e_29	MONDO:0005180	biolink:genetically_associated_with	MONDO:0008199	Parkinson disease	late-onset Parkinson disease	infores:automat-robokop(primary_knowledge_source)
Q301	e0	e_6_e_30	MONDO:0005180	biolink:genetically_associated_with	MONDO:0000828	Parkinson disease	juvenile-onset Parkinson disease	infores:automat-robokop(primary_knowledge_source)
Q301	e0	e_8_e_27	MONDO:0005180	biolink:genetically_associated_with	MONDO:0008200	Parkinson disease	autosomal dominant Parkinson disease 1	infores:automat-robokop(primary_knowledge_source)
Q301	e0	e_9_e_28	MONDO:0005180	biolink:genetically_associated_with	MONDO:0011562	Parkinson disease	autosomal dominant Parkinson disease 4	infores:automat-robokop(primary_knowledge_source)
Q301	e0	e_10_e_28	MONDO:0005180	biolink:genetically_associated_with	MONDO:0011562	Parkinson disease	autosomal dominant Parkinson disease 4	infores:automat-robokop(primary_knowledge_source)
Q301	e0	e_11_e_27	MONDO:0005180	biolink:genetically_associated_with	MONDO:0008200	Parkinson disease	autosomal dominant Parkinson disease 1	infores:automat-robokop(primary_knowledge_source)
Q301	e0	e_12_e_28	MONDO:0005180	biolink:genetically_associated_with	MONDO:0011562	Parkinson disease	autosomal dominant Parkinson disease 4	infores:automat-robokop(primary_knowledge_source)
Q301	e0	e_14_e_27	MONDO:0005180	biolink:genetically_associated_with	MONDO:0008200	Parkinson disease	autosomal dominant Parkinson disease 1	infores:automat-robokop(primary_knowledge_source)
Q301	e0	e_15_e_28	MONDO:0005180	biolink:genetically_associated_with	MONDO:0011562	Parkinson disease	autosomal dominant Parkinson disease 4	infores:automat-robokop(primary_knowledge_source)
Q301	e0	e_16_e_31	MONDO:0005180	biolink:genetically_associated_with	MONDO:0009830	Parkinson disease	parkinsonian-pyramidal syndrome	infores:automat-robokop(primary_knowledge_source)
Q301	e0	e_18_e_27	MONDO:0005180	biolink:genetically_associated_with	MONDO:0008200	Parkinson disease	autosomal dominant Parkinson disease 1	infores:automat-robokop(primary_knowledge_source)
Q301	e0	e_19_e_32	MONDO:0005180	biolink:genetically_associated_with	MONDO:0017279	Parkinson disease	young-onset Parkinson disease	infores:automat-robokop(primary_knowledge_source)
Q301	e0	e_20_e_29	MONDO:0005180	biolink:genetically_associated_with	MONDO:0008199	Parkinson disease	late-onset Parkinson disease	infores:automat-robokop(primary_knowledge_source)
Q301	e0	e_22_e_31	MONDO:0005180	biolink:genetically_associated_with	MONDO:0009830	Parkinson disease	parkinsonian-pyramidal syndrome	infores:automat-robokop(primary_knowledge_source)
Q301	e0	e_23_e_33	MONDO:0005180	biolink:genetically_associated_with	MONDO:0010820	Parkinson disease	autosomal recessive juvenile Parkinson disease 2	infores:automat-robokop(primary_knowledge_source)
Q301	e0	e_24_e_28	MONDO:0005180	biolink:gene_associated_with_condition	MONDO:0011562	Parkinson disease	autosomal dominant Parkinson disease 4	infores:automat-robokop(primary_knowledge_source)
Q301	e0	e_25_e_27	MONDO:0005180	biolink:gene_associated_with_condition	MONDO:0008200	Parkinson disease	autosomal dominant Parkinson disease 1	infores:automat-robokop(primary_knowledge_source)
Q302	e0	e_1	MONDO:0005180	biolink:related_to	NCBIGene:5071	Parkinson disease	PRKN	infores:hetionet(primary_knowledge_source);infores:automat-robokop(aggregator_knowledge_source)
Q302	e0	uuid:0eae13db-198e-11f0-be82-6045bdb3d4c0	NCBIGene:5071	biolink:causes	MONDO:0010820	PRKN	autosomal recessive juvenile Parkinson disease 2	infores:omim(primary_knowledge_source);infores:monarchinitiative(aggregator_knowledge_source);infores:medgen(aggregator_knowledge_source);infores:automat-robokop(aggregator_knowledge_source)
Q302	e0	e_3	NCBIGene:5071	biolink:genetically_associated_with	MONDO:0010820	PRKN	autosomal recessive juvenile Parkinson disease 2	infores:monarchinitiative(primary_knowledge_source);infores:pharos(aggregator_knowledge_source);infores:automat-robokop(aggregator_knowledge_source)
Q302	e0	e_4	NCBIGene:5071	biolink:genetically_associated_with	MONDO:0005180	PRKN	Parkinson disease	infores:diseases(primary_knowledge_source);infores:pharos(aggregator_knowledge_source);infores:automat-robokop(aggregator_knowledge_source)
Q302	e0	e_5	NCBIGene:5071	biolink:genetically_associated_with	MONDO:0005180	PRKN	Parkinson disease	infores:monarchinitiative(primary_knowledge_source);infores:pharos(aggregator_knowledge_source);infores:automat-robokop(aggregator_knowledge_source)
Q302	e0	e_6	NCBIGene:5071	biolink:genetically_associated_with	MONDO:0008199	PRKN	late-onset Parkinson disease	infores:uniprot(primary_knowledge_source);infores:pharos(aggregator_knowledge_source);infores:automat-robokop(aggregator_knowledge_source)
Q302	e0	e_7	NCBIGene:5071	biolink:genetically_associated_with	MONDO:0005180	PRKN	Parkinson disease	infores:ctd(primary_knowledge_source);infores:pharos(aggregator_knowledge_source);infores:automat-robokop(aggregator_knowledge_source)
Q302	e0	e_8	NCBIGene:5071	biolink:genetically_associated_with	MONDO:0008199	PRKN	late-onset Parkinson disease	infores:monarchinitiative(primary_knowledge_source);infores:pharos(aggregator_knowledge_source);infores:automat-robokop(aggregator_knowledge_source)
Q302	e0	e_9	NCBIGene:5071	biolink:genetically_associated_with	MONDO:0008199	PRKN	late-onset Parkinson disease	infores:disgenet(primary_knowledge_source);infores:pharos(aggregator_knowledge_source);infores:automat-robokop(aggregator_knowledge_source)
Q302	e0	e_10	NCBIGene:5071	biolink:genetically_associated_with	MONDO:0017279	PRKN	young-onset Parkinson disease	infores:disgenet(primary_knowledge_source);infores:pharos(aggregator_knowledge_source);infores:automat-robokop(aggregator_knowledge_source)
Q302	e0	e_11	NCBIGene:5071	biolink:genetically_associated_with	MONDO:0010820	PRKN	autosomal recessive juvenile Parkinson disease 2	infores:uniprot(primary_knowledge_source);infores:pharos(aggregator_knowledge_source);infores:automat-robokop(aggregator_knowledge_source)
Q302	e0	e_12	NCBIGene:5071	biolink:genetically_associated_with	MONDO:0000828	PRKN	juvenile-onset Parkinson disease	infores:disgenet(primary_knowledge_source);infores:pharos(aggregator_knowledge_source);infores:automat-robokop(aggregator_knowledge_source)
Q302	e0	e_13	NCBIGene:5071	biolink:genetically_associated_with	MONDO:0005180	PRKN	Parkinson disease	infores:disgenet(primary_knowledge_source);infores:pharos(aggregator_knowledge_source);infores:automat-robokop(aggregator_knowledge_source)
Q302	e0	e_14	NCBIGene:5071	biolink:genetically_associated_with	MONDO:0010820	PRKN	autosomal recessive juvenile Parkinson disease 2	infores:disgenet(primary_knowledge_source);infores:pharos(aggregator_knowledge_source);infores:automat-robokop(aggregator_knowledge_source)
Q302	e0	e_15	NCBIGene:5071	biolink:gene_associated_with_condition	MONDO:0010820	PRKN	autosomal recessive juvenile Parkinson disease 2	infores:ubergraph(primary_knowledge_source);infores:automat-robokop(aggregator_knowledge_source)
Q302	e0	e_16	MONDO:0010820	biolink:subclass_of	MONDO:0005180	autosomal recessive juvenile Parkinson disease 2	Parkinson disease	infores:ubergraph(primary_knowledge_source);infores:automat-robokop(aggregator_knowledge_source)
Q302	e0	e_17	MONDO:0008199	biolink:subclass_of	MONDO:0005180	late-onset Parkinson disease	Parkinson disease	infores:ubergraph(primary_knowledge_source);infores:automat-robokop(aggregator_knowledge_source)
Q302	e0	e_18	MONDO:0017279	biolink:subclass_of	MONDO:0005180	young-onset Parkinson disease	Parkinson disease	infores:ubergraph(primary_knowledge_source);infores:automat-robokop(aggregator_knowledge_source)
Q302	e0	e_19	MONDO:0000828	biolink:subclass_of	MONDO:0005180	juvenile-onset Parkinson disease	Parkinson disease	infores:ubergraph(primary_knowledge_source);infores:automat-robokop(aggregator_knowledge_source)
Q302	e0	uuid:0eae13db-198e-11f0-be82-6045bdb3d4c0_e_16	MONDO:0005180	biolink:causes	MONDO:0010820	Parkinson disease	autosomal recessive juvenile Parkinson disease 2	infores:automat-robokop(primary_knowledge_source)
Q302	e0	e_3_e_16	MONDO:0005180	biolink:genetically_associated_with	MONDO:0010820	Parkinson disease	autosomal recessive juvenile Parkinson disease 2	infores:automat-robokop(primary_knowledge_source)
Q302	e0	e_6_e_17	MONDO:0005180	biolink:genetically_associated_with	MONDO:0008199	Parkinson disease	late-onset Parkinson disease	infores:automat-robokop(primary_knowledge_source)
Q302	e0	e_8_e_17	MONDO:0005180	biolink:genetically_associated_with	MONDO:0008199	Parkinson disease	late-onset Parkinson disease	infores:automat-robokop(primary_knowledge_source)
Q302	e0	e_9_e_17	MONDO:0005180	biolink:genetically_associated_with	MONDO:0008199	Parkinson disease	late-onset Parkinson disease	infores:automat-robokop(primary_knowledge_source)
Q302	e0	e_10_e_18	MONDO:0005180	biolink:genetically_associated_with	MONDO:0017279	Parkinson disease	young-onset Parkinson disease	infores:automat-robokop(primary_knowledge_source)
Q302	e0	e_11_e_16	MONDO:0005180	biolink:genetically_associated_with	MONDO:0010820	Parkinson disease	autosomal recessive juvenile Parkinson disease 2	infores:automat-robokop(primary_knowledge_source)
Q302	e0	e_12_e_19	MONDO:0005180	biolink:genetically_associated_with	MONDO:0000828	Parkinson disease	juvenile-onset Parkinson disease	infores:automat-robokop(primary_knowledge_source)
Q302	e0	e_14_e_16	MONDO:0005180	biolink:genetically_associated_with	MONDO:0010820	Parkinson disease	autosomal recessive juvenile Parkinson disease 2	infores:automat-robokop(primary_knowledge_source)
Q302	e0	e_15_e_16	MONDO:0005180	biolink:gene_associated_with_condition	MONDO:0010820	Parkinson disease	autosomal recessive juvenile Parkinson disease 2	infores:automat-robokop(primary_knowledge_source)
Q303	e0	e_1	MONDO:0004975	biolink:related_to	NCBIGene:5663	Alzheimer disease	PSEN1	infores:hetionet(primary_knowledge_source);infores:automat-robokop(aggregator_knowledge_source)
Q303	e0	uuid:0ec43d6e-198e-11f0-be82-6045bdb3d4c0	NCBIGene:5663	biolink:causes	MONDO:0011913	PSEN1	Alzheimer disease 3	infores:omim(primary_knowledge_source);infores:monarchinitiative(aggregator_knowledge_source);infores:medgen(aggregator_knowledge_source);infores:automat-robokop(aggregator_knowledge_source)
Q303	e0	uuid:16617a53-198e-11f0-be82-6045bdb3d4c0	NCBIGene:5663	biolink:has_phenotype	MONDO:0004975	PSEN1	Alzheimer disease	infores:hpo-annotations(primary_knowledge_source);infores:monarchinitiative(aggregator_knowledge_source);infores:automat-robokop(aggregator_knowledge_source)
Q303	e0	e_4	NCBIGene:5663	biolink:genetically_associated_with	MONDO:0004975	PSEN1	Alzheimer disease	infores:ctd(primary_knowledge_source);infores:pharos(aggregator_knowledge_source);infores:automat-robokop(aggregator_knowledge_source)
Q303	e0	e_5	NCBIGene:5663	biolink:genetically_associated_with	MONDO:0004975	PSEN1	Alzheimer disease	infores:disgenet(primary_knowledge_source);infores:pharos(aggregator_knowledge_source);infores:automat-robokop(aggregator_knowledge_source)
Q303	e0	e_6	NCBIGene:5663	biolink:genetically_associated_with	MONDO:0004975	PSEN1	Alzheimer disease	infores:eram(primary_knowledge_source);infores:pharos(aggregator_knowledge_source);infores:automat-robokop(aggregator_knowledge_source)
Q303	e0	e_7	NCBIGene:5663	biolink:genetically_associated_with	MONDO:0011913	PSEN1	Alzheimer disease 3	infores:ctd(primary_knowledge_source);infores:pharos(aggregator_knowledge_source);infores:automat-robokop(aggregator_knowledge_source)
Q303	e0	e_8	NCBIGene:5663	biolink:genetically_associated_with	MONDO:0011913	PSEN1	Alzheimer disease 3	infores:uniprot(primary_knowledge_source);infores:pharos(aggregator_knowledge_source);infores:automat-robokop(aggregator_knowledge_source)
Q303	e0	e_9	NCBIGene:5663	biolink:genetically_associated_with	MONDO:0011743	PSEN1	Alzheimer disease 4	infores:monarchinitiative(primary_knowledge_source);infores:pharos(aggregator_knowledge_source);infores:automat-robokop(aggregator_knowledge_source)
Q303	e0	e_10	NCBIGene:5663	biolink:genetically_associated_with	MONDO:0004975	PSEN1	Alzheimer disease	infores:monarchinitiative(primary_knowledge_source);infores:pharos(aggregator_knowledge_source);infores:automat-robokop(aggregator_knowledge_source)
Q303	e0	e_11	NCBIGene:5663	biolink:genetically_associated_with	MONDO:0004975	PSEN1	Alzheimer disease	infores:diseases(primary_knowledge_source);infores:pharos(aggregator_knowledge_source);infores:automat-robokop(aggregator_knowledge_source)
Q303	e0	e_12	NCBIGene:5663	biolink:genetically_associated_with	MONDO:0011913	PSEN1	Alzheimer disease 3	infores:monarchinitiative(primary_knowledge_source);infores:pharos(aggregator_knowledge_source);infores:automat-robokop(aggregator_knowledge_source)
Q303	e0	e_13	NCBIGene:5663	biolink:genetically_associated_with	MONDO:0100087	PSEN1	familial Alzheimer disease	infores:disgenet(primary_knowledge_source);infores:pharos(aggregator_knowledge_source);infores:automat-robokop(aggregator_knowledge_source)
Q303	e0	e_14	NCBIGene:5663	biolink:genetically_associated_with	MONDO:0011913	PSEN1	Alzheimer disease 3	infores:disgenet(primary_knowledge_source);infores:pharos(aggregator_knowledge_source);infores:automat-robokop(aggregator_knowledge_source)
Q303	e0	e_15	NCBIGene:5663	biolink:gene_associated_with_condition	MONDO:0011913	PSEN1	Alzheimer disease 3	infores:ubergraph(primary_knowledge_source);infores:automat-robokop(aggregator_knowledge_source)
Q303	e0	e_16	MONDO:0011913	biolink:subclass_of	MONDO:0004975	Alzheimer disease 3	Alzheimer disease	infores:ubergraph(primary_knowledge_source);infores:automat-robokop(aggregator_knowledge_source)
Q303	e0	e_17	MONDO:0011743	biolink:subclass_of	MONDO:0004975	Alzheimer disease 4	Alzheimer disease	infores:ubergraph(primary_knowledge_source);infores:automat-robokop(aggregator_knowledge_source)
Q303	e0	e_18	MONDO:0100087	biolink:subclass_of	MONDO:0004975	familial Alzheimer disease	Alzheimer disease	infores:ubergraph(primary_knowledge_source);infores:automat-robokop(aggregator_knowledge_source)
Q303	e0	uuid:0ec43d6e-198e-11f0-be82-6045bdb3d4c0_e_16	MONDO:0004975	biolink:causes	MONDO:0011913	Alzheimer disease	Alzheimer disease 3	infores:automat-robokop(primary_knowledge_source)
Q303	e0	e_7_e_16	MONDO:0004975	biolink:genetically_associated_with	MONDO:0011913	Alzheimer disease	Alzheimer disease 3	infores:automat-robokop(primary_knowledge_source)
Q303	e0	e_8_e_16	MONDO:0004975	biolink:genetically_associated_with	MONDO:0011913	Alzheimer disease	Alzheimer disease 3	infores:automat-robokop(primary_knowledge_source)
Q303	e0	e_9_e_17	MONDO:0004975	biolink:genetically_associated_with	MONDO:0011743	Alzheimer disease	Alzheimer disease 4	infores:automat-robokop(primary_knowledge_source)
Q303	e0	e_12_e_16	MONDO:0004975	biolink:genetically_associated_with	MONDO:0011913	Alzheimer disease	Alzheimer disease 3	infores:automat-robokop(primary_knowledge_source)
Q303	e0	e_13_e_18	MONDO:0004975	biolink:genetically_associated_with	MONDO:0100087	Alzheimer disease	familial Alzheimer disease	infores:automat-robokop(primary_knowledge_source)
Q303	e0	e_14_e_16	MONDO:0004975	biolink:genetically_associated_with	MONDO:0011913	Alzheimer disease	Alzheimer disease 3	infores:automat-robokop(primary_knowledge_source)
Q303	e0	e_15_e_16	MONDO:0004975	biolink:gene_associated_with_condition	MONDO:0011913	Alzheimer disease	Alzheimer disease 3	infores:automat-robokop(primary_knowledge_source)
Q304	e0	e_1	MONDO:0004975	biolink:related_to	NCBIGene:5664	Alzheimer disease	PSEN2	infores:hetionet(primary_knowledge_source);infores:automat-robokop(aggregator_knowledge_source)
Q304	e0	uuid:0ea2eed8-198e-11f0-be82-6045bdb3d4c0	NCBIGene:5664	biolink:causes	MONDO:0011743	PSEN2	Alzheimer disease 4	infores:omim(primary_knowledge_source);infores:monarchinitiative(aggregator_knowledge_source);infores:medgen(aggregator_knowledge_source);infores:automat-robokop(aggregator_knowledge_source)
Q304	e0	uuid:1eb9d5ce-198e-11f0-be82-6045bdb3d4c0	NCBIGene:5664	biolink:has_phenotype	MONDO:0004975	PSEN2	Alzheimer disease	infores:hpo-annotations(primary_knowledge_source);infores:monarchinitiative(aggregator_knowledge_source);infores:automat-robokop(aggregator_knowledge_source)
Q304	e0	e_4	NCBIGene:5664	biolink:genetically_associated_with	MONDO:0011743	PSEN2	Alzheimer disease 4	infores:uniprot(primary_knowledge_source);infores:pharos(aggregator_knowledge_source);infores:automat-robokop(aggregator_knowledge_source)
Q304	e0	e_5	NCBIGene:5664	biolink:genetically_associated_with	MONDO:0011743	PSEN2	Alzheimer disease 4	infores:monarchinitiative(primary_knowledge_source);infores:pharos(aggregator_knowledge_source);infores:automat-robokop(aggregator_knowledge_source)
Q304	e0	e_6	NCBIGene:5664	biolink:genetically_associated_with	MONDO:0004975	PSEN2	Alzheimer disease	infores:diseases(primary_knowledge_source);infores:pharos(aggregator_knowledge_source);infores:automat-robokop(aggregator_knowledge_source)
Q304	e0	e_7	NCBIGene:5664	biolink:genetically_associated_with	MONDO:0004975	PSEN2	Alzheimer disease	infores:monarchinitiative(primary_knowledge_source);infores:pharos(aggregator_knowledge_source);infores:automat-robokop(aggregator_knowledge_source)
Q304	e0	e_8	NCBIGene:5664	biolink:genetically_associated_with	MONDO:0004975	PSEN2	Alzheimer disease	infores:disgenet(primary_knowledge_source);infores:pharos(aggregator_knowledge_source);infores:automat-robokop(aggregator_knowledge_source)
Q304	e0	e_9	NCBIGene:5664	biolink:genetically_associated_with	MONDO:0004975	PSEN2	Alzheimer disease	infores:eram(primary_knowledge_source);infores:pharos(aggregator_knowledge_source);infores:automat-robokop(aggregator_knowledge_source)
Q304	e0	e_10	NCBIGene:5664	biolink:genetically_associated_with	MONDO:0011743	PSEN2	Alzheimer disease 4	infores:disgenet(primary_knowledge_source);infores:pharos(aggregator_knowledge_source);infores:automat-robokop(aggregator_knowledge_source)
Q304	e0	e_11	NCBIGene:5664	biolink:genetically_associated_with	MONDO:0011743	PSEN2	Alzheimer disease 4	infores:ctd(primary_knowledge_source);infores:pharos(aggregator_knowledge_source);infores:automat-robokop(aggregator_knowledge_source)
Q304	e0	e_12	NCBIGene:5664	biolink:genetically_associated_with	MONDO:0004975	PSEN2	Alzheimer disease	infores:ctd(primary_knowledge_source);infores:pharos(aggregator_knowledge_source);infores:automat-robokop(aggregator_knowledge_source)
Q304	e0	e_13	NCBIGene:5664	biolink:genetically_associated_with	MONDO:0100087	PSEN2	familial Alzheimer disease	infores:disgenet(primary_knowledge_source);infores:pharos(aggregator_knowledge_source);infores:automat-robokop(aggregator_knowledge_source)
Q304	e0	e_14	NCBIGene:5664	biolink:gene_associated_with_condition	MONDO:0011743	PSEN2	Alzheimer disease 4	infores:ubergraph(primary_knowledge_source);infores:automat-robokop(aggregator_knowledge_source)
Q304	e0	e_15	MONDO:0011743	biolink:subclass_of	MONDO:0004975	Alzheimer disease 4	Alzheimer disease	infores:ubergraph(primary_knowledge_source);infores:automat-robokop(aggregator_knowledge_source)
Q304	e0	e_16	MONDO:0100087	biolink:subclass_of	MONDO:0004975	familial Alzheimer disease	Alzheimer disease	infores:ubergraph(primary_knowledge_source);infores:automat-robokop(aggregator_knowledge_source)
Q304	e0	uuid:0ea2eed8-198e-11f0-be82-6045bdb3d4c0_e_15	MONDO:0004975	biolink:causes	MONDO:0011743	Alzheimer disease	Alzheimer disease 4	infores:automat-robokop(primary_knowledge_source)
Q304	e0	e_4_e_15	MONDO:0004975	biolink:genetically_associated_with	MONDO:0011743	Alzheimer disease	Alzheimer disease 4	infores:automat-robokop(primary_knowledge_source)
Q304	e0	e_5_e_15	MONDO:0004975	biolink:genetically_associated_with	MONDO:0011743	Alzheimer disease	Alzheimer disease 4	infores:automat-robokop(primary_knowledge_source)
Q304	e0	e_10_e_15	MONDO:0004975	biolink:genetically_associated_with	MONDO:0011743	Alzheimer disease	Alzheimer disease 4	infores:automat-robokop(primary_knowledge_source)
Q304	e0	e_11_e_15	MONDO:0004975	biolink:genetically_associated_with	MONDO:0011743	Alzheimer disease	Alzheimer disease 4	infores:automat-robokop(primary_knowledge_source)
Q304	e0	e_13_e_16	MONDO:0004975	biolink:genetically_associated_with	MONDO:0100087	Alzheimer disease	familial Alzheimer disease	infores:automat-robokop(primary_knowledge_source)
Q304	e0	e_14_e_15	MONDO:0004975	biolink:gene_associated_with_condition	MONDO:0011743	Alzheimer disease	Alzheimer disease 4	infores:automat-robokop(primary_knowledge_source)
Q305	e0	e_1	MONDO:0005301	biolink:related_to	NCBIGene:3559	multiple sclerosis	IL2RA	infores:hetionet(primary_knowledge_source);infores:automat-robokop(aggregator_knowledge_source)
Q305	e0	e_2	NCBIGene:3559	biolink:genetically_associated_with	MONDO:0005301	IL2RA	multiple sclerosis	infores:ctd(primary_knowledge_source);infores:pharos(aggregator_knowledge_source);infores:automat-robokop(aggregator_knowledge_source)
Q305	e0	e_3	NCBIGene:3559	biolink:genetically_associated_with	MONDO:0005301	IL2RA	multiple sclerosis	infores:disgenet(primary_knowledge_source);infores:pharos(aggregator_knowledge_source);infores:automat-robokop(aggregator_knowledge_source)
Q305	e0	e_4	NCBIGene:3559	biolink:genetically_associated_with	MONDO:0005301	IL2RA	multiple sclerosis	infores:diseases(primary_knowledge_source);infores:pharos(aggregator_knowledge_source);infores:automat-robokop(aggregator_knowledge_source)
Q305	e0	e_5	NCBIGene:3559	biolink:target_for	MONDO:0005314	IL2RA	relapsing-remitting multiple sclerosis	infores:drugmechdb(primary_knowledge_source);infores:automat-robokop(aggregator_knowledge_source)
Q305	e0	e_6	NCBIGene:3559	biolink:target_for	MONDO:0005314	IL2RA	relapsing-remitting multiple sclerosis	infores:drugcentral(primary_knowledge_source);infores:pharos(aggregator_knowledge_source);infores:automat-robokop(aggregator_knowledge_source)
Q305	e0	e_7	MONDO:0005314	biolink:subclass_of	MONDO:0005301	relapsing-remitting multiple sclerosis	multiple sclerosis	infores:ubergraph(primary_knowledge_source);infores:automat-robokop(aggregator_knowledge_source)
Q305	e0	e_5_e_7	MONDO:0005301	biolink:target_for	MONDO:0005314	multiple sclerosis	relapsing-remitting multiple sclerosis	infores:automat-robokop(primary_knowledge_source)
Q305	e0	e_6_e_7	MONDO:0005301	biolink:target_for	MONDO:0005314	multiple sclerosis	relapsing-remitting multiple sclerosis	infores:automat-robokop(primary_knowledge_source)
Q306	e0	e_1	MONDO:0008383	biolink:related_to	NCBIGene:3553	rheumatoid arthritis	IL1B	infores:hetionet(primary_knowledge_source);infores:automat-robokop(aggregator_knowledge_source)
Q306	e0	e_2	NCBIGene:3553	biolink:genetically_associated_with	MONDO:0008383	IL1B	rheumatoid arthritis	infores:eram(primary_knowledge_source);infores:pharos(aggregator_knowledge_source);infores:automat-robokop(aggregator_knowledge_source)
Q306	e0	e_3	NCBIGene:3553	biolink:genetically_associated_with	MONDO:0008383	IL1B	rheumatoid arthritis	infores:disgenet(primary_knowledge_source);infores:pharos(aggregator_knowledge_source);infores:automat-robokop(aggregator_knowledge_source)
Q306	e0	e_4	NCBIGene:3553	biolink:genetically_associated_with	MONDO:0008383	IL1B	rheumatoid arthritis	infores:ctd(primary_knowledge_source);infores:pharos(aggregator_knowledge_source);infores:automat-robokop(aggregator_knowledge_source)
Q307	e0	e_1	MONDO:0004979	biolink:related_to	NCBIGene:3596	asthma	IL13	infores:hetionet(primary_knowledge_source);infores:automat-robokop(aggregator_knowledge_source)
Q307	e0	uuid:13ff00e7-198e-11f0-be82-6045bdb3d4c0	NCBIGene:3596	biolink:has_phenotype	MONDO:0004979	IL13	asthma	infores:hpo-annotations(primary_knowledge_source);infores:monarchinitiative(aggregator_knowledge_source);infores:automat-robokop(aggregator_knowledge_source)
Q307	e0	e_3	NCBIGene:3596	biolink:genetically_associated_with	MONDO:0004979	IL13	asthma	infores:disgenet(primary_knowledge_source);infores:pharos(aggregator_knowledge_source);infores:automat-robokop(aggregator_knowledge_source)
Q307	e0	e_4	NCBIGene:3596	biolink:genetically_associated_with	MONDO:0004979	IL13	asthma	infores:ctd(primary_knowledge_source);infores:pharos(aggregator_knowledge_source);infores:automat-robokop(aggregator_knowledge_source)
Q307	e0	e_5	NCBIGene:3596	biolink:genetically_associated_with	MONDO:0004979	IL13	asthma	infores:diseases(primary_knowledge_source);infores:pharos(aggregator_knowledge_source);infores:automat-robokop(aggregator_knowledge_source)
Q309	e0	e_1	MONDO:0005010	biolink:related_to	NCBIGene:338	coronary artery disorder	APOB	infores:hetionet(primary_knowledge_source);infores:automat-robokop(aggregator_knowledge_source)
Q309	e0	uuid:1c5777cb-198e-11f0-be82-6045bdb3d4c0	NCBIGene:338	biolink:has_phenotype	MONDO:0005010	APOB	coronary artery disorder	infores:hpo-annotations(primary_knowledge_source);infores:monarchinitiative(aggregator_knowledge_source);infores:automat-robokop(aggregator_knowledge_source)
Q309	e0	uuid:18c3e928-198e-11f0-be82-6045bdb3d4c0	NCBIGene:338	biolink:has_phenotype	HP:0005181	APOB	Premature coronary artery atherosclerosis	infores:hpo-annotations(primary_knowledge_source);infores:monarchinitiative(aggregator_knowledge_source);infores:automat-robokop(aggregator_knowledge_source)
Q309	e0	uuid:11cb9561-198e-11f0-be82-6045bdb3d4c0	NCBIGene:338	biolink:has_phenotype	MONDO:0005010	APOB	coronary artery disorder	infores:hpo-annotations(primary_knowledge_source);infores:monarchinitiative(aggregator_knowledge_source);infores:automat-robokop(aggregator_knowledge_source)
Q309	e0	uuid:1c57429f-198e-11f0-be82-6045bdb3d4c0	NCBIGene:338	biolink:has_phenotype	MONDO:0006714	APOB	coronary aneurysm	infores:hpo-annotations(primary_knowledge_source);infores:monarchinitiative(aggregator_knowledge_source);infores:automat-robokop(aggregator_knowledge_source)
Q309	e0	e_6	NCBIGene:338	biolink:genetically_associated_with	MONDO:0005010	APOB	coronary artery disorder	infores:ctd(primary_knowledge_source);infores:pharos(aggregator_knowledge_source);infores:automat-robokop(aggregator_knowledge_source)
Q309	e0	e_7	NCBIGene:338	biolink:genetically_associated_with	MONDO:0005010	APOB	coronary artery disorder	infores:disgenet(primary_knowledge_source);infores:pharos(aggregator_knowledge_source);infores:automat-robokop(aggregator_knowledge_source)
Q309	e0	e_8	NCBIGene:338	biolink:genetically_associated_with	MONDO:0005010	APOB	coronary artery disorder	infores:diseases(primary_knowledge_source);infores:pharos(aggregator_knowledge_source);infores:automat-robokop(aggregator_knowledge_source)
Q309	e0	e_9	HP:0005181	biolink:subclass_of	MONDO:0005010	Premature coronary artery atherosclerosis	coronary artery disorder	infores:ubergraph(primary_knowledge_source);infores:automat-robokop(aggregator_knowledge_source)
Q309	e0	e_10	MONDO:0006714	biolink:subclass_of	MONDO:0005010	coronary aneurysm	coronary artery disorder	infores:ubergraph(primary_knowledge_source);infores:automat-robokop(aggregator_knowledge_source)
Q309	e0	uuid:18c3e928-198e-11f0-be82-6045bdb3d4c0_e_9	MONDO:0005010	biolink:has_phenotype	HP:0005181	coronary artery disorder	Premature coronary artery atherosclerosis	infores:automat-robokop(primary_knowledge_source)
Q309	e0	uuid:1c57429f-198e-11f0-be82-6045bdb3d4c0_e_10	MONDO:0005010	biolink:has_phenotype	MONDO:0006714	coronary artery disorder	coronary aneurysm	infores:automat-robokop(primary_knowledge_source)
Q311	e0	e_1	MONDO:0005148	biolink:related_to	NCBIGene:6517	type 2 diabetes mellitus	SLC2A4	infores:hetionet(primary_knowledge_source);infores:automat-robokop(aggregator_knowledge_source)
Q311	e0	e_2	NCBIGene:6517	biolink:genetically_associated_with	MONDO:0005148	SLC2A4	type 2 diabetes mellitus	infores:disgenet(primary_knowledge_source);infores:pharos(aggregator_knowledge_source);infores:automat-robokop(aggregator_knowledge_source)
Q311	e0	e_3	NCBIGene:6517	biolink:genetically_associated_with	MONDO:0005148	SLC2A4	type 2 diabetes mellitus	infores:ctd(primary_knowledge_source);infores:pharos(aggregator_knowledge_source);infores:automat-robokop(aggregator_knowledge_source)
Q311	e0	e_4	NCBIGene:6517	biolink:genetically_associated_with	MONDO:0005148	SLC2A4	type 2 diabetes mellitus	infores:uniprot(primary_knowledge_source);infores:pharos(aggregator_knowledge_source);infores:automat-robokop(aggregator_knowledge_source)
Q311	e0	e_5	NCBIGene:6517	biolink:genetically_associated_with	MONDO:0005148	SLC2A4	type 2 diabetes mellitus	infores:diseases(primary_knowledge_source);infores:pharos(aggregator_knowledge_source);infores:automat-robokop(aggregator_knowledge_source)
Q311	e0	e_6	NCBIGene:6517	biolink:genetically_associated_with	MONDO:0005148	SLC2A4	type 2 diabetes mellitus	infores:eram(primary_knowledge_source);infores:pharos(aggregator_knowledge_source);infores:automat-robokop(aggregator_knowledge_source)
Q312	e0	uuid:0e9d5795-198e-11f0-be82-6045bdb3d4c0	NCBIGene:6934	biolink:contributes_to	MONDO:0005148	TCF7L2	type 2 diabetes mellitus	infores:omim(primary_knowledge_source);infores:monarchinitiative(aggregator_knowledge_source);infores:medgen(aggregator_knowledge_source);infores:automat-robokop(aggregator_knowledge_source)
Q312	e0	e_2	MONDO:0005148	biolink:related_to	NCBIGene:6934	type 2 diabetes mellitus	TCF7L2	infores:hetionet(primary_knowledge_source);infores:automat-robokop(aggregator_knowledge_source)
Q312	e0	uuid:15307371-198e-11f0-be82-6045bdb3d4c0	NCBIGene:6934	biolink:has_phenotype	MONDO:0005148	TCF7L2	type 2 diabetes mellitus	infores:hpo-annotations(primary_knowledge_source);infores:monarchinitiative(aggregator_knowledge_source);infores:automat-robokop(aggregator_knowledge_source)
Q312	e0	e_4	NCBIGene:6934	biolink:genetically_associated_with	MONDO:0005148	TCF7L2	type 2 diabetes mellitus	infores:disgenet(primary_knowledge_source);infores:pharos(aggregator_knowledge_source);infores:automat-robokop(aggregator_knowledge_source)
Q312	e0	e_5	NCBIGene:6934	biolink:genetically_associated_with	MONDO:0005148	TCF7L2	type 2 diabetes mellitus	infores:eram(primary_knowledge_source);infores:pharos(aggregator_knowledge_source);infores:automat-robokop(aggregator_knowledge_source)
Q312	e0	e_6	NCBIGene:6934	biolink:genetically_associated_with	MONDO:0005148	TCF7L2	type 2 diabetes mellitus	infores:monarchinitiative(primary_knowledge_source);infores:pharos(aggregator_knowledge_source);infores:automat-robokop(aggregator_knowledge_source)
Q312	e0	e_7	NCBIGene:6934	biolink:genetically_associated_with	MONDO:0005148	TCF7L2	type 2 diabetes mellitus	infores:ctd(primary_knowledge_source);infores:pharos(aggregator_knowledge_source);infores:automat-robokop(aggregator_knowledge_source)
Q312	e0	e_8	NCBIGene:6934	biolink:genetically_associated_with	MONDO:0005148	TCF7L2	type 2 diabetes mellitus	infores:diseases(primary_knowledge_source);infores:pharos(aggregator_knowledge_source);infores:automat-robokop(aggregator_knowledge_source)
Q312	e0	e_9	NCBIGene:6934	biolink:genetically_associated_with	MONDO:0005148	TCF7L2	type 2 diabetes mellitus	infores:uniprot(primary_knowledge_source);infores:pharos(aggregator_knowledge_source);infores:automat-robokop(aggregator_knowledge_source)
Q313	e0	e_1	MONDO:0005148	biolink:related_to	NCBIGene:79068	type 2 diabetes mellitus	FTO	infores:hetionet(primary_knowledge_source);infores:automat-robokop(aggregator_knowledge_source)
Q313	e0	e_2	NCBIGene:79068	biolink:genetically_associated_with	MONDO:0005148	FTO	type 2 diabetes mellitus	infores:eram(primary_knowledge_source);infores:pharos(aggregator_knowledge_source);infores:automat-robokop(aggregator_knowledge_source)
Q313	e0	e_3	NCBIGene:79068	biolink:genetically_associated_with	MONDO:0005148	FTO	type 2 diabetes mellitus	infores:ctd(primary_knowledge_source);infores:pharos(aggregator_knowledge_source);infores:automat-robokop(aggregator_knowledge_source)
Q313	e0	e_4	NCBIGene:79068	biolink:genetically_associated_with	MONDO:0005148	FTO	type 2 diabetes mellitus	infores:disgenet(primary_knowledge_source);infores:pharos(aggregator_knowledge_source);infores:automat-robokop(aggregator_knowledge_source)
Q313	e0	e_5	NCBIGene:79068	biolink:genetically_associated_with	MONDO:0005148	FTO	type 2 diabetes mellitus	infores:diseases(primary_knowledge_source);infores:pharos(aggregator_knowledge_source);infores:automat-robokop(aggregator_knowledge_source)
Q314	e0	e_1	MONDO:0007254	biolink:related_to	NCBIGene:5290	breast cancer	PIK3CA	infores:hetionet(primary_knowledge_source);infores:automat-robokop(aggregator_knowledge_source)
Q314	e0	uuid:0eae1525-198e-11f0-be82-6045bdb3d4c0	NCBIGene:5290	biolink:causes	MONDO:0016419	PIK3CA	hereditary breast carcinoma	infores:omim(primary_knowledge_source);infores:monarchinitiative(aggregator_knowledge_source);infores:medgen(aggregator_knowledge_source);infores:automat-robokop(aggregator_knowledge_source)
Q314	e0	uuid:1eb9ddb9-198e-11f0-be82-6045bdb3d4c0	NCBIGene:5290	biolink:has_phenotype	MONDO:0004989	PIK3CA	breast carcinoma	infores:hpo-annotations(primary_knowledge_source);infores:monarchinitiative(aggregator_knowledge_source);infores:automat-robokop(aggregator_knowledge_source)
Q314	e0	uuid:18c3ffdc-198e-11f0-be82-6045bdb3d4c0	NCBIGene:5290	biolink:has_phenotype	MONDO:0004989	PIK3CA	breast carcinoma	infores:hpo-annotations(primary_knowledge_source);infores:monarchinitiative(aggregator_knowledge_source);infores:automat-robokop(aggregator_knowledge_source)
Q314	e0	uuid:18c3aa37-198e-11f0-be82-6045bdb3d4c0	NCBIGene:5290	biolink:has_phenotype	MONDO:0004989	PIK3CA	breast carcinoma	infores:hpo-annotations(primary_knowledge_source);infores:monarchinitiative(aggregator_knowledge_source);infores:automat-robokop(aggregator_knowledge_source)
Q314	e0	uuid:13ff0b39-198e-11f0-be82-6045bdb3d4c0	NCBIGene:5290	biolink:has_phenotype	MONDO:0004989	PIK3CA	breast carcinoma	infores:hpo-annotations(primary_knowledge_source);infores:monarchinitiative(aggregator_knowledge_source);infores:automat-robokop(aggregator_knowledge_source)
Q314	e0	uuid:1feb0612-198e-11f0-be82-6045bdb3d4c0	NCBIGene:5290	biolink:has_phenotype	MONDO:0004989	PIK3CA	breast carcinoma	infores:hpo-annotations(primary_knowledge_source);infores:monarchinitiative(aggregator_knowledge_source);infores:automat-robokop(aggregator_knowledge_source)
Q314	e0	e_8	NCBIGene:5290	biolink:genetically_associated_with	MONDO:0016419	PIK3CA	hereditary breast carcinoma	infores:disgenet(primary_knowledge_source);infores:pharos(aggregator_knowledge_source);infores:automat-robokop(aggregator_knowledge_source)
Q314	e0	e_9	NCBIGene:5290	biolink:genetically_associated_with	MONDO:0007254	PIK3CA	breast cancer	infores:ctd(primary_knowledge_source);infores:pharos(aggregator_knowledge_source);infores:automat-robokop(aggregator_knowledge_source)
Q314	e0	e_10	NCBIGene:5290	biolink:genetically_associated_with	MONDO:0045059	PIK3CA	cribriform carcinoma of breast	infores:ctd(primary_knowledge_source);infores:pharos(aggregator_knowledge_source);infores:automat-robokop(aggregator_knowledge_source)
Q314	e0	e_11	NCBIGene:5290	biolink:genetically_associated_with	MONDO:0004988	PIK3CA	breast adenocarcinoma	infores:eram(primary_knowledge_source);infores:pharos(aggregator_knowledge_source);infores:automat-robokop(aggregator_knowledge_source)
Q314	e0	e_12	NCBIGene:5290	biolink:genetically_associated_with	MONDO:0004988	PIK3CA	breast adenocarcinoma	infores:disgenet(primary_knowledge_source);infores:pharos(aggregator_knowledge_source);infores:automat-robokop(aggregator_knowledge_source)
Q314	e0	e_13	NCBIGene:5290	biolink:genetically_associated_with	MONDO:0016419	PIK3CA	hereditary breast carcinoma	infores:uniprot(primary_knowledge_source);infores:pharos(aggregator_knowledge_source);infores:automat-robokop(aggregator_knowledge_source)
Q314	e0	e_14	NCBIGene:5290	biolink:genetically_associated_with	MONDO:0004989	PIK3CA	breast carcinoma	infores:disgenet(primary_knowledge_source);infores:pharos(aggregator_knowledge_source);infores:automat-robokop(aggregator_knowledge_source)
Q314	e0	e_15	NCBIGene:5290	biolink:genetically_associated_with	MONDO:0007254	PIK3CA	breast cancer	infores:disgenet(primary_knowledge_source);infores:pharos(aggregator_knowledge_source);infores:automat-robokop(aggregator_knowledge_source)
Q314	e0	e_16	NCBIGene:5290	biolink:genetically_associated_with	MONDO:0004989	PIK3CA	breast carcinoma	infores:ctd(primary_knowledge_source);infores:pharos(aggregator_knowledge_source);infores:automat-robokop(aggregator_knowledge_source)
Q314	e0	e_17	MONDO:0016419	biolink:subclass_of	MONDO:0007254	hereditary breast carcinoma	breast cancer	infores:ubergraph(primary_knowledge_source);infores:automat-robokop(aggregator_knowledge_source)
Q314	e0	e_18	MONDO:0004989	biolink:subclass_of	MONDO:0007254	breast carcinoma	breast cancer	infores:ubergraph(primary_knowledge_source);infores:automat-robokop(aggregator_knowledge_source)
Q314	e0	e_19	MONDO:0045059	biolink:subclass_of	MONDO:0007254	cribriform carcinoma of breast	breast cancer	infores:ubergraph(primary_knowledge_source);infores:automat-robokop(aggregator_knowledge_source)
Q314	e0	e_20	MONDO:0004988	biolink:subclass_of	MONDO:0007254	breast adenocarcinoma	breast cancer	infores:ubergraph(primary_knowledge_source);infores:automat-robokop(aggregator_knowledge_source)
Q314	e0	uuid:0eae1525-198e-11f0-be82-6045bdb3d4c0_e_17	MONDO:0007254	biolink:causes	MONDO:0016419	breast cancer	hereditary breast carcinoma	infores:automat-robokop(primary_knowledge_source)
Q314	e0	uuid:1eb9ddb9-198e-11f0-be82-6045bdb3d4c0_e_18	MONDO:0007254	biolink:has_phenotype	MONDO:0004989	breast cancer	breast carcinoma	infores:automat-robokop(primary_knowledge_source)
Q314	e0	uuid:18c3ffdc-198e-11f0-be82-6045bdb3d4c0_e_18	MONDO:0007254	biolink:has_phenotype	MONDO:0004989	breast cancer	breast carcinoma	infores:automat-robokop(primary_knowledge_source)
Q314	e0	uuid:18c3aa37-198e-11f0-be82-6045bdb3d4c0_e_18	MONDO:0007254	biolink:has_phenotype	MONDO:0004989	breast cancer	breast carcinoma	infores:automat-robokop(primary_knowledge_source)
Q314	e0	uuid:13ff0b39-198e-11f0-be82-6045bdb3d4c0_e_18	MONDO:0007254	biolink:has_phenotype	MONDO:0004989	breast cancer	breast carcinoma	infores:automat-robokop(primary_knowledge_source)
Q314	e0	uuid:1feb0612-198e-11f0-be82-6045bdb3d4c0_e_18	MONDO:0007254	biolink:has_phenotype	MONDO:0004989	breast cancer	breast carcinoma	infores:automat-robokop(primary_knowledge_source)
Q314	e0	e_8_e_17	MONDO:0007254	biolink:genetically_associated_with	MONDO:0016419	breast cancer	hereditary breast carcinoma	infores:automat-robokop(primary_knowledge_source)
Q314	e0	e_10_e_19	MONDO:0007254	biolink:genetically_associated_with	MONDO:0045059	breast cancer	cribriform carcinoma of breast	infores:automat-robokop(primary_knowledge_source)
Q314	e0	e_11_e_20	MONDO:0007254	biolink:genetically_associated_with	MONDO:0004988	breast cancer	breast adenocarcinoma	infores:automat-robokop(primary_knowledge_source)
Q314	e0	e_12_e_20	MONDO:0007254	biolink:genetically_associated_with	MONDO:0004988	breast cancer	breast adenocarcinoma	infores:automat-robokop(primary_knowledge_source)
Q314	e0	e_13_e_17	MONDO:0007254	biolink:genetically_associated_with	MONDO:0016419	breast cancer	hereditary breast carcinoma	infores:automat-robokop(primary_knowledge_source)
Q314	e0	e_14_e_18	MONDO:0007254	biolink:genetically_associated_with	MONDO:0004989	breast cancer	breast carcinoma	infores:automat-robokop(primary_knowledge_source)
Q314	e0	e_16_e_18	MONDO:0007254	biolink:genetically_associated_with	MONDO:0004989	breast cancer	breast carcinoma	infores:automat-robokop(primary_knowledge_source)
Q315	e0	e_1	MONDO:0021063	biolink:related_to	NCBIGene:324	colon cancer	APC	infores:hetionet(primary_knowledge_source);infores:automat-robokop(aggregator_knowledge_source)
Q315	e0	uuid:0ec4376b-198e-11f0-be82-6045bdb3d4c0	NCBIGene:324	biolink:causes	MONDO:0005575	APC	colorectal cancer	infores:omim(primary_knowledge_source);infores:monarchinitiative(aggregator_knowledge_source);infores:medgen(aggregator_knowledge_source);infores:automat-robokop(aggregator_knowledge_source)
Q315	e0	uuid:19f50a19-198e-11f0-be82-6045bdb3d4c0	NCBIGene:324	biolink:has_phenotype	MONDO:0021063	APC	colon cancer	infores:hpo-annotations(primary_knowledge_source);infores:monarchinitiative(aggregator_knowledge_source);infores:automat-robokop(aggregator_knowledge_source)
Q315	e0	uuid:1792c5df-198e-11f0-be82-6045bdb3d4c0	NCBIGene:324	biolink:has_phenotype	MONDO:0021063	APC	colon cancer	infores:hpo-annotations(primary_knowledge_source);infores:monarchinitiative(aggregator_knowledge_source);infores:automat-robokop(aggregator_knowledge_source)
Q315	e0	uuid:16615af7-198e-11f0-be82-6045bdb3d4c0	NCBIGene:324	biolink:has_phenotype	MONDO:0021063	APC	colon cancer	infores:hpo-annotations(primary_knowledge_source);infores:monarchinitiative(aggregator_knowledge_source);infores:automat-robokop(aggregator_knowledge_source)
Q315	e0	uuid:16615af6-198e-11f0-be82-6045bdb3d4c0	NCBIGene:324	biolink:has_phenotype	MONDO:0021063	APC	colon cancer	infores:hpo-annotations(primary_knowledge_source);infores:monarchinitiative(aggregator_knowledge_source);infores:automat-robokop(aggregator_knowledge_source)
Q315	e0	uuid:11cb9d4b-198e-11f0-be82-6045bdb3d4c0	NCBIGene:324	biolink:has_phenotype	MONDO:0021063	APC	colon cancer	infores:hpo-annotations(primary_knowledge_source);infores:monarchinitiative(aggregator_knowledge_source);infores:automat-robokop(aggregator_knowledge_source)
Q315	e0	uuid:1b26214b-198e-11f0-be82-6045bdb3d4c0	NCBIGene:324	biolink:has_phenotype	MONDO:0021063	APC	colon cancer	infores:hpo-annotations(primary_knowledge_source);infores:monarchinitiative(aggregator_knowledge_source);infores:automat-robokop(aggregator_knowledge_source)
Q315	e0	e_9	NCBIGene:324	biolink:genetically_associated_with	MONDO:0005575	APC	colorectal cancer	infores:ctd(primary_knowledge_source);infores:pharos(aggregator_knowledge_source);infores:automat-robokop(aggregator_knowledge_source)
Q315	e0	e_10	NCBIGene:324	biolink:genetically_associated_with	MONDO:0024331	APC	colorectal carcinoma	infores:disgenet(primary_knowledge_source);infores:pharos(aggregator_knowledge_source);infores:automat-robokop(aggregator_knowledge_source)
Q315	e0	e_11	NCBIGene:324	biolink:genetically_associated_with	MONDO:0002032	APC	colon carcinoma	infores:disgenet(primary_knowledge_source);infores:pharos(aggregator_knowledge_source);infores:automat-robokop(aggregator_knowledge_source)
Q315	e0	e_12	NCBIGene:324	biolink:genetically_associated_with	MONDO:0021063	APC	colon cancer	infores:ctd(primary_knowledge_source);infores:pharos(aggregator_knowledge_source);infores:automat-robokop(aggregator_knowledge_source)
Q315	e0	e_13	NCBIGene:324	biolink:genetically_associated_with	MONDO:0005008	APC	colorectal adenocarcinoma	infores:disgenet(primary_knowledge_source);infores:pharos(aggregator_knowledge_source);infores:automat-robokop(aggregator_knowledge_source)
Q315	e0	e_14	NCBIGene:324	biolink:genetically_associated_with	MONDO:0006519	APC	rectal cancer	infores:ctd(primary_knowledge_source);infores:pharos(aggregator_knowledge_source);infores:automat-robokop(aggregator_knowledge_source)
Q315	e0	e_15	NCBIGene:324	biolink:genetically_associated_with	MONDO:0021063	APC	colon cancer	infores:disgenet(primary_knowledge_source);infores:pharos(aggregator_knowledge_source);infores:automat-robokop(aggregator_knowledge_source)
Q315	e0	e_16	NCBIGene:324	biolink:genetically_associated_with	MONDO:0044937	APC	rectal carcinoma	infores:disgenet(primary_knowledge_source);infores:pharos(aggregator_knowledge_source);infores:automat-robokop(aggregator_knowledge_source)
Q315	e0	e_17	NCBIGene:324	biolink:genetically_associated_with	MONDO:0005575	APC	colorectal cancer	infores:monarchinitiative(primary_knowledge_source);infores:pharos(aggregator_knowledge_source);infores:automat-robokop(aggregator_knowledge_source)
Q315	e0	e_18	MONDO:0021063	biolink:subclass_of	MONDO:0005575	colon cancer	colorectal cancer	infores:ubergraph(primary_knowledge_source);infores:automat-robokop(aggregator_knowledge_source)
Q315	e0	e_19	MONDO:0024331	biolink:subclass_of	MONDO:0005575	colorectal carcinoma	colorectal cancer	infores:ubergraph(primary_knowledge_source);infores:automat-robokop(aggregator_knowledge_source)
Q315	e0	e_20	MONDO:0002032	biolink:subclass_of	MONDO:0005575	colon carcinoma	colorectal cancer	infores:ubergraph(primary_knowledge_source);infores:automat-robokop(aggregator_knowledge_source)
Q315	e0	e_21	MONDO:0005008	biolink:subclass_of	MONDO:0005575	colorectal adenocarcinoma	colorectal cancer	infores:ubergraph(primary_knowledge_source);infores:automat-robokop(aggregator_knowledge_source)
Q315	e0	e_22	MONDO:0006519	biolink:subclass_of	MONDO:0005575	rectal cancer	colorectal cancer	infores:ubergraph(primary_knowledge_source);infores:automat-robokop(aggregator_knowledge_source)
Q315	e0	e_23	MONDO:0044937	biolink:subclass_of	MONDO:0005575	rectal carcinoma	colorectal cancer	infores:ubergraph(primary_knowledge_source);infores:automat-robokop(aggregator_knowledge_source)
Q315	e0	e_1_e_18	MONDO:0005575	biolink:related_to	NCBIGene:324	colorectal cancer	APC	infores:automat-robokop(primary_knowledge_source)
Q315	e0	uuid:19f50a19-198e-11f0-be82-6045bdb3d4c0_e_18	MONDO:0005575	biolink:has_phenotype	MONDO:0021063	colorectal cancer	colon cancer	infores:automat-robokop(primary_knowledge_source)
Q315	e0	uuid:1792c5df-198e-11f0-be82-6045bdb3d4c0_e_18	MONDO:0005575	biolink:has_phenotype	MONDO:0021063	colorectal cancer	colon cancer	infores:automat-robokop(primary_knowledge_source)
Q315	e0	uuid:16615af7-198e-11f0-be82-6045bdb3d4c0_e_18	MONDO:0005575	biolink:has_phenotype	MONDO:0021063	colorectal cancer	colon cancer	infores:automat-robokop(primary_knowledge_source)
Q315	e0	uuid:16615af6-198e-11f0-be82-6045bdb3d4c0_e_18	MONDO:0005575	biolink:has_phenotype	MONDO:0021063	colorectal cancer	colon cancer	infores:automat-robokop(primary_knowledge_source)
Q315	e0	uuid:11cb9d4b-198e-11f0-be82-6045bdb3d4c0_e_18	MONDO:0005575	biolink:has_phenotype	MONDO:0021063	colorectal cancer	colon cancer	infores:automat-robokop(primary_knowledge_source)
Q315	e0	uuid:1b26214b-198e-11f0-be82-6045bdb3d4c0_e_18	MONDO:0005575	biolink:has_phenotype	MONDO:0021063	colorectal cancer	colon cancer	infores:automat-robokop(primary_knowledge_source)
Q315	e0	e_10_e_19	MONDO:0005575	biolink:genetically_associated_with	MONDO:0024331	colorectal cancer	colorectal carcinoma	infores:automat-robokop(primary_knowledge_source)
Q315	e0	e_11_e_20	MONDO:0005575	biolink:genetically_associated_with	MONDO:0002032	colorectal cancer	colon carcinoma	infores:automat-robokop(primary_knowledge_source)
Q315	e0	e_12_e_18	MONDO:0005575	biolink:genetically_associated_with	MONDO:0021063	colorectal cancer	colon cancer	infores:automat-robokop(primary_knowledge_source)
Q315	e0	e_13_e_21	MONDO:0005575	biolink:genetically_associated_with	MONDO:0005008	colorectal cancer	colorectal adenocarcinoma	infores:automat-robokop(primary_knowledge_source)
Q315	e0	e_14_e_22	MONDO:0005575	biolink:genetically_associated_with	MONDO:0006519	colorectal cancer	rectal cancer	infores:automat-robokop(primary_knowledge_source)
Q315	e0	e_15_e_18	MONDO:0005575	biolink:genetically_associated_with	MONDO:0021063	colorectal cancer	colon cancer	infores:automat-robokop(primary_knowledge_source)
Q315	e0	e_16_e_23	MONDO:0005575	biolink:genetically_associated_with	MONDO:0044937	colorectal cancer	rectal carcinoma	infores:automat-robokop(primary_knowledge_source)
Q316	e0	e_1	NCBIGene:238	biolink:genetically_associated_with	MONDO:0005061	ALK	lung adenocarcinoma	infores:ctd(primary_knowledge_source);infores:pharos(aggregator_knowledge_source);infores:automat-robokop(aggregator_knowledge_source)
Q316	e0	e_2	NCBIGene:238	biolink:genetically_associated_with	MONDO:0005061	ALK	lung adenocarcinoma	infores:disgenet(primary_knowledge_source);infores:pharos(aggregator_knowledge_source);infores:automat-robokop(aggregator_knowledge_source)
Q317	e0	e_1	MONDO:0005105	biolink:regulates	NCBIGene:1029	melanoma	CDKN2A	infores:hetionet(primary_knowledge_source);infores:automat-robokop(aggregator_knowledge_source)
Q317	e0	e_2	MONDO:0005105	biolink:related_to	NCBIGene:1029	melanoma	CDKN2A	infores:hetionet(primary_knowledge_source);infores:automat-robokop(aggregator_knowledge_source)
Q317	e0	uuid:1792ced8-198e-11f0-be82-6045bdb3d4c0	NCBIGene:1029	biolink:has_phenotype	MONDO:0005105	CDKN2A	melanoma	infores:hpo-annotations(primary_knowledge_source);infores:monarchinitiative(aggregator_knowledge_source);infores:automat-robokop(aggregator_knowledge_source)
Q317	e0	uuid:15304341-198e-11f0-be82-6045bdb3d4c0	NCBIGene:1029	biolink:has_phenotype	MONDO:0005105	CDKN2A	melanoma	infores:hpo-annotations(primary_knowledge_source);infores:monarchinitiative(aggregator_knowledge_source);infores:automat-robokop(aggregator_knowledge_source)
Q317	e0	uuid:1661aacf-198e-11f0-be82-6045bdb3d4c0	NCBIGene:1029	biolink:has_phenotype	MONDO:0005012	CDKN2A	skin melanoma	infores:hpo-annotations(primary_knowledge_source);infores:monarchinitiative(aggregator_knowledge_source);infores:automat-robokop(aggregator_knowledge_source)
Q317	e0	uuid:1eb9b788-198e-11f0-be82-6045bdb3d4c0	NCBIGene:1029	biolink:has_phenotype	MONDO:0005105	CDKN2A	melanoma	infores:hpo-annotations(primary_knowledge_source);infores:monarchinitiative(aggregator_knowledge_source);infores:automat-robokop(aggregator_knowledge_source)
Q317	e0	uuid:1c57439d-198e-11f0-be82-6045bdb3d4c0	NCBIGene:1029	biolink:has_phenotype	MONDO:0005012	CDKN2A	skin melanoma	infores:hpo-annotations(primary_knowledge_source);infores:monarchinitiative(aggregator_knowledge_source);infores:automat-robokop(aggregator_knowledge_source)
Q317	e0	uuid:1d889b9c-198e-11f0-be82-6045bdb3d4c0	NCBIGene:1029	biolink:has_phenotype	MONDO:0005105	CDKN2A	melanoma	infores:hpo-annotations(primary_knowledge_source);infores:monarchinitiative(aggregator_knowledge_source);infores:automat-robokop(aggregator_knowledge_source)
Q317	e0	e_9	NCBIGene:1029	biolink:genetically_associated_with	MONDO:0005105	CDKN2A	melanoma	infores:monarchinitiative(primary_knowledge_source);infores:pharos(aggregator_knowledge_source);infores:automat-robokop(aggregator_knowledge_source)
Q317	e0	e_10	NCBIGene:1029	biolink:genetically_associated_with	MONDO:0018961	CDKN2A	familial melanoma	infores:disgenet(primary_knowledge_source);infores:pharos(aggregator_knowledge_source);infores:automat-robokop(aggregator_knowledge_source)
Q317	e0	e_11	NCBIGene:1029	biolink:genetically_associated_with	MONDO:0005105	CDKN2A	melanoma	infores:disgenet(primary_knowledge_source);infores:pharos(aggregator_knowledge_source);infores:automat-robokop(aggregator_knowledge_source)
Q317	e0	e_12	NCBIGene:1029	biolink:genetically_associated_with	MONDO:0005012	CDKN2A	skin melanoma	infores:eram(primary_knowledge_source);infores:pharos(aggregator_knowledge_source);infores:automat-robokop(aggregator_knowledge_source)
Q317	e0	e_13	NCBIGene:1029	biolink:genetically_associated_with	MONDO:0005012	CDKN2A	skin melanoma	infores:ctd(primary_knowledge_source);infores:pharos(aggregator_knowledge_source);infores:automat-robokop(aggregator_knowledge_source)
Q317	e0	e_14	NCBIGene:1029	biolink:genetically_associated_with	MONDO:0005105	CDKN2A	melanoma	infores:eram(primary_knowledge_source);infores:pharos(aggregator_knowledge_source);infores:automat-robokop(aggregator_knowledge_source)
Q317	e0	e_15	NCBIGene:1029	biolink:genetically_associated_with	MONDO:0005012	CDKN2A	skin melanoma	infores:disgenet(primary_knowledge_source);infores:pharos(aggregator_knowledge_source);infores:automat-robokop(aggregator_knowledge_source)
Q317	e0	e_16	NCBIGene:1029	biolink:genetically_associated_with	MONDO:0018961	CDKN2A	familial melanoma	infores:monarchinitiative(primary_knowledge_source);infores:pharos(aggregator_knowledge_source);infores:automat-robokop(aggregator_knowledge_source)
Q317	e0	e_17	NCBIGene:1029	biolink:genetically_associated_with	MONDO:0005105	CDKN2A	melanoma	infores:ctd(primary_knowledge_source);infores:pharos(aggregator_knowledge_source);infores:automat-robokop(aggregator_knowledge_source)
Q317	e0	e_18	NCBIGene:1029	biolink:genetically_associated_with	MONDO:0005012	CDKN2A	skin melanoma	infores:monarchinitiative(primary_knowledge_source);infores:pharos(aggregator_knowledge_source);infores:automat-robokop(aggregator_knowledge_source)
Q317	e0	e_19	NCBIGene:1029	biolink:genetically_associated_with	MONDO:0018961	CDKN2A	familial melanoma	infores:eram(primary_knowledge_source);infores:pharos(aggregator_knowledge_source);infores:automat-robokop(aggregator_knowledge_source)
Q317	e0	e_20	NCBIGene:1029	biolink:genetically_associated_with	MONDO:0005105	CDKN2A	melanoma	infores:diseases(primary_knowledge_source);infores:pharos(aggregator_knowledge_source);infores:automat-robokop(aggregator_knowledge_source)
Q317	e0	e_21	MONDO:0005012	biolink:subclass_of	MONDO:0005105	skin melanoma	melanoma	infores:ubergraph(primary_knowledge_source);infores:automat-robokop(aggregator_knowledge_source)
Q317	e0	e_22	MONDO:0018961	biolink:subclass_of	MONDO:0005105	familial melanoma	melanoma	infores:ubergraph(primary_knowledge_source);infores:automat-robokop(aggregator_knowledge_source)
Q317	e0	uuid:1661aacf-198e-11f0-be82-6045bdb3d4c0_e_21	MONDO:0005105	biolink:has_phenotype	MONDO:0005012	melanoma	skin melanoma	infores:automat-robokop(primary_knowledge_source)
Q317	e0	uuid:1c57439d-198e-11f0-be82-6045bdb3d4c0_e_21	MONDO:0005105	biolink:has_phenotype	MONDO:0005012	melanoma	skin melanoma	infores:automat-robokop(primary_knowledge_source)
Q317	e0	e_10_e_22	MONDO:0005105	biolink:genetically_associated_with	MONDO:0018961	melanoma	familial melanoma	infores:automat-robokop(primary_knowledge_source)
Q317	e0	e_12_e_21	MONDO:0005105	biolink:genetically_associated_with	MONDO:0005012	melanoma	skin melanoma	infores:automat-robokop(primary_knowledge_source)
Q317	e0	e_13_e_21	MONDO:0005105	biolink:genetically_associated_with	MONDO:0005012	melanoma	skin melanoma	infores:automat-robokop(primary_knowledge_source)
Q317	e0	e_15_e_21	MONDO:0005105	biolink:genetically_associated_with	MONDO:0005012	melanoma	skin melanoma	infores:automat-robokop(primary_knowledge_source)
Q317	e0	e_16_e_22	MONDO:0005105	biolink:genetically_associated_with	MONDO:0018961	melanoma	familial melanoma	infores:automat-robokop(primary_knowledge_source)
Q317	e0	e_18_e_21	MONDO:0005105	biolink:genetically_associated_with	MONDO:0005012	melanoma	skin melanoma	infores:automat-robokop(primary_knowledge_source)
Q317	e0	e_19_e_22	MONDO:0005105	biolink:genetically_associated_with	MONDO:0018961	melanoma	familial melanoma	infores:automat-robokop(primary_knowledge_source)
Q320	e0	e_1	MONDO:0005027	biolink:related_to	NCBIGene:6326	epilepsy	SCN2A	infores:hetionet(primary_knowledge_source);infores:automat-robokop(aggregator_knowledge_source)
Q320	e0	uuid:0ec43e45-198e-11f0-be82-6045bdb3d4c0	NCBIGene:6326	biolink:causes	MONDO:0013388	SCN2A	developmental and epileptic encephalopathy, 11	infores:omim(primary_knowledge_source);infores:monarchinitiative(aggregator_knowledge_source);infores:medgen(aggregator_knowledge_source);infores:automat-robokop(aggregator_knowledge_source)
Q320	e0	uuid:0ec44140-198e-11f0-be82-6045bdb3d4c0	NCBIGene:6326	biolink:causes	MONDO:0011904	SCN2A	seizures, benign familial infantile, 3	infores:omim(primary_knowledge_source);infores:monarchinitiative(aggregator_knowledge_source);infores:medgen(aggregator_knowledge_source);infores:automat-robokop(aggregator_knowledge_source)
Q320	e0	uuid:13ff51b9-198e-11f0-be82-6045bdb3d4c0	NCBIGene:6326	biolink:has_phenotype	HP:0011169	SCN2A	Generalized clonic seizure	infores:hpo-annotations(primary_knowledge_source);infores:monarchinitiative(aggregator_knowledge_source);infores:automat-robokop(aggregator_knowledge_source)
Q320	e0	uuid:1feb0773-198e-11f0-be82-6045bdb3d4c0	NCBIGene:6326	biolink:has_phenotype	HP:0002069	SCN2A	Bilateral tonic-clonic seizure	infores:hpo-annotations(primary_knowledge_source);infores:monarchinitiative(aggregator_knowledge_source);infores:automat-robokop(aggregator_knowledge_source)
Q320	e0	uuid:13ff04e4-198e-11f0-be82-6045bdb3d4c0	NCBIGene:6326	biolink:has_phenotype	MONDO:0006710	SCN2A	complex partial epilepsy	infores:hpo-annotations(primary_knowledge_source);infores:monarchinitiative(aggregator_knowledge_source);infores:automat-robokop(aggregator_knowledge_source)
Q320	e0	uuid:16618b52-198e-11f0-be82-6045bdb3d4c0	NCBIGene:6326	biolink:has_phenotype	MONDO:0006891	SCN2A	partial motor epilepsy	infores:hpo-annotations(primary_knowledge_source);infores:monarchinitiative(aggregator_knowledge_source);infores:automat-robokop(aggregator_knowledge_source)
Q320	e0	uuid:12638596-198e-11f0-be82-6045bdb3d4c0	NCBIGene:6326	biolink:has_phenotype	HP:0011167	SCN2A	Focal tonic seizure	infores:hpo-annotations(primary_knowledge_source);infores:monarchinitiative(aggregator_knowledge_source);infores:automat-robokop(aggregator_knowledge_source)
Q320	e0	uuid:13ff0c9c-198e-11f0-be82-6045bdb3d4c0	NCBIGene:6326	biolink:has_phenotype	HP:0002069	SCN2A	Bilateral tonic-clonic seizure	infores:hpo-annotations(primary_knowledge_source);infores:monarchinitiative(aggregator_knowledge_source);infores:automat-robokop(aggregator_knowledge_source)
Q320	e0	uuid:11fe49fc-198e-11f0-be82-6045bdb3d4c0	NCBIGene:6326	biolink:has_phenotype	MONDO:0006891	SCN2A	partial motor epilepsy	infores:hpo-annotations(primary_knowledge_source);infores:monarchinitiative(aggregator_knowledge_source);infores:automat-robokop(aggregator_knowledge_source)
Q320	e0	uuid:132f0c20-198e-11f0-be82-6045bdb3d4c0	NCBIGene:6326	biolink:has_phenotype	HP:0032807	SCN2A	Neonatal seizure	infores:hpo-annotations(primary_knowledge_source);infores:monarchinitiative(aggregator_knowledge_source);infores:automat-robokop(aggregator_knowledge_source)
Q320	e0	uuid:1b264152-198e-11f0-be82-6045bdb3d4c0	NCBIGene:6326	biolink:has_phenotype	HP:0012469	SCN2A	Infantile Spasm	infores:hpo-annotations(primary_knowledge_source);infores:monarchinitiative(aggregator_knowledge_source);infores:automat-robokop(aggregator_knowledge_source)
Q320	e0	uuid:1d8864d7-198e-11f0-be82-6045bdb3d4c0	NCBIGene:6326	biolink:has_phenotype	HP:0010818	SCN2A	Generalized tonic seizure	infores:hpo-annotations(primary_knowledge_source);infores:monarchinitiative(aggregator_knowledge_source);infores:automat-robokop(aggregator_knowledge_source)
Q320	e0	uuid:18c40101-198e-11f0-be82-6045bdb3d4c0	NCBIGene:6326	biolink:has_phenotype	HP:0002349	SCN2A	Focal aware seizure	infores:hpo-annotations(primary_knowledge_source);infores:monarchinitiative(aggregator_knowledge_source);infores:automat-robokop(aggregator_knowledge_source)
Q320	e0	uuid:19f5222f-198e-11f0-be82-6045bdb3d4c0	NCBIGene:6326	biolink:has_phenotype	HP:0032807	SCN2A	Neonatal seizure	infores:hpo-annotations(primary_knowledge_source);infores:monarchinitiative(aggregator_knowledge_source);infores:automat-robokop(aggregator_knowledge_source)
Q320	e0	uuid:1530287a-198e-11f0-be82-6045bdb3d4c0	NCBIGene:6326	biolink:has_phenotype	HP:0002266	SCN2A	Focal clonic seizure	infores:hpo-annotations(primary_knowledge_source);infores:monarchinitiative(aggregator_knowledge_source);infores:automat-robokop(aggregator_knowledge_source)
Q320	e0	uuid:1792a88f-198e-11f0-be82-6045bdb3d4c0	NCBIGene:6326	biolink:has_phenotype	HP:0020221	SCN2A	Clonic seizure	infores:hpo-annotations(primary_knowledge_source);infores:monarchinitiative(aggregator_knowledge_source);infores:automat-robokop(aggregator_knowledge_source)
Q320	e0	uuid:13fefc84-198e-11f0-be82-6045bdb3d4c0	NCBIGene:6326	biolink:has_phenotype	HP:0002069	SCN2A	Bilateral tonic-clonic seizure	infores:hpo-annotations(primary_knowledge_source);infores:monarchinitiative(aggregator_knowledge_source);infores:automat-robokop(aggregator_knowledge_source)
Q320	e0	uuid:1d88ba85-198e-11f0-be82-6045bdb3d4c0	NCBIGene:6326	biolink:has_phenotype	HP:0010819	SCN2A	Atonic seizure	infores:hpo-annotations(primary_knowledge_source);infores:monarchinitiative(aggregator_knowledge_source);infores:automat-robokop(aggregator_knowledge_source)
Q320	e0	uuid:1eb9d68b-198e-11f0-be82-6045bdb3d4c0	NCBIGene:6326	biolink:has_phenotype	MONDO:0006710	SCN2A	complex partial epilepsy	infores:hpo-annotations(primary_knowledge_source);infores:monarchinitiative(aggregator_knowledge_source);infores:automat-robokop(aggregator_knowledge_source)
Q320	e0	uuid:18c40910-198e-11f0-be82-6045bdb3d4c0	NCBIGene:6326	biolink:has_phenotype	HP:0002373	SCN2A	Febrile Seizure	infores:hpo-annotations(primary_knowledge_source);infores:monarchinitiative(aggregator_knowledge_source);infores:automat-robokop(aggregator_knowledge_source)
Q320	e0	uuid:1eb9ded9-198e-11f0-be82-6045bdb3d4c0	NCBIGene:6326	biolink:has_phenotype	HP:0032792	SCN2A	Tonic seizure	infores:hpo-annotations(primary_knowledge_source);infores:monarchinitiative(aggregator_knowledge_source);infores:automat-robokop(aggregator_knowledge_source)
Q320	e0	uuid:16618b4e-198e-11f0-be82-6045bdb3d4c0	NCBIGene:6326	biolink:has_phenotype	MONDO:0020074	SCN2A	progressive myoclonus epilepsy	infores:hpo-annotations(primary_knowledge_source);infores:monarchinitiative(aggregator_knowledge_source);infores:automat-robokop(aggregator_knowledge_source)
Q320	e0	uuid:1eb9ce46-198e-11f0-be82-6045bdb3d4c0	NCBIGene:6326	biolink:has_phenotype	HP:0032794	SCN2A	Myoclonic seizure	infores:hpo-annotations(primary_knowledge_source);infores:monarchinitiative(aggregator_knowledge_source);infores:automat-robokop(aggregator_knowledge_source)
Q320	e0	uuid:18c3f907-198e-11f0-be82-6045bdb3d4c0	NCBIGene:6326	biolink:has_phenotype	HP:0002069	SCN2A	Bilateral tonic-clonic seizure	infores:hpo-annotations(primary_knowledge_source);infores:monarchinitiative(aggregator_knowledge_source);infores:automat-robokop(aggregator_knowledge_source)
Q320	e0	uuid:1530625e-198e-11f0-be82-6045bdb3d4c0	NCBIGene:6326	biolink:has_phenotype	HP:0007359	SCN2A	Partial Seizure	infores:hpo-annotations(primary_knowledge_source);infores:monarchinitiative(aggregator_knowledge_source);infores:automat-robokop(aggregator_knowledge_source)
Q320	e0	uuid:1eb9ded8-198e-11f0-be82-6045bdb3d4c0	NCBIGene:6326	biolink:has_phenotype	HP:0007334	SCN2A	Bilateral tonic-clonic seizure with focal onset	infores:hpo-annotations(primary_knowledge_source);infores:monarchinitiative(aggregator_knowledge_source);infores:automat-robokop(aggregator_knowledge_source)
Q320	e0	uuid:1792a17f-198e-11f0-be82-6045bdb3d4c0	NCBIGene:6326	biolink:has_phenotype	HP:0006813	SCN2A	Focal hemiclonic seizure	infores:hpo-annotations(primary_knowledge_source);infores:monarchinitiative(aggregator_knowledge_source);infores:automat-robokop(aggregator_knowledge_source)
Q320	e0	uuid:1d887ca7-198e-11f0-be82-6045bdb3d4c0	NCBIGene:6326	biolink:has_phenotype	MONDO:0005027	SCN2A	epilepsy	infores:hpo-annotations(primary_knowledge_source);infores:monarchinitiative(aggregator_knowledge_source);infores:automat-robokop(aggregator_knowledge_source)
Q320	e0	uuid:1d88ba87-198e-11f0-be82-6045bdb3d4c0	NCBIGene:6326	biolink:has_phenotype	HP:0032792	SCN2A	Tonic seizure	infores:hpo-annotations(primary_knowledge_source);infores:monarchinitiative(aggregator_knowledge_source);infores:automat-robokop(aggregator_knowledge_source)
Q320	e0	uuid:12638592-198e-11f0-be82-6045bdb3d4c0	NCBIGene:6326	biolink:has_phenotype	HP:0002266	SCN2A	Focal clonic seizure	infores:hpo-annotations(primary_knowledge_source);infores:monarchinitiative(aggregator_knowledge_source);infores:automat-robokop(aggregator_knowledge_source)
Q320	e0	uuid:18c4092e-198e-11f0-be82-6045bdb3d4c0	NCBIGene:6326	biolink:has_phenotype	HP:0007334	SCN2A	Bilateral tonic-clonic seizure with focal onset	infores:hpo-annotations(primary_knowledge_source);infores:monarchinitiative(aggregator_knowledge_source);infores:automat-robokop(aggregator_knowledge_source)
Q320	e0	uuid:132ece2c-198e-11f0-be82-6045bdb3d4c0	NCBIGene:6326	biolink:has_phenotype	MONDO:0006710	SCN2A	complex partial epilepsy	infores:hpo-annotations(primary_knowledge_source);infores:monarchinitiative(aggregator_knowledge_source);infores:automat-robokop(aggregator_knowledge_source)
Q320	e0	uuid:1c575a88-198e-11f0-be82-6045bdb3d4c0	NCBIGene:6326	biolink:has_phenotype	HP:0002121	SCN2A	Absence Seizure	infores:hpo-annotations(primary_knowledge_source);infores:monarchinitiative(aggregator_knowledge_source);infores:automat-robokop(aggregator_knowledge_source)
Q320	e0	uuid:1c5752a7-198e-11f0-be82-6045bdb3d4c0	NCBIGene:6326	biolink:has_phenotype	HP:0002121	SCN2A	Absence Seizure	infores:hpo-annotations(primary_knowledge_source);infores:monarchinitiative(aggregator_knowledge_source);infores:automat-robokop(aggregator_knowledge_source)
Q320	e0	uuid:13ff49e9-198e-11f0-be82-6045bdb3d4c0	NCBIGene:6326	biolink:has_phenotype	HP:0007270	SCN2A	Atypical absence seizure	infores:hpo-annotations(primary_knowledge_source);infores:monarchinitiative(aggregator_knowledge_source);infores:automat-robokop(aggregator_knowledge_source)
Q320	e0	uuid:1eb99ccf-198e-11f0-be82-6045bdb3d4c0	NCBIGene:6326	biolink:has_phenotype	HP:0010819	SCN2A	Atonic seizure	infores:hpo-annotations(primary_knowledge_source);infores:monarchinitiative(aggregator_knowledge_source);infores:automat-robokop(aggregator_knowledge_source)
Q320	e0	uuid:1c576271-198e-11f0-be82-6045bdb3d4c0	NCBIGene:6326	biolink:has_phenotype	HP:0002373	SCN2A	Febrile Seizure	infores:hpo-annotations(primary_knowledge_source);infores:monarchinitiative(aggregator_knowledge_source);infores:automat-robokop(aggregator_knowledge_source)
Q320	e0	uuid:1d8864da-198e-11f0-be82-6045bdb3d4c0	NCBIGene:6326	biolink:has_phenotype	HP:0011167	SCN2A	Focal tonic seizure	infores:hpo-annotations(primary_knowledge_source);infores:monarchinitiative(aggregator_knowledge_source);infores:automat-robokop(aggregator_knowledge_source)
Q320	e0	uuid:12637d14-198e-11f0-be82-6045bdb3d4c0	NCBIGene:6326	biolink:has_phenotype	HP:0007359	SCN2A	Partial Seizure	infores:hpo-annotations(primary_knowledge_source);infores:monarchinitiative(aggregator_knowledge_source);infores:automat-robokop(aggregator_knowledge_source)
Q320	e0	uuid:19f4dcc9-198e-11f0-be82-6045bdb3d4c0	NCBIGene:6326	biolink:has_phenotype	MONDO:0018097	SCN2A	West syndrome	infores:hpo-annotations(primary_knowledge_source);infores:monarchinitiative(aggregator_knowledge_source);infores:automat-robokop(aggregator_knowledge_source)
Q320	e0	uuid:13ff49ec-198e-11f0-be82-6045bdb3d4c0	NCBIGene:6326	biolink:has_phenotype	HP:0002373	SCN2A	Febrile Seizure	infores:hpo-annotations(primary_knowledge_source);infores:monarchinitiative(aggregator_knowledge_source);infores:automat-robokop(aggregator_knowledge_source)
Q320	e0	uuid:1eb9d688-198e-11f0-be82-6045bdb3d4c0	NCBIGene:6326	biolink:has_phenotype	MONDO:0005027	SCN2A	epilepsy	infores:hpo-annotations(primary_knowledge_source);infores:monarchinitiative(aggregator_knowledge_source);infores:automat-robokop(aggregator_knowledge_source)
Q320	e0	uuid:13ff0ca0-198e-11f0-be82-6045bdb3d4c0	NCBIGene:6326	biolink:has_phenotype	HP:0012469	SCN2A	Infantile Spasm	infores:hpo-annotations(primary_knowledge_source);infores:monarchinitiative(aggregator_knowledge_source);infores:automat-robokop(aggregator_knowledge_source)
Q320	e0	uuid:18c3c3dc-198e-11f0-be82-6045bdb3d4c0	NCBIGene:6326	biolink:has_phenotype	HP:0031475	SCN2A	Status epilepticus without prominent motor symptoms	infores:hpo-annotations(primary_knowledge_source);infores:monarchinitiative(aggregator_knowledge_source);infores:automat-robokop(aggregator_knowledge_source)
Q320	e0	uuid:1feaf9e4-198e-11f0-be82-6045bdb3d4c0	NCBIGene:6326	biolink:has_phenotype	HP:0002069	SCN2A	Bilateral tonic-clonic seizure	infores:hpo-annotations(primary_knowledge_source);infores:monarchinitiative(aggregator_knowledge_source);infores:automat-robokop(aggregator_knowledge_source)
Q320	e0	uuid:1eb9ce43-198e-11f0-be82-6045bdb3d4c0	NCBIGene:6326	biolink:has_phenotype	HP:0007359	SCN2A	Partial Seizure	infores:hpo-annotations(primary_knowledge_source);infores:monarchinitiative(aggregator_knowledge_source);infores:automat-robokop(aggregator_knowledge_source)
Q320	e0	uuid:16618360-198e-11f0-be82-6045bdb3d4c0	NCBIGene:6326	biolink:has_phenotype	HP:0011169	SCN2A	Generalized clonic seizure	infores:hpo-annotations(primary_knowledge_source);infores:monarchinitiative(aggregator_knowledge_source);infores:automat-robokop(aggregator_knowledge_source)
Q320	e0	uuid:12638594-198e-11f0-be82-6045bdb3d4c0	NCBIGene:6326	biolink:has_phenotype	MONDO:0006710	SCN2A	complex partial epilepsy	infores:hpo-annotations(primary_knowledge_source);infores:monarchinitiative(aggregator_knowledge_source);infores:automat-robokop(aggregator_knowledge_source)
Q320	e0	uuid:1eb9ea04-198e-11f0-be82-6045bdb3d4c0	NCBIGene:6326	biolink:has_phenotype	HP:0011172	SCN2A	Complex febrile seizure	infores:hpo-annotations(primary_knowledge_source);infores:monarchinitiative(aggregator_knowledge_source);infores:automat-robokop(aggregator_knowledge_source)
Q320	e0	uuid:17929956-198e-11f0-be82-6045bdb3d4c0	NCBIGene:6326	biolink:has_phenotype	MONDO:0020074	SCN2A	progressive myoclonus epilepsy	infores:hpo-annotations(primary_knowledge_source);infores:monarchinitiative(aggregator_knowledge_source);infores:automat-robokop(aggregator_knowledge_source)
Q320	e0	uuid:1eb99cd1-198e-11f0-be82-6045bdb3d4c0	NCBIGene:6326	biolink:has_phenotype	HP:0011171	SCN2A	Simple febrile seizure	infores:hpo-annotations(primary_knowledge_source);infores:monarchinitiative(aggregator_knowledge_source);infores:automat-robokop(aggregator_knowledge_source)
Q320	e0	uuid:1b26317c-198e-11f0-be82-6045bdb3d4c0	NCBIGene:6326	biolink:has_phenotype	MONDO:0002125	SCN2A	status epilepticus	infores:hpo-annotations(primary_knowledge_source);infores:monarchinitiative(aggregator_knowledge_source);infores:automat-robokop(aggregator_knowledge_source)
Q320	e0	uuid:19f51289-198e-11f0-be82-6045bdb3d4c0	NCBIGene:6326	biolink:has_phenotype	MONDO:0002125	SCN2A	status epilepticus	infores:hpo-annotations(primary_knowledge_source);infores:monarchinitiative(aggregator_knowledge_source);infores:automat-robokop(aggregator_knowledge_source)
Q320	e0	uuid:132f0c21-198e-11f0-be82-6045bdb3d4c0	NCBIGene:6326	biolink:has_phenotype	HP:0011169	SCN2A	Generalized clonic seizure	infores:hpo-annotations(primary_knowledge_source);infores:monarchinitiative(aggregator_knowledge_source);infores:automat-robokop(aggregator_knowledge_source)
Q320	e0	uuid:19f529e3-198e-11f0-be82-6045bdb3d4c0	NCBIGene:6326	biolink:has_phenotype	HP:0032906	SCN2A	Focal head nodding automatism seizure	infores:hpo-annotations(primary_knowledge_source);infores:monarchinitiative(aggregator_knowledge_source);infores:automat-robokop(aggregator_knowledge_source)
Q320	e0	uuid:1eb99cce-198e-11f0-be82-6045bdb3d4c0	NCBIGene:6326	biolink:has_phenotype	HP:0010821	SCN2A	Focal emotional seizure with laughing	infores:hpo-annotations(primary_knowledge_source);infores:monarchinitiative(aggregator_knowledge_source);infores:automat-robokop(aggregator_knowledge_source)
Q320	e0	uuid:1feae9fa-198e-11f0-be82-6045bdb3d4c0	NCBIGene:6326	biolink:has_phenotype	HP:0002069	SCN2A	Bilateral tonic-clonic seizure	infores:hpo-annotations(primary_knowledge_source);infores:monarchinitiative(aggregator_knowledge_source);infores:automat-robokop(aggregator_knowledge_source)
Q320	e0	uuid:18c3c3d7-198e-11f0-be82-6045bdb3d4c0	NCBIGene:6326	biolink:has_phenotype	MONDO:0002125	SCN2A	status epilepticus	infores:hpo-annotations(primary_knowledge_source);infores:monarchinitiative(aggregator_knowledge_source);infores:automat-robokop(aggregator_knowledge_source)
Q320	e0	uuid:16618b51-198e-11f0-be82-6045bdb3d4c0	NCBIGene:6326	biolink:has_phenotype	MONDO:0006748	SCN2A	epilepsia partialis continua	infores:hpo-annotations(primary_knowledge_source);infores:monarchinitiative(aggregator_knowledge_source);infores:automat-robokop(aggregator_knowledge_source)
Q320	e0	uuid:1eb9ea02-198e-11f0-be82-6045bdb3d4c0	NCBIGene:6326	biolink:has_phenotype	HP:0007334	SCN2A	Bilateral tonic-clonic seizure with focal onset	infores:hpo-annotations(primary_knowledge_source);infores:monarchinitiative(aggregator_knowledge_source);infores:automat-robokop(aggregator_knowledge_source)
Q320	e0	uuid:16617b01-198e-11f0-be82-6045bdb3d4c0	NCBIGene:6326	biolink:has_phenotype	HP:0002197	SCN2A	Generalized-onset seizure	infores:hpo-annotations(primary_knowledge_source);infores:monarchinitiative(aggregator_knowledge_source);infores:automat-robokop(aggregator_knowledge_source)
Q320	e0	uuid:16617391-198e-11f0-be82-6045bdb3d4c0	NCBIGene:6326	biolink:has_phenotype	HP:0002069	SCN2A	Bilateral tonic-clonic seizure	infores:hpo-annotations(primary_knowledge_source);infores:monarchinitiative(aggregator_knowledge_source);infores:automat-robokop(aggregator_knowledge_source)
Q320	e0	uuid:1feaf9e5-198e-11f0-be82-6045bdb3d4c0	NCBIGene:6326	biolink:has_phenotype	HP:0006813	SCN2A	Focal hemiclonic seizure	infores:hpo-annotations(primary_knowledge_source);infores:monarchinitiative(aggregator_knowledge_source);infores:automat-robokop(aggregator_knowledge_source)
Q320	e0	uuid:132ece2b-198e-11f0-be82-6045bdb3d4c0	NCBIGene:6326	biolink:has_phenotype	HP:0007334	SCN2A	Bilateral tonic-clonic seizure with focal onset	infores:hpo-annotations(primary_knowledge_source);infores:monarchinitiative(aggregator_knowledge_source);infores:automat-robokop(aggregator_knowledge_source)
Q320	e0	uuid:18c40100-198e-11f0-be82-6045bdb3d4c0	NCBIGene:6326	biolink:has_phenotype	MONDO:0006710	SCN2A	complex partial epilepsy	infores:hpo-annotations(primary_knowledge_source);infores:monarchinitiative(aggregator_knowledge_source);infores:automat-robokop(aggregator_knowledge_source)
Q320	e0	uuid:1b264151-198e-11f0-be82-6045bdb3d4c0	NCBIGene:6326	biolink:has_phenotype	HP:0001327	SCN2A	Photosensitive myoclonic seizure	infores:hpo-annotations(primary_knowledge_source);infores:monarchinitiative(aggregator_knowledge_source);infores:automat-robokop(aggregator_knowledge_source)
Q320	e0	uuid:19f4dcca-198e-11f0-be82-6045bdb3d4c0	NCBIGene:6326	biolink:has_phenotype	HP:0032823	SCN2A	Neonatal electro-clinical seizure with behavior arrest	infores:hpo-annotations(primary_knowledge_source);infores:monarchinitiative(aggregator_knowledge_source);infores:automat-robokop(aggregator_knowledge_source)
Q320	e0	uuid:13fefc83-198e-11f0-be82-6045bdb3d4c0	NCBIGene:6326	biolink:has_phenotype	HP:0002069	SCN2A	Bilateral tonic-clonic seizure	infores:hpo-annotations(primary_knowledge_source);infores:monarchinitiative(aggregator_knowledge_source);infores:automat-robokop(aggregator_knowledge_source)
Q320	e0	uuid:179290e2-198e-11f0-be82-6045bdb3d4c0	NCBIGene:6326	biolink:has_phenotype	HP:0002121	SCN2A	Absence Seizure	infores:hpo-annotations(primary_knowledge_source);infores:monarchinitiative(aggregator_knowledge_source);infores:automat-robokop(aggregator_knowledge_source)
Q320	e0	uuid:12638595-198e-11f0-be82-6045bdb3d4c0	NCBIGene:6326	biolink:has_phenotype	HP:0010818	SCN2A	Generalized tonic seizure	infores:hpo-annotations(primary_knowledge_source);infores:monarchinitiative(aggregator_knowledge_source);infores:automat-robokop(aggregator_knowledge_source)
Q320	e0	uuid:132ece2d-198e-11f0-be82-6045bdb3d4c0	NCBIGene:6326	biolink:has_phenotype	HP:0010818	SCN2A	Generalized tonic seizure	infores:hpo-annotations(primary_knowledge_source);infores:monarchinitiative(aggregator_knowledge_source);infores:automat-robokop(aggregator_knowledge_source)
Q320	e0	uuid:15305ab0-198e-11f0-be82-6045bdb3d4c0	NCBIGene:6326	biolink:has_phenotype	MONDO:0002125	SCN2A	status epilepticus	infores:hpo-annotations(primary_knowledge_source);infores:monarchinitiative(aggregator_knowledge_source);infores:automat-robokop(aggregator_knowledge_source)
Q320	e0	uuid:19f529e1-198e-11f0-be82-6045bdb3d4c0	NCBIGene:6326	biolink:has_phenotype	HP:0007359	SCN2A	Partial Seizure	infores:hpo-annotations(primary_knowledge_source);infores:monarchinitiative(aggregator_knowledge_source);infores:automat-robokop(aggregator_knowledge_source)
Q320	e0	uuid:1eb9ea05-198e-11f0-be82-6045bdb3d4c0	NCBIGene:6326	biolink:has_phenotype	HP:0011151	SCN2A	Atypical absence status epilepticus	infores:hpo-annotations(primary_knowledge_source);infores:monarchinitiative(aggregator_knowledge_source);infores:automat-robokop(aggregator_knowledge_source)
Q320	e0	uuid:18c40911-198e-11f0-be82-6045bdb3d4c0	NCBIGene:6326	biolink:has_phenotype	HP:0007207	SCN2A	Photosensitive tonic-clonic seizure	infores:hpo-annotations(primary_knowledge_source);infores:monarchinitiative(aggregator_knowledge_source);infores:automat-robokop(aggregator_knowledge_source)
Q320	e0	uuid:17929957-198e-11f0-be82-6045bdb3d4c0	NCBIGene:6326	biolink:has_phenotype	HP:0032678	SCN2A	Eyelid myoclonia seizure	infores:hpo-annotations(primary_knowledge_source);infores:monarchinitiative(aggregator_knowledge_source);infores:automat-robokop(aggregator_knowledge_source)
Q320	e0	uuid:1b26397a-198e-11f0-be82-6045bdb3d4c0	NCBIGene:6326	biolink:has_phenotype	MONDO:0020074	SCN2A	progressive myoclonus epilepsy	infores:hpo-annotations(primary_knowledge_source);infores:monarchinitiative(aggregator_knowledge_source);infores:automat-robokop(aggregator_knowledge_source)
Q320	e0	e_79	NCBIGene:6326	biolink:genetically_associated_with	MONDO:0016027	SCN2A	benign neonatal seizures	infores:eram(primary_knowledge_source);infores:pharos(aggregator_knowledge_source);infores:automat-robokop(aggregator_knowledge_source)
Q320	e0	e_80	NCBIGene:6326	biolink:genetically_associated_with	MONDO:0100062	SCN2A	developmental and epileptic encephalopathy	infores:disgenet(primary_knowledge_source);infores:pharos(aggregator_knowledge_source);infores:automat-robokop(aggregator_knowledge_source)
Q320	e0	e_81	NCBIGene:6326	biolink:genetically_associated_with	MONDO:0013388	SCN2A	developmental and epileptic encephalopathy, 11	infores:ctd(primary_knowledge_source);infores:pharos(aggregator_knowledge_source);infores:automat-robokop(aggregator_knowledge_source)
Q320	e0	e_82	NCBIGene:6326	biolink:genetically_associated_with	MONDO:0011904	SCN2A	seizures, benign familial infantile, 3	infores:disgenet(primary_knowledge_source);infores:pharos(aggregator_knowledge_source);infores:automat-robokop(aggregator_knowledge_source)
Q320	e0	e_83	NCBIGene:6326	biolink:genetically_associated_with	MONDO:0018097	SCN2A	West syndrome	infores:eram(primary_knowledge_source);infores:pharos(aggregator_knowledge_source);infores:automat-robokop(aggregator_knowledge_source)
Q320	e0	e_84	NCBIGene:6326	biolink:genetically_associated_with	MONDO:0013388	SCN2A	developmental and epileptic encephalopathy, 11	infores:monarchinitiative(primary_knowledge_source);infores:pharos(aggregator_knowledge_source);infores:automat-robokop(aggregator_knowledge_source)
Q320	e0	e_85	NCBIGene:6326	biolink:genetically_associated_with	MONDO:0011904	SCN2A	seizures, benign familial infantile, 3	infores:monarchinitiative(primary_knowledge_source);infores:pharos(aggregator_knowledge_source);infores:automat-robokop(aggregator_knowledge_source)
Q320	e0	e_86	NCBIGene:6326	biolink:genetically_associated_with	HP:0011171	SCN2A	Simple febrile seizure	infores:disgenet(primary_knowledge_source);infores:pharos(aggregator_knowledge_source);infores:automat-robokop(aggregator_knowledge_source)
Q320	e0	e_87	NCBIGene:6326	biolink:genetically_associated_with	MONDO:0006892	SCN2A	Aura	infores:disgenet(primary_knowledge_source);infores:pharos(aggregator_knowledge_source);infores:automat-robokop(aggregator_knowledge_source)
Q320	e0	e_88	NCBIGene:6326	biolink:genetically_associated_with	MONDO:0011904	SCN2A	seizures, benign familial infantile, 3	infores:uniprot(primary_knowledge_source);infores:pharos(aggregator_knowledge_source);infores:automat-robokop(aggregator_knowledge_source)
Q320	e0	e_89	NCBIGene:6326	biolink:genetically_associated_with	MONDO:0005027	SCN2A	epilepsy	infores:disgenet(primary_knowledge_source);infores:pharos(aggregator_knowledge_source);infores:automat-robokop(aggregator_knowledge_source)
Q320	e0	e_90	NCBIGene:6326	biolink:genetically_associated_with	MONDO:0018097	SCN2A	West syndrome	infores:monarchinitiative(primary_knowledge_source);infores:pharos(aggregator_knowledge_source);infores:automat-robokop(aggregator_knowledge_source)
Q320	e0	e_91	NCBIGene:6326	biolink:genetically_associated_with	MONDO:0018097	SCN2A	West syndrome	infores:disgenet(primary_knowledge_source);infores:pharos(aggregator_knowledge_source);infores:automat-robokop(aggregator_knowledge_source)
Q320	e0	e_92	NCBIGene:6326	biolink:genetically_associated_with	MONDO:0013388	SCN2A	developmental and epileptic encephalopathy, 11	infores:disgenet(primary_knowledge_source);infores:pharos(aggregator_knowledge_source);infores:automat-robokop(aggregator_knowledge_source)
Q320	e0	e_93	NCBIGene:6326	biolink:genetically_associated_with	MONDO:0018214	SCN2A	generalized epilepsy with febrile seizures plus	infores:diseases(primary_knowledge_source);infores:pharos(aggregator_knowledge_source);infores:automat-robokop(aggregator_knowledge_source)
Q320	e0	e_94	NCBIGene:6326	biolink:genetically_associated_with	HP:0002373	SCN2A	Febrile Seizure	infores:monarchinitiative(primary_knowledge_source);infores:pharos(aggregator_knowledge_source);infores:automat-robokop(aggregator_knowledge_source)
Q320	e0	e_95	NCBIGene:6326	biolink:genetically_associated_with	MONDO:0011990	SCN2A	seizures, benign familial neonatal, 3	infores:disgenet(primary_knowledge_source);infores:pharos(aggregator_knowledge_source);infores:automat-robokop(aggregator_knowledge_source)
Q320	e0	e_96	NCBIGene:6326	biolink:genetically_associated_with	HP:0002373	SCN2A	Febrile Seizure	infores:ctd(primary_knowledge_source);infores:pharos(aggregator_knowledge_source);infores:automat-robokop(aggregator_knowledge_source)
Q320	e0	e_97	NCBIGene:6326	biolink:genetically_associated_with	MONDO:0020630	SCN2A	developmental and epileptic encephalopathy 91	infores:eram(primary_knowledge_source);infores:pharos(aggregator_knowledge_source);infores:automat-robokop(aggregator_knowledge_source)
Q320	e0	e_98	NCBIGene:6326	biolink:genetically_associated_with	MONDO:0016027	SCN2A	benign neonatal seizures	infores:disgenet(primary_knowledge_source);infores:pharos(aggregator_knowledge_source);infores:automat-robokop(aggregator_knowledge_source)
Q320	e0	e_99	NCBIGene:6326	biolink:genetically_associated_with	HP:0002373	SCN2A	Febrile Seizure	infores:disgenet(primary_knowledge_source);infores:pharos(aggregator_knowledge_source);infores:automat-robokop(aggregator_knowledge_source)
Q320	e0	e_100	NCBIGene:6326	biolink:genetically_associated_with	MONDO:0005027	SCN2A	epilepsy	infores:diseases(primary_knowledge_source);infores:pharos(aggregator_knowledge_source);infores:automat-robokop(aggregator_knowledge_source)
Q320	e0	e_101	NCBIGene:6326	biolink:genetically_associated_with	MONDO:0100135	SCN2A	Dravet syndrome	infores:disgenet(primary_knowledge_source);infores:pharos(aggregator_knowledge_source);infores:automat-robokop(aggregator_knowledge_source)
Q320	e0	e_102	NCBIGene:6326	biolink:genetically_associated_with	MONDO:0013388	SCN2A	developmental and epileptic encephalopathy, 11	infores:uniprot(primary_knowledge_source);infores:pharos(aggregator_knowledge_source);infores:automat-robokop(aggregator_knowledge_source)
Q320	e0	e_103	NCBIGene:6326	biolink:genetically_associated_with	MONDO:0011990	SCN2A	seizures, benign familial neonatal, 3	infores:ctd(primary_knowledge_source);infores:pharos(aggregator_knowledge_source);infores:automat-robokop(aggregator_knowledge_source)
Q320	e0	e_104	NCBIGene:6326	biolink:genetically_associated_with	HP:0011172	SCN2A	Complex febrile seizure	infores:disgenet(primary_knowledge_source);infores:pharos(aggregator_knowledge_source);infores:automat-robokop(aggregator_knowledge_source)
Q320	e0	e_105	NCBIGene:6326	biolink:genetically_associated_with	MONDO:0017615	SCN2A	benign familial infantile epilepsy	infores:monarchinitiative(primary_knowledge_source);infores:pharos(aggregator_knowledge_source);infores:automat-robokop(aggregator_knowledge_source)
Q320	e0	e_106	NCBIGene:6326	biolink:genetically_associated_with	MONDO:0018214	SCN2A	generalized epilepsy with febrile seizures plus	infores:disgenet(primary_knowledge_source);infores:pharos(aggregator_knowledge_source);infores:automat-robokop(aggregator_knowledge_source)
Q320	e0	e_107	NCBIGene:6326	biolink:genetically_associated_with	MONDO:0005027	SCN2A	epilepsy	infores:ctd(primary_knowledge_source);infores:pharos(aggregator_knowledge_source);infores:automat-robokop(aggregator_knowledge_source)
Q320	e0	e_108	NCBIGene:6326	biolink:genetically_associated_with	MONDO:0100062	SCN2A	developmental and epileptic encephalopathy	infores:eram(primary_knowledge_source);infores:pharos(aggregator_knowledge_source);infores:automat-robokop(aggregator_knowledge_source)
Q320	e0	e_109	NCBIGene:6326	biolink:genetically_associated_with	MONDO:0100079	SCN2A	developmental and epileptic encephalopathy, 6	infores:monarchinitiative(primary_knowledge_source);infores:pharos(aggregator_knowledge_source);infores:automat-robokop(aggregator_knowledge_source)
Q320	e0	e_110	NCBIGene:6326	biolink:gene_associated_with_condition	MONDO:0011904	SCN2A	seizures, benign familial infantile, 3	infores:ubergraph(primary_knowledge_source);infores:automat-robokop(aggregator_knowledge_source)
Q320	e0	e_111	NCBIGene:6326	biolink:gene_associated_with_condition	MONDO:0013388	SCN2A	developmental and epileptic encephalopathy, 11	infores:ubergraph(primary_knowledge_source);infores:automat-robokop(aggregator_knowledge_source)
Q320	e0	e_112	NCBIGene:6326	biolink:target_for	MONDO:0005027	SCN2A	epilepsy	infores:drugcentral(primary_knowledge_source);infores:pharos(aggregator_knowledge_source);infores:automat-robokop(aggregator_knowledge_source)
Q320	e0	e_113	NCBIGene:6326	biolink:target_for	MONDO:0002125	SCN2A	status epilepticus	infores:drugcentral(primary_knowledge_source);infores:pharos(aggregator_knowledge_source);infores:automat-robokop(aggregator_knowledge_source)
Q320	e0	e_114	NCBIGene:6326	biolink:target_for	MONDO:0005754	SCN2A	epilepsy with generalized tonic-clonic seizures	infores:drugcentral(primary_knowledge_source);infores:pharos(aggregator_knowledge_source);infores:automat-robokop(aggregator_knowledge_source)
Q320	e0	e_115	NCBIGene:6326	biolink:target_for	MONDO:0005384	SCN2A	focal epilepsy	infores:drugcentral(primary_knowledge_source);infores:pharos(aggregator_knowledge_source);infores:automat-robokop(aggregator_knowledge_source)
Q320	e0	e_116	NCBIGene:6326	biolink:target_for	MONDO:0016532	SCN2A	Lennox-Gastaut syndrome	infores:drugcentral(primary_knowledge_source);infores:pharos(aggregator_knowledge_source);infores:automat-robokop(aggregator_knowledge_source)
Q320	e0	e_117	MONDO:0013388	biolink:subclass_of	MONDO:0005027	developmental and epileptic encephalopathy, 11	epilepsy	infores:ubergraph(primary_knowledge_source);infores:automat-robokop(aggregator_knowledge_source)
Q320	e0	e_118	MONDO:0011904	biolink:subclass_of	MONDO:0005027	seizures, benign familial infantile, 3	epilepsy	infores:ubergraph(primary_knowledge_source);infores:automat-robokop(aggregator_knowledge_source)
Q320	e0	e_119	HP:0011169	biolink:subclass_of	MONDO:0005027	Generalized clonic seizure	epilepsy	infores:ubergraph(primary_knowledge_source);infores:automat-robokop(aggregator_knowledge_source)
Q320	e0	e_120	HP:0002069	biolink:subclass_of	MONDO:0005027	Bilateral tonic-clonic seizure	epilepsy	infores:ubergraph(primary_knowledge_source);infores:automat-robokop(aggregator_knowledge_source)
Q320	e0	e_121	MONDO:0006710	biolink:subclass_of	MONDO:0005027	complex partial epilepsy	epilepsy	infores:ubergraph(primary_knowledge_source);infores:automat-robokop(aggregator_knowledge_source)
Q320	e0	e_122	MONDO:0006891	biolink:subclass_of	MONDO:0005027	partial motor epilepsy	epilepsy	infores:ubergraph(primary_knowledge_source);infores:automat-robokop(aggregator_knowledge_source)
Q320	e0	e_123	HP:0011167	biolink:subclass_of	MONDO:0005027	Focal tonic seizure	epilepsy	infores:ubergraph(primary_knowledge_source);infores:automat-robokop(aggregator_knowledge_source)
Q320	e0	e_124	HP:0032807	biolink:subclass_of	MONDO:0005027	Neonatal seizure	epilepsy	infores:ubergraph(primary_knowledge_source);infores:automat-robokop(aggregator_knowledge_source)
Q320	e0	e_125	HP:0012469	biolink:subclass_of	MONDO:0005027	Infantile Spasm	epilepsy	infores:ubergraph(primary_knowledge_source);infores:automat-robokop(aggregator_knowledge_source)
Q320	e0	e_126	HP:0010818	biolink:subclass_of	MONDO:0005027	Generalized tonic seizure	epilepsy	infores:ubergraph(primary_knowledge_source);infores:automat-robokop(aggregator_knowledge_source)
Q320	e0	e_127	HP:0002349	biolink:subclass_of	MONDO:0005027	Focal aware seizure	epilepsy	infores:ubergraph(primary_knowledge_source);infores:automat-robokop(aggregator_knowledge_source)
Q320	e0	e_128	HP:0002266	biolink:subclass_of	MONDO:0005027	Focal clonic seizure	epilepsy	infores:ubergraph(primary_knowledge_source);infores:automat-robokop(aggregator_knowledge_source)
Q320	e0	e_129	HP:0020221	biolink:subclass_of	MONDO:0005027	Clonic seizure	epilepsy	infores:ubergraph(primary_knowledge_source);infores:automat-robokop(aggregator_knowledge_source)
Q320	e0	e_130	HP:0010819	biolink:subclass_of	MONDO:0005027	Atonic seizure	epilepsy	infores:ubergraph(primary_knowledge_source);infores:automat-robokop(aggregator_knowledge_source)
Q320	e0	e_131	HP:0002373	biolink:subclass_of	MONDO:0005027	Febrile Seizure	epilepsy	infores:ubergraph(primary_knowledge_source);infores:automat-robokop(aggregator_knowledge_source)
Q320	e0	e_132	HP:0032792	biolink:subclass_of	MONDO:0005027	Tonic seizure	epilepsy	infores:ubergraph(primary_knowledge_source);infores:automat-robokop(aggregator_knowledge_source)
Q320	e0	e_133	MONDO:0020074	biolink:subclass_of	MONDO:0005027	progressive myoclonus epilepsy	epilepsy	infores:ubergraph(primary_knowledge_source);infores:automat-robokop(aggregator_knowledge_source)
Q320	e0	e_134	HP:0032794	biolink:subclass_of	MONDO:0005027	Myoclonic seizure	epilepsy	infores:ubergraph(primary_knowledge_source);infores:automat-robokop(aggregator_knowledge_source)
Q320	e0	e_135	HP:0007359	biolink:subclass_of	MONDO:0005027	Partial Seizure	epilepsy	infores:ubergraph(primary_knowledge_source);infores:automat-robokop(aggregator_knowledge_source)
Q320	e0	e_136	HP:0007334	biolink:subclass_of	MONDO:0005027	Bilateral tonic-clonic seizure with focal onset	epilepsy	infores:ubergraph(primary_knowledge_source);infores:automat-robokop(aggregator_knowledge_source)
Q320	e0	e_137	HP:0006813	biolink:subclass_of	MONDO:0005027	Focal hemiclonic seizure	epilepsy	infores:ubergraph(primary_knowledge_source);infores:automat-robokop(aggregator_knowledge_source)
Q320	e0	e_138	HP:0002121	biolink:subclass_of	MONDO:0005027	Absence Seizure	epilepsy	infores:ubergraph(primary_knowledge_source);infores:automat-robokop(aggregator_knowledge_source)
Q320	e0	e_139	HP:0007270	biolink:subclass_of	MONDO:0005027	Atypical absence seizure	epilepsy	infores:ubergraph(primary_knowledge_source);infores:automat-robokop(aggregator_knowledge_source)
Q320	e0	e_140	MONDO:0018097	biolink:subclass_of	MONDO:0005027	West syndrome	epilepsy	infores:ubergraph(primary_knowledge_source);infores:automat-robokop(aggregator_knowledge_source)
Q320	e0	e_141	HP:0031475	biolink:subclass_of	MONDO:0005027	Status epilepticus without prominent motor symptoms	epilepsy	infores:ubergraph(primary_knowledge_source);infores:automat-robokop(aggregator_knowledge_source)
Q320	e0	e_142	HP:0011172	biolink:subclass_of	MONDO:0005027	Complex febrile seizure	epilepsy	infores:ubergraph(primary_knowledge_source);infores:automat-robokop(aggregator_knowledge_source)
Q320	e0	e_143	HP:0011171	biolink:subclass_of	MONDO:0005027	Simple febrile seizure	epilepsy	infores:ubergraph(primary_knowledge_source);infores:automat-robokop(aggregator_knowledge_source)
Q320	e0	e_144	MONDO:0002125	biolink:subclass_of	MONDO:0005027	status epilepticus	epilepsy	infores:ubergraph(primary_knowledge_source);infores:automat-robokop(aggregator_knowledge_source)
Q320	e0	e_145	HP:0032906	biolink:subclass_of	MONDO:0005027	Focal head nodding automatism seizure	epilepsy	infores:ubergraph(primary_knowledge_source);infores:automat-robokop(aggregator_knowledge_source)
Q320	e0	e_146	HP:0010821	biolink:subclass_of	MONDO:0005027	Focal emotional seizure with laughing	epilepsy	infores:ubergraph(primary_knowledge_source);infores:automat-robokop(aggregator_knowledge_source)
Q320	e0	e_147	MONDO:0006748	biolink:subclass_of	MONDO:0005027	epilepsia partialis continua	epilepsy	infores:ubergraph(primary_knowledge_source);infores:automat-robokop(aggregator_knowledge_source)
Q320	e0	e_148	HP:0002197	biolink:subclass_of	MONDO:0005027	Generalized-onset seizure	epilepsy	infores:ubergraph(primary_knowledge_source);infores:automat-robokop(aggregator_knowledge_source)
Q320	e0	e_149	HP:0001327	biolink:subclass_of	MONDO:0005027	Photosensitive myoclonic seizure	epilepsy	infores:ubergraph(primary_knowledge_source);infores:automat-robokop(aggregator_knowledge_source)
Q320	e0	e_150	HP:0032823	biolink:subclass_of	MONDO:0005027	Neonatal electro-clinical seizure with behavior arrest	epilepsy	infores:ubergraph(primary_knowledge_source);infores:automat-robokop(aggregator_knowledge_source)
Q320	e0	e_151	HP:0011151	biolink:subclass_of	MONDO:0005027	Atypical absence status epilepticus	epilepsy	infores:ubergraph(primary_knowledge_source);infores:automat-robokop(aggregator_knowledge_source)
Q320	e0	e_152	HP:0007207	biolink:subclass_of	MONDO:0005027	Photosensitive tonic-clonic seizure	epilepsy	infores:ubergraph(primary_knowledge_source);infores:automat-robokop(aggregator_knowledge_source)
Q320	e0	e_153	HP:0032678	biolink:subclass_of	MONDO:0005027	Eyelid myoclonia seizure	epilepsy	infores:ubergraph(primary_knowledge_source);infores:automat-robokop(aggregator_knowledge_source)
Q320	e0	e_154	MONDO:0016027	biolink:subclass_of	MONDO:0005027	benign neonatal seizures	epilepsy	infores:ubergraph(primary_knowledge_source);infores:automat-robokop(aggregator_knowledge_source)
Q320	e0	e_155	MONDO:0100062	biolink:subclass_of	MONDO:0005027	developmental and epileptic encephalopathy	epilepsy	infores:ubergraph(primary_knowledge_source);infores:automat-robokop(aggregator_knowledge_source)
Q320	e0	e_156	MONDO:0006892	biolink:subclass_of	MONDO:0005027	Aura	epilepsy	infores:ubergraph(primary_knowledge_source);infores:automat-robokop(aggregator_knowledge_source)
Q320	e0	e_157	MONDO:0018214	biolink:subclass_of	MONDO:0005027	generalized epilepsy with febrile seizures plus	epilepsy	infores:ubergraph(primary_knowledge_source);infores:automat-robokop(aggregator_knowledge_source)
Q320	e0	e_158	MONDO:0011990	biolink:subclass_of	MONDO:0005027	seizures, benign familial neonatal, 3	epilepsy	infores:ubergraph(primary_knowledge_source);infores:automat-robokop(aggregator_knowledge_source)
Q320	e0	e_159	MONDO:0020630	biolink:subclass_of	MONDO:0005027	developmental and epileptic encephalopathy 91	epilepsy	infores:ubergraph(primary_knowledge_source);infores:automat-robokop(aggregator_knowledge_source)
Q320	e0	e_160	MONDO:0100135	biolink:subclass_of	MONDO:0005027	Dravet syndrome	epilepsy	infores:ubergraph(primary_knowledge_source);infores:automat-robokop(aggregator_knowledge_source)
Q320	e0	e_161	MONDO:0017615	biolink:subclass_of	MONDO:0005027	benign familial infantile epilepsy	epilepsy	infores:ubergraph(primary_knowledge_source);infores:automat-robokop(aggregator_knowledge_source)
Q320	e0	e_162	MONDO:0100079	biolink:subclass_of	MONDO:0005027	developmental and epileptic encephalopathy, 6	epilepsy	infores:ubergraph(primary_knowledge_source);infores:automat-robokop(aggregator_knowledge_source)
Q320	e0	e_163	MONDO:0005754	biolink:subclass_of	MONDO:0005027	epilepsy with generalized tonic-clonic seizures	epilepsy	infores:ubergraph(primary_knowledge_source);infores:automat-robokop(aggregator_knowledge_source)
Q320	e0	e_164	MONDO:0005384	biolink:subclass_of	MONDO:0005027	focal epilepsy	epilepsy	infores:ubergraph(primary_knowledge_source);infores:automat-robokop(aggregator_knowledge_source)
Q320	e0	e_165	MONDO:0016532	biolink:subclass_of	MONDO:0005027	Lennox-Gastaut syndrome	epilepsy	infores:ubergraph(primary_knowledge_source);infores:automat-robokop(aggregator_knowledge_source)
Q320	e0	uuid:0ec43e45-198e-11f0-be82-6045bdb3d4c0_e_117	MONDO:0005027	biolink:causes	MONDO:0013388	epilepsy	developmental and epileptic encephalopathy, 11	infores:automat-robokop(primary_knowledge_source)
Q320	e0	uuid:0ec44140-198e-11f0-be82-6045bdb3d4c0_e_118	MONDO:0005027	biolink:causes	MONDO:0011904	epilepsy	seizures, benign familial infantile, 3	infores:automat-robokop(primary_knowledge_source)
Q320	e0	uuid:13ff51b9-198e-11f0-be82-6045bdb3d4c0_e_119	MONDO:0005027	biolink:has_phenotype	HP:0011169	epilepsy	Generalized clonic seizure	infores:automat-robokop(primary_knowledge_source)
Q320	e0	uuid:1feb0773-198e-11f0-be82-6045bdb3d4c0_e_120	MONDO:0005027	biolink:has_phenotype	HP:0002069	epilepsy	Bilateral tonic-clonic seizure	infores:automat-robokop(primary_knowledge_source)
Q320	e0	uuid:13ff04e4-198e-11f0-be82-6045bdb3d4c0_e_121	MONDO:0005027	biolink:has_phenotype	MONDO:0006710	epilepsy	complex partial epilepsy	infores:automat-robokop(primary_knowledge_source)
Q320	e0	uuid:16618b52-198e-11f0-be82-6045bdb3d4c0_e_122	MONDO:0005027	biolink:has_phenotype	MONDO:0006891	epilepsy	partial motor epilepsy	infores:automat-robokop(primary_knowledge_source)
Q320	e0	uuid:12638596-198e-11f0-be82-6045bdb3d4c0_e_123	MONDO:0005027	biolink:has_phenotype	HP:0011167	epilepsy	Focal tonic seizure	infores:automat-robokop(primary_knowledge_source)
Q320	e0	uuid:13ff0c9c-198e-11f0-be82-6045bdb3d4c0_e_120	MONDO:0005027	biolink:has_phenotype	HP:0002069	epilepsy	Bilateral tonic-clonic seizure	infores:automat-robokop(primary_knowledge_source)
Q320	e0	uuid:11fe49fc-198e-11f0-be82-6045bdb3d4c0_e_122	MONDO:0005027	biolink:has_phenotype	MONDO:0006891	epilepsy	partial motor epilepsy	infores:automat-robokop(primary_knowledge_source)
Q320	e0	uuid:132f0c20-198e-11f0-be82-6045bdb3d4c0_e_124	MONDO:0005027	biolink:has_phenotype	HP:0032807	epilepsy	Neonatal seizure	infores:automat-robokop(primary_knowledge_source)
Q320	e0	uuid:1b264152-198e-11f0-be82-6045bdb3d4c0_e_125	MONDO:0005027	biolink:has_phenotype	HP:0012469	epilepsy	Infantile Spasm	infores:automat-robokop(primary_knowledge_source)
Q320	e0	uuid:1d8864d7-198e-11f0-be82-6045bdb3d4c0_e_126	MONDO:0005027	biolink:has_phenotype	HP:0010818	epilepsy	Generalized tonic seizure	infores:automat-robokop(primary_knowledge_source)
Q320	e0	uuid:18c40101-198e-11f0-be82-6045bdb3d4c0_e_127	MONDO:0005027	biolink:has_phenotype	HP:0002349	epilepsy	Focal aware seizure	infores:automat-robokop(primary_knowledge_source)
Q320	e0	uuid:19f5222f-198e-11f0-be82-6045bdb3d4c0_e_124	MONDO:0005027	biolink:has_phenotype	HP:0032807	epilepsy	Neonatal seizure	infores:automat-robokop(primary_knowledge_source)
Q320	e0	uuid:1530287a-198e-11f0-be82-6045bdb3d4c0_e_128	MONDO:0005027	biolink:has_phenotype	HP:0002266	epilepsy	Focal clonic seizure	infores:automat-robokop(primary_knowledge_source)
Q320	e0	uuid:1792a88f-198e-11f0-be82-6045bdb3d4c0_e_129	MONDO:0005027	biolink:has_phenotype	HP:0020221	epilepsy	Clonic seizure	infores:automat-robokop(primary_knowledge_source)
Q320	e0	uuid:13fefc84-198e-11f0-be82-6045bdb3d4c0_e_120	MONDO:0005027	biolink:has_phenotype	HP:0002069	epilepsy	Bilateral tonic-clonic seizure	infores:automat-robokop(primary_knowledge_source)
Q320	e0	uuid:1d88ba85-198e-11f0-be82-6045bdb3d4c0_e_130	MONDO:0005027	biolink:has_phenotype	HP:0010819	epilepsy	Atonic seizure	infores:automat-robokop(primary_knowledge_source)
Q320	e0	uuid:1eb9d68b-198e-11f0-be82-6045bdb3d4c0_e_121	MONDO:0005027	biolink:has_phenotype	MONDO:0006710	epilepsy	complex partial epilepsy	infores:automat-robokop(primary_knowledge_source)
Q320	e0	uuid:18c40910-198e-11f0-be82-6045bdb3d4c0_e_131	MONDO:0005027	biolink:has_phenotype	HP:0002373	epilepsy	Febrile Seizure	infores:automat-robokop(primary_knowledge_source)
Q320	e0	uuid:1eb9ded9-198e-11f0-be82-6045bdb3d4c0_e_132	MONDO:0005027	biolink:has_phenotype	HP:0032792	epilepsy	Tonic seizure	infores:automat-robokop(primary_knowledge_source)
Q320	e0	uuid:16618b4e-198e-11f0-be82-6045bdb3d4c0_e_133	MONDO:0005027	biolink:has_phenotype	MONDO:0020074	epilepsy	progressive myoclonus epilepsy	infores:automat-robokop(primary_knowledge_source)
Q320	e0	uuid:1eb9ce46-198e-11f0-be82-6045bdb3d4c0_e_134	MONDO:0005027	biolink:has_phenotype	HP:0032794	epilepsy	Myoclonic seizure	infores:automat-robokop(primary_knowledge_source)
Q320	e0	uuid:18c3f907-198e-11f0-be82-6045bdb3d4c0_e_120	MONDO:0005027	biolink:has_phenotype	HP:0002069	epilepsy	Bilateral tonic-clonic seizure	infores:automat-robokop(primary_knowledge_source)
Q320	e0	uuid:1530625e-198e-11f0-be82-6045bdb3d4c0_e_135	MONDO:0005027	biolink:has_phenotype	HP:0007359	epilepsy	Partial Seizure	infores:automat-robokop(primary_knowledge_source)
Q320	e0	uuid:1eb9ded8-198e-11f0-be82-6045bdb3d4c0_e_136	MONDO:0005027	biolink:has_phenotype	HP:0007334	epilepsy	Bilateral tonic-clonic seizure with focal onset	infores:automat-robokop(primary_knowledge_source)
Q320	e0	uuid:1792a17f-198e-11f0-be82-6045bdb3d4c0_e_137	MONDO:0005027	biolink:has_phenotype	HP:0006813	epilepsy	Focal hemiclonic seizure	infores:automat-robokop(primary_knowledge_source)
Q320	e0	uuid:1d88ba87-198e-11f0-be82-6045bdb3d4c0_e_132	MONDO:0005027	biolink:has_phenotype	HP:0032792	epilepsy	Tonic seizure	infores:automat-robokop(primary_knowledge_source)
Q320	e0	uuid:12638592-198e-11f0-be82-6045bdb3d4c0_e_128	MONDO:0005027	biolink:has_phenotype	HP:0002266	epilepsy	Focal clonic seizure	infores:automat-robokop(primary_knowledge_source)
Q320	e0	uuid:18c4092e-198e-11f0-be82-6045bdb3d4c0_e_136	MONDO:0005027	biolink:has_phenotype	HP:0007334	epilepsy	Bilateral tonic-clonic seizure with focal onset	infores:automat-robokop(primary_knowledge_source)
Q320	e0	uuid:132ece2c-198e-11f0-be82-6045bdb3d4c0_e_121	MONDO:0005027	biolink:has_phenotype	MONDO:0006710	epilepsy	complex partial epilepsy	infores:automat-robokop(primary_knowledge_source)
Q320	e0	uuid:1c575a88-198e-11f0-be82-6045bdb3d4c0_e_138	MONDO:0005027	biolink:has_phenotype	HP:0002121	epilepsy	Absence Seizure	infores:automat-robokop(primary_knowledge_source)
Q320	e0	uuid:1c5752a7-198e-11f0-be82-6045bdb3d4c0_e_138	MONDO:0005027	biolink:has_phenotype	HP:0002121	epilepsy	Absence Seizure	infores:automat-robokop(primary_knowledge_source)
Q320	e0	uuid:13ff49e9-198e-11f0-be82-6045bdb3d4c0_e_139	MONDO:0005027	biolink:has_phenotype	HP:0007270	epilepsy	Atypical absence seizure	infores:automat-robokop(primary_knowledge_source)
Q320	e0	uuid:1eb99ccf-198e-11f0-be82-6045bdb3d4c0_e_130	MONDO:0005027	biolink:has_phenotype	HP:0010819	epilepsy	Atonic seizure	infores:automat-robokop(primary_knowledge_source)
Q320	e0	uuid:1c576271-198e-11f0-be82-6045bdb3d4c0_e_131	MONDO:0005027	biolink:has_phenotype	HP:0002373	epilepsy	Febrile Seizure	infores:automat-robokop(primary_knowledge_source)
Q320	e0	uuid:1d8864da-198e-11f0-be82-6045bdb3d4c0_e_123	MONDO:0005027	biolink:has_phenotype	HP:0011167	epilepsy	Focal tonic seizure	infores:automat-robokop(primary_knowledge_source)
Q320	e0	uuid:12637d14-198e-11f0-be82-6045bdb3d4c0_e_135	MONDO:0005027	biolink:has_phenotype	HP:0007359	epilepsy	Partial Seizure	infores:automat-robokop(primary_knowledge_source)
Q320	e0	uuid:19f4dcc9-198e-11f0-be82-6045bdb3d4c0_e_140	MONDO:0005027	biolink:has_phenotype	MONDO:0018097	epilepsy	West syndrome	infores:automat-robokop(primary_knowledge_source)
Q320	e0	uuid:13ff49ec-198e-11f0-be82-6045bdb3d4c0_e_131	MONDO:0005027	biolink:has_phenotype	HP:0002373	epilepsy	Febrile Seizure	infores:automat-robokop(primary_knowledge_source)
Q320	e0	uuid:13ff0ca0-198e-11f0-be82-6045bdb3d4c0_e_125	MONDO:0005027	biolink:has_phenotype	HP:0012469	epilepsy	Infantile Spasm	infores:automat-robokop(primary_knowledge_source)
Q320	e0	uuid:18c3c3dc-198e-11f0-be82-6045bdb3d4c0_e_141	MONDO:0005027	biolink:has_phenotype	HP:0031475	epilepsy	Status epilepticus without prominent motor symptoms	infores:automat-robokop(primary_knowledge_source)
Q320	e0	uuid:1feaf9e4-198e-11f0-be82-6045bdb3d4c0_e_120	MONDO:0005027	biolink:has_phenotype	HP:0002069	epilepsy	Bilateral tonic-clonic seizure	infores:automat-robokop(primary_knowledge_source)
Q320	e0	uuid:1eb9ce43-198e-11f0-be82-6045bdb3d4c0_e_135	MONDO:0005027	biolink:has_phenotype	HP:0007359	epilepsy	Partial Seizure	infores:automat-robokop(primary_knowledge_source)
Q320	e0	uuid:16618360-198e-11f0-be82-6045bdb3d4c0_e_119	MONDO:0005027	biolink:has_phenotype	HP:0011169	epilepsy	Generalized clonic seizure	infores:automat-robokop(primary_knowledge_source)
Q320	e0	uuid:12638594-198e-11f0-be82-6045bdb3d4c0_e_121	MONDO:0005027	biolink:has_phenotype	MONDO:0006710	epilepsy	complex partial epilepsy	infores:automat-robokop(primary_knowledge_source)
Q320	e0	uuid:1eb9ea04-198e-11f0-be82-6045bdb3d4c0_e_142	MONDO:0005027	biolink:has_phenotype	HP:0011172	epilepsy	Complex febrile seizure	infores:automat-robokop(primary_knowledge_source)
Q320	e0	uuid:17929956-198e-11f0-be82-6045bdb3d4c0_e_133	MONDO:0005027	biolink:has_phenotype	MONDO:0020074	epilepsy	progressive myoclonus epilepsy	infores:automat-robokop(primary_knowledge_source)
Q320	e0	uuid:1eb99cd1-198e-11f0-be82-6045bdb3d4c0_e_143	MONDO:0005027	biolink:has_phenotype	HP:0011171	epilepsy	Simple febrile seizure	infores:automat-robokop(primary_knowledge_source)
Q320	e0	uuid:1b26317c-198e-11f0-be82-6045bdb3d4c0_e_144	MONDO:0005027	biolink:has_phenotype	MONDO:0002125	epilepsy	status epilepticus	infores:automat-robokop(primary_knowledge_source)
Q320	e0	uuid:19f51289-198e-11f0-be82-6045bdb3d4c0_e_144	MONDO:0005027	biolink:has_phenotype	MONDO:0002125	epilepsy	status epilepticus	infores:automat-robokop(primary_knowledge_source)
Q320	e0	uuid:132f0c21-198e-11f0-be82-6045bdb3d4c0_e_119	MONDO:0005027	biolink:has_phenotype	HP:0011169	epilepsy	Generalized clonic seizure	infores:automat-robokop(primary_knowledge_source)
Q320	e0	uuid:19f529e3-198e-11f0-be82-6045bdb3d4c0_e_145	MONDO:0005027	biolink:has_phenotype	HP:0032906	epilepsy	Focal head nodding automatism seizure	infores:automat-robokop(primary_knowledge_source)
Q320	e0	uuid:1eb99cce-198e-11f0-be82-6045bdb3d4c0_e_146	MONDO:0005027	biolink:has_phenotype	HP:0010821	epilepsy	Focal emotional seizure with laughing	infores:automat-robokop(primary_knowledge_source)
Q320	e0	uuid:1feae9fa-198e-11f0-be82-6045bdb3d4c0_e_120	MONDO:0005027	biolink:has_phenotype	HP:0002069	epilepsy	Bilateral tonic-clonic seizure	infores:automat-robokop(primary_knowledge_source)
Q320	e0	uuid:18c3c3d7-198e-11f0-be82-6045bdb3d4c0_e_144	MONDO:0005027	biolink:has_phenotype	MONDO:0002125	epilepsy	status epilepticus	infores:automat-robokop(primary_knowledge_source)
Q320	e0	uuid:16618b51-198e-11f0-be82-6045bdb3d4c0_e_147	MONDO:0005027	biolink:has_phenotype	MONDO:0006748	epilepsy	epilepsia partialis continua	infores:automat-robokop(primary_knowledge_source)
Q320	e0	uuid:1eb9ea02-198e-11f0-be82-6045bdb3d4c0_e_136	MONDO:0005027	biolink:has_phenotype	HP:0007334	epilepsy	Bilateral tonic-clonic seizure with focal onset	infores:automat-robokop(primary_knowledge_source)
Q320	e0	uuid:16617b01-198e-11f0-be82-6045bdb3d4c0_e_148	MONDO:0005027	biolink:has_phenotype	HP:0002197	epilepsy	Generalized-onset seizure	infores:automat-robokop(primary_knowledge_source)
Q320	e0	uuid:16617391-198e-11f0-be82-6045bdb3d4c0_e_120	MONDO:0005027	biolink:has_phenotype	HP:0002069	epilepsy	Bilateral tonic-clonic seizure	infores:automat-robokop(primary_knowledge_source)
Q320	e0	uuid:1feaf9e5-198e-11f0-be82-6045bdb3d4c0_e_137	MONDO:0005027	biolink:has_phenotype	HP:0006813	epilepsy	Focal hemiclonic seizure	infores:automat-robokop(primary_knowledge_source)
Q320	e0	uuid:132ece2b-198e-11f0-be82-6045bdb3d4c0_e_136	MONDO:0005027	biolink:has_phenotype	HP:0007334	epilepsy	Bilateral tonic-clonic seizure with focal onset	infores:automat-robokop(primary_knowledge_source)
Q320	e0	uuid:18c40100-198e-11f0-be82-6045bdb3d4c0_e_121	MONDO:0005027	biolink:has_phenotype	MONDO:0006710	epilepsy	complex partial epilepsy	infores:automat-robokop(primary_knowledge_source)
Q320	e0	uuid:1b264151-198e-11f0-be82-6045bdb3d4c0_e_149	MONDO:0005027	biolink:has_phenotype	HP:0001327	epilepsy	Photosensitive myoclonic seizure	infores:automat-robokop(primary_knowledge_source)
Q320	e0	uuid:19f4dcca-198e-11f0-be82-6045bdb3d4c0_e_150	MONDO:0005027	biolink:has_phenotype	HP:0032823	epilepsy	Neonatal electro-clinical seizure with behavior arrest	infores:automat-robokop(primary_knowledge_source)
Q320	e0	uuid:13fefc83-198e-11f0-be82-6045bdb3d4c0_e_120	MONDO:0005027	biolink:has_phenotype	HP:0002069	epilepsy	Bilateral tonic-clonic seizure	infores:automat-robokop(primary_knowledge_source)
Q320	e0	uuid:179290e2-198e-11f0-be82-6045bdb3d4c0_e_138	MONDO:0005027	biolink:has_phenotype	HP:0002121	epilepsy	Absence Seizure	infores:automat-robokop(primary_knowledge_source)
Q320	e0	uuid:12638595-198e-11f0-be82-6045bdb3d4c0_e_126	MONDO:0005027	biolink:has_phenotype	HP:0010818	epilepsy	Generalized tonic seizure	infores:automat-robokop(primary_knowledge_source)
Q320	e0	uuid:132ece2d-198e-11f0-be82-6045bdb3d4c0_e_126	MONDO:0005027	biolink:has_phenotype	HP:0010818	epilepsy	Generalized tonic seizure	infores:automat-robokop(primary_knowledge_source)
Q320	e0	uuid:15305ab0-198e-11f0-be82-6045bdb3d4c0_e_144	MONDO:0005027	biolink:has_phenotype	MONDO:0002125	epilepsy	status epilepticus	infores:automat-robokop(primary_knowledge_source)
Q320	e0	uuid:19f529e1-198e-11f0-be82-6045bdb3d4c0_e_135	MONDO:0005027	biolink:has_phenotype	HP:0007359	epilepsy	Partial Seizure	infores:automat-robokop(primary_knowledge_source)
Q320	e0	uuid:1eb9ea05-198e-11f0-be82-6045bdb3d4c0_e_151	MONDO:0005027	biolink:has_phenotype	HP:0011151	epilepsy	Atypical absence status epilepticus	infores:automat-robokop(primary_knowledge_source)
Q320	e0	uuid:18c40911-198e-11f0-be82-6045bdb3d4c0_e_152	MONDO:0005027	biolink:has_phenotype	HP:0007207	epilepsy	Photosensitive tonic-clonic seizure	infores:automat-robokop(primary_knowledge_source)
Q320	e0	uuid:17929957-198e-11f0-be82-6045bdb3d4c0_e_153	MONDO:0005027	biolink:has_phenotype	HP:0032678	epilepsy	Eyelid myoclonia seizure	infores:automat-robokop(primary_knowledge_source)
Q320	e0	uuid:1b26397a-198e-11f0-be82-6045bdb3d4c0_e_133	MONDO:0005027	biolink:has_phenotype	MONDO:0020074	epilepsy	progressive myoclonus epilepsy	infores:automat-robokop(primary_knowledge_source)
Q320	e0	e_79_e_154	MONDO:0005027	biolink:genetically_associated_with	MONDO:0016027	epilepsy	benign neonatal seizures	infores:automat-robokop(primary_knowledge_source)
Q320	e0	e_80_e_155	MONDO:0005027	biolink:genetically_associated_with	MONDO:0100062	epilepsy	developmental and epileptic encephalopathy	infores:automat-robokop(primary_knowledge_source)
Q320	e0	e_81_e_117	MONDO:0005027	biolink:genetically_associated_with	MONDO:0013388	epilepsy	developmental and epileptic encephalopathy, 11	infores:automat-robokop(primary_knowledge_source)
Q320	e0	e_82_e_118	MONDO:0005027	biolink:genetically_associated_with	MONDO:0011904	epilepsy	seizures, benign familial infantile, 3	infores:automat-robokop(primary_knowledge_source)
Q320	e0	e_83_e_140	MONDO:0005027	biolink:genetically_associated_with	MONDO:0018097	epilepsy	West syndrome	infores:automat-robokop(primary_knowledge_source)
Q320	e0	e_84_e_117	MONDO:0005027	biolink:genetically_associated_with	MONDO:0013388	epilepsy	developmental and epileptic encephalopathy, 11	infores:automat-robokop(primary_knowledge_source)
Q320	e0	e_85_e_118	MONDO:0005027	biolink:genetically_associated_with	MONDO:0011904	epilepsy	seizures, benign familial infantile, 3	infores:automat-robokop(primary_knowledge_source)
Q320	e0	e_86_e_143	MONDO:0005027	biolink:genetically_associated_with	HP:0011171	epilepsy	Simple febrile seizure	infores:automat-robokop(primary_knowledge_source)
Q320	e0	e_87_e_156	MONDO:0005027	biolink:genetically_associated_with	MONDO:0006892	epilepsy	Aura	infores:automat-robokop(primary_knowledge_source)
Q320	e0	e_88_e_118	MONDO:0005027	biolink:genetically_associated_with	MONDO:0011904	epilepsy	seizures, benign familial infantile, 3	infores:automat-robokop(primary_knowledge_source)
Q320	e0	e_90_e_140	MONDO:0005027	biolink:genetically_associated_with	MONDO:0018097	epilepsy	West syndrome	infores:automat-robokop(primary_knowledge_source)
Q320	e0	e_91_e_140	MONDO:0005027	biolink:genetically_associated_with	MONDO:0018097	epilepsy	West syndrome	infores:automat-robokop(primary_knowledge_source)
Q320	e0	e_92_e_117	MONDO:0005027	biolink:genetically_associated_with	MONDO:0013388	epilepsy	developmental and epileptic encephalopathy, 11	infores:automat-robokop(primary_knowledge_source)
Q320	e0	e_93_e_157	MONDO:0005027	biolink:genetically_associated_with	MONDO:0018214	epilepsy	generalized epilepsy with febrile seizures plus	infores:automat-robokop(primary_knowledge_source)
Q320	e0	e_94_e_131	MONDO:0005027	biolink:genetically_associated_with	HP:0002373	epilepsy	Febrile Seizure	infores:automat-robokop(primary_knowledge_source)
Q320	e0	e_95_e_158	MONDO:0005027	biolink:genetically_associated_with	MONDO:0011990	epilepsy	seizures, benign familial neonatal, 3	infores:automat-robokop(primary_knowledge_source)
Q320	e0	e_96_e_131	MONDO:0005027	biolink:genetically_associated_with	HP:0002373	epilepsy	Febrile Seizure	infores:automat-robokop(primary_knowledge_source)
Q320	e0	e_97_e_159	MONDO:0005027	biolink:genetically_associated_with	MONDO:0020630	epilepsy	developmental and epileptic encephalopathy 91	infores:automat-robokop(primary_knowledge_source)
Q320	e0	e_98_e_154	MONDO:0005027	biolink:genetically_associated_with	MONDO:0016027	epilepsy	benign neonatal seizures	infores:automat-robokop(primary_knowledge_source)
Q320	e0	e_99_e_131	MONDO:0005027	biolink:genetically_associated_with	HP:0002373	epilepsy	Febrile Seizure	infores:automat-robokop(primary_knowledge_source)
Q320	e0	e_101_e_160	MONDO:0005027	biolink:genetically_associated_with	MONDO:0100135	epilepsy	Dravet syndrome	infores:automat-robokop(primary_knowledge_source)
Q320	e0	e_102_e_117	MONDO:0005027	biolink:genetically_associated_with	MONDO:0013388	epilepsy	developmental and epileptic encephalopathy, 11	infores:automat-robokop(primary_knowledge_source)
Q320	e0	e_103_e_158	MONDO:0005027	biolink:genetically_associated_with	MONDO:0011990	epilepsy	seizures, benign familial neonatal, 3	infores:automat-robokop(primary_knowledge_source)
Q320	e0	e_104_e_142	MONDO:0005027	biolink:genetically_associated_with	HP:0011172	epilepsy	Complex febrile seizure	infores:automat-robokop(primary_knowledge_source)
Q320	e0	e_105_e_161	MONDO:0005027	biolink:genetically_associated_with	MONDO:0017615	epilepsy	benign familial infantile epilepsy	infores:automat-robokop(primary_knowledge_source)
Q320	e0	e_106_e_157	MONDO:0005027	biolink:genetically_associated_with	MONDO:0018214	epilepsy	generalized epilepsy with febrile seizures plus	infores:automat-robokop(primary_knowledge_source)
Q320	e0	e_108_e_155	MONDO:0005027	biolink:genetically_associated_with	MONDO:0100062	epilepsy	developmental and epileptic encephalopathy	infores:automat-robokop(primary_knowledge_source)
Q320	e0	e_109_e_162	MONDO:0005027	biolink:genetically_associated_with	MONDO:0100079	epilepsy	developmental and epileptic encephalopathy, 6	infores:automat-robokop(primary_knowledge_source)
Q320	e0	e_110_e_118	MONDO:0005027	biolink:gene_associated_with_condition	MONDO:0011904	epilepsy	seizures, benign familial infantile, 3	infores:automat-robokop(primary_knowledge_source)
Q320	e0	e_111_e_117	MONDO:0005027	biolink:gene_associated_with_condition	MONDO:0013388	epilepsy	developmental and epileptic encephalopathy, 11	infores:automat-robokop(primary_knowledge_source)
Q320	e0	e_113_e_144	MONDO:0005027	biolink:target_for	MONDO:0002125	epilepsy	status epilepticus	infores:automat-robokop(primary_knowledge_source)
Q320	e0	e_114_e_163	MONDO:0005027	biolink:target_for	MONDO:0005754	epilepsy	epilepsy with generalized tonic-clonic seizures	infores:automat-robokop(primary_knowledge_source)
Q320	e0	e_115_e_164	MONDO:0005027	biolink:target_for	MONDO:0005384	epilepsy	focal epilepsy	infores:automat-robokop(primary_knowledge_source)
Q320	e0	e_116_e_165	MONDO:0005027	biolink:target_for	MONDO:0016532	epilepsy	Lennox-Gastaut syndrome	infores:automat-robokop(primary_knowledge_source)
Q321	e0	e_1	MONDO:0005090	biolink:related_to	NCBIGene:2903	schizophrenia	GRIN2A	infores:hetionet(primary_knowledge_source);infores:automat-robokop(aggregator_knowledge_source)
Q321	e0	e_2	NCBIGene:2903	biolink:genetically_associated_with	MONDO:0005090	GRIN2A	schizophrenia	infores:disgenet(primary_knowledge_source);infores:pharos(aggregator_knowledge_source);infores:automat-robokop(aggregator_knowledge_source)
Q321	e0	e_3	NCBIGene:2903	biolink:genetically_associated_with	MONDO:0005090	GRIN2A	schizophrenia	infores:diseases(primary_knowledge_source);infores:pharos(aggregator_knowledge_source);infores:automat-robokop(aggregator_knowledge_source)
Q322	e0	e_1	MONDO:0012048	biolink:related_to	NCBIGene:627	endogenous depression	BDNF	infores:hetionet(primary_knowledge_source);infores:automat-robokop(aggregator_knowledge_source)
Q322	e0	e_2	NCBIGene:627	biolink:genetically_associated_with	MONDO:0024614	BDNF	neurotic depression	infores:disgenet(primary_knowledge_source);infores:pharos(aggregator_knowledge_source);infores:automat-robokop(aggregator_knowledge_source)
Q322	e0	e_3	NCBIGene:627	biolink:genetically_associated_with	MONDO:0002444	BDNF	melancholia	infores:disgenet(primary_knowledge_source);infores:pharos(aggregator_knowledge_source);infores:automat-robokop(aggregator_knowledge_source)
Q322	e0	e_4	NCBIGene:627	biolink:genetically_associated_with	MONDO:0012048	BDNF	endogenous depression	infores:disgenet(primary_knowledge_source);infores:pharos(aggregator_knowledge_source);infores:automat-robokop(aggregator_knowledge_source)
Q322	e0	e_5	NCBIGene:627	biolink:genetically_associated_with	MONDO:0002009	BDNF	major depressive disorder	infores:disgenet(primary_knowledge_source);infores:pharos(aggregator_knowledge_source);infores:automat-robokop(aggregator_knowledge_source)
Q322	e0	e_6	NCBIGene:627	biolink:genetically_associated_with	MONDO:0012048	BDNF	endogenous depression	infores:ctd(primary_knowledge_source);infores:pharos(aggregator_knowledge_source);infores:automat-robokop(aggregator_knowledge_source)
Q322	e0	e_7	NCBIGene:627	biolink:genetically_associated_with	MONDO:0024613	BDNF	bipolar depression	infores:disgenet(primary_knowledge_source);infores:pharos(aggregator_knowledge_source);infores:automat-robokop(aggregator_knowledge_source)
Q322	e0	e_8	NCBIGene:627	biolink:genetically_associated_with	MONDO:0005379	BDNF	Neurosis	infores:ctd(primary_knowledge_source);infores:pharos(aggregator_knowledge_source);infores:automat-robokop(aggregator_knowledge_source)
Q322	e0	e_9	NCBIGene:627	biolink:genetically_associated_with	MONDO:0002050	BDNF	Depressed mood	infores:disgenet(primary_knowledge_source);infores:pharos(aggregator_knowledge_source);infores:automat-robokop(aggregator_knowledge_source)
Q322	e0	e_10	MONDO:0012048	biolink:subclass_of	MONDO:0002050	endogenous depression	Depressed mood	infores:ubergraph(primary_knowledge_source);infores:automat-robokop(aggregator_knowledge_source)
Q322	e0	e_11	MONDO:0024614	biolink:subclass_of	MONDO:0002050	neurotic depression	Depressed mood	infores:ubergraph(primary_knowledge_source);infores:automat-robokop(aggregator_knowledge_source)
Q322	e0	e_12	MONDO:0002444	biolink:subclass_of	MONDO:0002050	melancholia	Depressed mood	infores:ubergraph(primary_knowledge_source);infores:automat-robokop(aggregator_knowledge_source)
Q322	e0	e_13	MONDO:0002009	biolink:subclass_of	MONDO:0002050	major depressive disorder	Depressed mood	infores:ubergraph(primary_knowledge_source);infores:automat-robokop(aggregator_knowledge_source)
Q322	e0	e_14	MONDO:0024613	biolink:subclass_of	MONDO:0002050	bipolar depression	Depressed mood	infores:ubergraph(primary_knowledge_source);infores:automat-robokop(aggregator_knowledge_source)
Q322	e0	e_15	MONDO:0005379	biolink:subclass_of	MONDO:0002050	Neurosis	Depressed mood	infores:ubergraph(primary_knowledge_source);infores:automat-robokop(aggregator_knowledge_source)
Q322	e0	e_1_e_10	MONDO:0002050	biolink:related_to	NCBIGene:627	Depressed mood	BDNF	infores:automat-robokop(primary_knowledge_source)
Q322	e0	e_2_e_11	MONDO:0002050	biolink:genetically_associated_with	MONDO:0024614	Depressed mood	neurotic depression	infores:automat-robokop(primary_knowledge_source)
Q322	e0	e_3_e_12	MONDO:0002050	biolink:genetically_associated_with	MONDO:0002444	Depressed mood	melancholia	infores:automat-robokop(primary_knowledge_source)
Q322	e0	e_4_e_10	MONDO:0002050	biolink:genetically_associated_with	MONDO:0012048	Depressed mood	endogenous depression	infores:automat-robokop(primary_knowledge_source)
Q322	e0	e_5_e_13	MONDO:0002050	biolink:genetically_associated_with	MONDO:0002009	Depressed mood	major depressive disorder	infores:automat-robokop(primary_knowledge_source)
Q322	e0	e_6_e_10	MONDO:0002050	biolink:genetically_associated_with	MONDO:0012048	Depressed mood	endogenous depression	infores:automat-robokop(primary_knowledge_source)
Q322	e0	e_7_e_14	MONDO:0002050	biolink:genetically_associated_with	MONDO:0024613	Depressed mood	bipolar depression	infores:automat-robokop(primary_knowledge_source)
Q322	e0	e_8_e_15	MONDO:0002050	biolink:genetically_associated_with	MONDO:0005379	Depressed mood	Neurosis	infores:automat-robokop(primary_knowledge_source)
Q323	e0	e_1	MONDO:0005101	biolink:related_to	NCBIGene:7124	ulcerative colitis	TNF	infores:hetionet(primary_knowledge_source);infores:automat-robokop(aggregator_knowledge_source)
Q323	e0	e_2	MONDO:0005011	biolink:related_to	NCBIGene:7124	Crohn disease	TNF	infores:hetionet(primary_knowledge_source);infores:automat-robokop(aggregator_knowledge_source)
Q323	e0	e_3	NCBIGene:7124	biolink:genetically_associated_with	MONDO:0005532	TNF	Crohn's colitis	infores:disgenet(primary_knowledge_source);infores:pharos(aggregator_knowledge_source);infores:automat-robokop(aggregator_knowledge_source)
Q323	e0	e_4	NCBIGene:7124	biolink:genetically_associated_with	MONDO:0005292	TNF	colitis	infores:disgenet(primary_knowledge_source);infores:pharos(aggregator_knowledge_source);infores:automat-robokop(aggregator_knowledge_source)
Q323	e0	e_5	NCBIGene:7124	biolink:genetically_associated_with	MONDO:0005011	TNF	Crohn disease	infores:ctd(primary_knowledge_source);infores:pharos(aggregator_knowledge_source);infores:automat-robokop(aggregator_knowledge_source)
Q323	e0	e_6	NCBIGene:7124	biolink:genetically_associated_with	MONDO:0005101	TNF	ulcerative colitis	infores:disgenet(primary_knowledge_source);infores:pharos(aggregator_knowledge_source);infores:automat-robokop(aggregator_knowledge_source)
Q323	e0	e_7	NCBIGene:7124	biolink:genetically_associated_with	MONDO:0005532	TNF	Crohn's colitis	infores:ctd(primary_knowledge_source);infores:pharos(aggregator_knowledge_source);infores:automat-robokop(aggregator_knowledge_source)
Q323	e0	e_8	NCBIGene:7124	biolink:genetically_associated_with	MONDO:0005265	TNF	inflammatory bowel disease	infores:ctd(primary_knowledge_source);infores:pharos(aggregator_knowledge_source);infores:automat-robokop(aggregator_knowledge_source)
Q323	e0	e_9	NCBIGene:7124	biolink:genetically_associated_with	MONDO:0005101	TNF	ulcerative colitis	infores:ctd(primary_knowledge_source);infores:pharos(aggregator_knowledge_source);infores:automat-robokop(aggregator_knowledge_source)
Q323	e0	e_10	NCBIGene:7124	biolink:genetically_associated_with	MONDO:0005265	TNF	inflammatory bowel disease	infores:diseases(primary_knowledge_source);infores:pharos(aggregator_knowledge_source);infores:automat-robokop(aggregator_knowledge_source)
Q323	e0	e_11	NCBIGene:7124	biolink:genetically_associated_with	MONDO:0005534	TNF	ileocolitis	infores:disgenet(primary_knowledge_source);infores:pharos(aggregator_knowledge_source);infores:automat-robokop(aggregator_knowledge_source)
Q323	e0	e_12	NCBIGene:7124	biolink:genetically_associated_with	MONDO:0005011	TNF	Crohn disease	infores:disgenet(primary_knowledge_source);infores:pharos(aggregator_knowledge_source);infores:automat-robokop(aggregator_knowledge_source)
Q323	e0	e_13	NCBIGene:7124	biolink:genetically_associated_with	MONDO:0000709	TNF	Crohn ileitis	infores:disgenet(primary_knowledge_source);infores:pharos(aggregator_knowledge_source);infores:automat-robokop(aggregator_knowledge_source)
Q323	e0	e_14	NCBIGene:7124	biolink:genetically_associated_with	MONDO:0005011	TNF	Crohn disease	infores:eram(primary_knowledge_source);infores:pharos(aggregator_knowledge_source);infores:automat-robokop(aggregator_knowledge_source)
Q323	e0	e_15	NCBIGene:7124	biolink:genetically_associated_with	MONDO:0005101	TNF	ulcerative colitis	infores:eram(primary_knowledge_source);infores:pharos(aggregator_knowledge_source);infores:automat-robokop(aggregator_knowledge_source)
Q323	e0	e_16	NCBIGene:7124	biolink:genetically_associated_with	MONDO:0005265	TNF	inflammatory bowel disease	infores:disgenet(primary_knowledge_source);infores:pharos(aggregator_knowledge_source);infores:automat-robokop(aggregator_knowledge_source)
Q323	e0	e_17	NCBIGene:7124	biolink:genetically_associated_with	MONDO:0005292	TNF	colitis	infores:ctd(primary_knowledge_source);infores:pharos(aggregator_knowledge_source);infores:automat-robokop(aggregator_knowledge_source)
Q323	e0	e_18	NCBIGene:7124	biolink:target_for	MONDO:0005011	TNF	Crohn disease	infores:drugcentral(primary_knowledge_source);infores:pharos(aggregator_knowledge_source);infores:automat-robokop(aggregator_knowledge_source)
Q323	e0	e_19	NCBIGene:7124	biolink:target_for	MONDO:0005011	TNF	Crohn disease	infores:drugmechdb(primary_knowledge_source);infores:automat-robokop(aggregator_knowledge_source)
Q323	e0	e_20	NCBIGene:7124	biolink:target_for	MONDO:0005101	TNF	ulcerative colitis	infores:drugmechdb(primary_knowledge_source);infores:automat-robokop(aggregator_knowledge_source)
Q323	e0	e_21	NCBIGene:7124	biolink:target_for	MONDO:0005101	TNF	ulcerative colitis	infores:drugcentral(primary_knowledge_source);infores:pharos(aggregator_knowledge_source);infores:automat-robokop(aggregator_knowledge_source)
Q323	e0	e_22	MONDO:0005101	biolink:subclass_of	MONDO:0005265	ulcerative colitis	inflammatory bowel disease	infores:ubergraph(primary_knowledge_source);infores:automat-robokop(aggregator_knowledge_source)
Q323	e0	e_23	MONDO:0005011	biolink:subclass_of	MONDO:0005265	Crohn disease	inflammatory bowel disease	infores:ubergraph(primary_knowledge_source);infores:automat-robokop(aggregator_knowledge_source)
Q323	e0	e_24	MONDO:0005532	biolink:subclass_of	MONDO:0005265	Crohn's colitis	inflammatory bowel disease	infores:ubergraph(primary_knowledge_source);infores:automat-robokop(aggregator_knowledge_source)
Q323	e0	e_25	MONDO:0005292	biolink:subclass_of	MONDO:0005265	colitis	inflammatory bowel disease	infores:ubergraph(primary_knowledge_source);infores:automat-robokop(aggregator_knowledge_source)
Q323	e0	e_26	MONDO:0005534	biolink:subclass_of	MONDO:0005265	ileocolitis	inflammatory bowel disease	infores:ubergraph(primary_knowledge_source);infores:automat-robokop(aggregator_knowledge_source)
Q323	e0	e_27	MONDO:0000709	biolink:subclass_of	MONDO:0005265	Crohn ileitis	inflammatory bowel disease	infores:ubergraph(primary_knowledge_source);infores:automat-robokop(aggregator_knowledge_source)
Q323	e0	e_1_e_22	MONDO:0005265	biolink:related_to	NCBIGene:7124	inflammatory bowel disease	TNF	infores:automat-robokop(primary_knowledge_source)
Q323	e0	e_2_e_23	MONDO:0005265	biolink:related_to	NCBIGene:7124	inflammatory bowel disease	TNF	infores:automat-robokop(primary_knowledge_source)
Q323	e0	e_3_e_24	MONDO:0005265	biolink:genetically_associated_with	MONDO:0005532	inflammatory bowel disease	Crohn's colitis	infores:automat-robokop(primary_knowledge_source)
Q323	e0	e_4_e_25	MONDO:0005265	biolink:genetically_associated_with	MONDO:0005292	inflammatory bowel disease	colitis	infores:automat-robokop(primary_knowledge_source)
Q323	e0	e_5_e_23	MONDO:0005265	biolink:genetically_associated_with	MONDO:0005011	inflammatory bowel disease	Crohn disease	infores:automat-robokop(primary_knowledge_source)
Q323	e0	e_6_e_22	MONDO:0005265	biolink:genetically_associated_with	MONDO:0005101	inflammatory bowel disease	ulcerative colitis	infores:automat-robokop(primary_knowledge_source)
Q323	e0	e_7_e_24	MONDO:0005265	biolink:genetically_associated_with	MONDO:0005532	inflammatory bowel disease	Crohn's colitis	infores:automat-robokop(primary_knowledge_source)
Q323	e0	e_9_e_22	MONDO:0005265	biolink:genetically_associated_with	MONDO:0005101	inflammatory bowel disease	ulcerative colitis	infores:automat-robokop(primary_knowledge_source)
Q323	e0	e_11_e_26	MONDO:0005265	biolink:genetically_associated_with	MONDO:0005534	inflammatory bowel disease	ileocolitis	infores:automat-robokop(primary_knowledge_source)
Q323	e0	e_12_e_23	MONDO:0005265	biolink:genetically_associated_with	MONDO:0005011	inflammatory bowel disease	Crohn disease	infores:automat-robokop(primary_knowledge_source)
Q323	e0	e_13_e_27	MONDO:0005265	biolink:genetically_associated_with	MONDO:0000709	inflammatory bowel disease	Crohn ileitis	infores:automat-robokop(primary_knowledge_source)
Q323	e0	e_14_e_23	MONDO:0005265	biolink:genetically_associated_with	MONDO:0005011	inflammatory bowel disease	Crohn disease	infores:automat-robokop(primary_knowledge_source)
Q323	e0	e_15_e_22	MONDO:0005265	biolink:genetically_associated_with	MONDO:0005101	inflammatory bowel disease	ulcerative colitis	infores:automat-robokop(primary_knowledge_source)
Q323	e0	e_17_e_25	MONDO:0005265	biolink:genetically_associated_with	MONDO:0005292	inflammatory bowel disease	colitis	infores:automat-robokop(primary_knowledge_source)
Q323	e0	e_18_e_23	MONDO:0005265	biolink:target_for	MONDO:0005011	inflammatory bowel disease	Crohn disease	infores:automat-robokop(primary_knowledge_source)
Q323	e0	e_19_e_23	MONDO:0005265	biolink:target_for	MONDO:0005011	inflammatory bowel disease	Crohn disease	infores:automat-robokop(primary_knowledge_source)
Q323	e0	e_20_e_22	MONDO:0005265	biolink:target_for	MONDO:0005101	inflammatory bowel disease	ulcerative colitis	infores:automat-robokop(primary_knowledge_source)
Q323	e0	e_21_e_22	MONDO:0005265	biolink:target_for	MONDO:0005101	inflammatory bowel disease	ulcerative colitis	infores:automat-robokop(primary_knowledge_source)
Q324	e0	e_1	MONDO:0005011	biolink:related_to	NCBIGene:149233	Crohn disease	IL23R	infores:hetionet(primary_knowledge_source);infores:automat-robokop(aggregator_knowledge_source)
Q324	e0	e_2	NCBIGene:149233	biolink:genetically_associated_with	MONDO:0005532	IL23R	Crohn's colitis	infores:ctd(primary_knowledge_source);infores:pharos(aggregator_knowledge_source);infores:automat-robokop(aggregator_knowledge_source)
Q324	e0	e_3	NCBIGene:149233	biolink:genetically_associated_with	MONDO:0005011	IL23R	Crohn disease	infores:disgenet(primary_knowledge_source);infores:pharos(aggregator_knowledge_source);infores:automat-robokop(aggregator_knowledge_source)
Q324	e0	e_4	NCBIGene:149233	biolink:genetically_associated_with	MONDO:0000709	IL23R	Crohn ileitis	infores:disgenet(primary_knowledge_source);infores:pharos(aggregator_knowledge_source);infores:automat-robokop(aggregator_knowledge_source)
Q324	e0	e_5	NCBIGene:149233	biolink:genetically_associated_with	MONDO:0005532	IL23R	Crohn's colitis	infores:disgenet(primary_knowledge_source);infores:pharos(aggregator_knowledge_source);infores:automat-robokop(aggregator_knowledge_source)
Q324	e0	e_6	NCBIGene:149233	biolink:genetically_associated_with	MONDO:0005011	IL23R	Crohn disease	infores:diseases(primary_knowledge_source);infores:pharos(aggregator_knowledge_source);infores:automat-robokop(aggregator_knowledge_source)
Q324	e0	e_7	NCBIGene:149233	biolink:genetically_associated_with	MONDO:0005011	IL23R	Crohn disease	infores:ctd(primary_knowledge_source);infores:pharos(aggregator_knowledge_source);infores:automat-robokop(aggregator_knowledge_source)
Q324	e0	e_8	NCBIGene:149233	biolink:genetically_associated_with	MONDO:0005011	IL23R	Crohn disease	infores:eram(primary_knowledge_source);infores:pharos(aggregator_knowledge_source);infores:automat-robokop(aggregator_knowledge_source)
Q324	e0	e_9	NCBIGene:149233	biolink:genetically_associated_with	MONDO:0005534	IL23R	ileocolitis	infores:disgenet(primary_knowledge_source);infores:pharos(aggregator_knowledge_source);infores:automat-robokop(aggregator_knowledge_source)
Q324	e0	e_10	MONDO:0005532	biolink:subclass_of	MONDO:0005011	Crohn's colitis	Crohn disease	infores:ubergraph(primary_knowledge_source);infores:automat-robokop(aggregator_knowledge_source)
Q324	e0	e_11	MONDO:0000709	biolink:subclass_of	MONDO:0005011	Crohn ileitis	Crohn disease	infores:ubergraph(primary_knowledge_source);infores:automat-robokop(aggregator_knowledge_source)
Q324	e0	e_12	MONDO:0005534	biolink:subclass_of	MONDO:0005011	ileocolitis	Crohn disease	infores:ubergraph(primary_knowledge_source);infores:automat-robokop(aggregator_knowledge_source)
Q324	e0	e_2_e_10	MONDO:0005011	biolink:genetically_associated_with	MONDO:0005532	Crohn disease	Crohn's colitis	infores:automat-robokop(primary_knowledge_source)
Q324	e0	e_4_e_11	MONDO:0005011	biolink:genetically_associated_with	MONDO:0000709	Crohn disease	Crohn ileitis	infores:automat-robokop(primary_knowledge_source)
Q324	e0	e_5_e_10	MONDO:0005011	biolink:genetically_associated_with	MONDO:0005532	Crohn disease	Crohn's colitis	infores:automat-robokop(primary_knowledge_source)
Q324	e0	e_9_e_12	MONDO:0005011	biolink:genetically_associated_with	MONDO:0005534	Crohn disease	ileocolitis	infores:automat-robokop(primary_knowledge_source)
Q325	e0	e_1	MONDO:0005083	biolink:related_to	NCBIGene:7124	psoriasis	TNF	infores:hetionet(primary_knowledge_source);infores:automat-robokop(aggregator_knowledge_source)
Q325	e0	e_2	NCBIGene:7124	biolink:genetically_associated_with	MONDO:0005083	TNF	psoriasis	infores:eram(primary_knowledge_source);infores:pharos(aggregator_knowledge_source);infores:automat-robokop(aggregator_knowledge_source)
Q325	e0	e_3	NCBIGene:7124	biolink:genetically_associated_with	MONDO:0015597	TNF	pustulosis palmaris et plantaris	infores:disgenet(primary_knowledge_source);infores:pharos(aggregator_knowledge_source);infores:automat-robokop(aggregator_knowledge_source)
Q325	e0	e_4	NCBIGene:7124	biolink:genetically_associated_with	MONDO:0015597	TNF	pustulosis palmaris et plantaris	infores:ctd(primary_knowledge_source);infores:pharos(aggregator_knowledge_source);infores:automat-robokop(aggregator_knowledge_source)
Q325	e0	e_5	NCBIGene:7124	biolink:genetically_associated_with	MONDO:0005083	TNF	psoriasis	infores:ctd(primary_knowledge_source);infores:pharos(aggregator_knowledge_source);infores:automat-robokop(aggregator_knowledge_source)
Q325	e0	e_6	NCBIGene:7124	biolink:genetically_associated_with	MONDO:0005083	TNF	psoriasis	infores:disgenet(primary_knowledge_source);infores:pharos(aggregator_knowledge_source);infores:automat-robokop(aggregator_knowledge_source)
Q325	e0	e_7	MONDO:0015597	biolink:subclass_of	MONDO:0005083	pustulosis palmaris et plantaris	psoriasis	infores:ubergraph(primary_knowledge_source);infores:automat-robokop(aggregator_knowledge_source)
Q325	e0	e_3_e_7	MONDO:0005083	biolink:genetically_associated_with	MONDO:0015597	psoriasis	pustulosis palmaris et plantaris	infores:automat-robokop(primary_knowledge_source)
Q325	e0	e_4_e_7	MONDO:0005083	biolink:genetically_associated_with	MONDO:0015597	psoriasis	pustulosis palmaris et plantaris	infores:automat-robokop(primary_knowledge_source)
Q326	e0	e_1	MONDO:0007915	biolink:related_to	NCBIGene:3663	EXCESS LMW-DNA	IRF5	infores:hetionet(primary_knowledge_source);infores:automat-robokop(aggregator_knowledge_source)
Q326	e0	e_2	NCBIGene:3663	biolink:genetically_associated_with	MONDO:0007915	IRF5	EXCESS LMW-DNA	infores:diseases(primary_knowledge_source);infores:pharos(aggregator_knowledge_source);infores:automat-robokop(aggregator_knowledge_source)
Q326	e0	e_3	NCBIGene:3663	biolink:genetically_associated_with	MONDO:0007915	IRF5	EXCESS LMW-DNA	infores:disgenet(primary_knowledge_source);infores:pharos(aggregator_knowledge_source);infores:automat-robokop(aggregator_knowledge_source)
Q326	e0	e_4	NCBIGene:3663	biolink:genetically_associated_with	MONDO:0007915	IRF5	EXCESS LMW-DNA	infores:ctd(primary_knowledge_source);infores:pharos(aggregator_knowledge_source);infores:automat-robokop(aggregator_knowledge_source)
Q327	e0	e_1	MONDO:0005300	biolink:related_to	NCBIGene:1636	chronic kidney disease	ACE	infores:hetionet(primary_knowledge_source);infores:automat-robokop(aggregator_knowledge_source)
Q327	e0	e_2	NCBIGene:1636	biolink:genetically_associated_with	MONDO:0024327	ACE	Chronic uremia	infores:disgenet(primary_knowledge_source);infores:pharos(aggregator_knowledge_source);infores:automat-robokop(aggregator_knowledge_source)
Q327	e0	e_3	NCBIGene:1636	biolink:genetically_associated_with	MONDO:0005016	ACE	diabetic kidney disease	infores:disgenet(primary_knowledge_source);infores:pharos(aggregator_knowledge_source);infores:automat-robokop(aggregator_knowledge_source)
Q327	e0	e_4	NCBIGene:1636	biolink:genetically_associated_with	MONDO:0005016	ACE	diabetic kidney disease	infores:ctd(primary_knowledge_source);infores:pharos(aggregator_knowledge_source);infores:automat-robokop(aggregator_knowledge_source)
Q327	e0	e_5	NCBIGene:1636	biolink:genetically_associated_with	MONDO:0005300	ACE	chronic kidney disease	infores:ctd(primary_knowledge_source);infores:pharos(aggregator_knowledge_source);infores:automat-robokop(aggregator_knowledge_source)
Q327	e0	e_6	NCBIGene:1636	biolink:target_for	MONDO:0005016	ACE	diabetic kidney disease	infores:drugmechdb(primary_knowledge_source);infores:automat-robokop(aggregator_knowledge_source)
Q327	e0	e_7	MONDO:0024327	biolink:subclass_of	MONDO:0005300	Chronic uremia	chronic kidney disease	infores:ubergraph(primary_knowledge_source);infores:automat-robokop(aggregator_knowledge_source)
Q327	e0	e_8	MONDO:0005016	biolink:subclass_of	MONDO:0005300	diabetic kidney disease	chronic kidney disease	infores:ubergraph(primary_knowledge_source);infores:automat-robokop(aggregator_knowledge_source)
Q327	e0	e_2_e_7	MONDO:0005300	biolink:genetically_associated_with	MONDO:0024327	chronic kidney disease	Chronic uremia	infores:automat-robokop(primary_knowledge_source)
Q327	e0	e_3_e_8	MONDO:0005300	biolink:genetically_associated_with	MONDO:0005016	chronic kidney disease	diabetic kidney disease	infores:automat-robokop(primary_knowledge_source)
Q327	e0	e_4_e_8	MONDO:0005300	biolink:genetically_associated_with	MONDO:0005016	chronic kidney disease	diabetic kidney disease	infores:automat-robokop(primary_knowledge_source)
Q327	e0	e_6_e_8	MONDO:0005300	biolink:target_for	MONDO:0005016	chronic kidney disease	diabetic kidney disease	infores:automat-robokop(primary_knowledge_source)
Q328	e0	e_1	MONDO:0005277	biolink:related_to	NCBIGene:1636	migraine	ACE	infores:hetionet(primary_knowledge_source);infores:automat-robokop(aggregator_knowledge_source)
Q328	e0	e_2	MONDO:0005044	biolink:related_to	NCBIGene:1636	hypertension	ACE	infores:hetionet(primary_knowledge_source);infores:automat-robokop(aggregator_knowledge_source)
Q328	e0	e_3	MONDO:0005021	biolink:related_to	NCBIGene:1636	dilated cardiomyopathy	ACE	infores:hetionet(primary_knowledge_source);infores:automat-robokop(aggregator_knowledge_source)
Q328	e0	e_4	MONDO:0005311	biolink:related_to	NCBIGene:1636	atherosclerosis	ACE	infores:hetionet(primary_knowledge_source);infores:automat-robokop(aggregator_knowledge_source)
Q328	e0	e_5	MONDO:0005010	biolink:related_to	NCBIGene:1636	coronary artery disorder	ACE	infores:hetionet(primary_knowledge_source);infores:automat-robokop(aggregator_knowledge_source)
Q328	e0	uuid:1b2660e2-198e-11f0-be82-6045bdb3d4c0	NCBIGene:1636	biolink:has_phenotype	MONDO:0005468	ACE	hypotension	infores:hpo-annotations(primary_knowledge_source);infores:monarchinitiative(aggregator_knowledge_source);infores:automat-robokop(aggregator_knowledge_source)
Q328	e0	e_7	NCBIGene:1636	biolink:genetically_associated_with	MONDO:1030009	ACE	persistent atrial fibrillation	infores:disgenet(primary_knowledge_source);infores:pharos(aggregator_knowledge_source);infores:automat-robokop(aggregator_knowledge_source)
Q328	e0	e_8	NCBIGene:1636	biolink:genetically_associated_with	MONDO:0002679	ACE	cerebral infarction	infores:uniprot(primary_knowledge_source);infores:pharos(aggregator_knowledge_source);infores:automat-robokop(aggregator_knowledge_source)
Q328	e0	e_9	NCBIGene:1636	biolink:genetically_associated_with	HP:0001708	ACE	Right ventricular failure	infores:disgenet(primary_knowledge_source);infores:pharos(aggregator_knowledge_source);infores:automat-robokop(aggregator_knowledge_source)
Q328	e0	e_10	NCBIGene:1636	biolink:genetically_associated_with	MONDO:0005044	ACE	hypertension	infores:diseases(primary_knowledge_source);infores:pharos(aggregator_knowledge_source);infores:automat-robokop(aggregator_knowledge_source)
Q328	e0	e_11	NCBIGene:1636	biolink:genetically_associated_with	MONDO:0018054	ACE	familial atrial fibrillation	infores:disgenet(primary_knowledge_source);infores:pharos(aggregator_knowledge_source);infores:automat-robokop(aggregator_knowledge_source)
Q328	e0	e_12	NCBIGene:1636	biolink:genetically_associated_with	MONDO:0005299	ACE	brain ischemia	infores:disgenet(primary_knowledge_source);infores:pharos(aggregator_knowledge_source);infores:automat-robokop(aggregator_knowledge_source)
Q328	e0	e_13	NCBIGene:1636	biolink:genetically_associated_with	MONDO:0013792	ACE	intracerebral hemorrhage	infores:ctd(primary_knowledge_source);infores:pharos(aggregator_knowledge_source);infores:automat-robokop(aggregator_knowledge_source)
Q328	e0	e_14	NCBIGene:1636	biolink:genetically_associated_with	MONDO:0011057	ACE	cerebrovascular disorder	infores:disgenet(primary_knowledge_source);infores:pharos(aggregator_knowledge_source);infores:automat-robokop(aggregator_knowledge_source)
Q328	e0	e_15	NCBIGene:1636	biolink:genetically_associated_with	MONDO:0011057	ACE	cerebrovascular disorder	infores:ctd(primary_knowledge_source);infores:pharos(aggregator_knowledge_source);infores:automat-robokop(aggregator_knowledge_source)
Q328	e0	e_16	NCBIGene:1636	biolink:genetically_associated_with	MONDO:0005252	ACE	heart failure	infores:disgenet(primary_knowledge_source);infores:pharos(aggregator_knowledge_source);infores:automat-robokop(aggregator_knowledge_source)
Q328	e0	e_17	NCBIGene:1636	biolink:genetically_associated_with	MONDO:0005355	ACE	coronary restenosis	infores:ctd(primary_knowledge_source);infores:pharos(aggregator_knowledge_source);infores:automat-robokop(aggregator_knowledge_source)
Q328	e0	e_18	NCBIGene:1636	biolink:genetically_associated_with	MONDO:0010481	ACE	angioedema	infores:diseases(primary_knowledge_source);infores:pharos(aggregator_knowledge_source);infores:automat-robokop(aggregator_knowledge_source)
Q328	e0	e_19	NCBIGene:1636	biolink:genetically_associated_with	MONDO:0004995	ACE	cardiovascular disorder	infores:disgenet(primary_knowledge_source);infores:pharos(aggregator_knowledge_source);infores:automat-robokop(aggregator_knowledge_source)
Q328	e0	e_20	NCBIGene:1636	biolink:genetically_associated_with	MONDO:0005149	ACE	pulmonary hypertension	infores:ctd(primary_knowledge_source);infores:pharos(aggregator_knowledge_source);infores:automat-robokop(aggregator_knowledge_source)
Q328	e0	e_21	NCBIGene:1636	biolink:genetically_associated_with	HP:0005162	ACE	Abnormal left ventricular function	infores:disgenet(primary_knowledge_source);infores:pharos(aggregator_knowledge_source);infores:automat-robokop(aggregator_knowledge_source)
Q328	e0	e_22	NCBIGene:1636	biolink:genetically_associated_with	MONDO:0005009	ACE	congestive heart failure	infores:ctd(primary_knowledge_source);infores:pharos(aggregator_knowledge_source);infores:automat-robokop(aggregator_knowledge_source)
Q328	e0	e_23	NCBIGene:1636	biolink:genetically_associated_with	MONDO:0005068	ACE	myocardial infarction	infores:disgenet(primary_knowledge_source);infores:pharos(aggregator_knowledge_source);infores:automat-robokop(aggregator_knowledge_source)
Q328	e0	e_24	NCBIGene:1636	biolink:genetically_associated_with	MONDO:0004981	ACE	atrial fibrillation	infores:disgenet(primary_knowledge_source);infores:pharos(aggregator_knowledge_source);infores:automat-robokop(aggregator_knowledge_source)
Q328	e0	e_25	NCBIGene:1636	biolink:genetically_associated_with	MONDO:0005010	ACE	coronary artery disorder	infores:disgenet(primary_knowledge_source);infores:pharos(aggregator_knowledge_source);infores:automat-robokop(aggregator_knowledge_source)
Q328	e0	e_26	NCBIGene:1636	biolink:genetically_associated_with	MONDO:0005468	ACE	hypotension	infores:ctd(primary_knowledge_source);infores:pharos(aggregator_knowledge_source);infores:automat-robokop(aggregator_knowledge_source)
Q328	e0	e_27	NCBIGene:1636	biolink:genetically_associated_with	MONDO:0005081	ACE	preeclampsia	infores:disgenet(primary_knowledge_source);infores:pharos(aggregator_knowledge_source);infores:automat-robokop(aggregator_knowledge_source)
Q328	e0	e_28	NCBIGene:1636	biolink:genetically_associated_with	MONDO:0004995	ACE	cardiovascular disorder	infores:ctd(primary_knowledge_source);infores:pharos(aggregator_knowledge_source);infores:automat-robokop(aggregator_knowledge_source)
Q328	e0	e_29	NCBIGene:1636	biolink:genetically_associated_with	MONDO:0004981	ACE	atrial fibrillation	infores:ctd(primary_knowledge_source);infores:pharos(aggregator_knowledge_source);infores:automat-robokop(aggregator_knowledge_source)
Q328	e0	e_30	NCBIGene:1636	biolink:genetically_associated_with	MONDO:0004981	ACE	atrial fibrillation	infores:eram(primary_knowledge_source);infores:pharos(aggregator_knowledge_source);infores:automat-robokop(aggregator_knowledge_source)
Q328	e0	e_31	NCBIGene:1636	biolink:genetically_associated_with	MONDO:0005294	ACE	peripheral vascular disease	infores:diseases(primary_knowledge_source);infores:pharos(aggregator_knowledge_source);infores:automat-robokop(aggregator_knowledge_source)
Q328	e0	e_32	NCBIGene:1636	biolink:genetically_associated_with	MONDO:0005081	ACE	preeclampsia	infores:ctd(primary_knowledge_source);infores:pharos(aggregator_knowledge_source);infores:automat-robokop(aggregator_knowledge_source)
Q328	e0	e_33	NCBIGene:1636	biolink:genetically_associated_with	MONDO:0007263	ACE	Arrhythmia	infores:disgenet(primary_knowledge_source);infores:pharos(aggregator_knowledge_source);infores:automat-robokop(aggregator_knowledge_source)
Q328	e0	e_34	NCBIGene:1636	biolink:genetically_associated_with	MONDO:0005010	ACE	coronary artery disorder	infores:diseases(primary_knowledge_source);infores:pharos(aggregator_knowledge_source);infores:automat-robokop(aggregator_knowledge_source)
Q328	e0	e_35	NCBIGene:1636	biolink:genetically_associated_with	MONDO:0005081	ACE	preeclampsia	infores:eram(primary_knowledge_source);infores:pharos(aggregator_knowledge_source);infores:automat-robokop(aggregator_knowledge_source)
Q328	e0	e_36	NCBIGene:1636	biolink:genetically_associated_with	HP:0001712	ACE	Left ventricular hypertrophy	infores:ctd(primary_knowledge_source);infores:pharos(aggregator_knowledge_source);infores:automat-robokop(aggregator_knowledge_source)
Q328	e0	e_37	NCBIGene:1636	biolink:genetically_associated_with	MONDO:0005068	ACE	myocardial infarction	infores:ctd(primary_knowledge_source);infores:pharos(aggregator_knowledge_source);infores:automat-robokop(aggregator_knowledge_source)
Q328	e0	e_38	NCBIGene:1636	biolink:genetically_associated_with	MONDO:0005386	ACE	peripheral arterial disease	infores:diseases(primary_knowledge_source);infores:pharos(aggregator_knowledge_source);infores:automat-robokop(aggregator_knowledge_source)
Q328	e0	e_39	NCBIGene:1636	biolink:genetically_associated_with	MONDO:0005468	ACE	hypotension	infores:disgenet(primary_knowledge_source);infores:pharos(aggregator_knowledge_source);infores:automat-robokop(aggregator_knowledge_source)
Q328	e0	e_40	NCBIGene:1636	biolink:genetically_associated_with	MONDO:0011057	ACE	cerebrovascular disorder	infores:diseases(primary_knowledge_source);infores:pharos(aggregator_knowledge_source);infores:automat-robokop(aggregator_knowledge_source)
Q328	e0	e_41	NCBIGene:1636	biolink:genetically_associated_with	MONDO:0005098	ACE	stroke disorder	infores:disgenet(primary_knowledge_source);infores:pharos(aggregator_knowledge_source);infores:automat-robokop(aggregator_knowledge_source)
Q328	e0	e_42	NCBIGene:1636	biolink:genetically_associated_with	MONDO:0005299	ACE	brain ischemia	infores:ctd(primary_knowledge_source);infores:pharos(aggregator_knowledge_source);infores:automat-robokop(aggregator_knowledge_source)
Q328	e0	e_43	NCBIGene:1636	biolink:genetically_associated_with	UMLS:C0751956	ACE	Acute Stroke	infores:disgenet(primary_knowledge_source);infores:pharos(aggregator_knowledge_source);infores:automat-robokop(aggregator_knowledge_source)
Q328	e0	e_44	NCBIGene:1636	biolink:genetically_associated_with	MONDO:1030011	ACE	paroxysmal atrial fibrillation	infores:disgenet(primary_knowledge_source);infores:pharos(aggregator_knowledge_source);infores:automat-robokop(aggregator_knowledge_source)
Q328	e0	e_45	NCBIGene:1636	biolink:genetically_associated_with	MONDO:0007263	ACE	Arrhythmia	infores:ctd(primary_knowledge_source);infores:pharos(aggregator_knowledge_source);infores:automat-robokop(aggregator_knowledge_source)
Q328	e0	e_46	NCBIGene:1636	biolink:genetically_associated_with	MONDO:0005561	ACE	aortic disorder	infores:diseases(primary_knowledge_source);infores:pharos(aggregator_knowledge_source);infores:automat-robokop(aggregator_knowledge_source)
Q328	e0	e_47	NCBIGene:1636	biolink:genetically_associated_with	MONDO:0005149	ACE	pulmonary hypertension	infores:disgenet(primary_knowledge_source);infores:pharos(aggregator_knowledge_source);infores:automat-robokop(aggregator_knowledge_source)
Q328	e0	e_48	NCBIGene:1636	biolink:genetically_associated_with	MONDO:0005044	ACE	hypertension	infores:ctd(primary_knowledge_source);infores:pharos(aggregator_knowledge_source);infores:automat-robokop(aggregator_knowledge_source)
Q328	e0	e_49	NCBIGene:1636	biolink:genetically_associated_with	MONDO:0005044	ACE	hypertension	infores:disgenet(primary_knowledge_source);infores:pharos(aggregator_knowledge_source);infores:automat-robokop(aggregator_knowledge_source)
Q328	e0	e_50	NCBIGene:1636	biolink:genetically_associated_with	HP:0001712	ACE	Left ventricular hypertrophy	infores:disgenet(primary_knowledge_source);infores:pharos(aggregator_knowledge_source);infores:automat-robokop(aggregator_knowledge_source)
Q328	e0	e_51	NCBIGene:1636	biolink:genetically_associated_with	MONDO:0005355	ACE	coronary restenosis	infores:disgenet(primary_knowledge_source);infores:pharos(aggregator_knowledge_source);infores:automat-robokop(aggregator_knowledge_source)
Q328	e0	e_52	NCBIGene:1636	biolink:genetically_associated_with	MONDO:0021661	ACE	coronary atherosclerosis	infores:disgenet(primary_knowledge_source);infores:pharos(aggregator_knowledge_source);infores:automat-robokop(aggregator_knowledge_source)
Q328	e0	e_53	NCBIGene:1636	biolink:genetically_associated_with	MONDO:0005010	ACE	coronary artery disorder	infores:ctd(primary_knowledge_source);infores:pharos(aggregator_knowledge_source);infores:automat-robokop(aggregator_knowledge_source)
Q328	e0	e_54	NCBIGene:1636	biolink:genetically_associated_with	MONDO:0005267	ACE	heart disorder	infores:diseases(primary_knowledge_source);infores:pharos(aggregator_knowledge_source);infores:automat-robokop(aggregator_knowledge_source)
Q328	e0	e_55	NCBIGene:1636	biolink:genetically_associated_with	MONDO:0009265	ACE	Gaucher disease type I	infores:disgenet(primary_knowledge_source);infores:pharos(aggregator_knowledge_source);infores:automat-robokop(aggregator_knowledge_source)
Q328	e0	e_56	NCBIGene:1636	biolink:genetically_associated_with	MONDO:0013792	ACE	intracerebral hemorrhage	infores:disgenet(primary_knowledge_source);infores:pharos(aggregator_knowledge_source);infores:automat-robokop(aggregator_knowledge_source)
Q328	e0	e_57	NCBIGene:1636	biolink:genetically_associated_with	MONDO:0005311	ACE	atherosclerosis	infores:diseases(primary_knowledge_source);infores:pharos(aggregator_knowledge_source);infores:automat-robokop(aggregator_knowledge_source)
Q328	e0	e_58	NCBIGene:1636	biolink:genetically_associated_with	MONDO:0000831	ACE	thrombosis	infores:diseases(primary_knowledge_source);infores:pharos(aggregator_knowledge_source);infores:automat-robokop(aggregator_knowledge_source)
Q328	e0	e_59	NCBIGene:1636	biolink:target_for	MONDO:0005044	ACE	hypertension	infores:drugcentral(primary_knowledge_source);infores:pharos(aggregator_knowledge_source);infores:automat-robokop(aggregator_knowledge_source)
Q328	e0	e_60	NCBIGene:1636	biolink:target_for	MONDO:0001134	ACE	essential hypertension	infores:drugcentral(primary_knowledge_source);infores:pharos(aggregator_knowledge_source);infores:automat-robokop(aggregator_knowledge_source)
Q328	e0	e_61	NCBIGene:1636	biolink:target_for	MONDO:0005009	ACE	congestive heart failure	infores:drugcentral(primary_knowledge_source);infores:pharos(aggregator_knowledge_source);infores:automat-robokop(aggregator_knowledge_source)
Q328	e0	e_62	NCBIGene:1636	biolink:target_for	MONDO:0005098	ACE	stroke disorder	infores:drugmechdb(primary_knowledge_source);infores:automat-robokop(aggregator_knowledge_source)
Q328	e0	e_63	NCBIGene:1636	biolink:target_for	MONDO:0005044	ACE	hypertension	infores:drugmechdb(primary_knowledge_source);infores:automat-robokop(aggregator_knowledge_source)
Q328	e0	e_64	NCBIGene:1636	biolink:target_for	MONDO:0005252	ACE	heart failure	infores:drugmechdb(primary_knowledge_source);infores:automat-robokop(aggregator_knowledge_source)
Q328	e0	e_65	NCBIGene:1636	biolink:target_for	MONDO:0005068	ACE	myocardial infarction	infores:drugmechdb(primary_knowledge_source);infores:automat-robokop(aggregator_knowledge_source)
Q328	e0	e_66	NCBIGene:1636	biolink:target_for	MONDO:0005068	ACE	myocardial infarction	infores:drugcentral(primary_knowledge_source);infores:pharos(aggregator_knowledge_source);infores:automat-robokop(aggregator_knowledge_source)
Q328	e0	e_67	MONDO:0005277	biolink:subclass_of	MONDO:0004995	migraine	cardiovascular disorder	infores:ubergraph(primary_knowledge_source);infores:automat-robokop(aggregator_knowledge_source)
Q328	e0	e_68	MONDO:0005044	biolink:subclass_of	MONDO:0004995	hypertension	cardiovascular disorder	infores:ubergraph(primary_knowledge_source);infores:automat-robokop(aggregator_knowledge_source)
Q328	e0	e_69	MONDO:0005021	biolink:subclass_of	MONDO:0004995	dilated cardiomyopathy	cardiovascular disorder	infores:ubergraph(primary_knowledge_source);infores:automat-robokop(aggregator_knowledge_source)
Q328	e0	e_70	MONDO:0005311	biolink:subclass_of	MONDO:0004995	atherosclerosis	cardiovascular disorder	infores:ubergraph(primary_knowledge_source);infores:automat-robokop(aggregator_knowledge_source)
Q328	e0	e_71	MONDO:0005010	biolink:subclass_of	MONDO:0004995	coronary artery disorder	cardiovascular disorder	infores:ubergraph(primary_knowledge_source);infores:automat-robokop(aggregator_knowledge_source)
Q328	e0	e_72	MONDO:0005468	biolink:subclass_of	MONDO:0004995	hypotension	cardiovascular disorder	infores:ubergraph(primary_knowledge_source);infores:automat-robokop(aggregator_knowledge_source)
Q328	e0	e_73	MONDO:1030009	biolink:subclass_of	MONDO:0004995	persistent atrial fibrillation	cardiovascular disorder	infores:ubergraph(primary_knowledge_source);infores:automat-robokop(aggregator_knowledge_source)
Q328	e0	e_74	MONDO:0002679	biolink:subclass_of	MONDO:0004995	cerebral infarction	cardiovascular disorder	infores:ubergraph(primary_knowledge_source);infores:automat-robokop(aggregator_knowledge_source)
Q328	e0	e_75	HP:0001708	biolink:subclass_of	MONDO:0004995	Right ventricular failure	cardiovascular disorder	infores:ubergraph(primary_knowledge_source);infores:automat-robokop(aggregator_knowledge_source)
Q328	e0	e_76	MONDO:0018054	biolink:subclass_of	MONDO:0004995	familial atrial fibrillation	cardiovascular disorder	infores:ubergraph(primary_knowledge_source);infores:automat-robokop(aggregator_knowledge_source)
Q328	e0	e_77	MONDO:0005299	biolink:subclass_of	MONDO:0004995	brain ischemia	cardiovascular disorder	infores:ubergraph(primary_knowledge_source);infores:automat-robokop(aggregator_knowledge_source)
Q328	e0	e_78	MONDO:0013792	biolink:subclass_of	MONDO:0004995	intracerebral hemorrhage	cardiovascular disorder	infores:ubergraph(primary_knowledge_source);infores:automat-robokop(aggregator_knowledge_source)
Q328	e0	e_79	MONDO:0011057	biolink:subclass_of	MONDO:0004995	cerebrovascular disorder	cardiovascular disorder	infores:ubergraph(primary_knowledge_source);infores:automat-robokop(aggregator_knowledge_source)
Q328	e0	e_80	MONDO:0005252	biolink:subclass_of	MONDO:0004995	heart failure	cardiovascular disorder	infores:ubergraph(primary_knowledge_source);infores:automat-robokop(aggregator_knowledge_source)
Q328	e0	e_81	MONDO:0005355	biolink:subclass_of	MONDO:0004995	coronary restenosis	cardiovascular disorder	infores:ubergraph(primary_knowledge_source);infores:automat-robokop(aggregator_knowledge_source)
Q328	e0	e_82	MONDO:0010481	biolink:subclass_of	MONDO:0004995	angioedema	cardiovascular disorder	infores:ubergraph(primary_knowledge_source);infores:automat-robokop(aggregator_knowledge_source)
Q328	e0	e_83	MONDO:0005149	biolink:subclass_of	MONDO:0004995	pulmonary hypertension	cardiovascular disorder	infores:ubergraph(primary_knowledge_source);infores:automat-robokop(aggregator_knowledge_source)
Q328	e0	e_84	HP:0005162	biolink:subclass_of	MONDO:0004995	Abnormal left ventricular function	cardiovascular disorder	infores:ubergraph(primary_knowledge_source);infores:automat-robokop(aggregator_knowledge_source)
Q328	e0	e_85	MONDO:0005009	biolink:subclass_of	MONDO:0004995	congestive heart failure	cardiovascular disorder	infores:ubergraph(primary_knowledge_source);infores:automat-robokop(aggregator_knowledge_source)
Q328	e0	e_86	MONDO:0005068	biolink:subclass_of	MONDO:0004995	myocardial infarction	cardiovascular disorder	infores:ubergraph(primary_knowledge_source);infores:automat-robokop(aggregator_knowledge_source)
Q328	e0	e_87	MONDO:0004981	biolink:subclass_of	MONDO:0004995	atrial fibrillation	cardiovascular disorder	infores:ubergraph(primary_knowledge_source);infores:automat-robokop(aggregator_knowledge_source)
Q328	e0	e_88	MONDO:0005081	biolink:subclass_of	MONDO:0004995	preeclampsia	cardiovascular disorder	infores:ubergraph(primary_knowledge_source);infores:automat-robokop(aggregator_knowledge_source)
Q328	e0	e_89	MONDO:0005294	biolink:subclass_of	MONDO:0004995	peripheral vascular disease	cardiovascular disorder	infores:ubergraph(primary_knowledge_source);infores:automat-robokop(aggregator_knowledge_source)
Q328	e0	e_90	MONDO:0007263	biolink:subclass_of	MONDO:0004995	Arrhythmia	cardiovascular disorder	infores:ubergraph(primary_knowledge_source);infores:automat-robokop(aggregator_knowledge_source)
Q328	e0	e_91	HP:0001712	biolink:subclass_of	MONDO:0004995	Left ventricular hypertrophy	cardiovascular disorder	infores:ubergraph(primary_knowledge_source);infores:automat-robokop(aggregator_knowledge_source)
Q328	e0	e_92	MONDO:0005386	biolink:subclass_of	MONDO:0004995	peripheral arterial disease	cardiovascular disorder	infores:ubergraph(primary_knowledge_source);infores:automat-robokop(aggregator_knowledge_source)
Q328	e0	e_93	MONDO:0005098	biolink:subclass_of	MONDO:0004995	stroke disorder	cardiovascular disorder	infores:ubergraph(primary_knowledge_source);infores:automat-robokop(aggregator_knowledge_source)
Q328	e0	e_94	UMLS:C0751956	biolink:subclass_of	MONDO:0004995	Acute Stroke	cardiovascular disorder	infores:ubergraph(primary_knowledge_source);infores:automat-robokop(aggregator_knowledge_source)
Q328	e0	e_95	MONDO:1030011	biolink:subclass_of	MONDO:0004995	paroxysmal atrial fibrillation	cardiovascular disorder	infores:ubergraph(primary_knowledge_source);infores:automat-robokop(aggregator_knowledge_source)
Q328	e0	e_96	MONDO:0005561	biolink:subclass_of	MONDO:0004995	aortic disorder	cardiovascular disorder	infores:ubergraph(primary_knowledge_source);infores:automat-robokop(aggregator_knowledge_source)
Q328	e0	e_97	MONDO:0021661	biolink:subclass_of	MONDO:0004995	coronary atherosclerosis	cardiovascular disorder	infores:ubergraph(primary_knowledge_source);infores:automat-robokop(aggregator_knowledge_source)
Q328	e0	e_98	MONDO:0005267	biolink:subclass_of	MONDO:0004995	heart disorder	cardiovascular disorder	infores:ubergraph(primary_knowledge_source);infores:automat-robokop(aggregator_knowledge_source)
Q328	e0	e_99	MONDO:0009265	biolink:subclass_of	MONDO:0004995	Gaucher disease type I	cardiovascular disorder	infores:ubergraph(primary_knowledge_source);infores:automat-robokop(aggregator_knowledge_source)
Q328	e0	e_100	MONDO:0000831	biolink:subclass_of	MONDO:0004995	thrombosis	cardiovascular disorder	infores:ubergraph(primary_knowledge_source);infores:automat-robokop(aggregator_knowledge_source)
Q328	e0	e_101	MONDO:0001134	biolink:subclass_of	MONDO:0004995	essential hypertension	cardiovascular disorder	infores:ubergraph(primary_knowledge_source);infores:automat-robokop(aggregator_knowledge_source)
Q328	e0	e_1_e_67	MONDO:0004995	biolink:related_to	NCBIGene:1636	cardiovascular disorder	ACE	infores:automat-robokop(primary_knowledge_source)
Q328	e0	e_2_e_68	MONDO:0004995	biolink:related_to	NCBIGene:1636	cardiovascular disorder	ACE	infores:automat-robokop(primary_knowledge_source)
Q328	e0	e_3_e_69	MONDO:0004995	biolink:related_to	NCBIGene:1636	cardiovascular disorder	ACE	infores:automat-robokop(primary_knowledge_source)
Q328	e0	e_4_e_70	MONDO:0004995	biolink:related_to	NCBIGene:1636	cardiovascular disorder	ACE	infores:automat-robokop(primary_knowledge_source)
Q328	e0	e_5_e_71	MONDO:0004995	biolink:related_to	NCBIGene:1636	cardiovascular disorder	ACE	infores:automat-robokop(primary_knowledge_source)
Q328	e0	uuid:1b2660e2-198e-11f0-be82-6045bdb3d4c0_e_72	MONDO:0004995	biolink:has_phenotype	MONDO:0005468	cardiovascular disorder	hypotension	infores:automat-robokop(primary_knowledge_source)
Q328	e0	e_7_e_73	MONDO:0004995	biolink:genetically_associated_with	MONDO:1030009	cardiovascular disorder	persistent atrial fibrillation	infores:automat-robokop(primary_knowledge_source)
Q328	e0	e_8_e_74	MONDO:0004995	biolink:genetically_associated_with	MONDO:0002679	cardiovascular disorder	cerebral infarction	infores:automat-robokop(primary_knowledge_source)
Q328	e0	e_9_e_75	MONDO:0004995	biolink:genetically_associated_with	HP:0001708	cardiovascular disorder	Right ventricular failure	infores:automat-robokop(primary_knowledge_source)
Q328	e0	e_10_e_68	MONDO:0004995	biolink:genetically_associated_with	MONDO:0005044	cardiovascular disorder	hypertension	infores:automat-robokop(primary_knowledge_source)
Q328	e0	e_11_e_76	MONDO:0004995	biolink:genetically_associated_with	MONDO:0018054	cardiovascular disorder	familial atrial fibrillation	infores:automat-robokop(primary_knowledge_source)
Q328	e0	e_12_e_77	MONDO:0004995	biolink:genetically_associated_with	MONDO:0005299	cardiovascular disorder	brain ischemia	infores:automat-robokop(primary_knowledge_source)
Q328	e0	e_13_e_78	MONDO:0004995	biolink:genetically_associated_with	MONDO:0013792	cardiovascular disorder	intracerebral hemorrhage	infores:automat-robokop(primary_knowledge_source)
Q328	e0	e_14_e_79	MONDO:0004995	biolink:genetically_associated_with	MONDO:0011057	cardiovascular disorder	cerebrovascular disorder	infores:automat-robokop(primary_knowledge_source)
Q328	e0	e_15_e_79	MONDO:0004995	biolink:genetically_associated_with	MONDO:0011057	cardiovascular disorder	cerebrovascular disorder	infores:automat-robokop(primary_knowledge_source)
Q328	e0	e_16_e_80	MONDO:0004995	biolink:genetically_associated_with	MONDO:0005252	cardiovascular disorder	heart failure	infores:automat-robokop(primary_knowledge_source)
Q328	e0	e_17_e_81	MONDO:0004995	biolink:genetically_associated_with	MONDO:0005355	cardiovascular disorder	coronary restenosis	infores:automat-robokop(primary_knowledge_source)
Q328	e0	e_18_e_82	MONDO:0004995	biolink:genetically_associated_with	MONDO:0010481	cardiovascular disorder	angioedema	infores:automat-robokop(primary_knowledge_source)
Q328	e0	e_20_e_83	MONDO:0004995	biolink:genetically_associated_with	MONDO:0005149	cardiovascular disorder	pulmonary hypertension	infores:automat-robokop(primary_knowledge_source)
Q328	e0	e_21_e_84	MONDO:0004995	biolink:genetically_associated_with	HP:0005162	cardiovascular disorder	Abnormal left ventricular function	infores:automat-robokop(primary_knowledge_source)
Q328	e0	e_22_e_85	MONDO:0004995	biolink:genetically_associated_with	MONDO:0005009	cardiovascular disorder	congestive heart failure	infores:automat-robokop(primary_knowledge_source)
Q328	e0	e_23_e_86	MONDO:0004995	biolink:genetically_associated_with	MONDO:0005068	cardiovascular disorder	myocardial infarction	infores:automat-robokop(primary_knowledge_source)
Q328	e0	e_24_e_87	MONDO:0004995	biolink:genetically_associated_with	MONDO:0004981	cardiovascular disorder	atrial fibrillation	infores:automat-robokop(primary_knowledge_source)
Q328	e0	e_25_e_71	MONDO:0004995	biolink:genetically_associated_with	MONDO:0005010	cardiovascular disorder	coronary artery disorder	infores:automat-robokop(primary_knowledge_source)
Q328	e0	e_26_e_72	MONDO:0004995	biolink:genetically_associated_with	MONDO:0005468	cardiovascular disorder	hypotension	infores:automat-robokop(primary_knowledge_source)
Q328	e0	e_27_e_88	MONDO:0004995	biolink:genetically_associated_with	MONDO:0005081	cardiovascular disorder	preeclampsia	infores:automat-robokop(primary_knowledge_source)
Q328	e0	e_29_e_87	MONDO:0004995	biolink:genetically_associated_with	MONDO:0004981	cardiovascular disorder	atrial fibrillation	infores:automat-robokop(primary_knowledge_source)
Q328	e0	e_30_e_87	MONDO:0004995	biolink:genetically_associated_with	MONDO:0004981	cardiovascular disorder	atrial fibrillation	infores:automat-robokop(primary_knowledge_source)
Q328	e0	e_31_e_89	MONDO:0004995	biolink:genetically_associated_with	MONDO:0005294	cardiovascular disorder	peripheral vascular disease	infores:automat-robokop(primary_knowledge_source)
Q328	e0	e_32_e_88	MONDO:0004995	biolink:genetically_associated_with	MONDO:0005081	cardiovascular disorder	preeclampsia	infores:automat-robokop(primary_knowledge_source)
Q328	e0	e_33_e_90	MONDO:0004995	biolink:genetically_associated_with	MONDO:0007263	cardiovascular disorder	Arrhythmia	infores:automat-robokop(primary_knowledge_source)
Q328	e0	e_34_e_71	MONDO:0004995	biolink:genetically_associated_with	MONDO:0005010	cardiovascular disorder	coronary artery disorder	infores:automat-robokop(primary_knowledge_source)
Q328	e0	e_35_e_88	MONDO:0004995	biolink:genetically_associated_with	MONDO:0005081	cardiovascular disorder	preeclampsia	infores:automat-robokop(primary_knowledge_source)
Q328	e0	e_36_e_91	MONDO:0004995	biolink:genetically_associated_with	HP:0001712	cardiovascular disorder	Left ventricular hypertrophy	infores:automat-robokop(primary_knowledge_source)
Q328	e0	e_37_e_86	MONDO:0004995	biolink:genetically_associated_with	MONDO:0005068	cardiovascular disorder	myocardial infarction	infores:automat-robokop(primary_knowledge_source)
Q328	e0	e_38_e_92	MONDO:0004995	biolink:genetically_associated_with	MONDO:0005386	cardiovascular disorder	peripheral arterial disease	infores:automat-robokop(primary_knowledge_source)
Q328	e0	e_39_e_72	MONDO:0004995	biolink:genetically_associated_with	MONDO:0005468	cardiovascular disorder	hypotension	infores:automat-robokop(primary_knowledge_source)
Q328	e0	e_40_e_79	MONDO:0004995	biolink:genetically_associated_with	MONDO:0011057	cardiovascular disorder	cerebrovascular disorder	infores:automat-robokop(primary_knowledge_source)
Q328	e0	e_41_e_93	MONDO:0004995	biolink:genetically_associated_with	MONDO:0005098	cardiovascular disorder	stroke disorder	infores:automat-robokop(primary_knowledge_source)
Q328	e0	e_42_e_77	MONDO:0004995	biolink:genetically_associated_with	MONDO:0005299	cardiovascular disorder	brain ischemia	infores:automat-robokop(primary_knowledge_source)
Q328	e0	e_43_e_94	MONDO:0004995	biolink:genetically_associated_with	UMLS:C0751956	cardiovascular disorder	Acute Stroke	infores:automat-robokop(primary_knowledge_source)
Q328	e0	e_44_e_95	MONDO:0004995	biolink:genetically_associated_with	MONDO:1030011	cardiovascular disorder	paroxysmal atrial fibrillation	infores:automat-robokop(primary_knowledge_source)
Q328	e0	e_45_e_90	MONDO:0004995	biolink:genetically_associated_with	MONDO:0007263	cardiovascular disorder	Arrhythmia	infores:automat-robokop(primary_knowledge_source)
Q328	e0	e_46_e_96	MONDO:0004995	biolink:genetically_associated_with	MONDO:0005561	cardiovascular disorder	aortic disorder	infores:automat-robokop(primary_knowledge_source)
Q328	e0	e_47_e_83	MONDO:0004995	biolink:genetically_associated_with	MONDO:0005149	cardiovascular disorder	pulmonary hypertension	infores:automat-robokop(primary_knowledge_source)
Q328	e0	e_48_e_68	MONDO:0004995	biolink:genetically_associated_with	MONDO:0005044	cardiovascular disorder	hypertension	infores:automat-robokop(primary_knowledge_source)
Q328	e0	e_49_e_68	MONDO:0004995	biolink:genetically_associated_with	MONDO:0005044	cardiovascular disorder	hypertension	infores:automat-robokop(primary_knowledge_source)
Q328	e0	e_50_e_91	MONDO:0004995	biolink:genetically_associated_with	HP:0001712	cardiovascular disorder	Left ventricular hypertrophy	infores:automat-robokop(primary_knowledge_source)
Q328	e0	e_51_e_81	MONDO:0004995	biolink:genetically_associated_with	MONDO:0005355	cardiovascular disorder	coronary restenosis	infores:automat-robokop(primary_knowledge_source)
Q328	e0	e_52_e_97	MONDO:0004995	biolink:genetically_associated_with	MONDO:0021661	cardiovascular disorder	coronary atherosclerosis	infores:automat-robokop(primary_knowledge_source)
Q328	e0	e_53_e_71	MONDO:0004995	biolink:genetically_associated_with	MONDO:0005010	cardiovascular disorder	coronary artery disorder	infores:automat-robokop(primary_knowledge_source)
Q328	e0	e_54_e_98	MONDO:0004995	biolink:genetically_associated_with	MONDO:0005267	cardiovascular disorder	heart disorder	infores:automat-robokop(primary_knowledge_source)
Q328	e0	e_55_e_99	MONDO:0004995	biolink:genetically_associated_with	MONDO:0009265	cardiovascular disorder	Gaucher disease type I	infores:automat-robokop(primary_knowledge_source)
Q328	e0	e_56_e_78	MONDO:0004995	biolink:genetically_associated_with	MONDO:0013792	cardiovascular disorder	intracerebral hemorrhage	infores:automat-robokop(primary_knowledge_source)
Q328	e0	e_57_e_70	MONDO:0004995	biolink:genetically_associated_with	MONDO:0005311	cardiovascular disorder	atherosclerosis	infores:automat-robokop(primary_knowledge_source)
Q328	e0	e_58_e_100	MONDO:0004995	biolink:genetically_associated_with	MONDO:0000831	cardiovascular disorder	thrombosis	infores:automat-robokop(primary_knowledge_source)
Q328	e0	e_59_e_68	MONDO:0004995	biolink:target_for	MONDO:0005044	cardiovascular disorder	hypertension	infores:automat-robokop(primary_knowledge_source)
Q328	e0	e_60_e_101	MONDO:0004995	biolink:target_for	MONDO:0001134	cardiovascular disorder	essential hypertension	infores:automat-robokop(primary_knowledge_source)
Q328	e0	e_61_e_85	MONDO:0004995	biolink:target_for	MONDO:0005009	cardiovascular disorder	congestive heart failure	infores:automat-robokop(primary_knowledge_source)
Q328	e0	e_62_e_93	MONDO:0004995	biolink:target_for	MONDO:0005098	cardiovascular disorder	stroke disorder	infores:automat-robokop(primary_knowledge_source)
Q328	e0	e_63_e_68	MONDO:0004995	biolink:target_for	MONDO:0005044	cardiovascular disorder	hypertension	infores:automat-robokop(primary_knowledge_source)
Q328	e0	e_64_e_80	MONDO:0004995	biolink:target_for	MONDO:0005252	cardiovascular disorder	heart failure	infores:automat-robokop(primary_knowledge_source)
Q328	e0	e_65_e_86	MONDO:0004995	biolink:target_for	MONDO:0005068	cardiovascular disorder	myocardial infarction	infores:automat-robokop(primary_knowledge_source)
Q328	e0	e_66_e_86	MONDO:0004995	biolink:target_for	MONDO:0005068	cardiovascular disorder	myocardial infarction	infores:automat-robokop(primary_knowledge_source)
Q331	e0	e_1	CHEBI:15765	biolink:contributes_to	MONDO:0011706	Levodopa	Kufor-Rakeb syndrome	infores:text-mining-provider-targeted(primary_knowledge_source);infores:automat-robokop(aggregator_knowledge_source)
Q331	e0	e_2	CHEBI:15765	biolink:contributes_to	MONDO:0009830	Levodopa	parkinsonian-pyramidal syndrome	infores:text-mining-provider-targeted(primary_knowledge_source);infores:automat-robokop(aggregator_knowledge_source)
Q331	e0	e_3	CHEBI:15765	biolink:treats_or_applied_or_studied_to_treat	MONDO:0008199	Levodopa	late-onset Parkinson disease	infores:text-mining-provider-targeted(primary_knowledge_source);infores:automat-robokop(aggregator_knowledge_source)
Q331	e0	e_4	CHEBI:15765	biolink:treats_or_applied_or_studied_to_treat	MONDO:0011706	Levodopa	Kufor-Rakeb syndrome	infores:text-mining-provider-targeted(primary_knowledge_source);infores:automat-robokop(aggregator_knowledge_source)
Q331	e0	e_5	CHEBI:15765	biolink:treats_or_applied_or_studied_to_treat	MONDO:0005180	Levodopa	Parkinson disease	infores:text-mining-provider-targeted(primary_knowledge_source);infores:automat-robokop(aggregator_knowledge_source)
Q331	e0	e_6	CHEBI:15765	biolink:treats_or_applied_or_studied_to_treat	MONDO:0005180	Levodopa	Parkinson disease	infores:ctd(primary_knowledge_source);infores:automat-robokop(aggregator_knowledge_source)
Q331	e0	e_7	CHEBI:15765	biolink:treats_or_applied_or_studied_to_treat	MONDO:0011764	Levodopa	autosomal dominant Parkinson disease 8	infores:text-mining-provider-targeted(primary_knowledge_source);infores:automat-robokop(aggregator_knowledge_source)
Q331	e0	e_8	CHEBI:15765	biolink:treats_or_applied_or_studied_to_treat	MONDO:0011613	Levodopa	autosomal recessive early-onset Parkinson disease 6	infores:ctd(primary_knowledge_source);infores:automat-robokop(aggregator_knowledge_source)
Q331	e0	e_9	CHEBI:15765	biolink:treats_or_applied_or_studied_to_treat	MONDO:0017279	Levodopa	young-onset Parkinson disease	infores:text-mining-provider-targeted(primary_knowledge_source);infores:automat-robokop(aggregator_knowledge_source)
Q331	e0	e_10	CHEBI:15765	biolink:has_adverse_event	MONDO:0005180	Levodopa	Parkinson disease	infores:faers(primary_knowledge_source);infores:drugcentral(aggregator_knowledge_source);infores:automat-robokop(aggregator_knowledge_source)
Q331	e0	e_11	CHEBI:15765	biolink:treats	MONDO:0005180	Levodopa	Parkinson disease	infores:drugcentral(primary_knowledge_source);infores:automat-robokop(aggregator_knowledge_source)
Q331	e0	e_12	CHEBI:15765	biolink:treats	MONDO:0005180	Levodopa	Parkinson disease	infores:drugmechdb(primary_knowledge_source);infores:automat-robokop(aggregator_knowledge_source)
Q331	e0	e_13	CHEBI:15765	biolink:ameliorates_condition	MONDO:0005180	Levodopa	Parkinson disease	infores:hetionet(primary_knowledge_source);infores:automat-robokop(aggregator_knowledge_source)
Q331	e0	e_14	MONDO:0011706	biolink:subclass_of	MONDO:0005180	Kufor-Rakeb syndrome	Parkinson disease	infores:ubergraph(primary_knowledge_source);infores:automat-robokop(aggregator_knowledge_source)
Q331	e0	e_15	MONDO:0009830	biolink:subclass_of	MONDO:0005180	parkinsonian-pyramidal syndrome	Parkinson disease	infores:ubergraph(primary_knowledge_source);infores:automat-robokop(aggregator_knowledge_source)
Q331	e0	e_16	MONDO:0008199	biolink:subclass_of	MONDO:0005180	late-onset Parkinson disease	Parkinson disease	infores:ubergraph(primary_knowledge_source);infores:automat-robokop(aggregator_knowledge_source)
Q331	e0	e_17	MONDO:0011764	biolink:subclass_of	MONDO:0005180	autosomal dominant Parkinson disease 8	Parkinson disease	infores:ubergraph(primary_knowledge_source);infores:automat-robokop(aggregator_knowledge_source)
Q331	e0	e_18	MONDO:0011613	biolink:subclass_of	MONDO:0005180	autosomal recessive early-onset Parkinson disease 6	Parkinson disease	infores:ubergraph(primary_knowledge_source);infores:automat-robokop(aggregator_knowledge_source)
Q331	e0	e_19	MONDO:0017279	biolink:subclass_of	MONDO:0005180	young-onset Parkinson disease	Parkinson disease	infores:ubergraph(primary_knowledge_source);infores:automat-robokop(aggregator_knowledge_source)
Q331	e0	e_1_e_14	MONDO:0005180	biolink:contributes_to	MONDO:0011706	Parkinson disease	Kufor-Rakeb syndrome	infores:automat-robokop(primary_knowledge_source)
Q331	e0	e_2_e_15	MONDO:0005180	biolink:contributes_to	MONDO:0009830	Parkinson disease	parkinsonian-pyramidal syndrome	infores:automat-robokop(primary_knowledge_source)
Q331	e0	e_3_e_16	MONDO:0005180	biolink:treats_or_applied_or_studied_to_treat	MONDO:0008199	Parkinson disease	late-onset Parkinson disease	infores:automat-robokop(primary_knowledge_source)
Q331	e0	e_4_e_14	MONDO:0005180	biolink:treats_or_applied_or_studied_to_treat	MONDO:0011706	Parkinson disease	Kufor-Rakeb syndrome	infores:automat-robokop(primary_knowledge_source)
Q331	e0	e_7_e_17	MONDO:0005180	biolink:treats_or_applied_or_studied_to_treat	MONDO:0011764	Parkinson disease	autosomal dominant Parkinson disease 8	infores:automat-robokop(primary_knowledge_source)
Q331	e0	e_8_e_18	MONDO:0005180	biolink:treats_or_applied_or_studied_to_treat	MONDO:0011613	Parkinson disease	autosomal recessive early-onset Parkinson disease 6	infores:automat-robokop(primary_knowledge_source)
Q331	e0	e_9_e_19	MONDO:0005180	biolink:treats_or_applied_or_studied_to_treat	MONDO:0017279	Parkinson disease	young-onset Parkinson disease	infores:automat-robokop(primary_knowledge_source)
Q333	e0	e_1	CHEBI:39867	biolink:contributes_to	HP:0002199	Valproic acid	Hypocalcemic seizures	infores:text-mining-provider-targeted(primary_knowledge_source);infores:automat-robokop(aggregator_knowledge_source)
Q333	e0	e_2	CHEBI:39867	biolink:contributes_to	HP:0010818	Valproic acid	Generalized tonic seizure	infores:text-mining-provider-targeted(primary_knowledge_source);infores:automat-robokop(aggregator_knowledge_source)
Q333	e0	e_3	CHEBI:39867	biolink:contributes_to	MONDO:0020074	Valproic acid	progressive myoclonus epilepsy	infores:text-mining-provider-targeted(primary_knowledge_source);infores:automat-robokop(aggregator_knowledge_source)
Q333	e0	e_4	CHEBI:39867	biolink:contributes_to	MONDO:0009698	Valproic acid	Unverricht-Lundborg syndrome	infores:ctd(primary_knowledge_source);infores:automat-robokop(aggregator_knowledge_source)
Q333	e0	e_5	CHEBI:39867	biolink:contributes_to	MONDO:0011506	Valproic acid	familial infantile myoclonic epilepsy	infores:text-mining-provider-targeted(primary_knowledge_source);infores:automat-robokop(aggregator_knowledge_source)
Q333	e0	e_6	CHEBI:39867	biolink:causes	HP:0032860	Valproic acid	Generalized non-convulsive status epilepticus without coma	infores:sider(primary_knowledge_source);infores:hetionet(aggregator_knowledge_source);infores:automat-robokop(aggregator_knowledge_source)
Q333	e0	e_7	CHEBI:39867	biolink:causes	MONDO:0010826	Valproic acid	childhood absence epilepsy	infores:sider(primary_knowledge_source);infores:hetionet(aggregator_knowledge_source);infores:automat-robokop(aggregator_knowledge_source)
Q333	e0	e_8	CHEBI:39867	biolink:treats_or_applied_or_studied_to_treat	MONDO:0018097	Valproic acid	West syndrome	infores:text-mining-provider-targeted(primary_knowledge_source);infores:automat-robokop(aggregator_knowledge_source)
Q333	e0	e_9	CHEBI:39867	biolink:treats_or_applied_or_studied_to_treat	MONDO:0009696	Valproic acid	juvenile myoclonic epilepsy	infores:text-mining-provider-targeted(primary_knowledge_source);infores:automat-robokop(aggregator_knowledge_source)
Q333	e0	e_10	CHEBI:39867	biolink:treats_or_applied_or_studied_to_treat	MONDO:0014633	Valproic acid	epilepsy with myoclonic atonic seizures	infores:text-mining-provider-targeted(primary_knowledge_source);infores:automat-robokop(aggregator_knowledge_source)
Q333	e0	e_11	CHEBI:39867	biolink:treats_or_applied_or_studied_to_treat	MONDO:0007295	Valproic acid	self-limited epilepsy with centrotemporal spikes	infores:text-mining-provider-targeted(primary_knowledge_source);infores:automat-robokop(aggregator_knowledge_source)
Q333	e0	e_12	CHEBI:39867	biolink:treats_or_applied_or_studied_to_treat	MONDO:0012407	Valproic acid	pyridoxal phosphate-responsive seizures	infores:text-mining-provider-targeted(primary_knowledge_source);infores:automat-robokop(aggregator_knowledge_source)
Q333	e0	e_13	CHEBI:39867	biolink:treats_or_applied_or_studied_to_treat	MONDO:0009341	Valproic acid	Mowat-Wilson syndrome	infores:text-mining-provider-targeted(primary_knowledge_source);infores:automat-robokop(aggregator_knowledge_source)
Q333	e0	e_14	CHEBI:39867	biolink:treats_or_applied_or_studied_to_treat	MONDO:0100024	Valproic acid	self-limited familial infantile epilepsy	infores:text-mining-provider-targeted(primary_knowledge_source);infores:automat-robokop(aggregator_knowledge_source)
Q333	e0	e_15	CHEBI:39867	biolink:treats_or_applied_or_studied_to_treat	MONDO:0017768	Valproic acid	reflex epilepsy	infores:ctd(primary_knowledge_source);infores:automat-robokop(aggregator_knowledge_source)
Q333	e0	e_16	CHEBI:39867	biolink:treats_or_applied_or_studied_to_treat	MONDO:0009697	Valproic acid	Lafora disease	infores:text-mining-provider-targeted(primary_knowledge_source);infores:automat-robokop(aggregator_knowledge_source)
Q333	e0	e_17	CHEBI:39867	biolink:treats_or_applied_or_studied_to_treat	MONDO:0005115	Valproic acid	temporal lobe epilepsy	infores:ctd(primary_knowledge_source);infores:automat-robokop(aggregator_knowledge_source)
Q333	e0	e_18	CHEBI:39867	biolink:treats_or_applied_or_studied_to_treat	MONDO:0100135	Valproic acid	Dravet syndrome	infores:text-mining-provider-targeted(primary_knowledge_source);infores:automat-robokop(aggregator_knowledge_source)
Q333	e0	e_19	CHEBI:39867	biolink:treats_or_applied_or_studied_to_treat	MONDO:0005754	Valproic acid	epilepsy with generalized tonic-clonic seizures	infores:text-mining-provider-targeted(primary_knowledge_source);infores:automat-robokop(aggregator_knowledge_source)
Q333	e0	e_20	CHEBI:39867	biolink:treats_or_applied_or_studied_to_treat	MONDO:0005579	Valproic acid	idiopathic generalized epilepsy	infores:text-mining-provider-targeted(primary_knowledge_source);infores:automat-robokop(aggregator_knowledge_source)
Q333	e0	e_21	CHEBI:39867	biolink:treats_or_applied_or_studied_to_treat	MONDO:0006710	Valproic acid	complex partial epilepsy	infores:ctd(primary_knowledge_source);infores:automat-robokop(aggregator_knowledge_source)
Q333	e0	e_22	CHEBI:39867	biolink:treats_or_applied_or_studied_to_treat	MONDO:0015643	Valproic acid	photosensitive epilepsy	infores:text-mining-provider-targeted(primary_knowledge_source);infores:automat-robokop(aggregator_knowledge_source)
Q333	e0	e_23	CHEBI:39867	biolink:treats_or_applied_or_studied_to_treat	MONDO:0016532	Valproic acid	Lennox-Gastaut syndrome	infores:text-mining-provider-targeted(primary_knowledge_source);infores:automat-robokop(aggregator_knowledge_source)
Q333	e0	e_24	CHEBI:39867	biolink:treats_or_applied_or_studied_to_treat	MONDO:0100062	Valproic acid	developmental and epileptic encephalopathy	infores:text-mining-provider-targeted(primary_knowledge_source);infores:automat-robokop(aggregator_knowledge_source)
Q333	e0	e_25	CHEBI:39867	biolink:treats_or_applied_or_studied_to_treat	MONDO:0005384	Valproic acid	focal epilepsy	infores:text-mining-provider-targeted(primary_knowledge_source);infores:automat-robokop(aggregator_knowledge_source)
Q333	e0	e_26	CHEBI:39867	biolink:treats_or_applied_or_studied_to_treat	MONDO:0016022	Valproic acid	early myoclonic encephalopathy	infores:ctd(primary_knowledge_source);infores:automat-robokop(aggregator_knowledge_source)
Q333	e0	e_27	CHEBI:39867	biolink:treats_or_applied_or_studied_to_treat	MONDO:0100033	Valproic acid	metabolic epilepsy	infores:text-mining-provider-targeted(primary_knowledge_source);infores:automat-robokop(aggregator_knowledge_source)
Q333	e0	e_28	CHEBI:39867	biolink:treats_or_applied_or_studied_to_treat	HP:0002373	Valproic acid	Febrile Seizure	infores:ctd(primary_knowledge_source);infores:automat-robokop(aggregator_knowledge_source)
Q333	e0	e_29	CHEBI:39867	biolink:treats_or_applied_or_studied_to_treat	MONDO:0043264	Valproic acid	post-traumatic epilepsy	infores:text-mining-provider-targeted(primary_knowledge_source);infores:automat-robokop(aggregator_knowledge_source)
Q333	e0	e_30	CHEBI:39867	biolink:treats_or_applied_or_studied_to_treat	MONDO:0005384	Valproic acid	focal epilepsy	infores:ctd(primary_knowledge_source);infores:automat-robokop(aggregator_knowledge_source)
Q333	e0	e_31	CHEBI:39867	biolink:treats_or_applied_or_studied_to_treat	MONDO:0017615	Valproic acid	benign familial infantile epilepsy	infores:text-mining-provider-targeted(primary_knowledge_source);infores:automat-robokop(aggregator_knowledge_source)
Q333	e0	e_32	CHEBI:39867	biolink:treats_or_applied_or_studied_to_treat	MONDO:0003290	Valproic acid	simple partial epilepsy	infores:text-mining-provider-targeted(primary_knowledge_source);infores:automat-robokop(aggregator_knowledge_source)
Q333	e0	e_33	CHEBI:39867	biolink:treats_or_applied_or_studied_to_treat	MONDO:0015650	Valproic acid	epilepsy syndrome	infores:text-mining-provider-targeted(primary_knowledge_source);infores:automat-robokop(aggregator_knowledge_source)
Q333	e0	e_34	CHEBI:39867	biolink:treats_or_applied_or_studied_to_treat	MONDO:0009698	Valproic acid	Unverricht-Lundborg syndrome	infores:text-mining-provider-targeted(primary_knowledge_source);infores:automat-robokop(aggregator_knowledge_source)
Q333	e0	e_35	CHEBI:39867	biolink:treats_or_applied_or_studied_to_treat	MONDO:0019123	Valproic acid	continuous spikes and waves during sleep	infores:text-mining-provider-targeted(primary_knowledge_source);infores:automat-robokop(aggregator_knowledge_source)
Q333	e0	e_36	CHEBI:39867	biolink:treats_or_applied_or_studied_to_treat	MONDO:0009696	Valproic acid	juvenile myoclonic epilepsy	infores:ctd(primary_knowledge_source);infores:automat-robokop(aggregator_knowledge_source)
Q333	e0	e_37	CHEBI:39867	biolink:treats_or_applied_or_studied_to_treat	MONDO:0010826	Valproic acid	childhood absence epilepsy	infores:text-mining-provider-targeted(primary_knowledge_source);infores:automat-robokop(aggregator_knowledge_source)
Q333	e0	e_38	CHEBI:39867	biolink:treats_or_applied_or_studied_to_treat	MONDO:0007295	Valproic acid	self-limited epilepsy with centrotemporal spikes	infores:ctd(primary_knowledge_source);infores:automat-robokop(aggregator_knowledge_source)
Q333	e0	e_39	CHEBI:39867	biolink:treats_or_applied_or_studied_to_treat	MONDO:0018097	Valproic acid	West syndrome	infores:ctd(primary_knowledge_source);infores:automat-robokop(aggregator_knowledge_source)
Q333	e0	e_40	CHEBI:39867	biolink:treats_or_applied_or_studied_to_treat	MONDO:0016022	Valproic acid	early myoclonic encephalopathy	infores:text-mining-provider-targeted(primary_knowledge_source);infores:automat-robokop(aggregator_knowledge_source)
Q333	e0	e_41	CHEBI:39867	biolink:treats_or_applied_or_studied_to_treat	MONDO:0005115	Valproic acid	temporal lobe epilepsy	infores:text-mining-provider-targeted(primary_knowledge_source);infores:automat-robokop(aggregator_knowledge_source)
Q333	e0	e_42	CHEBI:39867	biolink:treats_or_applied_or_studied_to_treat	MONDO:0009509	Valproic acid	Landau-Kleffner syndrome	infores:text-mining-provider-targeted(primary_knowledge_source);infores:automat-robokop(aggregator_knowledge_source)
Q333	e0	e_43	CHEBI:39867	biolink:treats_or_applied_or_studied_to_treat	MONDO:0020074	Valproic acid	progressive myoclonus epilepsy	infores:text-mining-provider-targeted(primary_knowledge_source);infores:automat-robokop(aggregator_knowledge_source)
Q333	e0	e_44	CHEBI:39867	biolink:treats_or_applied_or_studied_to_treat	HP:0007359	Valproic acid	Partial Seizure	infores:text-mining-provider-targeted(primary_knowledge_source);infores:automat-robokop(aggregator_knowledge_source)
Q333	e0	e_45	CHEBI:39867	biolink:treats_or_applied_or_studied_to_treat	HP:0002121	Valproic acid	Absence Seizure	infores:text-mining-provider-targeted(primary_knowledge_source);infores:automat-robokop(aggregator_knowledge_source)
Q333	e0	e_46	CHEBI:39867	biolink:treats_or_applied_or_studied_to_treat	MONDO:0020072	Valproic acid	childhood-onset epilepsy syndrome	infores:text-mining-provider-targeted(primary_knowledge_source);infores:automat-robokop(aggregator_knowledge_source)
Q333	e0	e_47	CHEBI:39867	biolink:treats_or_applied_or_studied_to_treat	MONDO:0005027	Valproic acid	epilepsy	infores:text-mining-provider-targeted(primary_knowledge_source);infores:automat-robokop(aggregator_knowledge_source)
Q333	e0	e_48	CHEBI:39867	biolink:has_adverse_event	MONDO:0002125	Valproic acid	status epilepticus	infores:faers(primary_knowledge_source);infores:drugcentral(aggregator_knowledge_source);infores:automat-robokop(aggregator_knowledge_source)
Q333	e0	e_49	CHEBI:39867	biolink:has_adverse_event	HP:0033053	Valproic acid	Pseudoseizure	infores:faers(primary_knowledge_source);infores:drugcentral(aggregator_knowledge_source);infores:automat-robokop(aggregator_knowledge_source)
Q333	e0	e_50	CHEBI:39867	biolink:has_adverse_event	HP:0002373	Valproic acid	Febrile Seizure	infores:faers(primary_knowledge_source);infores:drugcentral(aggregator_knowledge_source);infores:automat-robokop(aggregator_knowledge_source)
Q333	e0	e_51	CHEBI:39867	biolink:has_adverse_event	HP:0007359	Valproic acid	Partial Seizure	infores:faers(primary_knowledge_source);infores:drugcentral(aggregator_knowledge_source);infores:automat-robokop(aggregator_knowledge_source)
Q333	e0	e_52	CHEBI:39867	biolink:has_adverse_event	MONDO:0010826	Valproic acid	childhood absence epilepsy	infores:faers(primary_knowledge_source);infores:drugcentral(aggregator_knowledge_source);infores:automat-robokop(aggregator_knowledge_source)
Q333	e0	e_53	CHEBI:39867	biolink:has_adverse_event	MONDO:0016022	Valproic acid	early myoclonic encephalopathy	infores:faers(primary_knowledge_source);infores:drugcentral(aggregator_knowledge_source);infores:automat-robokop(aggregator_knowledge_source)
Q333	e0	e_54	CHEBI:39867	biolink:has_adverse_event	MONDO:0018097	Valproic acid	West syndrome	infores:faers(primary_knowledge_source);infores:drugcentral(aggregator_knowledge_source);infores:automat-robokop(aggregator_knowledge_source)
Q333	e0	e_55	CHEBI:39867	biolink:has_adverse_event	HP:0002069	Valproic acid	Bilateral tonic-clonic seizure	infores:faers(primary_knowledge_source);infores:drugcentral(aggregator_knowledge_source);infores:automat-robokop(aggregator_knowledge_source)
Q333	e0	e_56	CHEBI:39867	biolink:has_adverse_event	MONDO:0005027	Valproic acid	epilepsy	infores:faers(primary_knowledge_source);infores:drugcentral(aggregator_knowledge_source);infores:automat-robokop(aggregator_knowledge_source)
Q333	e0	e_57	CHEBI:39867	biolink:has_adverse_event	HP:0007334	Valproic acid	Bilateral tonic-clonic seizure with focal onset	infores:faers(primary_knowledge_source);infores:drugcentral(aggregator_knowledge_source);infores:automat-robokop(aggregator_knowledge_source)
Q333	e0	e_58	CHEBI:39867	biolink:has_adverse_event	HP:0010819	Valproic acid	Atonic seizure	infores:faers(primary_knowledge_source);infores:drugcentral(aggregator_knowledge_source);infores:automat-robokop(aggregator_knowledge_source)
Q333	e0	e_59	CHEBI:39867	biolink:has_adverse_event	HP:0032792	Valproic acid	Tonic seizure	infores:faers(primary_knowledge_source);infores:drugcentral(aggregator_knowledge_source);infores:automat-robokop(aggregator_knowledge_source)
Q333	e0	e_60	CHEBI:39867	biolink:has_adverse_event	HP:0020221	Valproic acid	Clonic seizure	infores:faers(primary_knowledge_source);infores:drugcentral(aggregator_knowledge_source);infores:automat-robokop(aggregator_knowledge_source)
Q333	e0	e_61	CHEBI:39867	biolink:has_adverse_event	MONDO:0006892	Valproic acid	Aura	infores:faers(primary_knowledge_source);infores:drugcentral(aggregator_knowledge_source);infores:automat-robokop(aggregator_knowledge_source)
Q333	e0	e_62	CHEBI:39867	biolink:treats	MONDO:0005027	Valproic acid	epilepsy	infores:hetionet(primary_knowledge_source);infores:automat-robokop(aggregator_knowledge_source)
Q333	e0	e_63	CHEBI:39867	biolink:treats	MONDO:0005027	Valproic acid	epilepsy	infores:drugcentral(primary_knowledge_source);infores:automat-robokop(aggregator_knowledge_source)
Q333	e0	e_64	CHEBI:39867	biolink:treats	MONDO:0010826	Valproic acid	childhood absence epilepsy	infores:drugcentral(primary_knowledge_source);infores:automat-robokop(aggregator_knowledge_source)
Q333	e0	e_65	CHEBI:39867	biolink:applied_to_treat	HP:0002349	Valproic acid	Focal aware seizure	infores:drugcentral(primary_knowledge_source);infores:automat-robokop(aggregator_knowledge_source)
Q333	e0	e_66	CHEBI:39867	biolink:applied_to_treat	MONDO:0005754	Valproic acid	epilepsy with generalized tonic-clonic seizures	infores:drugcentral(primary_knowledge_source);infores:automat-robokop(aggregator_knowledge_source)
Q333	e0	e_67	CHEBI:39867	biolink:applied_to_treat	MONDO:0005027	Valproic acid	epilepsy	infores:drugcentral(primary_knowledge_source);infores:automat-robokop(aggregator_knowledge_source)
Q333	e0	e_68	CHEBI:39867	biolink:applied_to_treat	MONDO:0016022	Valproic acid	early myoclonic encephalopathy	infores:drugcentral(primary_knowledge_source);infores:automat-robokop(aggregator_knowledge_source)
Q333	e0	e_69	HP:0002199	biolink:subclass_of	MONDO:0005027	Hypocalcemic seizures	epilepsy	infores:ubergraph(primary_knowledge_source);infores:automat-robokop(aggregator_knowledge_source)
Q333	e0	e_70	HP:0010818	biolink:subclass_of	MONDO:0005027	Generalized tonic seizure	epilepsy	infores:ubergraph(primary_knowledge_source);infores:automat-robokop(aggregator_knowledge_source)
Q333	e0	e_71	MONDO:0020074	biolink:subclass_of	MONDO:0005027	progressive myoclonus epilepsy	epilepsy	infores:ubergraph(primary_knowledge_source);infores:automat-robokop(aggregator_knowledge_source)
Q333	e0	e_72	MONDO:0009698	biolink:subclass_of	MONDO:0005027	Unverricht-Lundborg syndrome	epilepsy	infores:ubergraph(primary_knowledge_source);infores:automat-robokop(aggregator_knowledge_source)
Q333	e0	e_73	MONDO:0011506	biolink:subclass_of	MONDO:0005027	familial infantile myoclonic epilepsy	epilepsy	infores:ubergraph(primary_knowledge_source);infores:automat-robokop(aggregator_knowledge_source)
Q333	e0	e_74	HP:0032860	biolink:subclass_of	MONDO:0005027	Generalized non-convulsive status epilepticus without coma	epilepsy	infores:ubergraph(primary_knowledge_source);infores:automat-robokop(aggregator_knowledge_source)
Q333	e0	e_75	MONDO:0010826	biolink:subclass_of	MONDO:0005027	childhood absence epilepsy	epilepsy	infores:ubergraph(primary_knowledge_source);infores:automat-robokop(aggregator_knowledge_source)
Q333	e0	e_76	MONDO:0018097	biolink:subclass_of	MONDO:0005027	West syndrome	epilepsy	infores:ubergraph(primary_knowledge_source);infores:automat-robokop(aggregator_knowledge_source)
Q333	e0	e_77	MONDO:0009696	biolink:subclass_of	MONDO:0005027	juvenile myoclonic epilepsy	epilepsy	infores:ubergraph(primary_knowledge_source);infores:automat-robokop(aggregator_knowledge_source)
Q333	e0	e_78	MONDO:0014633	biolink:subclass_of	MONDO:0005027	epilepsy with myoclonic atonic seizures	epilepsy	infores:ubergraph(primary_knowledge_source);infores:automat-robokop(aggregator_knowledge_source)
Q333	e0	e_79	MONDO:0007295	biolink:subclass_of	MONDO:0005027	self-limited epilepsy with centrotemporal spikes	epilepsy	infores:ubergraph(primary_knowledge_source);infores:automat-robokop(aggregator_knowledge_source)
Q333	e0	e_80	MONDO:0012407	biolink:subclass_of	MONDO:0005027	pyridoxal phosphate-responsive seizures	epilepsy	infores:ubergraph(primary_knowledge_source);infores:automat-robokop(aggregator_knowledge_source)
Q333	e0	e_81	MONDO:0009341	biolink:subclass_of	MONDO:0005027	Mowat-Wilson syndrome	epilepsy	infores:ubergraph(primary_knowledge_source);infores:automat-robokop(aggregator_knowledge_source)
Q333	e0	e_82	MONDO:0100024	biolink:subclass_of	MONDO:0005027	self-limited familial infantile epilepsy	epilepsy	infores:ubergraph(primary_knowledge_source);infores:automat-robokop(aggregator_knowledge_source)
Q333	e0	e_83	MONDO:0017768	biolink:subclass_of	MONDO:0005027	reflex epilepsy	epilepsy	infores:ubergraph(primary_knowledge_source);infores:automat-robokop(aggregator_knowledge_source)
Q333	e0	e_84	MONDO:0009697	biolink:subclass_of	MONDO:0005027	Lafora disease	epilepsy	infores:ubergraph(primary_knowledge_source);infores:automat-robokop(aggregator_knowledge_source)
Q333	e0	e_85	MONDO:0005115	biolink:subclass_of	MONDO:0005027	temporal lobe epilepsy	epilepsy	infores:ubergraph(primary_knowledge_source);infores:automat-robokop(aggregator_knowledge_source)
Q333	e0	e_86	MONDO:0100135	biolink:subclass_of	MONDO:0005027	Dravet syndrome	epilepsy	infores:ubergraph(primary_knowledge_source);infores:automat-robokop(aggregator_knowledge_source)
Q333	e0	e_87	MONDO:0005754	biolink:subclass_of	MONDO:0005027	epilepsy with generalized tonic-clonic seizures	epilepsy	infores:ubergraph(primary_knowledge_source);infores:automat-robokop(aggregator_knowledge_source)
Q333	e0	e_88	MONDO:0005579	biolink:subclass_of	MONDO:0005027	idiopathic generalized epilepsy	epilepsy	infores:ubergraph(primary_knowledge_source);infores:automat-robokop(aggregator_knowledge_source)
Q333	e0	e_89	MONDO:0006710	biolink:subclass_of	MONDO:0005027	complex partial epilepsy	epilepsy	infores:ubergraph(primary_knowledge_source);infores:automat-robokop(aggregator_knowledge_source)
Q333	e0	e_90	MONDO:0015643	biolink:subclass_of	MONDO:0005027	photosensitive epilepsy	epilepsy	infores:ubergraph(primary_knowledge_source);infores:automat-robokop(aggregator_knowledge_source)
Q333	e0	e_91	MONDO:0016532	biolink:subclass_of	MONDO:0005027	Lennox-Gastaut syndrome	epilepsy	infores:ubergraph(primary_knowledge_source);infores:automat-robokop(aggregator_knowledge_source)
Q333	e0	e_92	MONDO:0100062	biolink:subclass_of	MONDO:0005027	developmental and epileptic encephalopathy	epilepsy	infores:ubergraph(primary_knowledge_source);infores:automat-robokop(aggregator_knowledge_source)
Q333	e0	e_93	MONDO:0005384	biolink:subclass_of	MONDO:0005027	focal epilepsy	epilepsy	infores:ubergraph(primary_knowledge_source);infores:automat-robokop(aggregator_knowledge_source)
Q333	e0	e_94	MONDO:0016022	biolink:subclass_of	MONDO:0005027	early myoclonic encephalopathy	epilepsy	infores:ubergraph(primary_knowledge_source);infores:automat-robokop(aggregator_knowledge_source)
Q333	e0	e_95	MONDO:0100033	biolink:subclass_of	MONDO:0005027	metabolic epilepsy	epilepsy	infores:ubergraph(primary_knowledge_source);infores:automat-robokop(aggregator_knowledge_source)
Q333	e0	e_96	HP:0002373	biolink:subclass_of	MONDO:0005027	Febrile Seizure	epilepsy	infores:ubergraph(primary_knowledge_source);infores:automat-robokop(aggregator_knowledge_source)
Q333	e0	e_97	MONDO:0043264	biolink:subclass_of	MONDO:0005027	post-traumatic epilepsy	epilepsy	infores:ubergraph(primary_knowledge_source);infores:automat-robokop(aggregator_knowledge_source)
Q333	e0	e_98	MONDO:0017615	biolink:subclass_of	MONDO:0005027	benign familial infantile epilepsy	epilepsy	infores:ubergraph(primary_knowledge_source);infores:automat-robokop(aggregator_knowledge_source)
Q333	e0	e_99	MONDO:0003290	biolink:subclass_of	MONDO:0005027	simple partial epilepsy	epilepsy	infores:ubergraph(primary_knowledge_source);infores:automat-robokop(aggregator_knowledge_source)
Q333	e0	e_100	MONDO:0015650	biolink:subclass_of	MONDO:0005027	epilepsy syndrome	epilepsy	infores:ubergraph(primary_knowledge_source);infores:automat-robokop(aggregator_knowledge_source)
Q333	e0	e_101	MONDO:0019123	biolink:subclass_of	MONDO:0005027	continuous spikes and waves during sleep	epilepsy	infores:ubergraph(primary_knowledge_source);infores:automat-robokop(aggregator_knowledge_source)
Q333	e0	e_102	MONDO:0009509	biolink:subclass_of	MONDO:0005027	Landau-Kleffner syndrome	epilepsy	infores:ubergraph(primary_knowledge_source);infores:automat-robokop(aggregator_knowledge_source)
Q333	e0	e_103	HP:0007359	biolink:subclass_of	MONDO:0005027	Partial Seizure	epilepsy	infores:ubergraph(primary_knowledge_source);infores:automat-robokop(aggregator_knowledge_source)
Q333	e0	e_104	HP:0002121	biolink:subclass_of	MONDO:0005027	Absence Seizure	epilepsy	infores:ubergraph(primary_knowledge_source);infores:automat-robokop(aggregator_knowledge_source)
Q333	e0	e_105	MONDO:0020072	biolink:subclass_of	MONDO:0005027	childhood-onset epilepsy syndrome	epilepsy	infores:ubergraph(primary_knowledge_source);infores:automat-robokop(aggregator_knowledge_source)
Q333	e0	e_106	MONDO:0002125	biolink:subclass_of	MONDO:0005027	status epilepticus	epilepsy	infores:ubergraph(primary_knowledge_source);infores:automat-robokop(aggregator_knowledge_source)
Q333	e0	e_107	HP:0033053	biolink:subclass_of	MONDO:0005027	Pseudoseizure	epilepsy	infores:ubergraph(primary_knowledge_source);infores:automat-robokop(aggregator_knowledge_source)
Q333	e0	e_108	HP:0002069	biolink:subclass_of	MONDO:0005027	Bilateral tonic-clonic seizure	epilepsy	infores:ubergraph(primary_knowledge_source);infores:automat-robokop(aggregator_knowledge_source)
Q333	e0	e_109	HP:0007334	biolink:subclass_of	MONDO:0005027	Bilateral tonic-clonic seizure with focal onset	epilepsy	infores:ubergraph(primary_knowledge_source);infores:automat-robokop(aggregator_knowledge_source)
Q333	e0	e_110	HP:0010819	biolink:subclass_of	MONDO:0005027	Atonic seizure	epilepsy	infores:ubergraph(primary_knowledge_source);infores:automat-robokop(aggregator_knowledge_source)
Q333	e0	e_111	HP:0032792	biolink:subclass_of	MONDO:0005027	Tonic seizure	epilepsy	infores:ubergraph(primary_knowledge_source);infores:automat-robokop(aggregator_knowledge_source)
Q333	e0	e_112	HP:0020221	biolink:subclass_of	MONDO:0005027	Clonic seizure	epilepsy	infores:ubergraph(primary_knowledge_source);infores:automat-robokop(aggregator_knowledge_source)
Q333	e0	e_113	MONDO:0006892	biolink:subclass_of	MONDO:0005027	Aura	epilepsy	infores:ubergraph(primary_knowledge_source);infores:automat-robokop(aggregator_knowledge_source)
Q333	e0	e_114	HP:0002349	biolink:subclass_of	MONDO:0005027	Focal aware seizure	epilepsy	infores:ubergraph(primary_knowledge_source);infores:automat-robokop(aggregator_knowledge_source)
Q333	e0	e_1_e_69	MONDO:0005027	biolink:contributes_to	HP:0002199	epilepsy	Hypocalcemic seizures	infores:automat-robokop(primary_knowledge_source)
Q333	e0	e_2_e_70	MONDO:0005027	biolink:contributes_to	HP:0010818	epilepsy	Generalized tonic seizure	infores:automat-robokop(primary_knowledge_source)
Q333	e0	e_3_e_71	MONDO:0005027	biolink:contributes_to	MONDO:0020074	epilepsy	progressive myoclonus epilepsy	infores:automat-robokop(primary_knowledge_source)
Q333	e0	e_4_e_72	MONDO:0005027	biolink:contributes_to	MONDO:0009698	epilepsy	Unverricht-Lundborg syndrome	infores:automat-robokop(primary_knowledge_source)
Q333	e0	e_5_e_73	MONDO:0005027	biolink:contributes_to	MONDO:0011506	epilepsy	familial infantile myoclonic epilepsy	infores:automat-robokop(primary_knowledge_source)
Q333	e0	e_6_e_74	MONDO:0005027	biolink:causes	HP:0032860	epilepsy	Generalized non-convulsive status epilepticus without coma	infores:automat-robokop(primary_knowledge_source)
Q333	e0	e_7_e_75	MONDO:0005027	biolink:causes	MONDO:0010826	epilepsy	childhood absence epilepsy	infores:automat-robokop(primary_knowledge_source)
Q333	e0	e_8_e_76	MONDO:0005027	biolink:treats_or_applied_or_studied_to_treat	MONDO:0018097	epilepsy	West syndrome	infores:automat-robokop(primary_knowledge_source)
Q333	e0	e_9_e_77	MONDO:0005027	biolink:treats_or_applied_or_studied_to_treat	MONDO:0009696	epilepsy	juvenile myoclonic epilepsy	infores:automat-robokop(primary_knowledge_source)
Q333	e0	e_10_e_78	MONDO:0005027	biolink:treats_or_applied_or_studied_to_treat	MONDO:0014633	epilepsy	epilepsy with myoclonic atonic seizures	infores:automat-robokop(primary_knowledge_source)
Q333	e0	e_11_e_79	MONDO:0005027	biolink:treats_or_applied_or_studied_to_treat	MONDO:0007295	epilepsy	self-limited epilepsy with centrotemporal spikes	infores:automat-robokop(primary_knowledge_source)
Q333	e0	e_12_e_80	MONDO:0005027	biolink:treats_or_applied_or_studied_to_treat	MONDO:0012407	epilepsy	pyridoxal phosphate-responsive seizures	infores:automat-robokop(primary_knowledge_source)
Q333	e0	e_13_e_81	MONDO:0005027	biolink:treats_or_applied_or_studied_to_treat	MONDO:0009341	epilepsy	Mowat-Wilson syndrome	infores:automat-robokop(primary_knowledge_source)
Q333	e0	e_14_e_82	MONDO:0005027	biolink:treats_or_applied_or_studied_to_treat	MONDO:0100024	epilepsy	self-limited familial infantile epilepsy	infores:automat-robokop(primary_knowledge_source)
Q333	e0	e_15_e_83	MONDO:0005027	biolink:treats_or_applied_or_studied_to_treat	MONDO:0017768	epilepsy	reflex epilepsy	infores:automat-robokop(primary_knowledge_source)
Q333	e0	e_16_e_84	MONDO:0005027	biolink:treats_or_applied_or_studied_to_treat	MONDO:0009697	epilepsy	Lafora disease	infores:automat-robokop(primary_knowledge_source)
Q333	e0	e_17_e_85	MONDO:0005027	biolink:treats_or_applied_or_studied_to_treat	MONDO:0005115	epilepsy	temporal lobe epilepsy	infores:automat-robokop(primary_knowledge_source)
Q333	e0	e_18_e_86	MONDO:0005027	biolink:treats_or_applied_or_studied_to_treat	MONDO:0100135	epilepsy	Dravet syndrome	infores:automat-robokop(primary_knowledge_source)
Q333	e0	e_19_e_87	MONDO:0005027	biolink:treats_or_applied_or_studied_to_treat	MONDO:0005754	epilepsy	epilepsy with generalized tonic-clonic seizures	infores:automat-robokop(primary_knowledge_source)
Q333	e0	e_20_e_88	MONDO:0005027	biolink:treats_or_applied_or_studied_to_treat	MONDO:0005579	epilepsy	idiopathic generalized epilepsy	infores:automat-robokop(primary_knowledge_source)
Q333	e0	e_21_e_89	MONDO:0005027	biolink:treats_or_applied_or_studied_to_treat	MONDO:0006710	epilepsy	complex partial epilepsy	infores:automat-robokop(primary_knowledge_source)
Q333	e0	e_22_e_90	MONDO:0005027	biolink:treats_or_applied_or_studied_to_treat	MONDO:0015643	epilepsy	photosensitive epilepsy	infores:automat-robokop(primary_knowledge_source)
Q333	e0	e_23_e_91	MONDO:0005027	biolink:treats_or_applied_or_studied_to_treat	MONDO:0016532	epilepsy	Lennox-Gastaut syndrome	infores:automat-robokop(primary_knowledge_source)
Q333	e0	e_24_e_92	MONDO:0005027	biolink:treats_or_applied_or_studied_to_treat	MONDO:0100062	epilepsy	developmental and epileptic encephalopathy	infores:automat-robokop(primary_knowledge_source)
Q333	e0	e_25_e_93	MONDO:0005027	biolink:treats_or_applied_or_studied_to_treat	MONDO:0005384	epilepsy	focal epilepsy	infores:automat-robokop(primary_knowledge_source)
Q333	e0	e_26_e_94	MONDO:0005027	biolink:treats_or_applied_or_studied_to_treat	MONDO:0016022	epilepsy	early myoclonic encephalopathy	infores:automat-robokop(primary_knowledge_source)
Q333	e0	e_27_e_95	MONDO:0005027	biolink:treats_or_applied_or_studied_to_treat	MONDO:0100033	epilepsy	metabolic epilepsy	infores:automat-robokop(primary_knowledge_source)
Q333	e0	e_28_e_96	MONDO:0005027	biolink:treats_or_applied_or_studied_to_treat	HP:0002373	epilepsy	Febrile Seizure	infores:automat-robokop(primary_knowledge_source)
Q333	e0	e_29_e_97	MONDO:0005027	biolink:treats_or_applied_or_studied_to_treat	MONDO:0043264	epilepsy	post-traumatic epilepsy	infores:automat-robokop(primary_knowledge_source)
Q333	e0	e_30_e_93	MONDO:0005027	biolink:treats_or_applied_or_studied_to_treat	MONDO:0005384	epilepsy	focal epilepsy	infores:automat-robokop(primary_knowledge_source)
Q333	e0	e_31_e_98	MONDO:0005027	biolink:treats_or_applied_or_studied_to_treat	MONDO:0017615	epilepsy	benign familial infantile epilepsy	infores:automat-robokop(primary_knowledge_source)
Q333	e0	e_32_e_99	MONDO:0005027	biolink:treats_or_applied_or_studied_to_treat	MONDO:0003290	epilepsy	simple partial epilepsy	infores:automat-robokop(primary_knowledge_source)
Q333	e0	e_33_e_100	MONDO:0005027	biolink:treats_or_applied_or_studied_to_treat	MONDO:0015650	epilepsy	epilepsy syndrome	infores:automat-robokop(primary_knowledge_source)
Q333	e0	e_34_e_72	MONDO:0005027	biolink:treats_or_applied_or_studied_to_treat	MONDO:0009698	epilepsy	Unverricht-Lundborg syndrome	infores:automat-robokop(primary_knowledge_source)
Q333	e0	e_35_e_101	MONDO:0005027	biolink:treats_or_applied_or_studied_to_treat	MONDO:0019123	epilepsy	continuous spikes and waves during sleep	infores:automat-robokop(primary_knowledge_source)
Q333	e0	e_36_e_77	MONDO:0005027	biolink:treats_or_applied_or_studied_to_treat	MONDO:0009696	epilepsy	juvenile myoclonic epilepsy	infores:automat-robokop(primary_knowledge_source)
Q333	e0	e_37_e_75	MONDO:0005027	biolink:treats_or_applied_or_studied_to_treat	MONDO:0010826	epilepsy	childhood absence epilepsy	infores:automat-robokop(primary_knowledge_source)
Q333	e0	e_38_e_79	MONDO:0005027	biolink:treats_or_applied_or_studied_to_treat	MONDO:0007295	epilepsy	self-limited epilepsy with centrotemporal spikes	infores:automat-robokop(primary_knowledge_source)
Q333	e0	e_39_e_76	MONDO:0005027	biolink:treats_or_applied_or_studied_to_treat	MONDO:0018097	epilepsy	West syndrome	infores:automat-robokop(primary_knowledge_source)
Q333	e0	e_40_e_94	MONDO:0005027	biolink:treats_or_applied_or_studied_to_treat	MONDO:0016022	epilepsy	early myoclonic encephalopathy	infores:automat-robokop(primary_knowledge_source)
Q333	e0	e_41_e_85	MONDO:0005027	biolink:treats_or_applied_or_studied_to_treat	MONDO:0005115	epilepsy	temporal lobe epilepsy	infores:automat-robokop(primary_knowledge_source)
Q333	e0	e_42_e_102	MONDO:0005027	biolink:treats_or_applied_or_studied_to_treat	MONDO:0009509	epilepsy	Landau-Kleffner syndrome	infores:automat-robokop(primary_knowledge_source)
Q333	e0	e_43_e_71	MONDO:0005027	biolink:treats_or_applied_or_studied_to_treat	MONDO:0020074	epilepsy	progressive myoclonus epilepsy	infores:automat-robokop(primary_knowledge_source)
Q333	e0	e_44_e_103	MONDO:0005027	biolink:treats_or_applied_or_studied_to_treat	HP:0007359	epilepsy	Partial Seizure	infores:automat-robokop(primary_knowledge_source)
Q333	e0	e_45_e_104	MONDO:0005027	biolink:treats_or_applied_or_studied_to_treat	HP:0002121	epilepsy	Absence Seizure	infores:automat-robokop(primary_knowledge_source)
Q333	e0	e_46_e_105	MONDO:0005027	biolink:treats_or_applied_or_studied_to_treat	MONDO:0020072	epilepsy	childhood-onset epilepsy syndrome	infores:automat-robokop(primary_knowledge_source)
Q333	e0	e_48_e_106	MONDO:0005027	biolink:has_adverse_event	MONDO:0002125	epilepsy	status epilepticus	infores:automat-robokop(primary_knowledge_source)
Q333	e0	e_49_e_107	MONDO:0005027	biolink:has_adverse_event	HP:0033053	epilepsy	Pseudoseizure	infores:automat-robokop(primary_knowledge_source)
Q333	e0	e_50_e_96	MONDO:0005027	biolink:has_adverse_event	HP:0002373	epilepsy	Febrile Seizure	infores:automat-robokop(primary_knowledge_source)
Q333	e0	e_51_e_103	MONDO:0005027	biolink:has_adverse_event	HP:0007359	epilepsy	Partial Seizure	infores:automat-robokop(primary_knowledge_source)
Q333	e0	e_52_e_75	MONDO:0005027	biolink:has_adverse_event	MONDO:0010826	epilepsy	childhood absence epilepsy	infores:automat-robokop(primary_knowledge_source)
Q333	e0	e_53_e_94	MONDO:0005027	biolink:has_adverse_event	MONDO:0016022	epilepsy	early myoclonic encephalopathy	infores:automat-robokop(primary_knowledge_source)
Q333	e0	e_54_e_76	MONDO:0005027	biolink:has_adverse_event	MONDO:0018097	epilepsy	West syndrome	infores:automat-robokop(primary_knowledge_source)
Q333	e0	e_55_e_108	MONDO:0005027	biolink:has_adverse_event	HP:0002069	epilepsy	Bilateral tonic-clonic seizure	infores:automat-robokop(primary_knowledge_source)
Q333	e0	e_57_e_109	MONDO:0005027	biolink:has_adverse_event	HP:0007334	epilepsy	Bilateral tonic-clonic seizure with focal onset	infores:automat-robokop(primary_knowledge_source)
Q333	e0	e_58_e_110	MONDO:0005027	biolink:has_adverse_event	HP:0010819	epilepsy	Atonic seizure	infores:automat-robokop(primary_knowledge_source)
Q333	e0	e_59_e_111	MONDO:0005027	biolink:has_adverse_event	HP:0032792	epilepsy	Tonic seizure	infores:automat-robokop(primary_knowledge_source)
Q333	e0	e_60_e_112	MONDO:0005027	biolink:has_adverse_event	HP:0020221	epilepsy	Clonic seizure	infores:automat-robokop(primary_knowledge_source)
Q333	e0	e_61_e_113	MONDO:0005027	biolink:has_adverse_event	MONDO:0006892	epilepsy	Aura	infores:automat-robokop(primary_knowledge_source)
Q333	e0	e_64_e_75	MONDO:0005027	biolink:treats	MONDO:0010826	epilepsy	childhood absence epilepsy	infores:automat-robokop(primary_knowledge_source)
Q333	e0	e_65_e_114	MONDO:0005027	biolink:applied_to_treat	HP:0002349	epilepsy	Focal aware seizure	infores:automat-robokop(primary_knowledge_source)
Q333	e0	e_66_e_87	MONDO:0005027	biolink:applied_to_treat	MONDO:0005754	epilepsy	epilepsy with generalized tonic-clonic seizures	infores:automat-robokop(primary_knowledge_source)
Q333	e0	e_68_e_94	MONDO:0005027	biolink:applied_to_treat	MONDO:0016022	epilepsy	early myoclonic encephalopathy	infores:automat-robokop(primary_knowledge_source)
Q334	e0	e_1	CHEBI:3387	biolink:contributes_to	MONDO:0007295	Carbamazepine	self-limited epilepsy with centrotemporal spikes	infores:text-mining-provider-targeted(primary_knowledge_source);infores:automat-robokop(aggregator_knowledge_source)
Q334	e0	e_2	CHEBI:3387	biolink:contributes_to	MONDO:0015650	Carbamazepine	epilepsy syndrome	infores:text-mining-provider-targeted(primary_knowledge_source);infores:automat-robokop(aggregator_knowledge_source)
Q334	e0	e_3	CHEBI:3387	biolink:contributes_to	HP:0007270	Carbamazepine	Atypical absence seizure	infores:text-mining-provider-targeted(primary_knowledge_source);infores:automat-robokop(aggregator_knowledge_source)
Q334	e0	e_4	CHEBI:3387	biolink:contributes_to	MONDO:0009696	Carbamazepine	juvenile myoclonic epilepsy	infores:text-mining-provider-targeted(primary_knowledge_source);infores:automat-robokop(aggregator_knowledge_source)
Q334	e0	e_5	CHEBI:3387	biolink:contributes_to	MONDO:0016532	Carbamazepine	Lennox-Gastaut syndrome	infores:text-mining-provider-targeted(primary_knowledge_source);infores:automat-robokop(aggregator_knowledge_source)
Q334	e0	e_6	CHEBI:3387	biolink:contributes_to	MONDO:0010826	Carbamazepine	childhood absence epilepsy	infores:ctd(primary_knowledge_source);infores:automat-robokop(aggregator_knowledge_source)
Q334	e0	e_7	CHEBI:3387	biolink:contributes_to	MONDO:0009509	Carbamazepine	Landau-Kleffner syndrome	infores:text-mining-provider-targeted(primary_knowledge_source);infores:automat-robokop(aggregator_knowledge_source)
Q334	e0	e_8	CHEBI:3387	biolink:contributes_to	MONDO:0018097	Carbamazepine	West syndrome	infores:text-mining-provider-targeted(primary_knowledge_source);infores:automat-robokop(aggregator_knowledge_source)
Q334	e0	e_9	CHEBI:3387	biolink:contributes_to	MONDO:0020307	Carbamazepine	self-limited epilepsy with autonomic seizures	infores:text-mining-provider-targeted(primary_knowledge_source);infores:automat-robokop(aggregator_knowledge_source)
Q334	e0	e_10	CHEBI:3387	biolink:causes	MONDO:0005027	Carbamazepine	epilepsy	infores:sider(primary_knowledge_source);infores:hetionet(aggregator_knowledge_source);infores:automat-robokop(aggregator_knowledge_source)
Q334	e0	e_11	CHEBI:3387	biolink:causes	HP:0020219	Carbamazepine	Motor seizure	infores:sider(primary_knowledge_source);infores:hetionet(aggregator_knowledge_source);infores:automat-robokop(aggregator_knowledge_source)
Q334	e0	e_12	CHEBI:3387	biolink:treats_or_applied_or_studied_to_treat	MONDO:0016027	Carbamazepine	benign neonatal seizures	infores:text-mining-provider-targeted(primary_knowledge_source);infores:automat-robokop(aggregator_knowledge_source)
Q334	e0	e_13	CHEBI:3387	biolink:treats_or_applied_or_studied_to_treat	MONDO:0018097	Carbamazepine	West syndrome	infores:text-mining-provider-targeted(primary_knowledge_source);infores:automat-robokop(aggregator_knowledge_source)
Q334	e0	e_14	CHEBI:3387	biolink:treats_or_applied_or_studied_to_treat	MONDO:0003290	Carbamazepine	simple partial epilepsy	infores:text-mining-provider-targeted(primary_knowledge_source);infores:automat-robokop(aggregator_knowledge_source)
Q334	e0	e_15	CHEBI:3387	biolink:treats_or_applied_or_studied_to_treat	MONDO:0020300	Carbamazepine	autosomal dominant nocturnal frontal lobe epilepsy	infores:text-mining-provider-targeted(primary_knowledge_source);infores:automat-robokop(aggregator_knowledge_source)
Q334	e0	e_16	CHEBI:3387	biolink:treats_or_applied_or_studied_to_treat	MONDO:0005384	Carbamazepine	focal epilepsy	infores:ctd(primary_knowledge_source);infores:automat-robokop(aggregator_knowledge_source)
Q334	e0	e_17	CHEBI:3387	biolink:treats_or_applied_or_studied_to_treat	MONDO:0019448	Carbamazepine	benign adult familial myoclonic epilepsy	infores:text-mining-provider-targeted(primary_knowledge_source);infores:automat-robokop(aggregator_knowledge_source)
Q334	e0	e_18	CHEBI:3387	biolink:treats_or_applied_or_studied_to_treat	MONDO:0005027	Carbamazepine	epilepsy	infores:ctd(primary_knowledge_source);infores:automat-robokop(aggregator_knowledge_source)
Q334	e0	e_19	CHEBI:3387	biolink:treats_or_applied_or_studied_to_treat	MONDO:0100024	Carbamazepine	self-limited familial infantile epilepsy	infores:text-mining-provider-targeted(primary_knowledge_source);infores:automat-robokop(aggregator_knowledge_source)
Q334	e0	e_20	CHEBI:3387	biolink:treats_or_applied_or_studied_to_treat	MONDO:0020307	Carbamazepine	self-limited epilepsy with autonomic seizures	infores:text-mining-provider-targeted(primary_knowledge_source);infores:automat-robokop(aggregator_knowledge_source)
Q334	e0	e_21	CHEBI:3387	biolink:treats_or_applied_or_studied_to_treat	MONDO:0016532	Carbamazepine	Lennox-Gastaut syndrome	infores:text-mining-provider-targeted(primary_knowledge_source);infores:automat-robokop(aggregator_knowledge_source)
Q334	e0	e_22	CHEBI:3387	biolink:treats_or_applied_or_studied_to_treat	MONDO:0100574	Carbamazepine	generalized epilepsy	infores:ctd(primary_knowledge_source);infores:automat-robokop(aggregator_knowledge_source)
Q334	e0	e_23	CHEBI:3387	biolink:treats_or_applied_or_studied_to_treat	MONDO:0005384	Carbamazepine	focal epilepsy	infores:text-mining-provider-targeted(primary_knowledge_source);infores:automat-robokop(aggregator_knowledge_source)
Q334	e0	e_24	CHEBI:3387	biolink:treats_or_applied_or_studied_to_treat	MONDO:0005579	Carbamazepine	idiopathic generalized epilepsy	infores:text-mining-provider-targeted(primary_knowledge_source);infores:automat-robokop(aggregator_knowledge_source)
Q334	e0	e_25	CHEBI:3387	biolink:treats_or_applied_or_studied_to_treat	MONDO:0006710	Carbamazepine	complex partial epilepsy	infores:ctd(primary_knowledge_source);infores:automat-robokop(aggregator_knowledge_source)
Q334	e0	e_26	CHEBI:3387	biolink:treats_or_applied_or_studied_to_treat	MONDO:0006710	Carbamazepine	complex partial epilepsy	infores:text-mining-provider-targeted(primary_knowledge_source);infores:automat-robokop(aggregator_knowledge_source)
Q334	e0	e_27	CHEBI:3387	biolink:treats_or_applied_or_studied_to_treat	MONDO:0010826	Carbamazepine	childhood absence epilepsy	infores:text-mining-provider-targeted(primary_knowledge_source);infores:automat-robokop(aggregator_knowledge_source)
Q334	e0	e_28	CHEBI:3387	biolink:treats_or_applied_or_studied_to_treat	MONDO:0020476	Carbamazepine	mesial temporal lobe epilepsy with hippocampal sclerosis	infores:text-mining-provider-targeted(primary_knowledge_source);infores:automat-robokop(aggregator_knowledge_source)
Q334	e0	e_29	CHEBI:3387	biolink:treats_or_applied_or_studied_to_treat	MONDO:0005115	Carbamazepine	temporal lobe epilepsy	infores:ctd(primary_knowledge_source);infores:automat-robokop(aggregator_knowledge_source)
Q334	e0	e_30	CHEBI:3387	biolink:treats_or_applied_or_studied_to_treat	MONDO:0100062	Carbamazepine	developmental and epileptic encephalopathy	infores:text-mining-provider-targeted(primary_knowledge_source);infores:automat-robokop(aggregator_knowledge_source)
Q334	e0	e_31	CHEBI:3387	biolink:treats_or_applied_or_studied_to_treat	MONDO:0009696	Carbamazepine	juvenile myoclonic epilepsy	infores:text-mining-provider-targeted(primary_knowledge_source);infores:automat-robokop(aggregator_knowledge_source)
Q334	e0	e_32	CHEBI:3387	biolink:treats_or_applied_or_studied_to_treat	MONDO:0850416	Carbamazepine	autoimmune epilepsy	infores:text-mining-provider-targeted(primary_knowledge_source);infores:automat-robokop(aggregator_knowledge_source)
Q334	e0	e_33	CHEBI:3387	biolink:treats_or_applied_or_studied_to_treat	MONDO:0005027	Carbamazepine	epilepsy	infores:text-mining-provider-targeted(primary_knowledge_source);infores:automat-robokop(aggregator_knowledge_source)
Q334	e0	e_34	CHEBI:3387	biolink:treats_or_applied_or_studied_to_treat	MONDO:0009509	Carbamazepine	Landau-Kleffner syndrome	infores:text-mining-provider-targeted(primary_knowledge_source);infores:automat-robokop(aggregator_knowledge_source)
Q334	e0	e_35	CHEBI:3387	biolink:treats_or_applied_or_studied_to_treat	MONDO:0007295	Carbamazepine	self-limited epilepsy with centrotemporal spikes	infores:text-mining-provider-targeted(primary_knowledge_source);infores:automat-robokop(aggregator_knowledge_source)
Q334	e0	e_36	CHEBI:3387	biolink:treats_or_applied_or_studied_to_treat	MONDO:0000030	Carbamazepine	sleep-related hypermotor epilepsy	infores:text-mining-provider-targeted(primary_knowledge_source);infores:automat-robokop(aggregator_knowledge_source)
Q334	e0	e_37	CHEBI:3387	biolink:treats_or_applied_or_studied_to_treat	MONDO:0007295	Carbamazepine	self-limited epilepsy with centrotemporal spikes	infores:ctd(primary_knowledge_source);infores:automat-robokop(aggregator_knowledge_source)
Q334	e0	e_38	CHEBI:3387	biolink:treats_or_applied_or_studied_to_treat	MONDO:0011178	Carbamazepine	infantile convulsions and choreoathetosis	infores:text-mining-provider-targeted(primary_knowledge_source);infores:automat-robokop(aggregator_knowledge_source)
Q334	e0	e_39	CHEBI:3387	biolink:treats_or_applied_or_studied_to_treat	MONDO:0100135	Carbamazepine	Dravet syndrome	infores:text-mining-provider-targeted(primary_knowledge_source);infores:automat-robokop(aggregator_knowledge_source)
Q334	e0	e_40	CHEBI:3387	biolink:treats_or_applied_or_studied_to_treat	MONDO:0100035	Carbamazepine	structural epilepsy	infores:text-mining-provider-targeted(primary_knowledge_source);infores:automat-robokop(aggregator_knowledge_source)
Q334	e0	e_41	CHEBI:3387	biolink:treats_or_applied_or_studied_to_treat	MONDO:0017615	Carbamazepine	benign familial infantile epilepsy	infores:text-mining-provider-targeted(primary_knowledge_source);infores:automat-robokop(aggregator_knowledge_source)
Q334	e0	e_42	CHEBI:3387	biolink:treats_or_applied_or_studied_to_treat	MONDO:0015650	Carbamazepine	epilepsy syndrome	infores:text-mining-provider-targeted(primary_knowledge_source);infores:automat-robokop(aggregator_knowledge_source)
Q334	e0	e_43	CHEBI:3387	biolink:treats_or_applied_or_studied_to_treat	HP:0002373	Carbamazepine	Febrile Seizure	infores:ctd(primary_knowledge_source);infores:automat-robokop(aggregator_knowledge_source)
Q334	e0	e_44	CHEBI:3387	biolink:treats_or_applied_or_studied_to_treat	MONDO:0005115	Carbamazepine	temporal lobe epilepsy	infores:text-mining-provider-targeted(primary_knowledge_source);infores:automat-robokop(aggregator_knowledge_source)
Q334	e0	e_45	CHEBI:3387	biolink:has_adverse_event	HP:0007334	Carbamazepine	Bilateral tonic-clonic seizure with focal onset	infores:faers(primary_knowledge_source);infores:drugcentral(aggregator_knowledge_source);infores:automat-robokop(aggregator_knowledge_source)
Q334	e0	e_46	CHEBI:3387	biolink:has_adverse_event	MONDO:0002125	Carbamazepine	status epilepticus	infores:faers(primary_knowledge_source);infores:drugcentral(aggregator_knowledge_source);infores:automat-robokop(aggregator_knowledge_source)
Q334	e0	e_47	CHEBI:3387	biolink:has_adverse_event	HP:0010819	Carbamazepine	Atonic seizure	infores:faers(primary_knowledge_source);infores:drugcentral(aggregator_knowledge_source);infores:automat-robokop(aggregator_knowledge_source)
Q334	e0	e_48	CHEBI:3387	biolink:has_adverse_event	HP:0002349	Carbamazepine	Focal aware seizure	infores:faers(primary_knowledge_source);infores:drugcentral(aggregator_knowledge_source);infores:automat-robokop(aggregator_knowledge_source)
Q334	e0	e_49	CHEBI:3387	biolink:has_adverse_event	MONDO:0010826	Carbamazepine	childhood absence epilepsy	infores:faers(primary_knowledge_source);infores:drugcentral(aggregator_knowledge_source);infores:automat-robokop(aggregator_knowledge_source)
Q334	e0	e_50	CHEBI:3387	biolink:has_adverse_event	MONDO:0005115	Carbamazepine	temporal lobe epilepsy	infores:faers(primary_knowledge_source);infores:drugcentral(aggregator_knowledge_source);infores:automat-robokop(aggregator_knowledge_source)
Q334	e0	e_51	CHEBI:3387	biolink:has_adverse_event	MONDO:0006892	Carbamazepine	Aura	infores:faers(primary_knowledge_source);infores:drugcentral(aggregator_knowledge_source);infores:automat-robokop(aggregator_knowledge_source)
Q334	e0	e_52	CHEBI:3387	biolink:has_adverse_event	HP:0007359	Carbamazepine	Partial Seizure	infores:faers(primary_knowledge_source);infores:drugcentral(aggregator_knowledge_source);infores:automat-robokop(aggregator_knowledge_source)
Q334	e0	e_53	CHEBI:3387	biolink:has_adverse_event	MONDO:0005027	Carbamazepine	epilepsy	infores:faers(primary_knowledge_source);infores:drugcentral(aggregator_knowledge_source);infores:automat-robokop(aggregator_knowledge_source)
Q334	e0	e_54	CHEBI:3387	biolink:has_adverse_event	HP:0033053	Carbamazepine	Pseudoseizure	infores:faers(primary_knowledge_source);infores:drugcentral(aggregator_knowledge_source);infores:automat-robokop(aggregator_knowledge_source)
Q334	e0	e_55	CHEBI:3387	biolink:has_adverse_event	HP:0002069	Carbamazepine	Bilateral tonic-clonic seizure	infores:faers(primary_knowledge_source);infores:drugcentral(aggregator_knowledge_source);infores:automat-robokop(aggregator_knowledge_source)
Q334	e0	e_56	CHEBI:3387	biolink:has_adverse_event	MONDO:0016022	Carbamazepine	early myoclonic encephalopathy	infores:faers(primary_knowledge_source);infores:drugcentral(aggregator_knowledge_source);infores:automat-robokop(aggregator_knowledge_source)
Q334	e0	e_57	CHEBI:3387	biolink:has_adverse_event	HP:0032792	Carbamazepine	Tonic seizure	infores:faers(primary_knowledge_source);infores:drugcentral(aggregator_knowledge_source);infores:automat-robokop(aggregator_knowledge_source)
Q334	e0	e_58	CHEBI:3387	biolink:treats	MONDO:0005754	Carbamazepine	epilepsy with generalized tonic-clonic seizures	infores:drugcentral(primary_knowledge_source);infores:automat-robokop(aggregator_knowledge_source)
Q334	e0	e_59	CHEBI:3387	biolink:treats	MONDO:0005384	Carbamazepine	focal epilepsy	infores:drugcentral(primary_knowledge_source);infores:automat-robokop(aggregator_knowledge_source)
Q334	e0	e_60	CHEBI:3387	biolink:treats	HP:0002069	Carbamazepine	Bilateral tonic-clonic seizure	infores:drugcentral(primary_knowledge_source);infores:automat-robokop(aggregator_knowledge_source)
Q334	e0	e_61	CHEBI:3387	biolink:treats	MONDO:0016532	Carbamazepine	Lennox-Gastaut syndrome	infores:drugcentral(primary_knowledge_source);infores:automat-robokop(aggregator_knowledge_source)
Q334	e0	e_62	CHEBI:3387	biolink:treats	HP:0002349	Carbamazepine	Focal aware seizure	infores:drugcentral(primary_knowledge_source);infores:automat-robokop(aggregator_knowledge_source)
Q334	e0	e_63	CHEBI:3387	biolink:treats	MONDO:0005027	Carbamazepine	epilepsy	infores:hetionet(primary_knowledge_source);infores:automat-robokop(aggregator_knowledge_source)
Q334	e0	e_64	CHEBI:3387	biolink:treats	MONDO:0005027	Carbamazepine	epilepsy	infores:drugcentral(primary_knowledge_source);infores:automat-robokop(aggregator_knowledge_source)
Q334	e0	e_65	CHEBI:3387	biolink:contraindicated_in	MONDO:0010826	Carbamazepine	childhood absence epilepsy	infores:drugcentral(primary_knowledge_source);infores:automat-robokop(aggregator_knowledge_source)
Q334	e0	e_66	MONDO:0007295	biolink:subclass_of	MONDO:0005027	self-limited epilepsy with centrotemporal spikes	epilepsy	infores:ubergraph(primary_knowledge_source);infores:automat-robokop(aggregator_knowledge_source)
Q334	e0	e_67	MONDO:0015650	biolink:subclass_of	MONDO:0005027	epilepsy syndrome	epilepsy	infores:ubergraph(primary_knowledge_source);infores:automat-robokop(aggregator_knowledge_source)
Q334	e0	e_68	HP:0007270	biolink:subclass_of	MONDO:0005027	Atypical absence seizure	epilepsy	infores:ubergraph(primary_knowledge_source);infores:automat-robokop(aggregator_knowledge_source)
Q334	e0	e_69	MONDO:0009696	biolink:subclass_of	MONDO:0005027	juvenile myoclonic epilepsy	epilepsy	infores:ubergraph(primary_knowledge_source);infores:automat-robokop(aggregator_knowledge_source)
Q334	e0	e_70	MONDO:0016532	biolink:subclass_of	MONDO:0005027	Lennox-Gastaut syndrome	epilepsy	infores:ubergraph(primary_knowledge_source);infores:automat-robokop(aggregator_knowledge_source)
Q334	e0	e_71	MONDO:0010826	biolink:subclass_of	MONDO:0005027	childhood absence epilepsy	epilepsy	infores:ubergraph(primary_knowledge_source);infores:automat-robokop(aggregator_knowledge_source)
Q334	e0	e_72	MONDO:0009509	biolink:subclass_of	MONDO:0005027	Landau-Kleffner syndrome	epilepsy	infores:ubergraph(primary_knowledge_source);infores:automat-robokop(aggregator_knowledge_source)
Q334	e0	e_73	MONDO:0018097	biolink:subclass_of	MONDO:0005027	West syndrome	epilepsy	infores:ubergraph(primary_knowledge_source);infores:automat-robokop(aggregator_knowledge_source)
Q334	e0	e_74	MONDO:0020307	biolink:subclass_of	MONDO:0005027	self-limited epilepsy with autonomic seizures	epilepsy	infores:ubergraph(primary_knowledge_source);infores:automat-robokop(aggregator_knowledge_source)
Q334	e0	e_75	HP:0020219	biolink:subclass_of	MONDO:0005027	Motor seizure	epilepsy	infores:ubergraph(primary_knowledge_source);infores:automat-robokop(aggregator_knowledge_source)
Q334	e0	e_76	MONDO:0016027	biolink:subclass_of	MONDO:0005027	benign neonatal seizures	epilepsy	infores:ubergraph(primary_knowledge_source);infores:automat-robokop(aggregator_knowledge_source)
Q334	e0	e_77	MONDO:0003290	biolink:subclass_of	MONDO:0005027	simple partial epilepsy	epilepsy	infores:ubergraph(primary_knowledge_source);infores:automat-robokop(aggregator_knowledge_source)
Q334	e0	e_78	MONDO:0020300	biolink:subclass_of	MONDO:0005027	autosomal dominant nocturnal frontal lobe epilepsy	epilepsy	infores:ubergraph(primary_knowledge_source);infores:automat-robokop(aggregator_knowledge_source)
Q334	e0	e_79	MONDO:0005384	biolink:subclass_of	MONDO:0005027	focal epilepsy	epilepsy	infores:ubergraph(primary_knowledge_source);infores:automat-robokop(aggregator_knowledge_source)
Q334	e0	e_80	MONDO:0019448	biolink:subclass_of	MONDO:0005027	benign adult familial myoclonic epilepsy	epilepsy	infores:ubergraph(primary_knowledge_source);infores:automat-robokop(aggregator_knowledge_source)
Q334	e0	e_81	MONDO:0100024	biolink:subclass_of	MONDO:0005027	self-limited familial infantile epilepsy	epilepsy	infores:ubergraph(primary_knowledge_source);infores:automat-robokop(aggregator_knowledge_source)
Q334	e0	e_82	MONDO:0100574	biolink:subclass_of	MONDO:0005027	generalized epilepsy	epilepsy	infores:ubergraph(primary_knowledge_source);infores:automat-robokop(aggregator_knowledge_source)
Q334	e0	e_83	MONDO:0005579	biolink:subclass_of	MONDO:0005027	idiopathic generalized epilepsy	epilepsy	infores:ubergraph(primary_knowledge_source);infores:automat-robokop(aggregator_knowledge_source)
Q334	e0	e_84	MONDO:0006710	biolink:subclass_of	MONDO:0005027	complex partial epilepsy	epilepsy	infores:ubergraph(primary_knowledge_source);infores:automat-robokop(aggregator_knowledge_source)
Q334	e0	e_85	MONDO:0020476	biolink:subclass_of	MONDO:0005027	mesial temporal lobe epilepsy with hippocampal sclerosis	epilepsy	infores:ubergraph(primary_knowledge_source);infores:automat-robokop(aggregator_knowledge_source)
Q334	e0	e_86	MONDO:0005115	biolink:subclass_of	MONDO:0005027	temporal lobe epilepsy	epilepsy	infores:ubergraph(primary_knowledge_source);infores:automat-robokop(aggregator_knowledge_source)
Q334	e0	e_87	MONDO:0100062	biolink:subclass_of	MONDO:0005027	developmental and epileptic encephalopathy	epilepsy	infores:ubergraph(primary_knowledge_source);infores:automat-robokop(aggregator_knowledge_source)
Q334	e0	e_88	MONDO:0850416	biolink:subclass_of	MONDO:0005027	autoimmune epilepsy	epilepsy	infores:ubergraph(primary_knowledge_source);infores:automat-robokop(aggregator_knowledge_source)
Q334	e0	e_89	MONDO:0000030	biolink:subclass_of	MONDO:0005027	sleep-related hypermotor epilepsy	epilepsy	infores:ubergraph(primary_knowledge_source);infores:automat-robokop(aggregator_knowledge_source)
Q334	e0	e_90	MONDO:0011178	biolink:subclass_of	MONDO:0005027	infantile convulsions and choreoathetosis	epilepsy	infores:ubergraph(primary_knowledge_source);infores:automat-robokop(aggregator_knowledge_source)
Q334	e0	e_91	MONDO:0100135	biolink:subclass_of	MONDO:0005027	Dravet syndrome	epilepsy	infores:ubergraph(primary_knowledge_source);infores:automat-robokop(aggregator_knowledge_source)
Q334	e0	e_92	MONDO:0100035	biolink:subclass_of	MONDO:0005027	structural epilepsy	epilepsy	infores:ubergraph(primary_knowledge_source);infores:automat-robokop(aggregator_knowledge_source)
Q334	e0	e_93	MONDO:0017615	biolink:subclass_of	MONDO:0005027	benign familial infantile epilepsy	epilepsy	infores:ubergraph(primary_knowledge_source);infores:automat-robokop(aggregator_knowledge_source)
Q334	e0	e_94	HP:0002373	biolink:subclass_of	MONDO:0005027	Febrile Seizure	epilepsy	infores:ubergraph(primary_knowledge_source);infores:automat-robokop(aggregator_knowledge_source)
Q334	e0	e_95	HP:0007334	biolink:subclass_of	MONDO:0005027	Bilateral tonic-clonic seizure with focal onset	epilepsy	infores:ubergraph(primary_knowledge_source);infores:automat-robokop(aggregator_knowledge_source)
Q334	e0	e_96	MONDO:0002125	biolink:subclass_of	MONDO:0005027	status epilepticus	epilepsy	infores:ubergraph(primary_knowledge_source);infores:automat-robokop(aggregator_knowledge_source)
Q334	e0	e_97	HP:0010819	biolink:subclass_of	MONDO:0005027	Atonic seizure	epilepsy	infores:ubergraph(primary_knowledge_source);infores:automat-robokop(aggregator_knowledge_source)
Q334	e0	e_98	HP:0002349	biolink:subclass_of	MONDO:0005027	Focal aware seizure	epilepsy	infores:ubergraph(primary_knowledge_source);infores:automat-robokop(aggregator_knowledge_source)
Q334	e0	e_99	MONDO:0006892	biolink:subclass_of	MONDO:0005027	Aura	epilepsy	infores:ubergraph(primary_knowledge_source);infores:automat-robokop(aggregator_knowledge_source)
Q334	e0	e_100	HP:0007359	biolink:subclass_of	MONDO:0005027	Partial Seizure	epilepsy	infores:ubergraph(primary_knowledge_source);infores:automat-robokop(aggregator_knowledge_source)
Q334	e0	e_101	HP:0033053	biolink:subclass_of	MONDO:0005027	Pseudoseizure	epilepsy	infores:ubergraph(primary_knowledge_source);infores:automat-robokop(aggregator_knowledge_source)
Q334	e0	e_102	HP:0002069	biolink:subclass_of	MONDO:0005027	Bilateral tonic-clonic seizure	epilepsy	infores:ubergraph(primary_knowledge_source);infores:automat-robokop(aggregator_knowledge_source)
Q334	e0	e_103	MONDO:0016022	biolink:subclass_of	MONDO:0005027	early myoclonic encephalopathy	epilepsy	infores:ubergraph(primary_knowledge_source);infores:automat-robokop(aggregator_knowledge_source)
Q334	e0	e_104	HP:0032792	biolink:subclass_of	MONDO:0005027	Tonic seizure	epilepsy	infores:ubergraph(primary_knowledge_source);infores:automat-robokop(aggregator_knowledge_source)
Q334	e0	e_105	MONDO:0005754	biolink:subclass_of	MONDO:0005027	epilepsy with generalized tonic-clonic seizures	epilepsy	infores:ubergraph(primary_knowledge_source);infores:automat-robokop(aggregator_knowledge_source)
Q334	e0	e_1_e_66	MONDO:0005027	biolink:contributes_to	MONDO:0007295	epilepsy	self-limited epilepsy with centrotemporal spikes	infores:automat-robokop(primary_knowledge_source)
Q334	e0	e_2_e_67	MONDO:0005027	biolink:contributes_to	MONDO:0015650	epilepsy	epilepsy syndrome	infores:automat-robokop(primary_knowledge_source)
Q334	e0	e_3_e_68	MONDO:0005027	biolink:contributes_to	HP:0007270	epilepsy	Atypical absence seizure	infores:automat-robokop(primary_knowledge_source)
Q334	e0	e_4_e_69	MONDO:0005027	biolink:contributes_to	MONDO:0009696	epilepsy	juvenile myoclonic epilepsy	infores:automat-robokop(primary_knowledge_source)
Q334	e0	e_5_e_70	MONDO:0005027	biolink:contributes_to	MONDO:0016532	epilepsy	Lennox-Gastaut syndrome	infores:automat-robokop(primary_knowledge_source)
Q334	e0	e_6_e_71	MONDO:0005027	biolink:contributes_to	MONDO:0010826	epilepsy	childhood absence epilepsy	infores:automat-robokop(primary_knowledge_source)
Q334	e0	e_7_e_72	MONDO:0005027	biolink:contributes_to	MONDO:0009509	epilepsy	Landau-Kleffner syndrome	infores:automat-robokop(primary_knowledge_source)
Q334	e0	e_8_e_73	MONDO:0005027	biolink:contributes_to	MONDO:0018097	epilepsy	West syndrome	infores:automat-robokop(primary_knowledge_source)
Q334	e0	e_9_e_74	MONDO:0005027	biolink:contributes_to	MONDO:0020307	epilepsy	self-limited epilepsy with autonomic seizures	infores:automat-robokop(primary_knowledge_source)
Q334	e0	e_11_e_75	MONDO:0005027	biolink:causes	HP:0020219	epilepsy	Motor seizure	infores:automat-robokop(primary_knowledge_source)
Q334	e0	e_12_e_76	MONDO:0005027	biolink:treats_or_applied_or_studied_to_treat	MONDO:0016027	epilepsy	benign neonatal seizures	infores:automat-robokop(primary_knowledge_source)
Q334	e0	e_13_e_73	MONDO:0005027	biolink:treats_or_applied_or_studied_to_treat	MONDO:0018097	epilepsy	West syndrome	infores:automat-robokop(primary_knowledge_source)
Q334	e0	e_14_e_77	MONDO:0005027	biolink:treats_or_applied_or_studied_to_treat	MONDO:0003290	epilepsy	simple partial epilepsy	infores:automat-robokop(primary_knowledge_source)
Q334	e0	e_15_e_78	MONDO:0005027	biolink:treats_or_applied_or_studied_to_treat	MONDO:0020300	epilepsy	autosomal dominant nocturnal frontal lobe epilepsy	infores:automat-robokop(primary_knowledge_source)
Q334	e0	e_16_e_79	MONDO:0005027	biolink:treats_or_applied_or_studied_to_treat	MONDO:0005384	epilepsy	focal epilepsy	infores:automat-robokop(primary_knowledge_source)
Q334	e0	e_17_e_80	MONDO:0005027	biolink:treats_or_applied_or_studied_to_treat	MONDO:0019448	epilepsy	benign adult familial myoclonic epilepsy	infores:automat-robokop(primary_knowledge_source)
Q334	e0	e_19_e_81	MONDO:0005027	biolink:treats_or_applied_or_studied_to_treat	MONDO:0100024	epilepsy	self-limited familial infantile epilepsy	infores:automat-robokop(primary_knowledge_source)
Q334	e0	e_20_e_74	MONDO:0005027	biolink:treats_or_applied_or_studied_to_treat	MONDO:0020307	epilepsy	self-limited epilepsy with autonomic seizures	infores:automat-robokop(primary_knowledge_source)
Q334	e0	e_21_e_70	MONDO:0005027	biolink:treats_or_applied_or_studied_to_treat	MONDO:0016532	epilepsy	Lennox-Gastaut syndrome	infores:automat-robokop(primary_knowledge_source)
Q334	e0	e_22_e_82	MONDO:0005027	biolink:treats_or_applied_or_studied_to_treat	MONDO:0100574	epilepsy	generalized epilepsy	infores:automat-robokop(primary_knowledge_source)
Q334	e0	e_23_e_79	MONDO:0005027	biolink:treats_or_applied_or_studied_to_treat	MONDO:0005384	epilepsy	focal epilepsy	infores:automat-robokop(primary_knowledge_source)
Q334	e0	e_24_e_83	MONDO:0005027	biolink:treats_or_applied_or_studied_to_treat	MONDO:0005579	epilepsy	idiopathic generalized epilepsy	infores:automat-robokop(primary_knowledge_source)
Q334	e0	e_25_e_84	MONDO:0005027	biolink:treats_or_applied_or_studied_to_treat	MONDO:0006710	epilepsy	complex partial epilepsy	infores:automat-robokop(primary_knowledge_source)
Q334	e0	e_26_e_84	MONDO:0005027	biolink:treats_or_applied_or_studied_to_treat	MONDO:0006710	epilepsy	complex partial epilepsy	infores:automat-robokop(primary_knowledge_source)
Q334	e0	e_27_e_71	MONDO:0005027	biolink:treats_or_applied_or_studied_to_treat	MONDO:0010826	epilepsy	childhood absence epilepsy	infores:automat-robokop(primary_knowledge_source)
Q334	e0	e_28_e_85	MONDO:0005027	biolink:treats_or_applied_or_studied_to_treat	MONDO:0020476	epilepsy	mesial temporal lobe epilepsy with hippocampal sclerosis	infores:automat-robokop(primary_knowledge_source)
Q334	e0	e_29_e_86	MONDO:0005027	biolink:treats_or_applied_or_studied_to_treat	MONDO:0005115	epilepsy	temporal lobe epilepsy	infores:automat-robokop(primary_knowledge_source)
Q334	e0	e_30_e_87	MONDO:0005027	biolink:treats_or_applied_or_studied_to_treat	MONDO:0100062	epilepsy	developmental and epileptic encephalopathy	infores:automat-robokop(primary_knowledge_source)
Q334	e0	e_31_e_69	MONDO:0005027	biolink:treats_or_applied_or_studied_to_treat	MONDO:0009696	epilepsy	juvenile myoclonic epilepsy	infores:automat-robokop(primary_knowledge_source)
Q334	e0	e_32_e_88	MONDO:0005027	biolink:treats_or_applied_or_studied_to_treat	MONDO:0850416	epilepsy	autoimmune epilepsy	infores:automat-robokop(primary_knowledge_source)
Q334	e0	e_34_e_72	MONDO:0005027	biolink:treats_or_applied_or_studied_to_treat	MONDO:0009509	epilepsy	Landau-Kleffner syndrome	infores:automat-robokop(primary_knowledge_source)
Q334	e0	e_35_e_66	MONDO:0005027	biolink:treats_or_applied_or_studied_to_treat	MONDO:0007295	epilepsy	self-limited epilepsy with centrotemporal spikes	infores:automat-robokop(primary_knowledge_source)
Q334	e0	e_36_e_89	MONDO:0005027	biolink:treats_or_applied_or_studied_to_treat	MONDO:0000030	epilepsy	sleep-related hypermotor epilepsy	infores:automat-robokop(primary_knowledge_source)
Q334	e0	e_37_e_66	MONDO:0005027	biolink:treats_or_applied_or_studied_to_treat	MONDO:0007295	epilepsy	self-limited epilepsy with centrotemporal spikes	infores:automat-robokop(primary_knowledge_source)
Q334	e0	e_38_e_90	MONDO:0005027	biolink:treats_or_applied_or_studied_to_treat	MONDO:0011178	epilepsy	infantile convulsions and choreoathetosis	infores:automat-robokop(primary_knowledge_source)
Q334	e0	e_39_e_91	MONDO:0005027	biolink:treats_or_applied_or_studied_to_treat	MONDO:0100135	epilepsy	Dravet syndrome	infores:automat-robokop(primary_knowledge_source)
Q334	e0	e_40_e_92	MONDO:0005027	biolink:treats_or_applied_or_studied_to_treat	MONDO:0100035	epilepsy	structural epilepsy	infores:automat-robokop(primary_knowledge_source)
Q334	e0	e_41_e_93	MONDO:0005027	biolink:treats_or_applied_or_studied_to_treat	MONDO:0017615	epilepsy	benign familial infantile epilepsy	infores:automat-robokop(primary_knowledge_source)
Q334	e0	e_42_e_67	MONDO:0005027	biolink:treats_or_applied_or_studied_to_treat	MONDO:0015650	epilepsy	epilepsy syndrome	infores:automat-robokop(primary_knowledge_source)
Q334	e0	e_43_e_94	MONDO:0005027	biolink:treats_or_applied_or_studied_to_treat	HP:0002373	epilepsy	Febrile Seizure	infores:automat-robokop(primary_knowledge_source)
Q334	e0	e_44_e_86	MONDO:0005027	biolink:treats_or_applied_or_studied_to_treat	MONDO:0005115	epilepsy	temporal lobe epilepsy	infores:automat-robokop(primary_knowledge_source)
Q334	e0	e_45_e_95	MONDO:0005027	biolink:has_adverse_event	HP:0007334	epilepsy	Bilateral tonic-clonic seizure with focal onset	infores:automat-robokop(primary_knowledge_source)
Q334	e0	e_46_e_96	MONDO:0005027	biolink:has_adverse_event	MONDO:0002125	epilepsy	status epilepticus	infores:automat-robokop(primary_knowledge_source)
Q334	e0	e_47_e_97	MONDO:0005027	biolink:has_adverse_event	HP:0010819	epilepsy	Atonic seizure	infores:automat-robokop(primary_knowledge_source)
Q334	e0	e_48_e_98	MONDO:0005027	biolink:has_adverse_event	HP:0002349	epilepsy	Focal aware seizure	infores:automat-robokop(primary_knowledge_source)
Q334	e0	e_49_e_71	MONDO:0005027	biolink:has_adverse_event	MONDO:0010826	epilepsy	childhood absence epilepsy	infores:automat-robokop(primary_knowledge_source)
Q334	e0	e_50_e_86	MONDO:0005027	biolink:has_adverse_event	MONDO:0005115	epilepsy	temporal lobe epilepsy	infores:automat-robokop(primary_knowledge_source)
Q334	e0	e_51_e_99	MONDO:0005027	biolink:has_adverse_event	MONDO:0006892	epilepsy	Aura	infores:automat-robokop(primary_knowledge_source)
Q334	e0	e_52_e_100	MONDO:0005027	biolink:has_adverse_event	HP:0007359	epilepsy	Partial Seizure	infores:automat-robokop(primary_knowledge_source)
Q334	e0	e_54_e_101	MONDO:0005027	biolink:has_adverse_event	HP:0033053	epilepsy	Pseudoseizure	infores:automat-robokop(primary_knowledge_source)
Q334	e0	e_55_e_102	MONDO:0005027	biolink:has_adverse_event	HP:0002069	epilepsy	Bilateral tonic-clonic seizure	infores:automat-robokop(primary_knowledge_source)
Q334	e0	e_56_e_103	MONDO:0005027	biolink:has_adverse_event	MONDO:0016022	epilepsy	early myoclonic encephalopathy	infores:automat-robokop(primary_knowledge_source)
Q334	e0	e_57_e_104	MONDO:0005027	biolink:has_adverse_event	HP:0032792	epilepsy	Tonic seizure	infores:automat-robokop(primary_knowledge_source)
Q334	e0	e_58_e_105	MONDO:0005027	biolink:treats	MONDO:0005754	epilepsy	epilepsy with generalized tonic-clonic seizures	infores:automat-robokop(primary_knowledge_source)
Q334	e0	e_59_e_79	MONDO:0005027	biolink:treats	MONDO:0005384	epilepsy	focal epilepsy	infores:automat-robokop(primary_knowledge_source)
Q334	e0	e_60_e_102	MONDO:0005027	biolink:treats	HP:0002069	epilepsy	Bilateral tonic-clonic seizure	infores:automat-robokop(primary_knowledge_source)
Q334	e0	e_61_e_70	MONDO:0005027	biolink:treats	MONDO:0016532	epilepsy	Lennox-Gastaut syndrome	infores:automat-robokop(primary_knowledge_source)
Q334	e0	e_62_e_98	MONDO:0005027	biolink:treats	HP:0002349	epilepsy	Focal aware seizure	infores:automat-robokop(primary_knowledge_source)
Q334	e0	e_65_e_71	MONDO:0005027	biolink:contraindicated_in	MONDO:0010826	epilepsy	childhood absence epilepsy	infores:automat-robokop(primary_knowledge_source)
Q335	e0	e_1	CHEBI:3766	biolink:treats_or_applied_or_studied_to_treat	MONDO:0001484	Clozapine	paranoid schizophrenia	infores:ctd(primary_knowledge_source);infores:automat-robokop(aggregator_knowledge_source)
Q335	e0	e_2	CHEBI:3766	biolink:treats_or_applied_or_studied_to_treat	MONDO:0019939	Clozapine	early-onset schizophrenia	infores:text-mining-provider-targeted(primary_knowledge_source);infores:automat-robokop(aggregator_knowledge_source)
Q335	e0	e_3	CHEBI:3766	biolink:treats_or_applied_or_studied_to_treat	MONDO:0001484	Clozapine	paranoid schizophrenia	infores:text-mining-provider-targeted(primary_knowledge_source);infores:automat-robokop(aggregator_knowledge_source)
Q335	e0	e_4	CHEBI:3766	biolink:treats_or_applied_or_studied_to_treat	MONDO:0005090	Clozapine	schizophrenia	infores:text-mining-provider-targeted(primary_knowledge_source);infores:automat-robokop(aggregator_knowledge_source)
Q335	e0	e_5	CHEBI:3766	biolink:treats_or_applied_or_studied_to_treat	MONDO:0957430	Clozapine	childhood-onset schizophrenia	infores:ctd(primary_knowledge_source);infores:automat-robokop(aggregator_knowledge_source)
Q335	e0	e_6	CHEBI:3766	biolink:treats_or_applied_or_studied_to_treat	MONDO:0011552	Clozapine	schizophrenia 10	infores:ctd(primary_knowledge_source);infores:automat-robokop(aggregator_knowledge_source)
Q335	e0	e_7	CHEBI:3766	biolink:has_adverse_event	MONDO:0005090	Clozapine	schizophrenia	infores:faers(primary_knowledge_source);infores:drugcentral(aggregator_knowledge_source);infores:automat-robokop(aggregator_knowledge_source)
Q335	e0	e_8	CHEBI:3766	biolink:ameliorates_condition	MONDO:0005090	Clozapine	schizophrenia	infores:hetionet(primary_knowledge_source);infores:automat-robokop(aggregator_knowledge_source)
Q335	e0	e_9	MONDO:0001484	biolink:subclass_of	MONDO:0005090	paranoid schizophrenia	schizophrenia	infores:ubergraph(primary_knowledge_source);infores:automat-robokop(aggregator_knowledge_source)
Q335	e0	e_10	MONDO:0019939	biolink:subclass_of	MONDO:0005090	early-onset schizophrenia	schizophrenia	infores:ubergraph(primary_knowledge_source);infores:automat-robokop(aggregator_knowledge_source)
Q335	e0	e_11	MONDO:0957430	biolink:subclass_of	MONDO:0005090	childhood-onset schizophrenia	schizophrenia	infores:ubergraph(primary_knowledge_source);infores:automat-robokop(aggregator_knowledge_source)
Q335	e0	e_12	MONDO:0011552	biolink:subclass_of	MONDO:0005090	schizophrenia 10	schizophrenia	infores:ubergraph(primary_knowledge_source);infores:automat-robokop(aggregator_knowledge_source)
Q335	e0	e_1_e_9	MONDO:0005090	biolink:treats_or_applied_or_studied_to_treat	MONDO:0001484	schizophrenia	paranoid schizophrenia	infores:automat-robokop(primary_knowledge_source)
Q335	e0	e_2_e_10	MONDO:0005090	biolink:treats_or_applied_or_studied_to_treat	MONDO:0019939	schizophrenia	early-onset schizophrenia	infores:automat-robokop(primary_knowledge_source)
Q335	e0	e_3_e_9	MONDO:0005090	biolink:treats_or_applied_or_studied_to_treat	MONDO:0001484	schizophrenia	paranoid schizophrenia	infores:automat-robokop(primary_knowledge_source)
Q335	e0	e_5_e_11	MONDO:0005090	biolink:treats_or_applied_or_studied_to_treat	MONDO:0957430	schizophrenia	childhood-onset schizophrenia	infores:automat-robokop(primary_knowledge_source)
Q335	e0	e_6_e_12	MONDO:0005090	biolink:treats_or_applied_or_studied_to_treat	MONDO:0011552	schizophrenia	schizophrenia 10	infores:automat-robokop(primary_knowledge_source)
Q336	e0	e_1	CHEBI:5118	biolink:causes	MONDO:0005379	Fluoxetine	Neurosis	infores:sider(primary_knowledge_source);infores:hetionet(aggregator_knowledge_source);infores:automat-robokop(aggregator_knowledge_source)
Q336	e0	e_2	CHEBI:5118	biolink:causes	MONDO:0002050	Fluoxetine	Depressed mood	infores:sider(primary_knowledge_source);infores:hetionet(aggregator_knowledge_source);infores:automat-robokop(aggregator_knowledge_source)
Q336	e0	e_3	CHEBI:5118	biolink:treats_or_applied_or_studied_to_treat	MONDO:0000694	Fluoxetine	seasonal affective disorder	infores:text-mining-provider-targeted(primary_knowledge_source);infores:automat-robokop(aggregator_knowledge_source)
Q336	e0	e_4	CHEBI:5118	biolink:treats_or_applied_or_studied_to_treat	MONDO:0002009	Fluoxetine	major depressive disorder	infores:text-mining-provider-targeted(primary_knowledge_source);infores:automat-robokop(aggregator_knowledge_source)
Q336	e0	e_5	CHEBI:5118	biolink:treats_or_applied_or_studied_to_treat	MONDO:0002050	Fluoxetine	Depressed mood	infores:text-mining-provider-targeted(primary_knowledge_source);infores:automat-robokop(aggregator_knowledge_source)
Q336	e0	e_6	CHEBI:5118	biolink:treats_or_applied_or_studied_to_treat	MONDO:0002444	Fluoxetine	melancholia	infores:text-mining-provider-targeted(primary_knowledge_source);infores:automat-robokop(aggregator_knowledge_source)
Q336	e0	e_7	CHEBI:5118	biolink:has_adverse_event	MONDO:0002050	Fluoxetine	Depressed mood	infores:faers(primary_knowledge_source);infores:drugcentral(aggregator_knowledge_source);infores:automat-robokop(aggregator_knowledge_source)
Q336	e0	e_8	CHEBI:5118	biolink:has_adverse_event	MONDO:0002009	Fluoxetine	major depressive disorder	infores:faers(primary_knowledge_source);infores:drugcentral(aggregator_knowledge_source);infores:automat-robokop(aggregator_knowledge_source)
Q336	e0	e_9	CHEBI:5118	biolink:treats	MONDO:0002050	Fluoxetine	Depressed mood	infores:drugcentral(primary_knowledge_source);infores:automat-robokop(aggregator_knowledge_source)
Q336	e0	e_10	CHEBI:5118	biolink:treats	MONDO:0002009	Fluoxetine	major depressive disorder	infores:drugcentral(primary_knowledge_source);infores:automat-robokop(aggregator_knowledge_source)
Q336	e0	e_11	CHEBI:5118	biolink:treats	MONDO:0024613	Fluoxetine	bipolar depression	infores:drugcentral(primary_knowledge_source);infores:automat-robokop(aggregator_knowledge_source)
Q336	e0	e_12	CHEBI:5118	biolink:applied_to_treat	MONDO:0000694	Fluoxetine	seasonal affective disorder	infores:drugcentral(primary_knowledge_source);infores:automat-robokop(aggregator_knowledge_source)
Q336	e0	e_13	CHEBI:5118	biolink:applied_to_treat	MONDO:0005929	Fluoxetine	Maternity blues	infores:drugcentral(primary_knowledge_source);infores:automat-robokop(aggregator_knowledge_source)
Q336	e0	e_14	MONDO:0005379	biolink:subclass_of	MONDO:0002050	Neurosis	Depressed mood	infores:ubergraph(primary_knowledge_source);infores:automat-robokop(aggregator_knowledge_source)
Q336	e0	e_15	MONDO:0000694	biolink:subclass_of	MONDO:0002050	seasonal affective disorder	Depressed mood	infores:ubergraph(primary_knowledge_source);infores:automat-robokop(aggregator_knowledge_source)
Q336	e0	e_16	MONDO:0002009	biolink:subclass_of	MONDO:0002050	major depressive disorder	Depressed mood	infores:ubergraph(primary_knowledge_source);infores:automat-robokop(aggregator_knowledge_source)
Q336	e0	e_17	MONDO:0002444	biolink:subclass_of	MONDO:0002050	melancholia	Depressed mood	infores:ubergraph(primary_knowledge_source);infores:automat-robokop(aggregator_knowledge_source)
Q336	e0	e_18	MONDO:0024613	biolink:subclass_of	MONDO:0002050	bipolar depression	Depressed mood	infores:ubergraph(primary_knowledge_source);infores:automat-robokop(aggregator_knowledge_source)
Q336	e0	e_19	MONDO:0005929	biolink:subclass_of	MONDO:0002050	Maternity blues	Depressed mood	infores:ubergraph(primary_knowledge_source);infores:automat-robokop(aggregator_knowledge_source)
Q336	e0	e_1_e_14	MONDO:0002050	biolink:causes	MONDO:0005379	Depressed mood	Neurosis	infores:automat-robokop(primary_knowledge_source)
Q336	e0	e_3_e_15	MONDO:0002050	biolink:treats_or_applied_or_studied_to_treat	MONDO:0000694	Depressed mood	seasonal affective disorder	infores:automat-robokop(primary_knowledge_source)
Q336	e0	e_4_e_16	MONDO:0002050	biolink:treats_or_applied_or_studied_to_treat	MONDO:0002009	Depressed mood	major depressive disorder	infores:automat-robokop(primary_knowledge_source)
Q336	e0	e_6_e_17	MONDO:0002050	biolink:treats_or_applied_or_studied_to_treat	MONDO:0002444	Depressed mood	melancholia	infores:automat-robokop(primary_knowledge_source)
Q336	e0	e_8_e_16	MONDO:0002050	biolink:has_adverse_event	MONDO:0002009	Depressed mood	major depressive disorder	infores:automat-robokop(primary_knowledge_source)
Q336	e0	e_10_e_16	MONDO:0002050	biolink:treats	MONDO:0002009	Depressed mood	major depressive disorder	infores:automat-robokop(primary_knowledge_source)
Q336	e0	e_11_e_18	MONDO:0002050	biolink:treats	MONDO:0024613	Depressed mood	bipolar depression	infores:automat-robokop(primary_knowledge_source)
Q336	e0	e_12_e_15	MONDO:0002050	biolink:applied_to_treat	MONDO:0000694	Depressed mood	seasonal affective disorder	infores:automat-robokop(primary_knowledge_source)
Q336	e0	e_13_e_19	MONDO:0002050	biolink:applied_to_treat	MONDO:0005929	Depressed mood	Maternity blues	infores:automat-robokop(primary_knowledge_source)
Q338	e0	e_1	CHEBI:6801	biolink:treats_or_applied_or_studied_to_treat	MONDO:0005148	Metformin	type 2 diabetes mellitus	infores:ctd(primary_knowledge_source);infores:automat-robokop(aggregator_knowledge_source)
Q338	e0	e_2	CHEBI:6801	biolink:treats_or_applied_or_studied_to_treat	MONDO:0011363	Metformin	diabetes mellitus, noninsulin-dependent, 3	infores:text-mining-provider-targeted(primary_knowledge_source);infores:automat-robokop(aggregator_knowledge_source)
Q338	e0	e_3	CHEBI:6801	biolink:treats_or_applied_or_studied_to_treat	MONDO:0005148	Metformin	type 2 diabetes mellitus	infores:text-mining-provider-targeted(primary_knowledge_source);infores:automat-robokop(aggregator_knowledge_source)
Q338	e0	e_4	CHEBI:6801	biolink:has_adverse_event	MONDO:0005148	Metformin	type 2 diabetes mellitus	infores:faers(primary_knowledge_source);infores:drugcentral(aggregator_knowledge_source);infores:automat-robokop(aggregator_knowledge_source)
Q338	e0	e_5	CHEBI:6801	biolink:treats	MONDO:0005148	Metformin	type 2 diabetes mellitus	infores:hetionet(primary_knowledge_source);infores:automat-robokop(aggregator_knowledge_source)
Q338	e0	e_6	CHEBI:6801	biolink:treats	MONDO:0005148	Metformin	type 2 diabetes mellitus	infores:drugcentral(primary_knowledge_source);infores:automat-robokop(aggregator_knowledge_source)
Q338	e0	e_7	MONDO:0011363	biolink:subclass_of	MONDO:0005148	diabetes mellitus, noninsulin-dependent, 3	type 2 diabetes mellitus	infores:ubergraph(primary_knowledge_source);infores:automat-robokop(aggregator_knowledge_source)
Q338	e0	e_2_e_7	MONDO:0005148	biolink:treats_or_applied_or_studied_to_treat	MONDO:0011363	type 2 diabetes mellitus	diabetes mellitus, noninsulin-dependent, 3	infores:automat-robokop(primary_knowledge_source)
Q341	e0	e_1	MONDO:0008383	biolink:treats_or_applied_or_studied_to_treat	CHEBI:44185	rheumatoid arthritis	Methotrexate	infores:text-mining-provider-targeted(primary_knowledge_source);infores:automat-robokop(aggregator_knowledge_source)
Q341	e0	e_2	CHEBI:44185	biolink:treats_or_applied_or_studied_to_treat	MONDO:0019355	Methotrexate	adult-onset Still disease	infores:ctd(primary_knowledge_source);infores:automat-robokop(aggregator_knowledge_source)
Q341	e0	e_3	CHEBI:44185	biolink:treats_or_applied_or_studied_to_treat	MONDO:0005306	Methotrexate	ankylosing spondylitis	infores:text-mining-provider-targeted(primary_knowledge_source);infores:automat-robokop(aggregator_knowledge_source)
Q341	e0	e_4	CHEBI:44185	biolink:treats_or_applied_or_studied_to_treat	MONDO:0007603	Methotrexate	Felty syndrome	infores:text-mining-provider-targeted(primary_knowledge_source);infores:automat-robokop(aggregator_knowledge_source)
Q341	e0	e_5	CHEBI:44185	biolink:treats_or_applied_or_studied_to_treat	MONDO:0011849	Methotrexate	psoriatic arthritis	infores:ctd(primary_knowledge_source);infores:automat-robokop(aggregator_knowledge_source)
Q341	e0	e_6	CHEBI:44185	biolink:treats_or_applied_or_studied_to_treat	MONDO:0019434	Methotrexate	Still Disease	infores:text-mining-provider-targeted(primary_knowledge_source);infores:automat-robokop(aggregator_knowledge_source)
Q341	e0	e_7	CHEBI:44185	biolink:treats_or_applied_or_studied_to_treat	MONDO:0005185	Methotrexate	chronic childhood arthritis	infores:text-mining-provider-targeted(primary_knowledge_source);infores:automat-robokop(aggregator_knowledge_source)
Q341	e0	e_8	CHEBI:44185	biolink:treats_or_applied_or_studied_to_treat	MONDO:0011429	Methotrexate	juvenile idiopathic arthritis	infores:ctd(primary_knowledge_source);infores:automat-robokop(aggregator_knowledge_source)
Q341	e0	e_9	CHEBI:44185	biolink:treats_or_applied_or_studied_to_treat	MONDO:0011849	Methotrexate	psoriatic arthritis	infores:text-mining-provider-targeted(primary_knowledge_source);infores:automat-robokop(aggregator_knowledge_source)
Q341	e0	e_10	CHEBI:44185	biolink:treats_or_applied_or_studied_to_treat	MONDO:0008383	Methotrexate	rheumatoid arthritis	infores:text-mining-provider-targeted(primary_knowledge_source);infores:automat-robokop(aggregator_knowledge_source)
Q341	e0	e_11	CHEBI:44185	biolink:treats_or_applied_or_studied_to_treat	MONDO:0019355	Methotrexate	adult-onset Still disease	infores:text-mining-provider-targeted(primary_knowledge_source);infores:automat-robokop(aggregator_knowledge_source)
Q341	e0	e_12	CHEBI:44185	biolink:treats_or_applied_or_studied_to_treat	MONDO:0043267	Methotrexate	rheumatoid vasculitis	infores:text-mining-provider-targeted(primary_knowledge_source);infores:automat-robokop(aggregator_knowledge_source)
Q341	e0	e_13	CHEBI:44185	biolink:treats_or_applied_or_studied_to_treat	MONDO:0005306	Methotrexate	ankylosing spondylitis	infores:ctd(primary_knowledge_source);infores:automat-robokop(aggregator_knowledge_source)
Q341	e0	e_14	CHEBI:44185	biolink:treats_or_applied_or_studied_to_treat	MONDO:0011429	Methotrexate	juvenile idiopathic arthritis	infores:text-mining-provider-targeted(primary_knowledge_source);infores:automat-robokop(aggregator_knowledge_source)
Q341	e0	e_15	CHEBI:44185	biolink:has_adverse_event	MONDO:0008383	Methotrexate	rheumatoid arthritis	infores:faers(primary_knowledge_source);infores:drugcentral(aggregator_knowledge_source);infores:automat-robokop(aggregator_knowledge_source)
Q341	e0	e_16	CHEBI:44185	biolink:has_adverse_event	MONDO:0011429	Methotrexate	juvenile idiopathic arthritis	infores:faers(primary_knowledge_source);infores:drugcentral(aggregator_knowledge_source);infores:automat-robokop(aggregator_knowledge_source)
Q341	e0	e_17	CHEBI:44185	biolink:has_adverse_event	MONDO:0011849	Methotrexate	psoriatic arthritis	infores:faers(primary_knowledge_source);infores:drugcentral(aggregator_knowledge_source);infores:automat-robokop(aggregator_knowledge_source)
Q341	e0	e_18	CHEBI:44185	biolink:has_adverse_event	MONDO:0005306	Methotrexate	ankylosing spondylitis	infores:faers(primary_knowledge_source);infores:drugcentral(aggregator_knowledge_source);infores:automat-robokop(aggregator_knowledge_source)
Q341	e0	e_19	CHEBI:44185	biolink:has_adverse_event	MONDO:0043267	Methotrexate	rheumatoid vasculitis	infores:faers(primary_knowledge_source);infores:drugcentral(aggregator_knowledge_source);infores:automat-robokop(aggregator_knowledge_source)
Q341	e0	e_20	CHEBI:44185	biolink:treats	MONDO:0011849	Methotrexate	psoriatic arthritis	infores:hetionet(primary_knowledge_source);infores:automat-robokop(aggregator_knowledge_source)
Q341	e0	e_21	CHEBI:44185	biolink:treats	MONDO:0005306	Methotrexate	ankylosing spondylitis	infores:hetionet(primary_knowledge_source);infores:automat-robokop(aggregator_knowledge_source)
Q341	e0	e_22	CHEBI:44185	biolink:treats	MONDO:0011849	Methotrexate	psoriatic arthritis	infores:drugcentral(primary_knowledge_source);infores:automat-robokop(aggregator_knowledge_source)
Q341	e0	e_23	CHEBI:44185	biolink:treats	MONDO:0008383	Methotrexate	rheumatoid arthritis	infores:drugcentral(primary_knowledge_source);infores:automat-robokop(aggregator_knowledge_source)
Q341	e0	e_24	CHEBI:44185	biolink:treats	MONDO:0011429	Methotrexate	juvenile idiopathic arthritis	infores:drugcentral(primary_knowledge_source);infores:automat-robokop(aggregator_knowledge_source)
Q341	e0	e_25	CHEBI:44185	biolink:treats	MONDO:0008383	Methotrexate	rheumatoid arthritis	infores:hetionet(primary_knowledge_source);infores:automat-robokop(aggregator_knowledge_source)
Q341	e0	e_26	CHEBI:44185	biolink:applied_to_treat	MONDO:0011849	Methotrexate	psoriatic arthritis	infores:drugcentral(primary_knowledge_source);infores:automat-robokop(aggregator_knowledge_source)
Q341	e0	e_27	MONDO:0019355	biolink:subclass_of	MONDO:0008383	adult-onset Still disease	rheumatoid arthritis	infores:ubergraph(primary_knowledge_source);infores:automat-robokop(aggregator_knowledge_source)
Q341	e0	e_28	MONDO:0005306	biolink:subclass_of	MONDO:0008383	ankylosing spondylitis	rheumatoid arthritis	infores:ubergraph(primary_knowledge_source);infores:automat-robokop(aggregator_knowledge_source)
Q341	e0	e_29	MONDO:0007603	biolink:subclass_of	MONDO:0008383	Felty syndrome	rheumatoid arthritis	infores:ubergraph(primary_knowledge_source);infores:automat-robokop(aggregator_knowledge_source)
Q341	e0	e_30	MONDO:0011849	biolink:subclass_of	MONDO:0008383	psoriatic arthritis	rheumatoid arthritis	infores:ubergraph(primary_knowledge_source);infores:automat-robokop(aggregator_knowledge_source)
Q341	e0	e_31	MONDO:0019434	biolink:subclass_of	MONDO:0008383	Still Disease	rheumatoid arthritis	infores:ubergraph(primary_knowledge_source);infores:automat-robokop(aggregator_knowledge_source)
Q341	e0	e_32	MONDO:0005185	biolink:subclass_of	MONDO:0008383	chronic childhood arthritis	rheumatoid arthritis	infores:ubergraph(primary_knowledge_source);infores:automat-robokop(aggregator_knowledge_source)
Q341	e0	e_33	MONDO:0011429	biolink:subclass_of	MONDO:0008383	juvenile idiopathic arthritis	rheumatoid arthritis	infores:ubergraph(primary_knowledge_source);infores:automat-robokop(aggregator_knowledge_source)
Q341	e0	e_34	MONDO:0011429	biolink:subclass_of	MONDO:0008383	juvenile idiopathic arthritis	rheumatoid arthritis	infores:drugmechdb(primary_knowledge_source);infores:automat-robokop(aggregator_knowledge_source)
Q341	e0	e_35	MONDO:0043267	biolink:subclass_of	MONDO:0008383	rheumatoid vasculitis	rheumatoid arthritis	infores:ubergraph(primary_knowledge_source);infores:automat-robokop(aggregator_knowledge_source)
Q341	e0	e_2_e_27	MONDO:0008383	biolink:treats_or_applied_or_studied_to_treat	MONDO:0019355	rheumatoid arthritis	adult-onset Still disease	infores:automat-robokop(primary_knowledge_source)
Q341	e0	e_3_e_28	MONDO:0008383	biolink:treats_or_applied_or_studied_to_treat	MONDO:0005306	rheumatoid arthritis	ankylosing spondylitis	infores:automat-robokop(primary_knowledge_source)
Q341	e0	e_4_e_29	MONDO:0008383	biolink:treats_or_applied_or_studied_to_treat	MONDO:0007603	rheumatoid arthritis	Felty syndrome	infores:automat-robokop(primary_knowledge_source)
Q341	e0	e_5_e_30	MONDO:0008383	biolink:treats_or_applied_or_studied_to_treat	MONDO:0011849	rheumatoid arthritis	psoriatic arthritis	infores:automat-robokop(primary_knowledge_source)
Q341	e0	e_6_e_31	MONDO:0008383	biolink:treats_or_applied_or_studied_to_treat	MONDO:0019434	rheumatoid arthritis	Still Disease	infores:automat-robokop(primary_knowledge_source)
Q341	e0	e_7_e_32	MONDO:0008383	biolink:treats_or_applied_or_studied_to_treat	MONDO:0005185	rheumatoid arthritis	chronic childhood arthritis	infores:automat-robokop(primary_knowledge_source)
Q341	e0	e_8_e_33	MONDO:0008383	biolink:treats_or_applied_or_studied_to_treat	MONDO:0011429	rheumatoid arthritis	juvenile idiopathic arthritis	infores:automat-robokop(primary_knowledge_source)
Q341	e0	e_8_e_34	MONDO:0008383	biolink:treats_or_applied_or_studied_to_treat	MONDO:0011429	rheumatoid arthritis	juvenile idiopathic arthritis	infores:automat-robokop(primary_knowledge_source)
Q341	e0	e_9_e_30	MONDO:0008383	biolink:treats_or_applied_or_studied_to_treat	MONDO:0011849	rheumatoid arthritis	psoriatic arthritis	infores:automat-robokop(primary_knowledge_source)
Q341	e0	e_11_e_27	MONDO:0008383	biolink:treats_or_applied_or_studied_to_treat	MONDO:0019355	rheumatoid arthritis	adult-onset Still disease	infores:automat-robokop(primary_knowledge_source)
Q341	e0	e_12_e_35	MONDO:0008383	biolink:treats_or_applied_or_studied_to_treat	MONDO:0043267	rheumatoid arthritis	rheumatoid vasculitis	infores:automat-robokop(primary_knowledge_source)
Q341	e0	e_13_e_28	MONDO:0008383	biolink:treats_or_applied_or_studied_to_treat	MONDO:0005306	rheumatoid arthritis	ankylosing spondylitis	infores:automat-robokop(primary_knowledge_source)
Q341	e0	e_14_e_33	MONDO:0008383	biolink:treats_or_applied_or_studied_to_treat	MONDO:0011429	rheumatoid arthritis	juvenile idiopathic arthritis	infores:automat-robokop(primary_knowledge_source)
Q341	e0	e_14_e_34	MONDO:0008383	biolink:treats_or_applied_or_studied_to_treat	MONDO:0011429	rheumatoid arthritis	juvenile idiopathic arthritis	infores:automat-robokop(primary_knowledge_source)
Q341	e0	e_16_e_33	MONDO:0008383	biolink:has_adverse_event	MONDO:0011429	rheumatoid arthritis	juvenile idiopathic arthritis	infores:automat-robokop(primary_knowledge_source)
Q341	e0	e_16_e_34	MONDO:0008383	biolink:has_adverse_event	MONDO:0011429	rheumatoid arthritis	juvenile idiopathic arthritis	infores:automat-robokop(primary_knowledge_source)
Q341	e0	e_17_e_30	MONDO:0008383	biolink:has_adverse_event	MONDO:0011849	rheumatoid arthritis	psoriatic arthritis	infores:automat-robokop(primary_knowledge_source)
Q341	e0	e_18_e_28	MONDO:0008383	biolink:has_adverse_event	MONDO:0005306	rheumatoid arthritis	ankylosing spondylitis	infores:automat-robokop(primary_knowledge_source)
Q341	e0	e_19_e_35	MONDO:0008383	biolink:has_adverse_event	MONDO:0043267	rheumatoid arthritis	rheumatoid vasculitis	infores:automat-robokop(primary_knowledge_source)
Q341	e0	e_20_e_30	MONDO:0008383	biolink:treats	MONDO:0011849	rheumatoid arthritis	psoriatic arthritis	infores:automat-robokop(primary_knowledge_source)
Q341	e0	e_21_e_28	MONDO:0008383	biolink:treats	MONDO:0005306	rheumatoid arthritis	ankylosing spondylitis	infores:automat-robokop(primary_knowledge_source)
Q341	e0	e_22_e_30	MONDO:0008383	biolink:treats	MONDO:0011849	rheumatoid arthritis	psoriatic arthritis	infores:automat-robokop(primary_knowledge_source)
Q341	e0	e_24_e_33	MONDO:0008383	biolink:treats	MONDO:0011429	rheumatoid arthritis	juvenile idiopathic arthritis	infores:automat-robokop(primary_knowledge_source)
Q341	e0	e_24_e_34	MONDO:0008383	biolink:treats	MONDO:0011429	rheumatoid arthritis	juvenile idiopathic arthritis	infores:automat-robokop(primary_knowledge_source)
Q341	e0	e_26_e_30	MONDO:0008383	biolink:applied_to_treat	MONDO:0011849	rheumatoid arthritis	psoriatic arthritis	infores:automat-robokop(primary_knowledge_source)
Q347	e0	e_1	CHEBI:63637	biolink:contributes_to	MONDO:0042494	Vemurafenib	childhood malignant melanoma	infores:text-mining-provider-targeted(primary_knowledge_source);infores:automat-robokop(aggregator_knowledge_source)
Q347	e0	e_2	CHEBI:63637	biolink:causes	MONDO:0005105	Vemurafenib	melanoma	infores:sider(primary_knowledge_source);infores:hetionet(aggregator_knowledge_source);infores:automat-robokop(aggregator_knowledge_source)
Q347	e0	e_3	CHEBI:63637	biolink:causes	MONDO:0005191	Vemurafenib	metastatic melanoma	infores:sider(primary_knowledge_source);infores:hetionet(aggregator_knowledge_source);infores:automat-robokop(aggregator_knowledge_source)
Q347	e0	e_4	CHEBI:63637	biolink:treats_or_applied_or_studied_to_treat	MONDO:0006325	Vemurafenib	ocular melanoma	infores:text-mining-provider-targeted(primary_knowledge_source);infores:automat-robokop(aggregator_knowledge_source)
Q347	e0	e_5	CHEBI:63637	biolink:treats_or_applied_or_studied_to_treat	MONDO:0002975	Vemurafenib	Breast Melanoma	infores:text-mining-provider-targeted(primary_knowledge_source);infores:automat-robokop(aggregator_knowledge_source)
Q347	e0	e_6	CHEBI:63637	biolink:treats_or_applied_or_studied_to_treat	MONDO:0006486	Vemurafenib	uveal melanoma	infores:text-mining-provider-targeted(primary_knowledge_source);infores:automat-robokop(aggregator_knowledge_source)
Q347	e0	e_7	CHEBI:63637	biolink:treats_or_applied_or_studied_to_treat	MONDO:0000930	Vemurafenib	nodular malignant melanoma	infores:text-mining-provider-targeted(primary_knowledge_source);infores:automat-robokop(aggregator_knowledge_source)
Q347	e0	e_8	CHEBI:63637	biolink:treats_or_applied_or_studied_to_treat	MONDO:0005105	Vemurafenib	melanoma	infores:ctd(primary_knowledge_source);infores:automat-robokop(aggregator_knowledge_source)
Q347	e0	e_9	CHEBI:63637	biolink:treats_or_applied_or_studied_to_treat	MONDO:0002096	Vemurafenib	malignant conjunctival melanoma	infores:text-mining-provider-targeted(primary_knowledge_source);infores:automat-robokop(aggregator_knowledge_source)
Q347	e0	e_10	CHEBI:63637	biolink:treats_or_applied_or_studied_to_treat	MONDO:0000544	Vemurafenib	mucosal melanoma	infores:text-mining-provider-targeted(primary_knowledge_source);infores:automat-robokop(aggregator_knowledge_source)
Q347	e0	e_11	CHEBI:63637	biolink:treats_or_applied_or_studied_to_treat	MONDO:0002971	Vemurafenib	amelanotic melanoma	infores:text-mining-provider-targeted(primary_knowledge_source);infores:automat-robokop(aggregator_knowledge_source)
Q347	e0	e_12	CHEBI:63637	biolink:treats_or_applied_or_studied_to_treat	MONDO:0005012	Vemurafenib	skin melanoma	infores:text-mining-provider-targeted(primary_knowledge_source);infores:automat-robokop(aggregator_knowledge_source)
Q347	e0	e_13	CHEBI:63637	biolink:treats_or_applied_or_studied_to_treat	MONDO:0005105	Vemurafenib	melanoma	infores:text-mining-provider-targeted(primary_knowledge_source);infores:automat-robokop(aggregator_knowledge_source)
Q347	e0	e_14	CHEBI:63637	biolink:treats_or_applied_or_studied_to_treat	MONDO:0005191	Vemurafenib	metastatic melanoma	infores:text-mining-provider-targeted(primary_knowledge_source);infores:automat-robokop(aggregator_knowledge_source)
Q347	e0	e_15	CHEBI:63637	biolink:treats_or_applied_or_studied_to_treat	MONDO:0044785	Vemurafenib	desmoplastic melanoma	infores:text-mining-provider-targeted(primary_knowledge_source);infores:automat-robokop(aggregator_knowledge_source)
Q347	e0	e_16	CHEBI:63637	biolink:treats_or_applied_or_studied_to_treat	MONDO:0004512	Vemurafenib	meningeal melanomatosis	infores:text-mining-provider-targeted(primary_knowledge_source);infores:automat-robokop(aggregator_knowledge_source)
Q347	e0	e_17	CHEBI:63637	biolink:has_adverse_event	MONDO:0005191	Vemurafenib	metastatic melanoma	infores:faers(primary_knowledge_source);infores:drugcentral(aggregator_knowledge_source);infores:automat-robokop(aggregator_knowledge_source)
Q347	e0	e_18	CHEBI:63637	biolink:has_adverse_event	MONDO:0005105	Vemurafenib	melanoma	infores:faers(primary_knowledge_source);infores:drugcentral(aggregator_knowledge_source);infores:automat-robokop(aggregator_knowledge_source)
Q347	e0	e_19	CHEBI:63637	biolink:treats	MONDO:0005105	Vemurafenib	melanoma	infores:hetionet(primary_knowledge_source);infores:automat-robokop(aggregator_knowledge_source)
Q347	e0	e_20	MONDO:0042494	biolink:subclass_of	MONDO:0005105	childhood malignant melanoma	melanoma	infores:ubergraph(primary_knowledge_source);infores:automat-robokop(aggregator_knowledge_source)
Q347	e0	e_21	MONDO:0005191	biolink:subclass_of	MONDO:0005105	metastatic melanoma	melanoma	infores:ubergraph(primary_knowledge_source);infores:automat-robokop(aggregator_knowledge_source)
Q347	e0	e_22	MONDO:0006325	biolink:subclass_of	MONDO:0005105	ocular melanoma	melanoma	infores:ubergraph(primary_knowledge_source);infores:automat-robokop(aggregator_knowledge_source)
Q347	e0	e_23	MONDO:0002975	biolink:subclass_of	MONDO:0005105	Breast Melanoma	melanoma	infores:ubergraph(primary_knowledge_source);infores:automat-robokop(aggregator_knowledge_source)
Q347	e0	e_24	MONDO:0006486	biolink:subclass_of	MONDO:0005105	uveal melanoma	melanoma	infores:ubergraph(primary_knowledge_source);infores:automat-robokop(aggregator_knowledge_source)
Q347	e0	e_25	MONDO:0000930	biolink:subclass_of	MONDO:0005105	nodular malignant melanoma	melanoma	infores:ubergraph(primary_knowledge_source);infores:automat-robokop(aggregator_knowledge_source)
Q347	e0	e_26	MONDO:0002096	biolink:subclass_of	MONDO:0005105	malignant conjunctival melanoma	melanoma	infores:ubergraph(primary_knowledge_source);infores:automat-robokop(aggregator_knowledge_source)
Q347	e0	e_27	MONDO:0000544	biolink:subclass_of	MONDO:0005105	mucosal melanoma	melanoma	infores:ubergraph(primary_knowledge_source);infores:automat-robokop(aggregator_knowledge_source)
Q347	e0	e_28	MONDO:0002971	biolink:subclass_of	MONDO:0005105	amelanotic melanoma	melanoma	infores:ubergraph(primary_knowledge_source);infores:automat-robokop(aggregator_knowledge_source)
Q347	e0	e_29	MONDO:0005012	biolink:subclass_of	MONDO:0005105	skin melanoma	melanoma	infores:ubergraph(primary_knowledge_source);infores:automat-robokop(aggregator_knowledge_source)
Q347	e0	e_30	MONDO:0044785	biolink:subclass_of	MONDO:0005105	desmoplastic melanoma	melanoma	infores:ubergraph(primary_knowledge_source);infores:automat-robokop(aggregator_knowledge_source)
Q347	e0	e_31	MONDO:0004512	biolink:subclass_of	MONDO:0005105	meningeal melanomatosis	melanoma	infores:ubergraph(primary_knowledge_source);infores:automat-robokop(aggregator_knowledge_source)
Q347	e0	e_1_e_20	MONDO:0005105	biolink:contributes_to	MONDO:0042494	melanoma	childhood malignant melanoma	infores:automat-robokop(primary_knowledge_source)
Q347	e0	e_3_e_21	MONDO:0005105	biolink:causes	MONDO:0005191	melanoma	metastatic melanoma	infores:automat-robokop(primary_knowledge_source)
Q347	e0	e_4_e_22	MONDO:0005105	biolink:treats_or_applied_or_studied_to_treat	MONDO:0006325	melanoma	ocular melanoma	infores:automat-robokop(primary_knowledge_source)
Q347	e0	e_5_e_23	MONDO:0005105	biolink:treats_or_applied_or_studied_to_treat	MONDO:0002975	melanoma	Breast Melanoma	infores:automat-robokop(primary_knowledge_source)
Q347	e0	e_6_e_24	MONDO:0005105	biolink:treats_or_applied_or_studied_to_treat	MONDO:0006486	melanoma	uveal melanoma	infores:automat-robokop(primary_knowledge_source)
Q347	e0	e_7_e_25	MONDO:0005105	biolink:treats_or_applied_or_studied_to_treat	MONDO:0000930	melanoma	nodular malignant melanoma	infores:automat-robokop(primary_knowledge_source)
Q347	e0	e_9_e_26	MONDO:0005105	biolink:treats_or_applied_or_studied_to_treat	MONDO:0002096	melanoma	malignant conjunctival melanoma	infores:automat-robokop(primary_knowledge_source)
Q347	e0	e_10_e_27	MONDO:0005105	biolink:treats_or_applied_or_studied_to_treat	MONDO:0000544	melanoma	mucosal melanoma	infores:automat-robokop(primary_knowledge_source)
Q347	e0	e_11_e_28	MONDO:0005105	biolink:treats_or_applied_or_studied_to_treat	MONDO:0002971	melanoma	amelanotic melanoma	infores:automat-robokop(primary_knowledge_source)
Q347	e0	e_12_e_29	MONDO:0005105	biolink:treats_or_applied_or_studied_to_treat	MONDO:0005012	melanoma	skin melanoma	infores:automat-robokop(primary_knowledge_source)
Q347	e0	e_14_e_21	MONDO:0005105	biolink:treats_or_applied_or_studied_to_treat	MONDO:0005191	melanoma	metastatic melanoma	infores:automat-robokop(primary_knowledge_source)
Q347	e0	e_15_e_30	MONDO:0005105	biolink:treats_or_applied_or_studied_to_treat	MONDO:0044785	melanoma	desmoplastic melanoma	infores:automat-robokop(primary_knowledge_source)
Q347	e0	e_16_e_31	MONDO:0005105	biolink:treats_or_applied_or_studied_to_treat	MONDO:0004512	melanoma	meningeal melanomatosis	infores:automat-robokop(primary_knowledge_source)
Q347	e0	e_17_e_21	MONDO:0005105	biolink:has_adverse_event	MONDO:0005191	melanoma	metastatic melanoma	infores:automat-robokop(primary_knowledge_source)
Q348	e0	e_1	CHEBI:49668	biolink:treats_or_applied_or_studied_to_treat	MONDO:0005061	Gefitinib	lung adenocarcinoma	infores:text-mining-provider-targeted(primary_knowledge_source);infores:automat-robokop(aggregator_knowledge_source)
Q348	e0	e_2	CHEBI:49668	biolink:treats_or_applied_or_studied_to_treat	MONDO:0005616	Gefitinib	pulmonary mucoepidermoid carcinoma	infores:text-mining-provider-targeted(primary_knowledge_source);infores:automat-robokop(aggregator_knowledge_source)
Q348	e0	e_3	CHEBI:49668	biolink:treats_or_applied_or_studied_to_treat	MONDO:0005061	Gefitinib	lung adenocarcinoma	infores:ctd(primary_knowledge_source);infores:automat-robokop(aggregator_knowledge_source)
Q348	e0	e_4	CHEBI:49668	biolink:treats_or_applied_or_studied_to_treat	MONDO:0004991	Gefitinib	minimally invasive lung adenocarcinoma	infores:text-mining-provider-targeted(primary_knowledge_source);infores:automat-robokop(aggregator_knowledge_source)
Q348	e0	e_5	MONDO:0005616	biolink:subclass_of	MONDO:0005061	pulmonary mucoepidermoid carcinoma	lung adenocarcinoma	infores:ubergraph(primary_knowledge_source);infores:automat-robokop(aggregator_knowledge_source)
Q348	e0	e_6	MONDO:0004991	biolink:subclass_of	MONDO:0005061	minimally invasive lung adenocarcinoma	lung adenocarcinoma	infores:ubergraph(primary_knowledge_source);infores:automat-robokop(aggregator_knowledge_source)
Q348	e0	e_2_e_5	MONDO:0005061	biolink:treats_or_applied_or_studied_to_treat	MONDO:0005616	lung adenocarcinoma	pulmonary mucoepidermoid carcinoma	infores:automat-robokop(primary_knowledge_source)
Q348	e0	e_4_e_6	MONDO:0005061	biolink:treats_or_applied_or_studied_to_treat	MONDO:0004991	lung adenocarcinoma	minimally invasive lung adenocarcinoma	infores:automat-robokop(primary_knowledge_source)
Q351	e0	e_1	NCBIGene:7124	biolink:affects	CHEBI:44185	TNF	Methotrexate	infores:text-mining-provider-targeted(primary_knowledge_source);infores:automat-robokop(aggregator_knowledge_source)
Q351	e0	e_2	CHEBI:44185	biolink:affects	NCBIGene:7124	Methotrexate	TNF	infores:text-mining-provider-targeted(primary_knowledge_source);infores:automat-robokop(aggregator_knowledge_source)
Q351	e0	e_3	CHEBI:44185	biolink:affects	NCBIGene:7124	Methotrexate	TNF	infores:ctd(primary_knowledge_source);infores:automat-robokop(aggregator_knowledge_source)
Q351	e0	e_4	CHEBI:44185	biolink:affects	NCBIGene:7124	Methotrexate	TNF	infores:ctd(primary_knowledge_source);infores:automat-robokop(aggregator_knowledge_source)
Q351	e0	e_5	CHEBI:44185	biolink:affects	NCBIGene:7124	Methotrexate	TNF	infores:ctd(primary_knowledge_source);infores:automat-robokop(aggregator_knowledge_source)
Q351	e0	e_6	CHEBI:44185	biolink:affects	NCBIGene:7124	Methotrexate	TNF	infores:ctd(primary_knowledge_source);infores:automat-robokop(aggregator_knowledge_source)
Q354	e0	e_1	NCBIGene:1956	biolink:affects	CHEBI:49668	EGFR	Gefitinib	infores:hmdb(primary_knowledge_source);infores:automat-robokop(aggregator_knowledge_source)
Q354	e0	e_2	CHEBI:49668	biolink:affects	NCBIGene:1956	Gefitinib	EGFR	infores:chembl(primary_knowledge_source);infores:drugcentral(aggregator_knowledge_source);infores:automat-robokop(aggregator_knowledge_source)
Q354	e0	e_3	CHEBI:49668	biolink:affects	NCBIGene:1956	Gefitinib	EGFR	infores:text-mining-provider-targeted(primary_knowledge_source);infores:automat-robokop(aggregator_knowledge_source)
Q354	e0	e_4	CHEBI:49668	biolink:affects	NCBIGene:1956	Gefitinib	EGFR	infores:bindingdb(primary_knowledge_source);infores:automat-robokop(aggregator_knowledge_source)
Q354	e0	e_5	CHEBI:49668	biolink:affects	NCBIGene:1956	Gefitinib	EGFR	infores:ctd(primary_knowledge_source);infores:automat-robokop(aggregator_knowledge_source)
Q354	e0	e_6	CHEBI:49668	biolink:affects	NCBIGene:1956	Gefitinib	EGFR	infores:ctd(primary_knowledge_source);infores:automat-robokop(aggregator_knowledge_source)
Q354	e0	e_7	CHEBI:49668	biolink:affects	NCBIGene:1956	Gefitinib	EGFR	infores:pharos(primary_knowledge_source);infores:automat-robokop(aggregator_knowledge_source)
Q354	e0	e_8	CHEBI:49668	biolink:affects	NCBIGene:1956	Gefitinib	EGFR	infores:bindingdb(primary_knowledge_source);infores:automat-robokop(aggregator_knowledge_source)
Q354	e0	e_9	CHEBI:49668	biolink:affects	NCBIGene:1956	Gefitinib	EGFR	infores:ctd(primary_knowledge_source);infores:automat-robokop(aggregator_knowledge_source)
Q354	e0	e_10	CHEBI:49668	biolink:affects	NCBIGene:1956	Gefitinib	EGFR	infores:gtopdb(primary_knowledge_source);infores:automat-robokop(aggregator_knowledge_source)
Q354	e0	e_11	CHEBI:49668	biolink:affects	NCBIGene:1956	Gefitinib	EGFR	infores:ctd(primary_knowledge_source);infores:automat-robokop(aggregator_knowledge_source)
Q354	e0	e_12	CHEBI:49668	biolink:directly_physically_interacts_with	NCBIGene:1956	Gefitinib	EGFR	infores:pharos(primary_knowledge_source);infores:automat-robokop(aggregator_knowledge_source)
Q354	e0	e_13	CHEBI:49668	biolink:directly_physically_interacts_with	NCBIGene:1956	Gefitinib	EGFR	infores:bindingdb(primary_knowledge_source);infores:automat-robokop(aggregator_knowledge_source)
Q354	e0	e_14	CHEBI:49668	biolink:directly_physically_interacts_with	NCBIGene:1956	Gefitinib	EGFR	infores:hetionet(primary_knowledge_source);infores:automat-robokop(aggregator_knowledge_source)
Q354	e0	e_15	CHEBI:49668	biolink:related_to	NCBIGene:1956	Gefitinib	EGFR	infores:bindingdb(primary_knowledge_source);infores:automat-robokop(aggregator_knowledge_source)
Q354	e0	e_16	NCBIGene:1956	biolink:decreases_response_to	CHEBI:49668	EGFR	Gefitinib	infores:ctd(primary_knowledge_source);infores:automat-robokop(aggregator_knowledge_source)
Q354	e0	e_17	NCBIGene:1956	biolink:increases_response_to	CHEBI:49668	EGFR	Gefitinib	infores:ctd(primary_knowledge_source);infores:automat-robokop(aggregator_knowledge_source)
Q354	e0	e_18	NCBIGene:1956	biolink:affects_response_to	CHEBI:49668	EGFR	Gefitinib	infores:ctd(primary_knowledge_source);infores:automat-robokop(aggregator_knowledge_source)
Q355	e0	e_1	CHEBI:63637	biolink:affects	NCBIGene:673	Vemurafenib	BRAF	infores:gtopdb(primary_knowledge_source);infores:automat-robokop(aggregator_knowledge_source)
Q355	e0	e_2	CHEBI:63637	biolink:affects	NCBIGene:673	Vemurafenib	BRAF	infores:text-mining-provider-targeted(primary_knowledge_source);infores:automat-robokop(aggregator_knowledge_source)
Q355	e0	e_3	CHEBI:63637	biolink:affects	NCBIGene:673	Vemurafenib	BRAF	infores:pharos(primary_knowledge_source);infores:automat-robokop(aggregator_knowledge_source)
Q355	e0	e_4	CHEBI:63637	biolink:affects	NCBIGene:673	Vemurafenib	BRAF	infores:chembl(primary_knowledge_source);infores:drugcentral(aggregator_knowledge_source);infores:automat-robokop(aggregator_knowledge_source)
Q355	e0	e_5	CHEBI:63637	biolink:affects	NCBIGene:673	Vemurafenib	BRAF	infores:ctd(primary_knowledge_source);infores:automat-robokop(aggregator_knowledge_source)
Q355	e0	e_6	CHEBI:63637	biolink:affects	NCBIGene:673	Vemurafenib	BRAF	infores:bindingdb(primary_knowledge_source);infores:automat-robokop(aggregator_knowledge_source)
Q355	e0	e_7	CHEBI:63637	biolink:affects	NCBIGene:673	Vemurafenib	BRAF	infores:bindingdb(primary_knowledge_source);infores:automat-robokop(aggregator_knowledge_source)
Q355	e0	e_8	CHEBI:63637	biolink:directly_physically_interacts_with	NCBIGene:673	Vemurafenib	BRAF	infores:hetionet(primary_knowledge_source);infores:automat-robokop(aggregator_knowledge_source)
Q355	e0	e_9	CHEBI:63637	biolink:directly_physically_interacts_with	NCBIGene:673	Vemurafenib	BRAF	infores:bindingdb(primary_knowledge_source);infores:automat-robokop(aggregator_knowledge_source)
Q355	e0	e_10	NCBIGene:673	biolink:increases_response_to	CHEBI:63637	BRAF	Vemurafenib	infores:ctd(primary_knowledge_source);infores:automat-robokop(aggregator_knowledge_source)
Q355	e0	e_11	NCBIGene:673	biolink:affects_response_to	CHEBI:63637	BRAF	Vemurafenib	infores:ctd(primary_knowledge_source);infores:automat-robokop(aggregator_knowledge_source)
Q358	e0	e_1	NCBIGene:2475	biolink:affects	CHEBI:9168	MTOR	Sirolimus	infores:hmdb(primary_knowledge_source);infores:automat-robokop(aggregator_knowledge_source)
Q358	e0	e_2	CHEBI:9168	biolink:affects	NCBIGene:2475	Sirolimus	MTOR	infores:bindingdb(primary_knowledge_source);infores:automat-robokop(aggregator_knowledge_source)
Q358	e0	e_3	CHEBI:9168	biolink:affects	NCBIGene:2475	Sirolimus	MTOR	infores:ctd(primary_knowledge_source);infores:automat-robokop(aggregator_knowledge_source)
Q358	e0	e_4	CHEBI:9168	biolink:affects	NCBIGene:2475	Sirolimus	MTOR	infores:ctd(primary_knowledge_source);infores:automat-robokop(aggregator_knowledge_source)
Q358	e0	e_5	CHEBI:9168	biolink:affects	NCBIGene:2475	Sirolimus	MTOR	infores:ctd(primary_knowledge_source);infores:automat-robokop(aggregator_knowledge_source)
Q358	e0	e_6	CHEBI:9168	biolink:affects	NCBIGene:2475	Sirolimus	MTOR	infores:chembl(primary_knowledge_source);infores:drugcentral(aggregator_knowledge_source);infores:automat-robokop(aggregator_knowledge_source)
Q358	e0	e_7	CHEBI:9168	biolink:affects	NCBIGene:2475	Sirolimus	MTOR	infores:drugmechdb(primary_knowledge_source);infores:automat-robokop(aggregator_knowledge_source)
Q358	e0	e_8	CHEBI:9168	biolink:affects	NCBIGene:2475	Sirolimus	MTOR	infores:text-mining-provider-targeted(primary_knowledge_source);infores:automat-robokop(aggregator_knowledge_source)
Q358	e0	e_9	CHEBI:9168	biolink:affects	NCBIGene:2475	Sirolimus	MTOR	infores:pharos(primary_knowledge_source);infores:automat-robokop(aggregator_knowledge_source)
Q358	e0	e_10	CHEBI:9168	biolink:directly_physically_interacts_with	NCBIGene:2475	Sirolimus	MTOR	infores:pharos(primary_knowledge_source);infores:automat-robokop(aggregator_knowledge_source)
Q358	e0	e_11	CHEBI:9168	biolink:directly_physically_interacts_with	NCBIGene:2475	Sirolimus	MTOR	infores:bindingdb(primary_knowledge_source);infores:automat-robokop(aggregator_knowledge_source)
Q358	e0	e_12	CHEBI:9168	biolink:directly_physically_interacts_with	NCBIGene:2475	Sirolimus	MTOR	infores:hetionet(primary_knowledge_source);infores:automat-robokop(aggregator_knowledge_source)
Q361	e0	e_1	CHEBI:3766	biolink:affects	NCBIGene:1813	Clozapine	DRD2	infores:text-mining-provider-targeted(primary_knowledge_source);infores:automat-robokop(aggregator_knowledge_source)
Q361	e0	e_2	CHEBI:3766	biolink:affects	NCBIGene:1813	Clozapine	DRD2	infores:gtopdb(primary_knowledge_source);infores:automat-robokop(aggregator_knowledge_source)
Q361	e0	e_3	CHEBI:3766	biolink:affects	NCBIGene:1813	Clozapine	DRD2	infores:pharos(primary_knowledge_source);infores:automat-robokop(aggregator_knowledge_source)
Q361	e0	e_4	CHEBI:3766	biolink:affects	NCBIGene:1813	Clozapine	DRD2	infores:drugcentral(primary_knowledge_source);infores:automat-robokop(aggregator_knowledge_source)
Q361	e0	e_5	CHEBI:3766	biolink:affects	NCBIGene:1813	Clozapine	DRD2	infores:ctd(primary_knowledge_source);infores:automat-robokop(aggregator_knowledge_source)
Q361	e0	e_6	CHEBI:3766	biolink:directly_physically_interacts_with	NCBIGene:1813	Clozapine	DRD2	infores:hetionet(primary_knowledge_source);infores:automat-robokop(aggregator_knowledge_source)
Q361	e0	e_7	CHEBI:3766	biolink:related_to	NCBIGene:1813	Clozapine	DRD2	infores:pharos(primary_knowledge_source);infores:automat-robokop(aggregator_knowledge_source)
Q361	e0	e_8	NCBIGene:1813	biolink:increases_response_to	CHEBI:3766	DRD2	Clozapine	infores:ctd(primary_knowledge_source);infores:automat-robokop(aggregator_knowledge_source)
Q361	e0	e_9	NCBIGene:1813	biolink:affects_response_to	CHEBI:3766	DRD2	Clozapine	infores:ctd(primary_knowledge_source);infores:automat-robokop(aggregator_knowledge_source)
Q362	e0	e_1	NCBIGene:1813	biolink:affects	CHEBI:8871	DRD2	Risperidone	infores:hmdb(primary_knowledge_source);infores:automat-robokop(aggregator_knowledge_source)
Q362	e0	e_2	CHEBI:8871	biolink:affects	NCBIGene:1813	Risperidone	DRD2	infores:bindingdb(primary_knowledge_source);infores:automat-robokop(aggregator_knowledge_source)
Q362	e0	e_3	CHEBI:8871	biolink:affects	NCBIGene:1813	Risperidone	DRD2	infores:drugmechdb(primary_knowledge_source);infores:automat-robokop(aggregator_knowledge_source)
Q362	e0	e_4	CHEBI:8871	biolink:affects	NCBIGene:1813	Risperidone	DRD2	infores:pharos(primary_knowledge_source);infores:automat-robokop(aggregator_knowledge_source)
Q362	e0	e_5	CHEBI:8871	biolink:affects	NCBIGene:1813	Risperidone	DRD2	infores:text-mining-provider-targeted(primary_knowledge_source);infores:automat-robokop(aggregator_knowledge_source)
Q362	e0	e_6	CHEBI:8871	biolink:affects	NCBIGene:1813	Risperidone	DRD2	infores:gtopdb(primary_knowledge_source);infores:automat-robokop(aggregator_knowledge_source)
Q362	e0	e_7	CHEBI:8871	biolink:affects	NCBIGene:1813	Risperidone	DRD2	infores:drugcentral(primary_knowledge_source);infores:automat-robokop(aggregator_knowledge_source)
Q362	e0	e_8	CHEBI:8871	biolink:directly_physically_interacts_with	NCBIGene:1813	Risperidone	DRD2	infores:hetionet(primary_knowledge_source);infores:automat-robokop(aggregator_knowledge_source)
Q362	e0	e_9	CHEBI:8871	biolink:related_to	NCBIGene:1813	Risperidone	DRD2	infores:bindingdb(primary_knowledge_source);infores:automat-robokop(aggregator_knowledge_source)
Q362	e0	e_10	NCBIGene:1813	biolink:increases_response_to	CHEBI:8871	DRD2	Risperidone	infores:ctd(primary_knowledge_source);infores:automat-robokop(aggregator_knowledge_source)
Q362	e0	e_11	NCBIGene:1813	biolink:affects_response_to	CHEBI:8871	DRD2	Risperidone	infores:ctd(primary_knowledge_source);infores:automat-robokop(aggregator_knowledge_source)
Q363	e0	e_1	CHEBI:5118	biolink:affects	NCBIGene:6532	Fluoxetine	SLC6A4	infores:ctd(primary_knowledge_source);infores:automat-robokop(aggregator_knowledge_source)
Q363	e0	e_2	CHEBI:5118	biolink:affects	NCBIGene:6532	Fluoxetine	SLC6A4	infores:bindingdb(primary_knowledge_source);infores:automat-robokop(aggregator_knowledge_source)
Q363	e0	e_3	CHEBI:5118	biolink:affects	NCBIGene:6532	Fluoxetine	SLC6A4	infores:drugcentral(primary_knowledge_source);infores:automat-robokop(aggregator_knowledge_source)
Q363	e0	e_4	CHEBI:5118	biolink:affects	NCBIGene:6532	Fluoxetine	SLC6A4	infores:text-mining-provider-targeted(primary_knowledge_source);infores:automat-robokop(aggregator_knowledge_source)
Q363	e0	e_5	CHEBI:5118	biolink:affects	NCBIGene:6532	Fluoxetine	SLC6A4	infores:pharos(primary_knowledge_source);infores:automat-robokop(aggregator_knowledge_source)
Q363	e0	e_6	CHEBI:5118	biolink:affects	NCBIGene:6532	Fluoxetine	SLC6A4	infores:ctd(primary_knowledge_source);infores:automat-robokop(aggregator_knowledge_source)
Q363	e0	e_7	CHEBI:5118	biolink:affects	NCBIGene:6532	Fluoxetine	SLC6A4	infores:bindingdb(primary_knowledge_source);infores:automat-robokop(aggregator_knowledge_source)
Q363	e0	e_8	CHEBI:5118	biolink:affects	NCBIGene:6532	Fluoxetine	SLC6A4	infores:pharos(primary_knowledge_source);infores:automat-robokop(aggregator_knowledge_source)
Q363	e0	e_9	CHEBI:5118	biolink:affects	NCBIGene:6532	Fluoxetine	SLC6A4	infores:drugmechdb(primary_knowledge_source);infores:automat-robokop(aggregator_knowledge_source)
Q363	e0	e_10	CHEBI:5118	biolink:affects	NCBIGene:6532	Fluoxetine	SLC6A4	infores:gtopdb(primary_knowledge_source);infores:automat-robokop(aggregator_knowledge_source)
Q363	e0	e_11	CHEBI:5118	biolink:directly_physically_interacts_with	NCBIGene:6532	Fluoxetine	SLC6A4	infores:bindingdb(primary_knowledge_source);infores:automat-robokop(aggregator_knowledge_source)
Q363	e0	e_12	CHEBI:5118	biolink:directly_physically_interacts_with	NCBIGene:6532	Fluoxetine	SLC6A4	infores:pharos(primary_knowledge_source);infores:automat-robokop(aggregator_knowledge_source)
Q363	e0	e_13	CHEBI:5118	biolink:directly_physically_interacts_with	NCBIGene:6532	Fluoxetine	SLC6A4	infores:hetionet(primary_knowledge_source);infores:automat-robokop(aggregator_knowledge_source)
Q363	e0	e_14	CHEBI:5118	biolink:related_to	NCBIGene:6532	Fluoxetine	SLC6A4	infores:bindingdb(primary_knowledge_source);infores:automat-robokop(aggregator_knowledge_source)
Q363	e0	e_15	NCBIGene:6532	biolink:decreases_response_to	CHEBI:5118	SLC6A4	Fluoxetine	infores:ctd(primary_knowledge_source);infores:automat-robokop(aggregator_knowledge_source)
Q363	e0	e_16	NCBIGene:6532	biolink:increases_response_to	CHEBI:5118	SLC6A4	Fluoxetine	infores:ctd(primary_knowledge_source);infores:automat-robokop(aggregator_knowledge_source)
Q363	e0	e_17	CHEBI:86992	biolink:related_to	NCBIGene:6532	(S)-Fluoxetine	SLC6A4	infores:bindingdb(primary_knowledge_source);infores:automat-robokop(aggregator_knowledge_source)
Q363	e0	e_18	CHEBI:86992	biolink:subclass_of	CHEBI:5118	(S)-Fluoxetine	Fluoxetine	infores:ubergraph(primary_knowledge_source);infores:automat-robokop(aggregator_knowledge_source)
Q363	e0	e_17_e_18	CHEBI:86992	biolink:related_to	CHEBI:5118	(S)-Fluoxetine	Fluoxetine	infores:automat-robokop(primary_knowledge_source)
Q365	e0	e_1	CHEBI:39867	biolink:affects	NCBIGene:6323	Valproic acid	SCN1A	infores:text-mining-provider-targeted(primary_knowledge_source);infores:automat-robokop(aggregator_knowledge_source)
Q366	e0	e_1	CHEBI:3387	biolink:affects	NCBIGene:6323	Carbamazepine	SCN1A	infores:text-mining-provider-targeted(primary_knowledge_source);infores:automat-robokop(aggregator_knowledge_source)
Q366	e0	e_2	NCBIGene:6323	biolink:affects_response_to	CHEBI:3387	SCN1A	Carbamazepine	infores:ctd(primary_knowledge_source);infores:automat-robokop(aggregator_knowledge_source)
Q371	e0	e_1	NCBIGene:7157	biolink:affects	NCBIGene:4193	TP53	MDM2	infores:signor(primary_knowledge_source);infores:automat-robokop(aggregator_knowledge_source)
Q371	e0	e_2	NCBIGene:7157	biolink:affects	NCBIGene:4193	TP53	MDM2	infores:text-mining-provider-targeted(primary_knowledge_source);infores:automat-robokop(aggregator_knowledge_source)
Q371	e0	e_3	NCBIGene:4193	biolink:affects	NCBIGene:7157	MDM2	TP53	infores:signor(primary_knowledge_source);infores:automat-robokop(aggregator_knowledge_source)
Q371	e0	e_4	NCBIGene:4193	biolink:affects	NCBIGene:7157	MDM2	TP53	infores:text-mining-provider-targeted(primary_knowledge_source);infores:automat-robokop(aggregator_knowledge_source)
Q371	e0	e_5	NCBIGene:7157	biolink:directly_physically_interacts_with	NCBIGene:4193	TP53	MDM2	infores:intact(primary_knowledge_source);infores:automat-robokop(aggregator_knowledge_source)
Q371	e0	e_6	NCBIGene:4193	biolink:directly_physically_interacts_with	NCBIGene:7157	MDM2	TP53	infores:intact(primary_knowledge_source);infores:automat-robokop(aggregator_knowledge_source)
Q371	e0	e_7	NCBIGene:7157	biolink:regulates	NCBIGene:4193	TP53	MDM2	infores:lincs(primary_knowledge_source);infores:hetionet(aggregator_knowledge_source);infores:automat-robokop(aggregator_knowledge_source)
Q371	e0	e_8	NCBIGene:7157	biolink:regulates	NCBIGene:4193	TP53	MDM2	infores:signor(primary_knowledge_source);infores:automat-robokop(aggregator_knowledge_source)
Q371	e0	e_9	NCBIGene:4193	biolink:regulates	NCBIGene:7157	MDM2	TP53	infores:signor(primary_knowledge_source);infores:automat-robokop(aggregator_knowledge_source)
Q371	e0	e_10	NCBIGene:7157	biolink:related_to	NCBIGene:4193	TP53	MDM2	infores:signor(primary_knowledge_source);infores:automat-robokop(aggregator_knowledge_source)
Q371	e0	e_11	NCBIGene:4193	biolink:related_to	NCBIGene:7157	MDM2	TP53	infores:signor(primary_knowledge_source);infores:automat-robokop(aggregator_knowledge_source)
Q371	e0	e_12	NCBIGene:4193	biolink:genetically_interacts_with	NCBIGene:7157	MDM2	TP53	infores:hetionet(primary_knowledge_source);infores:hetionet(aggregator_knowledge_source);infores:automat-robokop(aggregator_knowledge_source)
Q371	e0	e_13	UniProtKB:P04637-1	biolink:physically_interacts_with	UniProtKB:Q00987-11	cellular tumor antigen p53 isoform 1 (human)	E3 ubiquitin-protein ligase Mdm2 isoform h11 (human)	infores:string(primary_knowledge_source);infores:automat-robokop(aggregator_knowledge_source)
Q371	e0	e_14	UniProtKB:Q00987-11	biolink:physically_interacts_with	UniProtKB:P04637-1	E3 ubiquitin-protein ligase Mdm2 isoform h11 (human)	cellular tumor antigen p53 isoform 1 (human)	infores:string(primary_knowledge_source);infores:automat-robokop(aggregator_knowledge_source)
Q371	e0	e_15	UniProtKB:P04637-1	biolink:interacts_with	UniProtKB:Q00987-11	cellular tumor antigen p53 isoform 1 (human)	E3 ubiquitin-protein ligase Mdm2 isoform h11 (human)	infores:string(primary_knowledge_source);infores:automat-robokop(aggregator_knowledge_source)
Q371	e0	e_16	UniProtKB:Q00987-11	biolink:interacts_with	UniProtKB:P04637-1	E3 ubiquitin-protein ligase Mdm2 isoform h11 (human)	cellular tumor antigen p53 isoform 1 (human)	infores:string(primary_knowledge_source);infores:automat-robokop(aggregator_knowledge_source)
Q371	e0	e_17	UniProtKB:P04637-1	biolink:subclass_of	NCBIGene:7157	cellular tumor antigen p53 isoform 1 (human)	TP53	infores:ubergraph(primary_knowledge_source);infores:automat-robokop(aggregator_knowledge_source)
Q371	e0	e_18	UniProtKB:Q00987-11	biolink:subclass_of	NCBIGene:4193	E3 ubiquitin-protein ligase Mdm2 isoform h11 (human)	MDM2	infores:ubergraph(primary_knowledge_source);infores:automat-robokop(aggregator_knowledge_source)
Q371	e0	e_13_e_17_e_18	NCBIGene:7157	biolink:physically_interacts_with	NCBIGene:4193	TP53	MDM2	infores:automat-robokop(primary_knowledge_source)
Q371	e0	e_14_e_17_e_18	NCBIGene:7157	biolink:physically_interacts_with	NCBIGene:4193	TP53	MDM2	infores:automat-robokop(primary_knowledge_source)
Q371	e0	e_15_e_17_e_18	NCBIGene:7157	biolink:interacts_with	NCBIGene:4193	TP53	MDM2	infores:automat-robokop(primary_knowledge_source)
Q371	e0	e_16_e_17_e_18	NCBIGene:7157	biolink:interacts_with	NCBIGene:4193	TP53	MDM2	infores:automat-robokop(primary_knowledge_source)
Q372	e0	e_1	NCBIGene:351	biolink:affects	NCBIGene:5663	APP	PSEN1	infores:text-mining-provider-targeted(primary_knowledge_source);infores:automat-robokop(aggregator_knowledge_source)
Q372	e0	e_2	NCBIGene:5663	biolink:affects	NCBIGene:351	PSEN1	APP	infores:text-mining-provider-targeted(primary_knowledge_source);infores:automat-robokop(aggregator_knowledge_source)
Q372	e0	e_3	NCBIGene:351	biolink:directly_physically_interacts_with	NCBIGene:5663	APP	PSEN1	infores:intact(primary_knowledge_source);infores:automat-robokop(aggregator_knowledge_source)
Q372	e0	e_4	NCBIGene:5663	biolink:directly_physically_interacts_with	NCBIGene:351	PSEN1	APP	infores:intact(primary_knowledge_source);infores:automat-robokop(aggregator_knowledge_source)
Q372	e0	e_5	NCBIGene:351	biolink:genetically_interacts_with	NCBIGene:5663	APP	PSEN1	infores:hetionet(primary_knowledge_source);infores:hetionet(aggregator_knowledge_source);infores:automat-robokop(aggregator_knowledge_source)
Q372	e0	e_6	UniProtKB:P05067-1	biolink:physically_interacts_with	UniProtKB:P49768-1	amyloid-beta precursor protein isoform APP770 (human)	presenilin-1 isoform 1 (human)	infores:string(primary_knowledge_source);infores:automat-robokop(aggregator_knowledge_source)
Q372	e0	e_7	UniProtKB:P49768-1	biolink:physically_interacts_with	UniProtKB:P05067-1	presenilin-1 isoform 1 (human)	amyloid-beta precursor protein isoform APP770 (human)	infores:string(primary_knowledge_source);infores:automat-robokop(aggregator_knowledge_source)
Q372	e0	e_8	UniProtKB:P05067-1	biolink:interacts_with	UniProtKB:P49768-1	amyloid-beta precursor protein isoform APP770 (human)	presenilin-1 isoform 1 (human)	infores:string(primary_knowledge_source);infores:automat-robokop(aggregator_knowledge_source)
Q372	e0	e_9	UniProtKB:P49768-1	biolink:interacts_with	UniProtKB:P05067-1	presenilin-1 isoform 1 (human)	amyloid-beta precursor protein isoform APP770 (human)	infores:string(primary_knowledge_source);infores:automat-robokop(aggregator_knowledge_source)
Q372	e0	e_10	UniProtKB:P05067-1	biolink:subclass_of	NCBIGene:351	amyloid-beta precursor protein isoform APP770 (human)	APP	infores:ubergraph(primary_knowledge_source);infores:automat-robokop(aggregator_knowledge_source)
Q372	e0	e_11	UniProtKB:P49768-1	biolink:subclass_of	NCBIGene:5663	presenilin-1 isoform 1 (human)	PSEN1	infores:ubergraph(primary_knowledge_source);infores:automat-robokop(aggregator_knowledge_source)
Q372	e0	e_6_e_10_e_11	NCBIGene:351	biolink:physically_interacts_with	NCBIGene:5663	APP	PSEN1	infores:automat-robokop(primary_knowledge_source)
Q372	e0	e_7_e_10_e_11	NCBIGene:351	biolink:physically_interacts_with	NCBIGene:5663	APP	PSEN1	infores:automat-robokop(primary_knowledge_source)
Q372	e0	e_8_e_10_e_11	NCBIGene:351	biolink:interacts_with	NCBIGene:5663	APP	PSEN1	infores:automat-robokop(primary_knowledge_source)
Q372	e0	e_9_e_10_e_11	NCBIGene:351	biolink:interacts_with	NCBIGene:5663	APP	PSEN1	infores:automat-robokop(primary_knowledge_source)
Q373	e0	e_1	NCBIGene:351	biolink:affects	NCBIGene:23621	APP	BACE1	infores:text-mining-provider-targeted(primary_knowledge_source);infores:automat-robokop(aggregator_knowledge_source)
Q373	e0	e_2	NCBIGene:23621	biolink:affects	NCBIGene:351	BACE1	APP	infores:text-mining-provider-targeted(primary_knowledge_source);infores:automat-robokop(aggregator_knowledge_source)
Q373	e0	e_3	NCBIGene:351	biolink:directly_physically_interacts_with	NCBIGene:23621	APP	BACE1	infores:intact(primary_knowledge_source);infores:automat-robokop(aggregator_knowledge_source)
Q373	e0	e_4	NCBIGene:23621	biolink:directly_physically_interacts_with	NCBIGene:351	BACE1	APP	infores:intact(primary_knowledge_source);infores:automat-robokop(aggregator_knowledge_source)
Q373	e0	e_5	NCBIGene:23621	biolink:regulates	NCBIGene:351	BACE1	APP	infores:signor(primary_knowledge_source);infores:automat-robokop(aggregator_knowledge_source)
Q373	e0	e_6	NCBIGene:23621	biolink:regulates	NCBIGene:351	BACE1	APP	infores:signor(primary_knowledge_source);infores:automat-robokop(aggregator_knowledge_source)
Q373	e0	e_7	NCBIGene:23621	biolink:related_to	NCBIGene:351	BACE1	APP	infores:signor(primary_knowledge_source);infores:automat-robokop(aggregator_knowledge_source)
Q373	e0	e_8	NCBIGene:23621	biolink:related_to	NCBIGene:351	BACE1	APP	infores:signor(primary_knowledge_source);infores:automat-robokop(aggregator_knowledge_source)
Q373	e0	e_9	NCBIGene:351	biolink:genetically_interacts_with	NCBIGene:23621	APP	BACE1	infores:hetionet(primary_knowledge_source);infores:hetionet(aggregator_knowledge_source);infores:automat-robokop(aggregator_knowledge_source)
Q373	e0	e_10	UniProtKB:P05067-1	biolink:physically_interacts_with	UniProtKB:P56817-1	amyloid-beta precursor protein isoform APP770 (human)	beta-secretase 1 isoform A (human)	infores:string(primary_knowledge_source);infores:automat-robokop(aggregator_knowledge_source)
Q373	e0	e_11	UniProtKB:P56817-1	biolink:physically_interacts_with	UniProtKB:P05067-1	beta-secretase 1 isoform A (human)	amyloid-beta precursor protein isoform APP770 (human)	infores:string(primary_knowledge_source);infores:automat-robokop(aggregator_knowledge_source)
Q373	e0	e_12	UniProtKB:P05067-1	biolink:interacts_with	UniProtKB:P56817-1	amyloid-beta precursor protein isoform APP770 (human)	beta-secretase 1 isoform A (human)	infores:string(primary_knowledge_source);infores:automat-robokop(aggregator_knowledge_source)
Q373	e0	e_13	UniProtKB:P56817-1	biolink:interacts_with	UniProtKB:P05067-1	beta-secretase 1 isoform A (human)	amyloid-beta precursor protein isoform APP770 (human)	infores:string(primary_knowledge_source);infores:automat-robokop(aggregator_knowledge_source)
Q373	e0	e_14	UniProtKB:P05067-1	biolink:subclass_of	NCBIGene:351	amyloid-beta precursor protein isoform APP770 (human)	APP	infores:ubergraph(primary_knowledge_source);infores:automat-robokop(aggregator_knowledge_source)
Q373	e0	e_15	UniProtKB:P56817-1	biolink:subclass_of	NCBIGene:23621	beta-secretase 1 isoform A (human)	BACE1	infores:ubergraph(primary_knowledge_source);infores:automat-robokop(aggregator_knowledge_source)
Q373	e0	e_10_e_14_e_15	NCBIGene:351	biolink:physically_interacts_with	NCBIGene:23621	APP	BACE1	infores:automat-robokop(primary_knowledge_source)
Q373	e0	e_11_e_14_e_15	NCBIGene:351	biolink:physically_interacts_with	NCBIGene:23621	APP	BACE1	infores:automat-robokop(primary_knowledge_source)
Q373	e0	e_12_e_14_e_15	NCBIGene:351	biolink:interacts_with	NCBIGene:23621	APP	BACE1	infores:automat-robokop(primary_knowledge_source)
Q373	e0	e_13_e_14_e_15	NCBIGene:351	biolink:interacts_with	NCBIGene:23621	APP	BACE1	infores:automat-robokop(primary_knowledge_source)
Q374	e0	e_1	NCBIGene:6622	biolink:directly_physically_interacts_with	NCBIGene:120892	SNCA	LRRK2	infores:intact(primary_knowledge_source);infores:automat-robokop(aggregator_knowledge_source)
Q374	e0	e_2	NCBIGene:120892	biolink:directly_physically_interacts_with	NCBIGene:6622	LRRK2	SNCA	infores:intact(primary_knowledge_source);infores:automat-robokop(aggregator_knowledge_source)
Q374	e0	e_3	NCBIGene:120892	biolink:regulates	NCBIGene:6622	LRRK2	SNCA	infores:signor(primary_knowledge_source);infores:automat-robokop(aggregator_knowledge_source)
Q374	e0	e_4	NCBIGene:120892	biolink:related_to	NCBIGene:6622	LRRK2	SNCA	infores:signor(primary_knowledge_source);infores:automat-robokop(aggregator_knowledge_source)
Q374	e0	e_5	UniProtKB:P37840-1	biolink:interacts_with	NCBIGene:120892	alpha-synuclein isoform 1 (human)	LRRK2	infores:string(primary_knowledge_source);infores:automat-robokop(aggregator_knowledge_source)
Q374	e0	e_6	NCBIGene:120892	biolink:interacts_with	UniProtKB:P37840-1	LRRK2	alpha-synuclein isoform 1 (human)	infores:string(primary_knowledge_source);infores:automat-robokop(aggregator_knowledge_source)
Q374	e0	e_7	NCBIGene:6622	biolink:genetically_interacts_with	NCBIGene:120892	SNCA	LRRK2	infores:hetionet(primary_knowledge_source);infores:hetionet(aggregator_knowledge_source);infores:automat-robokop(aggregator_knowledge_source)
Q374	e0	e_8	UniProtKB:P37840-1	biolink:subclass_of	NCBIGene:6622	alpha-synuclein isoform 1 (human)	SNCA	infores:ubergraph(primary_knowledge_source);infores:automat-robokop(aggregator_knowledge_source)
Q374	e0	e_5_e_8	NCBIGene:6622	biolink:interacts_with	NCBIGene:120892	SNCA	LRRK2	infores:automat-robokop(primary_knowledge_source)
Q374	e0	e_6_e_8	NCBIGene:6622	biolink:interacts_with	UniProtKB:P37840-1	SNCA	alpha-synuclein isoform 1 (human)	infores:automat-robokop(primary_knowledge_source)
Q375	e0	e_1	NCBIGene:5071	biolink:affects	NCBIGene:65018	PRKN	PINK1	infores:text-mining-provider-targeted(primary_knowledge_source);infores:automat-robokop(aggregator_knowledge_source)
Q375	e0	e_2	NCBIGene:65018	biolink:affects	NCBIGene:5071	PINK1	PRKN	infores:epsd(primary_knowledge_source);infores:kinace(aggregator_knowledge_source);infores:automat-robokop(aggregator_knowledge_source)
Q375	e0	e_3	NCBIGene:65018	biolink:affects	NCBIGene:5071	PINK1	PRKN	infores:text-mining-provider-targeted(primary_knowledge_source);infores:automat-robokop(aggregator_knowledge_source)
Q375	e0	e_4	NCBIGene:65018	biolink:affects	NCBIGene:5071	PINK1	PRKN	infores:psite-plus(primary_knowledge_source);infores:kinace(aggregator_knowledge_source);infores:automat-robokop(aggregator_knowledge_source)
Q375	e0	e_5	NCBIGene:5071	biolink:directly_physically_interacts_with	NCBIGene:65018	PRKN	PINK1	infores:intact(primary_knowledge_source);infores:automat-robokop(aggregator_knowledge_source)
Q375	e0	e_6	NCBIGene:65018	biolink:directly_physically_interacts_with	NCBIGene:5071	PINK1	PRKN	infores:intact(primary_knowledge_source);infores:automat-robokop(aggregator_knowledge_source)
Q375	e0	e_7	NCBIGene:65018	biolink:regulates	NCBIGene:5071	PINK1	PRKN	infores:signor(primary_knowledge_source);infores:automat-robokop(aggregator_knowledge_source)
Q375	e0	e_8	NCBIGene:65018	biolink:regulates	NCBIGene:5071	PINK1	PRKN	infores:signor(primary_knowledge_source);infores:automat-robokop(aggregator_knowledge_source)
Q375	e0	e_9	NCBIGene:65018	biolink:related_to	NCBIGene:5071	PINK1	PRKN	infores:signor(primary_knowledge_source);infores:automat-robokop(aggregator_knowledge_source)
Q375	e0	e_10	NCBIGene:65018	biolink:related_to	NCBIGene:5071	PINK1	PRKN	infores:signor(primary_knowledge_source);infores:automat-robokop(aggregator_knowledge_source)
Q375	e0	e_11	NCBIGene:5071	biolink:genetically_interacts_with	NCBIGene:65018	PRKN	PINK1	infores:hetionet(primary_knowledge_source);infores:hetionet(aggregator_knowledge_source);infores:automat-robokop(aggregator_knowledge_source)
Q375	e0	e_12	UniProtKB:O60260-1	biolink:physically_interacts_with	UniProtKB:Q9BXM7-1	E3 ubiquitin-protein ligase parkin isoform 1 (human)	serine/threonine-protein kinase PINK1, mitochondrial isoform h1 (human)	infores:string(primary_knowledge_source);infores:automat-robokop(aggregator_knowledge_source)
Q375	e0	e_13	UniProtKB:Q9BXM7-1	biolink:physically_interacts_with	UniProtKB:O60260-1	serine/threonine-protein kinase PINK1, mitochondrial isoform h1 (human)	E3 ubiquitin-protein ligase parkin isoform 1 (human)	infores:string(primary_knowledge_source);infores:automat-robokop(aggregator_knowledge_source)
Q375	e0	e_14	UniProtKB:O60260-1	biolink:interacts_with	UniProtKB:Q9BXM7-1	E3 ubiquitin-protein ligase parkin isoform 1 (human)	serine/threonine-protein kinase PINK1, mitochondrial isoform h1 (human)	infores:string(primary_knowledge_source);infores:automat-robokop(aggregator_knowledge_source)
Q375	e0	e_15	UniProtKB:Q9BXM7-1	biolink:interacts_with	UniProtKB:O60260-1	serine/threonine-protein kinase PINK1, mitochondrial isoform h1 (human)	E3 ubiquitin-protein ligase parkin isoform 1 (human)	infores:string(primary_knowledge_source);infores:automat-robokop(aggregator_knowledge_source)
Q375	e0	e_16	UniProtKB:O60260-1	biolink:subclass_of	NCBIGene:5071	E3 ubiquitin-protein ligase parkin isoform 1 (human)	PRKN	infores:ubergraph(primary_knowledge_source);infores:automat-robokop(aggregator_knowledge_source)
Q375	e0	e_17	UniProtKB:Q9BXM7-1	biolink:subclass_of	NCBIGene:65018	serine/threonine-protein kinase PINK1, mitochondrial isoform h1 (human)	PINK1	infores:ubergraph(primary_knowledge_source);infores:automat-robokop(aggregator_knowledge_source)
Q375	e0	e_12_e_16_e_17	NCBIGene:5071	biolink:physically_interacts_with	NCBIGene:65018	PRKN	PINK1	infores:automat-robokop(primary_knowledge_source)
Q375	e0	e_13_e_16_e_17	NCBIGene:5071	biolink:physically_interacts_with	NCBIGene:65018	PRKN	PINK1	infores:automat-robokop(primary_knowledge_source)
Q375	e0	e_14_e_16_e_17	NCBIGene:5071	biolink:interacts_with	NCBIGene:65018	PRKN	PINK1	infores:automat-robokop(primary_knowledge_source)
Q375	e0	e_15_e_16_e_17	NCBIGene:5071	biolink:interacts_with	NCBIGene:65018	PRKN	PINK1	infores:automat-robokop(primary_knowledge_source)
Q376	e0	e_1	NCBIGene:5728	biolink:affects	NCBIGene:207	PTEN	AKT1	infores:text-mining-provider-targeted(primary_knowledge_source);infores:automat-robokop(aggregator_knowledge_source)
Q376	e0	e_2	NCBIGene:207	biolink:affects	NCBIGene:5728	AKT1	PTEN	infores:iptmnet(primary_knowledge_source);infores:kinace(aggregator_knowledge_source);infores:automat-robokop(aggregator_knowledge_source)
Q376	e0	e_3	NCBIGene:207	biolink:affects	NCBIGene:5728	AKT1	PTEN	infores:text-mining-provider-targeted(primary_knowledge_source);infores:automat-robokop(aggregator_knowledge_source)
Q376	e0	e_4	NCBIGene:5728	biolink:directly_physically_interacts_with	NCBIGene:207	PTEN	AKT1	infores:intact(primary_knowledge_source);infores:automat-robokop(aggregator_knowledge_source)
Q376	e0	e_5	NCBIGene:5728	biolink:regulates	NCBIGene:207	PTEN	AKT1	infores:signor(primary_knowledge_source);infores:automat-robokop(aggregator_knowledge_source)
Q376	e0	e_6	NCBIGene:5728	biolink:regulates	NCBIGene:207	PTEN	AKT1	infores:signor(primary_knowledge_source);infores:automat-robokop(aggregator_knowledge_source)
Q376	e0	e_7	NCBIGene:207	biolink:genetically_interacts_with	NCBIGene:5728	AKT1	PTEN	infores:hetionet(primary_knowledge_source);infores:hetionet(aggregator_knowledge_source);infores:automat-robokop(aggregator_knowledge_source)
Q376	e0	e_8	UniProtKB:P60484-1	biolink:interacts_with	UniProtKB:P31749-1	phosphatidylinositol 3,4,5-trisphosphate 3-phosphatase and dual-specificity protein phosphatase PTEN isoform 1 (human)	RAC-alpha serine/threonine-protein kinase isoform 1 (human)	infores:string(primary_knowledge_source);infores:automat-robokop(aggregator_knowledge_source)
Q376	e0	e_9	UniProtKB:P31749-1	biolink:interacts_with	UniProtKB:P60484-1	RAC-alpha serine/threonine-protein kinase isoform 1 (human)	phosphatidylinositol 3,4,5-trisphosphate 3-phosphatase and dual-specificity protein phosphatase PTEN isoform 1 (human)	infores:string(primary_knowledge_source);infores:automat-robokop(aggregator_knowledge_source)
Q376	e0	e_10	UniProtKB:P60484-1	biolink:subclass_of	NCBIGene:5728	phosphatidylinositol 3,4,5-trisphosphate 3-phosphatase and dual-specificity protein phosphatase PTEN isoform 1 (human)	PTEN	infores:ubergraph(primary_knowledge_source);infores:automat-robokop(aggregator_knowledge_source)
Q376	e0	e_11	UniProtKB:P31749-1	biolink:subclass_of	NCBIGene:207	RAC-alpha serine/threonine-protein kinase isoform 1 (human)	AKT1	infores:ubergraph(primary_knowledge_source);infores:automat-robokop(aggregator_knowledge_source)
Q376	e0	e_8_e_10_e_11	NCBIGene:5728	biolink:interacts_with	NCBIGene:207	PTEN	AKT1	infores:automat-robokop(primary_knowledge_source)
Q376	e0	e_9_e_10_e_11	NCBIGene:5728	biolink:interacts_with	NCBIGene:207	PTEN	AKT1	infores:automat-robokop(primary_knowledge_source)
Q377	e0	e_1	NCBIGene:5290	biolink:affects	NCBIGene:2475	PIK3CA	MTOR	infores:text-mining-provider-targeted(primary_knowledge_source);infores:automat-robokop(aggregator_knowledge_source)
Q377	e0	e_2	NCBIGene:2475	biolink:affects	NCBIGene:5290	MTOR	PIK3CA	infores:text-mining-provider-targeted(primary_knowledge_source);infores:automat-robokop(aggregator_knowledge_source)
Q377	e0	e_3	NCBIGene:5290	biolink:physically_interacts_with	NCBIGene:2475	PIK3CA	MTOR	infores:string(primary_knowledge_source);infores:automat-robokop(aggregator_knowledge_source)
Q377	e0	e_4	NCBIGene:2475	biolink:physically_interacts_with	NCBIGene:5290	MTOR	PIK3CA	infores:string(primary_knowledge_source);infores:automat-robokop(aggregator_knowledge_source)
Q377	e0	e_5	NCBIGene:5290	biolink:regulates	NCBIGene:2475	PIK3CA	MTOR	infores:signor(primary_knowledge_source);infores:automat-robokop(aggregator_knowledge_source)
Q378	e0	e_1	NCBIGene:1956	biolink:affects	NCBIGene:2885	EGFR	GRB2	infores:epsd(primary_knowledge_source);infores:kinace(aggregator_knowledge_source);infores:automat-robokop(aggregator_knowledge_source)
Q378	e0	e_2	NCBIGene:1956	biolink:affects	NCBIGene:2885	EGFR	GRB2	infores:text-mining-provider-targeted(primary_knowledge_source);infores:automat-robokop(aggregator_knowledge_source)
Q378	e0	e_3	NCBIGene:1956	biolink:affects	NCBIGene:2885	EGFR	GRB2	infores:iptmnet(primary_knowledge_source);infores:kinace(aggregator_knowledge_source);infores:automat-robokop(aggregator_knowledge_source)
Q378	e0	e_4	NCBIGene:1956	biolink:affects	NCBIGene:2885	EGFR	GRB2	infores:text-mining-provider-targeted(primary_knowledge_source);infores:automat-robokop(aggregator_knowledge_source)
Q378	e0	e_5	NCBIGene:2885	biolink:affects	NCBIGene:1956	GRB2	EGFR	infores:text-mining-provider-targeted(primary_knowledge_source);infores:automat-robokop(aggregator_knowledge_source)
Q378	e0	e_6	NCBIGene:2885	biolink:affects	NCBIGene:1956	GRB2	EGFR	infores:text-mining-provider-targeted(primary_knowledge_source);infores:automat-robokop(aggregator_knowledge_source)
Q378	e0	e_7	NCBIGene:1956	biolink:directly_physically_interacts_with	NCBIGene:2885	EGFR	GRB2	infores:intact(primary_knowledge_source);infores:automat-robokop(aggregator_knowledge_source)
Q378	e0	e_8	NCBIGene:2885	biolink:directly_physically_interacts_with	NCBIGene:1956	GRB2	EGFR	infores:intact(primary_knowledge_source);infores:automat-robokop(aggregator_knowledge_source)
Q378	e0	e_9	NCBIGene:1956	biolink:regulates	NCBIGene:2885	EGFR	GRB2	infores:signor(primary_knowledge_source);infores:automat-robokop(aggregator_knowledge_source)
Q378	e0	e_10	NCBIGene:1956	biolink:regulates	NCBIGene:2885	EGFR	GRB2	infores:signor(primary_knowledge_source);infores:automat-robokop(aggregator_knowledge_source)
Q378	e0	e_11	NCBIGene:1956	biolink:regulates	NCBIGene:2885	EGFR	GRB2	infores:signor(primary_knowledge_source);infores:automat-robokop(aggregator_knowledge_source)
Q378	e0	e_12	NCBIGene:1956	biolink:related_to	NCBIGene:2885	EGFR	GRB2	infores:signor(primary_knowledge_source);infores:automat-robokop(aggregator_knowledge_source)
Q378	e0	e_13	NCBIGene:1956	biolink:related_to	NCBIGene:2885	EGFR	GRB2	infores:signor(primary_knowledge_source);infores:automat-robokop(aggregator_knowledge_source)
Q378	e0	e_14	NCBIGene:1956	biolink:related_to	NCBIGene:2885	EGFR	GRB2	infores:signor(primary_knowledge_source);infores:automat-robokop(aggregator_knowledge_source)
Q378	e0	e_15	NCBIGene:1956	biolink:related_to	NCBIGene:2885	EGFR	GRB2	infores:signor(primary_knowledge_source);infores:automat-robokop(aggregator_knowledge_source)
Q378	e0	e_16	NCBIGene:1956	biolink:genetically_interacts_with	NCBIGene:2885	EGFR	GRB2	infores:hetionet(primary_knowledge_source);infores:hetionet(aggregator_knowledge_source);infores:automat-robokop(aggregator_knowledge_source)
Q378	e0	e_17	UniProtKB:P00533-1	biolink:physically_interacts_with	UniProtKB:P62993-1	epidermal growth factor receptor isoform 1 (human)	growth factor receptor-bound protein 2 isoform 1 (human)	infores:string(primary_knowledge_source);infores:automat-robokop(aggregator_knowledge_source)
Q378	e0	e_18	UniProtKB:P62993-1	biolink:physically_interacts_with	UniProtKB:P00533-1	growth factor receptor-bound protein 2 isoform 1 (human)	epidermal growth factor receptor isoform 1 (human)	infores:string(primary_knowledge_source);infores:automat-robokop(aggregator_knowledge_source)
Q378	e0	e_19	UniProtKB:P00533-1	biolink:interacts_with	UniProtKB:P62993-1	epidermal growth factor receptor isoform 1 (human)	growth factor receptor-bound protein 2 isoform 1 (human)	infores:string(primary_knowledge_source);infores:automat-robokop(aggregator_knowledge_source)
Q378	e0	e_20	UniProtKB:P62993-1	biolink:interacts_with	UniProtKB:P00533-1	growth factor receptor-bound protein 2 isoform 1 (human)	epidermal growth factor receptor isoform 1 (human)	infores:string(primary_knowledge_source);infores:automat-robokop(aggregator_knowledge_source)
Q378	e0	e_21	UniProtKB:P00533-1	biolink:subclass_of	NCBIGene:1956	epidermal growth factor receptor isoform 1 (human)	EGFR	infores:ubergraph(primary_knowledge_source);infores:automat-robokop(aggregator_knowledge_source)
Q378	e0	e_22	UniProtKB:P62993-1	biolink:subclass_of	NCBIGene:2885	growth factor receptor-bound protein 2 isoform 1 (human)	GRB2	infores:ubergraph(primary_knowledge_source);infores:automat-robokop(aggregator_knowledge_source)
Q378	e0	e_17_e_21_e_22	NCBIGene:1956	biolink:physically_interacts_with	NCBIGene:2885	EGFR	GRB2	infores:automat-robokop(primary_knowledge_source)
Q378	e0	e_18_e_21_e_22	NCBIGene:1956	biolink:physically_interacts_with	NCBIGene:2885	EGFR	GRB2	infores:automat-robokop(primary_knowledge_source)
Q378	e0	e_19_e_21_e_22	NCBIGene:1956	biolink:interacts_with	NCBIGene:2885	EGFR	GRB2	infores:automat-robokop(primary_knowledge_source)
Q378	e0	e_20_e_21_e_22	NCBIGene:1956	biolink:interacts_with	NCBIGene:2885	EGFR	GRB2	infores:automat-robokop(primary_knowledge_source)
Q379	e0	e_1	NCBIGene:3845	biolink:directly_physically_interacts_with	NCBIGene:673	KRAS	BRAF	infores:intact(primary_knowledge_source);infores:automat-robokop(aggregator_knowledge_source)
Q379	e0	e_2	NCBIGene:673	biolink:directly_physically_interacts_with	NCBIGene:3845	BRAF	KRAS	infores:intact(primary_knowledge_source);infores:automat-robokop(aggregator_knowledge_source)
Q379	e0	e_3	NCBIGene:3845	biolink:regulates	NCBIGene:673	KRAS	BRAF	infores:signor(primary_knowledge_source);infores:automat-robokop(aggregator_knowledge_source)
Q379	e0	e_4	NCBIGene:3845	biolink:related_to	NCBIGene:673	KRAS	BRAF	infores:signor(primary_knowledge_source);infores:automat-robokop(aggregator_knowledge_source)
Q380	e0	e_1	NCBIGene:673	biolink:affects	NCBIGene:5594	BRAF	MAPK1	infores:text-mining-provider-targeted(primary_knowledge_source);infores:automat-robokop(aggregator_knowledge_source)
Q380	e0	e_2	NCBIGene:5594	biolink:affects	NCBIGene:673	MAPK1	BRAF	infores:epsd(primary_knowledge_source);infores:kinace(aggregator_knowledge_source);infores:automat-robokop(aggregator_knowledge_source)
Q380	e0	e_3	NCBIGene:5594	biolink:affects	NCBIGene:673	MAPK1	BRAF	infores:text-mining-provider-targeted(primary_knowledge_source);infores:automat-robokop(aggregator_knowledge_source)
Q380	e0	e_4	NCBIGene:5594	biolink:affects	NCBIGene:673	MAPK1	BRAF	infores:psite-plus(primary_knowledge_source);infores:kinace(aggregator_knowledge_source);infores:automat-robokop(aggregator_knowledge_source)
Q380	e0	e_5	NCBIGene:5594	biolink:regulates	NCBIGene:673	MAPK1	BRAF	infores:signor(primary_knowledge_source);infores:automat-robokop(aggregator_knowledge_source)
Q380	e0	e_6	NCBIGene:5594	biolink:regulates	NCBIGene:673	MAPK1	BRAF	infores:signor(primary_knowledge_source);infores:automat-robokop(aggregator_knowledge_source)
Q380	e0	e_7	NCBIGene:5594	biolink:related_to	NCBIGene:673	MAPK1	BRAF	infores:signor(primary_knowledge_source);infores:automat-robokop(aggregator_knowledge_source)
Q380	e0	e_8	NCBIGene:5594	biolink:related_to	NCBIGene:673	MAPK1	BRAF	infores:signor(primary_knowledge_source);infores:automat-robokop(aggregator_knowledge_source)
Q380	e0	e_9	NCBIGene:673	biolink:genetically_interacts_with	NCBIGene:5594	BRAF	MAPK1	infores:hetionet(primary_knowledge_source);infores:hetionet(aggregator_knowledge_source);infores:automat-robokop(aggregator_knowledge_source)
Q381	e0	e_1	NCBIGene:5594	biolink:affects	NCBIGene:5595	MAPK1	MAPK3	infores:text-mining-provider-targeted(primary_knowledge_source);infores:automat-robokop(aggregator_knowledge_source)
Q381	e0	e_2	NCBIGene:5595	biolink:affects	NCBIGene:5594	MAPK3	MAPK1	infores:text-mining-provider-targeted(primary_knowledge_source);infores:automat-robokop(aggregator_knowledge_source)
Q381	e0	e_3	NCBIGene:5594	biolink:directly_physically_interacts_with	NCBIGene:5595	MAPK1	MAPK3	infores:intact(primary_knowledge_source);infores:automat-robokop(aggregator_knowledge_source)
Q381	e0	e_4	NCBIGene:5595	biolink:directly_physically_interacts_with	NCBIGene:5594	MAPK3	MAPK1	infores:intact(primary_knowledge_source);infores:automat-robokop(aggregator_knowledge_source)
Q381	e0	e_5	NCBIGene:5594	biolink:genetically_interacts_with	NCBIGene:5595	MAPK1	MAPK3	infores:hetionet(primary_knowledge_source);infores:hetionet(aggregator_knowledge_source);infores:automat-robokop(aggregator_knowledge_source)
Q381	e0	e_6	UniProtKB:P28482-1	biolink:physically_interacts_with	UniProtKB:P27361-1	mitogen-activated protein kinase 1 isoform 1 (human)	mitogen-activated protein kinase 3 isoform 1 (human)	infores:string(primary_knowledge_source);infores:automat-robokop(aggregator_knowledge_source)
Q381	e0	e_7	UniProtKB:P27361-1	biolink:physically_interacts_with	UniProtKB:P28482-1	mitogen-activated protein kinase 3 isoform 1 (human)	mitogen-activated protein kinase 1 isoform 1 (human)	infores:string(primary_knowledge_source);infores:automat-robokop(aggregator_knowledge_source)
Q381	e0	e_8	UniProtKB:P28482-1	biolink:subclass_of	NCBIGene:5594	mitogen-activated protein kinase 1 isoform 1 (human)	MAPK1	infores:ubergraph(primary_knowledge_source);infores:automat-robokop(aggregator_knowledge_source)
Q381	e0	e_9	UniProtKB:P27361-1	biolink:subclass_of	NCBIGene:5595	mitogen-activated protein kinase 3 isoform 1 (human)	MAPK3	infores:ubergraph(primary_knowledge_source);infores:automat-robokop(aggregator_knowledge_source)
Q381	e0	e_6_e_8_e_9	NCBIGene:5594	biolink:physically_interacts_with	NCBIGene:5595	MAPK1	MAPK3	infores:automat-robokop(primary_knowledge_source)
Q381	e0	e_7_e_8_e_9	NCBIGene:5594	biolink:physically_interacts_with	NCBIGene:5595	MAPK1	MAPK3	infores:automat-robokop(primary_knowledge_source)
Q382	e0	e_1	NCBIGene:3717	biolink:affects	NCBIGene:6774	JAK2	STAT3	infores:iptmnet(primary_knowledge_source);infores:kinace(aggregator_knowledge_source);infores:automat-robokop(aggregator_knowledge_source)
Q382	e0	e_2	NCBIGene:3717	biolink:affects	NCBIGene:6774	JAK2	STAT3	infores:epsd(primary_knowledge_source);infores:kinace(aggregator_knowledge_source);infores:automat-robokop(aggregator_knowledge_source)
Q382	e0	e_3	NCBIGene:3717	biolink:affects	NCBIGene:6774	JAK2	STAT3	infores:text-mining-provider-targeted(primary_knowledge_source);infores:automat-robokop(aggregator_knowledge_source)
Q382	e0	e_4	NCBIGene:3717	biolink:affects	NCBIGene:6774	JAK2	STAT3	infores:psite-plus(primary_knowledge_source);infores:kinace(aggregator_knowledge_source);infores:automat-robokop(aggregator_knowledge_source)
Q382	e0	e_5	NCBIGene:6774	biolink:affects	NCBIGene:3717	STAT3	JAK2	infores:text-mining-provider-targeted(primary_knowledge_source);infores:automat-robokop(aggregator_knowledge_source)
Q382	e0	e_6	NCBIGene:6774	biolink:affects	NCBIGene:3717	STAT3	JAK2	infores:text-mining-provider-targeted(primary_knowledge_source);infores:automat-robokop(aggregator_knowledge_source)
Q382	e0	e_7	NCBIGene:6774	biolink:directly_physically_interacts_with	NCBIGene:3717	STAT3	JAK2	infores:intact(primary_knowledge_source);infores:automat-robokop(aggregator_knowledge_source)
Q382	e0	e_8	NCBIGene:3717	biolink:regulates	NCBIGene:6774	JAK2	STAT3	infores:signor(primary_knowledge_source);infores:automat-robokop(aggregator_knowledge_source)
Q382	e0	e_9	NCBIGene:3717	biolink:related_to	NCBIGene:6774	JAK2	STAT3	infores:signor(primary_knowledge_source);infores:automat-robokop(aggregator_knowledge_source)
Q382	e0	e_10	NCBIGene:3717	biolink:genetically_interacts_with	NCBIGene:6774	JAK2	STAT3	infores:hetionet(primary_knowledge_source);infores:hetionet(aggregator_knowledge_source);infores:automat-robokop(aggregator_knowledge_source)
Q382	e0	e_11	NCBIGene:3717	biolink:physically_interacts_with	UniProtKB:P40763-1	JAK2	signal transducer and activator of transcription 3 isoform 1 (human)	infores:string(primary_knowledge_source);infores:automat-robokop(aggregator_knowledge_source)
Q382	e0	e_12	UniProtKB:P40763-1	biolink:physically_interacts_with	NCBIGene:3717	signal transducer and activator of transcription 3 isoform 1 (human)	JAK2	infores:string(primary_knowledge_source);infores:automat-robokop(aggregator_knowledge_source)
Q382	e0	e_13	NCBIGene:3717	biolink:interacts_with	UniProtKB:P40763-1	JAK2	signal transducer and activator of transcription 3 isoform 1 (human)	infores:string(primary_knowledge_source);infores:automat-robokop(aggregator_knowledge_source)
Q382	e0	e_14	UniProtKB:P40763-1	biolink:interacts_with	NCBIGene:3717	signal transducer and activator of transcription 3 isoform 1 (human)	JAK2	infores:string(primary_knowledge_source);infores:automat-robokop(aggregator_knowledge_source)
Q382	e0	e_15	UniProtKB:P40763-1	biolink:subclass_of	NCBIGene:6774	signal transducer and activator of transcription 3 isoform 1 (human)	STAT3	infores:ubergraph(primary_knowledge_source);infores:automat-robokop(aggregator_knowledge_source)
Q382	e0	e_11_e_15	NCBIGene:3717	biolink:physically_interacts_with	NCBIGene:6774	JAK2	STAT3	infores:automat-robokop(primary_knowledge_source)
Q382	e0	e_12_e_15	UniProtKB:P40763-1	biolink:physically_interacts_with	NCBIGene:6774	signal transducer and activator of transcription 3 isoform 1 (human)	STAT3	infores:automat-robokop(primary_knowledge_source)
Q382	e0	e_13_e_15	NCBIGene:3717	biolink:interacts_with	NCBIGene:6774	JAK2	STAT3	infores:automat-robokop(primary_knowledge_source)
Q382	e0	e_14_e_15	UniProtKB:P40763-1	biolink:interacts_with	NCBIGene:6774	signal transducer and activator of transcription 3 isoform 1 (human)	STAT3	infores:automat-robokop(primary_knowledge_source)
Q383	e0	e_1	NCBIGene:3569	biolink:affects	NCBIGene:3570	IL6	IL6R	infores:text-mining-provider-targeted(primary_knowledge_source);infores:automat-robokop(aggregator_knowledge_source)
Q383	e0	e_2	NCBIGene:3570	biolink:affects	NCBIGene:3569	IL6R	IL6	infores:text-mining-provider-targeted(primary_knowledge_source);infores:automat-robokop(aggregator_knowledge_source)
Q383	e0	e_3	NCBIGene:3570	biolink:affects	NCBIGene:3569	IL6R	IL6	infores:ccidb(primary_knowledge_source);infores:automat-robokop(aggregator_knowledge_source)
Q383	e0	e_4	NCBIGene:3569	biolink:directly_physically_interacts_with	NCBIGene:3570	IL6	IL6R	infores:ccidb(primary_knowledge_source);infores:automat-robokop(aggregator_knowledge_source)
Q383	e0	e_5	NCBIGene:3569	biolink:directly_physically_interacts_with	NCBIGene:3570	IL6	IL6R	infores:ccidb(primary_knowledge_source);infores:automat-robokop(aggregator_knowledge_source)
Q383	e0	e_6	NCBIGene:3569	biolink:directly_physically_interacts_with	NCBIGene:3570	IL6	IL6R	infores:ccidb(primary_knowledge_source);infores:automat-robokop(aggregator_knowledge_source)
Q383	e0	e_7	NCBIGene:3569	biolink:directly_physically_interacts_with	NCBIGene:3570	IL6	IL6R	infores:ccidb(primary_knowledge_source);infores:automat-robokop(aggregator_knowledge_source)
Q383	e0	e_8	NCBIGene:3569	biolink:directly_physically_interacts_with	NCBIGene:3570	IL6	IL6R	infores:ccidb(primary_knowledge_source);infores:automat-robokop(aggregator_knowledge_source)
Q383	e0	e_9	NCBIGene:3569	biolink:directly_physically_interacts_with	NCBIGene:3570	IL6	IL6R	infores:ccidb(primary_knowledge_source);infores:automat-robokop(aggregator_knowledge_source)
Q383	e0	e_10	NCBIGene:3569	biolink:directly_physically_interacts_with	NCBIGene:3570	IL6	IL6R	infores:ccidb(primary_knowledge_source);infores:automat-robokop(aggregator_knowledge_source)
Q383	e0	e_11	NCBIGene:3569	biolink:directly_physically_interacts_with	NCBIGene:3570	IL6	IL6R	infores:ccidb(primary_knowledge_source);infores:automat-robokop(aggregator_knowledge_source)
Q383	e0	e_12	NCBIGene:3569	biolink:directly_physically_interacts_with	NCBIGene:3570	IL6	IL6R	infores:ccidb(primary_knowledge_source);infores:automat-robokop(aggregator_knowledge_source)
Q383	e0	e_13	NCBIGene:3569	biolink:directly_physically_interacts_with	NCBIGene:3570	IL6	IL6R	infores:ccidb(primary_knowledge_source);infores:automat-robokop(aggregator_knowledge_source)
Q383	e0	e_14	NCBIGene:3569	biolink:directly_physically_interacts_with	NCBIGene:3570	IL6	IL6R	infores:ccidb(primary_knowledge_source);infores:automat-robokop(aggregator_knowledge_source)
Q383	e0	e_15	NCBIGene:3569	biolink:directly_physically_interacts_with	NCBIGene:3570	IL6	IL6R	infores:intact(primary_knowledge_source);infores:automat-robokop(aggregator_knowledge_source)
Q383	e0	e_16	NCBIGene:3569	biolink:directly_physically_interacts_with	NCBIGene:3570	IL6	IL6R	infores:ccidb(primary_knowledge_source);infores:automat-robokop(aggregator_knowledge_source)
Q383	e0	e_17	NCBIGene:3569	biolink:directly_physically_interacts_with	NCBIGene:3570	IL6	IL6R	infores:ccidb(primary_knowledge_source);infores:automat-robokop(aggregator_knowledge_source)
Q383	e0	e_18	NCBIGene:3569	biolink:directly_physically_interacts_with	NCBIGene:3570	IL6	IL6R	infores:ccidb(primary_knowledge_source);infores:automat-robokop(aggregator_knowledge_source)
Q383	e0	e_19	NCBIGene:3569	biolink:directly_physically_interacts_with	NCBIGene:3570	IL6	IL6R	infores:ccidb(primary_knowledge_source);infores:automat-robokop(aggregator_knowledge_source)
Q383	e0	e_20	NCBIGene:3569	biolink:directly_physically_interacts_with	NCBIGene:3570	IL6	IL6R	infores:ccidb(primary_knowledge_source);infores:automat-robokop(aggregator_knowledge_source)
Q383	e0	e_21	NCBIGene:3569	biolink:directly_physically_interacts_with	NCBIGene:3570	IL6	IL6R	infores:ccidb(primary_knowledge_source);infores:automat-robokop(aggregator_knowledge_source)
Q383	e0	e_22	NCBIGene:3570	biolink:directly_physically_interacts_with	NCBIGene:3569	IL6R	IL6	infores:intact(primary_knowledge_source);infores:automat-robokop(aggregator_knowledge_source)
Q383	e0	e_23	NCBIGene:3569	biolink:regulates	NCBIGene:3570	IL6	IL6R	infores:signor(primary_knowledge_source);infores:automat-robokop(aggregator_knowledge_source)
Q383	e0	e_24	NCBIGene:3569	biolink:regulates	NCBIGene:3570	IL6	IL6R	infores:signor(primary_knowledge_source);infores:automat-robokop(aggregator_knowledge_source)
Q383	e0	e_25	NCBIGene:3569	biolink:regulates	NCBIGene:3570	IL6	IL6R	infores:signor(primary_knowledge_source);infores:automat-robokop(aggregator_knowledge_source)
Q383	e0	e_26	NCBIGene:3569	biolink:regulates	NCBIGene:3570	IL6	IL6R	infores:signor(primary_knowledge_source);infores:automat-robokop(aggregator_knowledge_source)
Q383	e0	e_27	NCBIGene:3569	biolink:regulates	NCBIGene:3570	IL6	IL6R	infores:signor(primary_knowledge_source);infores:automat-robokop(aggregator_knowledge_source)
Q383	e0	e_28	NCBIGene:3569	biolink:regulates	NCBIGene:3570	IL6	IL6R	infores:signor(primary_knowledge_source);infores:automat-robokop(aggregator_knowledge_source)
Q383	e0	e_29	NCBIGene:3569	biolink:related_to	NCBIGene:3570	IL6	IL6R	infores:signor(primary_knowledge_source);infores:automat-robokop(aggregator_knowledge_source)
Q383	e0	e_30	NCBIGene:3569	biolink:related_to	NCBIGene:3570	IL6	IL6R	infores:signor(primary_knowledge_source);infores:automat-robokop(aggregator_knowledge_source)
Q383	e0	e_31	NCBIGene:3569	biolink:related_to	NCBIGene:3570	IL6	IL6R	infores:signor(primary_knowledge_source);infores:automat-robokop(aggregator_knowledge_source)
Q383	e0	e_32	NCBIGene:3569	biolink:related_to	NCBIGene:3570	IL6	IL6R	infores:signor(primary_knowledge_source);infores:automat-robokop(aggregator_knowledge_source)
Q383	e0	e_33	NCBIGene:3569	biolink:related_to	NCBIGene:3570	IL6	IL6R	infores:signor(primary_knowledge_source);infores:automat-robokop(aggregator_knowledge_source)
Q383	e0	e_34	NCBIGene:3569	biolink:genetically_interacts_with	NCBIGene:3570	IL6	IL6R	infores:hetionet(primary_knowledge_source);infores:hetionet(aggregator_knowledge_source);infores:automat-robokop(aggregator_knowledge_source)
Q383	e0	e_35	NCBIGene:3569	biolink:physically_interacts_with	UniProtKB:P08887-1	IL6	interleukin-6 receptor subunit alpha isoform 1 (human)	infores:string(primary_knowledge_source);infores:automat-robokop(aggregator_knowledge_source)
Q383	e0	e_36	UniProtKB:P08887-1	biolink:physically_interacts_with	NCBIGene:3569	interleukin-6 receptor subunit alpha isoform 1 (human)	IL6	infores:string(primary_knowledge_source);infores:automat-robokop(aggregator_knowledge_source)
Q383	e0	e_37	NCBIGene:3569	biolink:interacts_with	UniProtKB:P08887-1	IL6	interleukin-6 receptor subunit alpha isoform 1 (human)	infores:string(primary_knowledge_source);infores:automat-robokop(aggregator_knowledge_source)
Q383	e0	e_38	UniProtKB:P08887-1	biolink:interacts_with	NCBIGene:3569	interleukin-6 receptor subunit alpha isoform 1 (human)	IL6	infores:string(primary_knowledge_source);infores:automat-robokop(aggregator_knowledge_source)
Q383	e0	e_39	UniProtKB:P08887-1	biolink:subclass_of	NCBIGene:3570	interleukin-6 receptor subunit alpha isoform 1 (human)	IL6R	infores:ubergraph(primary_knowledge_source);infores:automat-robokop(aggregator_knowledge_source)
Q383	e0	e_35_e_39	NCBIGene:3569	biolink:physically_interacts_with	NCBIGene:3570	IL6	IL6R	infores:automat-robokop(primary_knowledge_source)
Q383	e0	e_36_e_39	UniProtKB:P08887-1	biolink:physically_interacts_with	NCBIGene:3570	interleukin-6 receptor subunit alpha isoform 1 (human)	IL6R	infores:automat-robokop(primary_knowledge_source)
Q383	e0	e_37_e_39	NCBIGene:3569	biolink:interacts_with	NCBIGene:3570	IL6	IL6R	infores:automat-robokop(primary_knowledge_source)
Q383	e0	e_38_e_39	UniProtKB:P08887-1	biolink:interacts_with	NCBIGene:3570	interleukin-6 receptor subunit alpha isoform 1 (human)	IL6R	infores:automat-robokop(primary_knowledge_source)
Q384	e0	e_1	NCBIGene:7124	biolink:affects	NCBIGene:7132	TNF	TNFRSF1A	infores:text-mining-provider-targeted(primary_knowledge_source);infores:automat-robokop(aggregator_knowledge_source)
Q384	e0	e_2	NCBIGene:7132	biolink:affects	NCBIGene:7124	TNFRSF1A	TNF	infores:text-mining-provider-targeted(primary_knowledge_source);infores:automat-robokop(aggregator_knowledge_source)
Q384	e0	e_3	NCBIGene:7124	biolink:directly_physically_interacts_with	NCBIGene:7132	TNF	TNFRSF1A	infores:intact(primary_knowledge_source);infores:automat-robokop(aggregator_knowledge_source)
Q384	e0	e_4	NCBIGene:7124	biolink:directly_physically_interacts_with	NCBIGene:7132	TNF	TNFRSF1A	infores:ccidb(primary_knowledge_source);infores:automat-robokop(aggregator_knowledge_source)
Q384	e0	e_5	NCBIGene:7124	biolink:directly_physically_interacts_with	NCBIGene:7132	TNF	TNFRSF1A	infores:ccidb(primary_knowledge_source);infores:automat-robokop(aggregator_knowledge_source)
Q384	e0	e_6	NCBIGene:7132	biolink:directly_physically_interacts_with	NCBIGene:7124	TNFRSF1A	TNF	infores:intact(primary_knowledge_source);infores:automat-robokop(aggregator_knowledge_source)
Q384	e0	e_7	NCBIGene:7124	biolink:regulates	NCBIGene:7132	TNF	TNFRSF1A	infores:signor(primary_knowledge_source);infores:automat-robokop(aggregator_knowledge_source)
Q384	e0	e_8	NCBIGene:7124	biolink:related_to	NCBIGene:7132	TNF	TNFRSF1A	infores:signor(primary_knowledge_source);infores:automat-robokop(aggregator_knowledge_source)
Q384	e0	e_9	NCBIGene:7124	biolink:genetically_interacts_with	NCBIGene:7132	TNF	TNFRSF1A	infores:hetionet(primary_knowledge_source);infores:hetionet(aggregator_knowledge_source);infores:automat-robokop(aggregator_knowledge_source)
Q384	e0	e_10	NCBIGene:7124	biolink:physically_interacts_with	UniProtKB:P19438-1	TNF	tumor necrosis factor receptor superfamily member 1A isoform 1 (human)	infores:string(primary_knowledge_source);infores:automat-robokop(aggregator_knowledge_source)
Q384	e0	e_11	UniProtKB:P19438-1	biolink:physically_interacts_with	NCBIGene:7124	tumor necrosis factor receptor superfamily member 1A isoform 1 (human)	TNF	infores:string(primary_knowledge_source);infores:automat-robokop(aggregator_knowledge_source)
Q384	e0	e_12	NCBIGene:7124	biolink:interacts_with	UniProtKB:P19438-1	TNF	tumor necrosis factor receptor superfamily member 1A isoform 1 (human)	infores:string(primary_knowledge_source);infores:automat-robokop(aggregator_knowledge_source)
Q384	e0	e_13	UniProtKB:P19438-1	biolink:interacts_with	NCBIGene:7124	tumor necrosis factor receptor superfamily member 1A isoform 1 (human)	TNF	infores:string(primary_knowledge_source);infores:automat-robokop(aggregator_knowledge_source)
Q384	e0	e_14	UniProtKB:P19438-1	biolink:subclass_of	NCBIGene:7132	tumor necrosis factor receptor superfamily member 1A isoform 1 (human)	TNFRSF1A	infores:ubergraph(primary_knowledge_source);infores:automat-robokop(aggregator_knowledge_source)
Q384	e0	e_10_e_14	NCBIGene:7124	biolink:physically_interacts_with	NCBIGene:7132	TNF	TNFRSF1A	infores:automat-robokop(primary_knowledge_source)
Q384	e0	e_11_e_14	UniProtKB:P19438-1	biolink:physically_interacts_with	NCBIGene:7132	tumor necrosis factor receptor superfamily member 1A isoform 1 (human)	TNFRSF1A	infores:automat-robokop(primary_knowledge_source)
Q384	e0	e_12_e_14	NCBIGene:7124	biolink:interacts_with	NCBIGene:7132	TNF	TNFRSF1A	infores:automat-robokop(primary_knowledge_source)
Q384	e0	e_13_e_14	UniProtKB:P19438-1	biolink:interacts_with	NCBIGene:7132	tumor necrosis factor receptor superfamily member 1A isoform 1 (human)	TNFRSF1A	infores:automat-robokop(primary_knowledge_source)
Q385	e0	e_1	NCBIGene:3458	biolink:affects	NCBIGene:3716	IFNG	JAK1	infores:text-mining-provider-targeted(primary_knowledge_source);infores:automat-robokop(aggregator_knowledge_source)
Q385	e0	e_2	NCBIGene:3458	biolink:affects	NCBIGene:3716	IFNG	JAK1	infores:text-mining-provider-targeted(primary_knowledge_source);infores:automat-robokop(aggregator_knowledge_source)
Q385	e0	e_3	NCBIGene:3716	biolink:affects	NCBIGene:3458	JAK1	IFNG	infores:text-mining-provider-targeted(primary_knowledge_source);infores:automat-robokop(aggregator_knowledge_source)
Q385	e0	e_4	NCBIGene:3458	biolink:interacts_with	NCBIGene:3716	IFNG	JAK1	infores:string(primary_knowledge_source);infores:automat-robokop(aggregator_knowledge_source)
Q385	e0	e_5	NCBIGene:3716	biolink:interacts_with	NCBIGene:3458	JAK1	IFNG	infores:string(primary_knowledge_source);infores:automat-robokop(aggregator_knowledge_source)
Q386	e0	e_1	NCBIGene:1499	biolink:affects	NCBIGene:324	CTNNB1	APC	infores:text-mining-provider-targeted(primary_knowledge_source);infores:automat-robokop(aggregator_knowledge_source)
Q386	e0	e_2	NCBIGene:324	biolink:affects	NCBIGene:1499	APC	CTNNB1	infores:text-mining-provider-targeted(primary_knowledge_source);infores:automat-robokop(aggregator_knowledge_source)
Q386	e0	e_3	NCBIGene:1499	biolink:directly_physically_interacts_with	NCBIGene:324	CTNNB1	APC	infores:intact(primary_knowledge_source);infores:automat-robokop(aggregator_knowledge_source)
Q386	e0	e_4	NCBIGene:324	biolink:directly_physically_interacts_with	NCBIGene:1499	APC	CTNNB1	infores:intact(primary_knowledge_source);infores:automat-robokop(aggregator_knowledge_source)
Q386	e0	e_5	NCBIGene:324	biolink:regulates	NCBIGene:1499	APC	CTNNB1	infores:signor(primary_knowledge_source);infores:automat-robokop(aggregator_knowledge_source)
Q386	e0	e_6	NCBIGene:324	biolink:related_to	NCBIGene:1499	APC	CTNNB1	infores:signor(primary_knowledge_source);infores:automat-robokop(aggregator_knowledge_source)
Q386	e0	e_7	NCBIGene:324	biolink:genetically_interacts_with	NCBIGene:1499	APC	CTNNB1	infores:hetionet(primary_knowledge_source);infores:hetionet(aggregator_knowledge_source);infores:automat-robokop(aggregator_knowledge_source)
Q386	e0	e_8	NCBIGene:1499	biolink:physically_interacts_with	UniProtKB:P25054-1	CTNNB1	adenomatous polyposis coli protein isoform h1A (human)	infores:string(primary_knowledge_source);infores:automat-robokop(aggregator_knowledge_source)
Q386	e0	e_9	UniProtKB:P25054-1	biolink:physically_interacts_with	NCBIGene:1499	adenomatous polyposis coli protein isoform h1A (human)	CTNNB1	infores:string(primary_knowledge_source);infores:automat-robokop(aggregator_knowledge_source)
Q386	e0	e_10	NCBIGene:1499	biolink:interacts_with	UniProtKB:P25054-1	CTNNB1	adenomatous polyposis coli protein isoform h1A (human)	infores:string(primary_knowledge_source);infores:automat-robokop(aggregator_knowledge_source)
Q386	e0	e_11	UniProtKB:P25054-1	biolink:interacts_with	NCBIGene:1499	adenomatous polyposis coli protein isoform h1A (human)	CTNNB1	infores:string(primary_knowledge_source);infores:automat-robokop(aggregator_knowledge_source)
Q386	e0	e_12	UniProtKB:P25054-1	biolink:subclass_of	NCBIGene:324	adenomatous polyposis coli protein isoform h1A (human)	APC	infores:ubergraph(primary_knowledge_source);infores:automat-robokop(aggregator_knowledge_source)
Q386	e0	e_8_e_12	NCBIGene:1499	biolink:physically_interacts_with	NCBIGene:324	CTNNB1	APC	infores:automat-robokop(primary_knowledge_source)
Q386	e0	e_9_e_12	UniProtKB:P25054-1	biolink:physically_interacts_with	NCBIGene:324	adenomatous polyposis coli protein isoform h1A (human)	APC	infores:automat-robokop(primary_knowledge_source)
Q386	e0	e_10_e_12	NCBIGene:1499	biolink:interacts_with	NCBIGene:324	CTNNB1	APC	infores:automat-robokop(primary_knowledge_source)
Q386	e0	e_11_e_12	UniProtKB:P25054-1	biolink:interacts_with	NCBIGene:324	adenomatous polyposis coli protein isoform h1A (human)	APC	infores:automat-robokop(primary_knowledge_source)
Q387	e0	e_1	NCBIGene:1499	biolink:affects	NCBIGene:2932	CTNNB1	GSK3B	infores:text-mining-provider-targeted(primary_knowledge_source);infores:automat-robokop(aggregator_knowledge_source)
Q387	e0	e_2	NCBIGene:1499	biolink:affects	NCBIGene:2932	CTNNB1	GSK3B	infores:text-mining-provider-targeted(primary_knowledge_source);infores:automat-robokop(aggregator_knowledge_source)
Q387	e0	e_3	NCBIGene:2932	biolink:affects	NCBIGene:1499	GSK3B	CTNNB1	infores:psite-plus(primary_knowledge_source);infores:kinace(aggregator_knowledge_source);infores:automat-robokop(aggregator_knowledge_source)
Q387	e0	e_4	NCBIGene:2932	biolink:affects	NCBIGene:1499	GSK3B	CTNNB1	infores:epsd(primary_knowledge_source);infores:kinace(aggregator_knowledge_source);infores:automat-robokop(aggregator_knowledge_source)
Q387	e0	e_5	NCBIGene:2932	biolink:affects	NCBIGene:1499	GSK3B	CTNNB1	infores:text-mining-provider-targeted(primary_knowledge_source);infores:automat-robokop(aggregator_knowledge_source)
Q387	e0	e_6	NCBIGene:2932	biolink:affects	NCBIGene:1499	GSK3B	CTNNB1	infores:text-mining-provider-targeted(primary_knowledge_source);infores:automat-robokop(aggregator_knowledge_source)
Q387	e0	e_7	NCBIGene:2932	biolink:affects	NCBIGene:1499	GSK3B	CTNNB1	infores:iptmnet(primary_knowledge_source);infores:kinace(aggregator_knowledge_source);infores:automat-robokop(aggregator_knowledge_source)
Q387	e0	e_8	NCBIGene:1499	biolink:directly_physically_interacts_with	NCBIGene:2932	CTNNB1	GSK3B	infores:intact(primary_knowledge_source);infores:automat-robokop(aggregator_knowledge_source)
Q387	e0	e_9	NCBIGene:2932	biolink:directly_physically_interacts_with	NCBIGene:1499	GSK3B	CTNNB1	infores:intact(primary_knowledge_source);infores:automat-robokop(aggregator_knowledge_source)
Q387	e0	e_10	NCBIGene:2932	biolink:regulates	NCBIGene:1499	GSK3B	CTNNB1	infores:signor(primary_knowledge_source);infores:automat-robokop(aggregator_knowledge_source)
Q387	e0	e_11	NCBIGene:2932	biolink:regulates	NCBIGene:1499	GSK3B	CTNNB1	infores:signor(primary_knowledge_source);infores:automat-robokop(aggregator_knowledge_source)
Q387	e0	e_12	NCBIGene:2932	biolink:regulates	NCBIGene:1499	GSK3B	CTNNB1	infores:signor(primary_knowledge_source);infores:automat-robokop(aggregator_knowledge_source)
Q387	e0	e_13	NCBIGene:2932	biolink:regulates	NCBIGene:1499	GSK3B	CTNNB1	infores:signor(primary_knowledge_source);infores:automat-robokop(aggregator_knowledge_source)
Q387	e0	e_14	NCBIGene:2932	biolink:regulates	NCBIGene:1499	GSK3B	CTNNB1	infores:signor(primary_knowledge_source);infores:automat-robokop(aggregator_knowledge_source)
Q387	e0	e_15	NCBIGene:2932	biolink:related_to	NCBIGene:1499	GSK3B	CTNNB1	infores:signor(primary_knowledge_source);infores:automat-robokop(aggregator_knowledge_source)
Q387	e0	e_16	NCBIGene:2932	biolink:related_to	NCBIGene:1499	GSK3B	CTNNB1	infores:signor(primary_knowledge_source);infores:automat-robokop(aggregator_knowledge_source)
Q387	e0	e_17	NCBIGene:2932	biolink:related_to	NCBIGene:1499	GSK3B	CTNNB1	infores:signor(primary_knowledge_source);infores:automat-robokop(aggregator_knowledge_source)
Q387	e0	e_18	NCBIGene:2932	biolink:related_to	NCBIGene:1499	GSK3B	CTNNB1	infores:signor(primary_knowledge_source);infores:automat-robokop(aggregator_knowledge_source)
Q387	e0	e_19	NCBIGene:2932	biolink:related_to	NCBIGene:1499	GSK3B	CTNNB1	infores:signor(primary_knowledge_source);infores:automat-robokop(aggregator_knowledge_source)
Q387	e0	e_20	NCBIGene:1499	biolink:genetically_interacts_with	NCBIGene:2932	CTNNB1	GSK3B	infores:hetionet(primary_knowledge_source);infores:hetionet(aggregator_knowledge_source);infores:automat-robokop(aggregator_knowledge_source)
Q387	e0	e_21	NCBIGene:1499	biolink:physically_interacts_with	UniProtKB:P49841-2	CTNNB1	glycogen synthase kinase-3 beta isoform h2 (human)	infores:string(primary_knowledge_source);infores:automat-robokop(aggregator_knowledge_source)
Q387	e0	e_22	UniProtKB:P49841-2	biolink:physically_interacts_with	NCBIGene:1499	glycogen synthase kinase-3 beta isoform h2 (human)	CTNNB1	infores:string(primary_knowledge_source);infores:automat-robokop(aggregator_knowledge_source)
Q387	e0	e_23	NCBIGene:1499	biolink:interacts_with	UniProtKB:P49841-2	CTNNB1	glycogen synthase kinase-3 beta isoform h2 (human)	infores:string(primary_knowledge_source);infores:automat-robokop(aggregator_knowledge_source)
Q387	e0	e_24	UniProtKB:P49841-2	biolink:interacts_with	NCBIGene:1499	glycogen synthase kinase-3 beta isoform h2 (human)	CTNNB1	infores:string(primary_knowledge_source);infores:automat-robokop(aggregator_knowledge_source)
Q387	e0	e_25	UniProtKB:P49841-2	biolink:subclass_of	NCBIGene:2932	glycogen synthase kinase-3 beta isoform h2 (human)	GSK3B	infores:ubergraph(primary_knowledge_source);infores:automat-robokop(aggregator_knowledge_source)
Q387	e0	e_21_e_25	NCBIGene:1499	biolink:physically_interacts_with	NCBIGene:2932	CTNNB1	GSK3B	infores:automat-robokop(primary_knowledge_source)
Q387	e0	e_22_e_25	UniProtKB:P49841-2	biolink:physically_interacts_with	NCBIGene:2932	glycogen synthase kinase-3 beta isoform h2 (human)	GSK3B	infores:automat-robokop(primary_knowledge_source)
Q387	e0	e_23_e_25	NCBIGene:1499	biolink:interacts_with	NCBIGene:2932	CTNNB1	GSK3B	infores:automat-robokop(primary_knowledge_source)
Q387	e0	e_24_e_25	UniProtKB:P49841-2	biolink:interacts_with	NCBIGene:2932	glycogen synthase kinase-3 beta isoform h2 (human)	GSK3B	infores:automat-robokop(primary_knowledge_source)
Q388	e0	e_1	NCBIGene:672	biolink:affects	NCBIGene:5888	BRCA1	RAD51	infores:text-mining-provider-targeted(primary_knowledge_source);infores:automat-robokop(aggregator_knowledge_source)
Q388	e0	e_2	NCBIGene:672	biolink:affects	NCBIGene:5888	BRCA1	RAD51	infores:text-mining-provider-targeted(primary_knowledge_source);infores:automat-robokop(aggregator_knowledge_source)
Q388	e0	e_3	NCBIGene:5888	biolink:affects	NCBIGene:672	RAD51	BRCA1	infores:text-mining-provider-targeted(primary_knowledge_source);infores:automat-robokop(aggregator_knowledge_source)
Q388	e0	e_4	NCBIGene:5888	biolink:affects	NCBIGene:672	RAD51	BRCA1	infores:text-mining-provider-targeted(primary_knowledge_source);infores:automat-robokop(aggregator_knowledge_source)
Q388	e0	e_5	NCBIGene:672	biolink:directly_physically_interacts_with	NCBIGene:5888	BRCA1	RAD51	infores:intact(primary_knowledge_source);infores:automat-robokop(aggregator_knowledge_source)
Q388	e0	e_6	NCBIGene:5888	biolink:regulates	NCBIGene:672	RAD51	BRCA1	infores:lincs(primary_knowledge_source);infores:hetionet(aggregator_knowledge_source);infores:automat-robokop(aggregator_knowledge_source)
Q388	e0	e_7	NCBIGene:672	biolink:genetically_interacts_with	NCBIGene:5888	BRCA1	RAD51	infores:hetionet(primary_knowledge_source);infores:hetionet(aggregator_knowledge_source);infores:automat-robokop(aggregator_knowledge_source)
Q388	e0	e_8	UniProtKB:P38398-7	biolink:physically_interacts_with	UniProtKB:Q06609-4	breast cancer type 1 susceptibility protein isoform h7 (human)	DNA repair protein RAD51 homolog 1 isoform h4 (human)	infores:string(primary_knowledge_source);infores:automat-robokop(aggregator_knowledge_source)
Q388	e0	e_9	UniProtKB:Q06609-4	biolink:physically_interacts_with	UniProtKB:P38398-7	DNA repair protein RAD51 homolog 1 isoform h4 (human)	breast cancer type 1 susceptibility protein isoform h7 (human)	infores:string(primary_knowledge_source);infores:automat-robokop(aggregator_knowledge_source)
Q388	e0	e_10	UniProtKB:P38398-7	biolink:interacts_with	UniProtKB:Q06609-4	breast cancer type 1 susceptibility protein isoform h7 (human)	DNA repair protein RAD51 homolog 1 isoform h4 (human)	infores:string(primary_knowledge_source);infores:automat-robokop(aggregator_knowledge_source)
Q388	e0	e_11	UniProtKB:Q06609-4	biolink:interacts_with	UniProtKB:P38398-7	DNA repair protein RAD51 homolog 1 isoform h4 (human)	breast cancer type 1 susceptibility protein isoform h7 (human)	infores:string(primary_knowledge_source);infores:automat-robokop(aggregator_knowledge_source)
Q388	e0	e_12	UniProtKB:P38398-7	biolink:subclass_of	NCBIGene:672	breast cancer type 1 susceptibility protein isoform h7 (human)	BRCA1	infores:ubergraph(primary_knowledge_source);infores:automat-robokop(aggregator_knowledge_source)
Q388	e0	e_13	UniProtKB:Q06609-4	biolink:subclass_of	NCBIGene:5888	DNA repair protein RAD51 homolog 1 isoform h4 (human)	RAD51	infores:ubergraph(primary_knowledge_source);infores:automat-robokop(aggregator_knowledge_source)
Q388	e0	e_8_e_12_e_13	NCBIGene:672	biolink:physically_interacts_with	NCBIGene:5888	BRCA1	RAD51	infores:automat-robokop(primary_knowledge_source)
Q388	e0	e_9_e_12_e_13	NCBIGene:672	biolink:physically_interacts_with	NCBIGene:5888	BRCA1	RAD51	infores:automat-robokop(primary_knowledge_source)
Q388	e0	e_10_e_12_e_13	NCBIGene:672	biolink:interacts_with	NCBIGene:5888	BRCA1	RAD51	infores:automat-robokop(primary_knowledge_source)
Q388	e0	e_11_e_12_e_13	NCBIGene:672	biolink:interacts_with	NCBIGene:5888	BRCA1	RAD51	infores:automat-robokop(primary_knowledge_source)
Q389	e0	e_1	NCBIGene:675	biolink:affects	NCBIGene:79728	BRCA2	PALB2	infores:text-mining-provider-targeted(primary_knowledge_source);infores:automat-robokop(aggregator_knowledge_source)
Q389	e0	e_2	NCBIGene:79728	biolink:affects	NCBIGene:675	PALB2	BRCA2	infores:text-mining-provider-targeted(primary_knowledge_source);infores:automat-robokop(aggregator_knowledge_source)
Q389	e0	e_3	NCBIGene:79728	biolink:affects	NCBIGene:675	PALB2	BRCA2	infores:text-mining-provider-targeted(primary_knowledge_source);infores:automat-robokop(aggregator_knowledge_source)
Q389	e0	e_4	NCBIGene:675	biolink:directly_physically_interacts_with	NCBIGene:79728	BRCA2	PALB2	infores:intact(primary_knowledge_source);infores:automat-robokop(aggregator_knowledge_source)
Q389	e0	e_5	NCBIGene:79728	biolink:directly_physically_interacts_with	NCBIGene:675	PALB2	BRCA2	infores:intact(primary_knowledge_source);infores:automat-robokop(aggregator_knowledge_source)
Q389	e0	e_6	NCBIGene:675	biolink:physically_interacts_with	NCBIGene:79728	BRCA2	PALB2	infores:string(primary_knowledge_source);infores:automat-robokop(aggregator_knowledge_source)
Q389	e0	e_7	NCBIGene:79728	biolink:physically_interacts_with	NCBIGene:675	PALB2	BRCA2	infores:string(primary_knowledge_source);infores:automat-robokop(aggregator_knowledge_source)
Q389	e0	e_8	NCBIGene:79728	biolink:regulates	NCBIGene:675	PALB2	BRCA2	infores:signor(primary_knowledge_source);infores:automat-robokop(aggregator_knowledge_source)
Q389	e0	e_9	NCBIGene:79728	biolink:related_to	NCBIGene:675	PALB2	BRCA2	infores:signor(primary_knowledge_source);infores:automat-robokop(aggregator_knowledge_source)
Q389	e0	e_10	NCBIGene:675	biolink:interacts_with	NCBIGene:79728	BRCA2	PALB2	infores:string(primary_knowledge_source);infores:automat-robokop(aggregator_knowledge_source)
Q389	e0	e_11	NCBIGene:79728	biolink:interacts_with	NCBIGene:675	PALB2	BRCA2	infores:string(primary_knowledge_source);infores:automat-robokop(aggregator_knowledge_source)
Q389	e0	e_12	NCBIGene:675	biolink:genetically_interacts_with	NCBIGene:79728	BRCA2	PALB2	infores:hetionet(primary_knowledge_source);infores:hetionet(aggregator_knowledge_source);infores:automat-robokop(aggregator_knowledge_source)
Q390	e0	e_1	NCBIGene:3091	biolink:affects	NCBIGene:7422	HIF1A	VEGFA	infores:text-mining-provider-targeted(primary_knowledge_source);infores:automat-robokop(aggregator_knowledge_source)
Q390	e0	e_2	NCBIGene:7422	biolink:affects	NCBIGene:3091	VEGFA	HIF1A	infores:text-mining-provider-targeted(primary_knowledge_source);infores:automat-robokop(aggregator_knowledge_source)
Q390	e0	e_3	NCBIGene:7422	biolink:affects	NCBIGene:3091	VEGFA	HIF1A	infores:text-mining-provider-targeted(primary_knowledge_source);infores:automat-robokop(aggregator_knowledge_source)
Q390	e0	e_4	NCBIGene:3091	biolink:regulates	NCBIGene:7422	HIF1A	VEGFA	infores:signor(primary_knowledge_source);infores:automat-robokop(aggregator_knowledge_source)
Q390	e0	e_5	NCBIGene:3091	biolink:related_to	NCBIGene:7422	HIF1A	VEGFA	infores:signor(primary_knowledge_source);infores:automat-robokop(aggregator_knowledge_source)
Q391	e0	e_1	NCBIGene:7422	biolink:affects	NCBIGene:3791	VEGFA	KDR	infores:text-mining-provider-targeted(primary_knowledge_source);infores:automat-robokop(aggregator_knowledge_source)
Q391	e0	e_2	NCBIGene:3791	biolink:affects	NCBIGene:7422	KDR	VEGFA	infores:text-mining-provider-targeted(primary_knowledge_source);infores:automat-robokop(aggregator_knowledge_source)
Q391	e0	e_3	NCBIGene:3791	biolink:affects	NCBIGene:7422	KDR	VEGFA	infores:text-mining-provider-targeted(primary_knowledge_source);infores:automat-robokop(aggregator_knowledge_source)
Q391	e0	e_4	NCBIGene:7422	biolink:directly_physically_interacts_with	NCBIGene:3791	VEGFA	KDR	infores:intact(primary_knowledge_source);infores:automat-robokop(aggregator_knowledge_source)
Q391	e0	e_5	NCBIGene:7422	biolink:directly_physically_interacts_with	NCBIGene:3791	VEGFA	KDR	infores:ccidb(primary_knowledge_source);infores:automat-robokop(aggregator_knowledge_source)
Q391	e0	e_6	NCBIGene:7422	biolink:directly_physically_interacts_with	NCBIGene:3791	VEGFA	KDR	infores:ccidb(primary_knowledge_source);infores:automat-robokop(aggregator_knowledge_source)
Q391	e0	e_7	NCBIGene:3791	biolink:directly_physically_interacts_with	NCBIGene:7422	KDR	VEGFA	infores:intact(primary_knowledge_source);infores:automat-robokop(aggregator_knowledge_source)
Q391	e0	e_8	NCBIGene:7422	biolink:regulates	NCBIGene:3791	VEGFA	KDR	infores:signor(primary_knowledge_source);infores:automat-robokop(aggregator_knowledge_source)
Q391	e0	e_9	NCBIGene:7422	biolink:regulates	NCBIGene:3791	VEGFA	KDR	infores:signor(primary_knowledge_source);infores:automat-robokop(aggregator_knowledge_source)
Q391	e0	e_10	NCBIGene:7422	biolink:related_to	NCBIGene:3791	VEGFA	KDR	infores:signor(primary_knowledge_source);infores:automat-robokop(aggregator_knowledge_source)
Q391	e0	e_11	NCBIGene:7422	biolink:related_to	NCBIGene:3791	VEGFA	KDR	infores:signor(primary_knowledge_source);infores:automat-robokop(aggregator_knowledge_source)
Q391	e0	e_12	NCBIGene:3791	biolink:genetically_interacts_with	NCBIGene:7422	KDR	VEGFA	infores:hetionet(primary_knowledge_source);infores:hetionet(aggregator_knowledge_source);infores:automat-robokop(aggregator_knowledge_source)
Q392	e0	e_1	UniProtKB:P03372-1	biolink:interacts_with	NCBIGene:5290	estrogen receptor isoform 1 (human)	PIK3CA	infores:string(primary_knowledge_source);infores:automat-robokop(aggregator_knowledge_source)
Q392	e0	e_2	NCBIGene:5290	biolink:interacts_with	UniProtKB:P03372-1	PIK3CA	estrogen receptor isoform 1 (human)	infores:string(primary_knowledge_source);infores:automat-robokop(aggregator_knowledge_source)
Q392	e0	e_3	UniProtKB:P03372-1	biolink:subclass_of	NCBIGene:2099	estrogen receptor isoform 1 (human)	ESR1	infores:ubergraph(primary_knowledge_source);infores:automat-robokop(aggregator_knowledge_source)
Q392	e0	e_1_e_3	NCBIGene:2099	biolink:interacts_with	NCBIGene:5290	ESR1	PIK3CA	infores:automat-robokop(primary_knowledge_source)
Q392	e0	e_2_e_3	NCBIGene:2099	biolink:interacts_with	UniProtKB:P03372-1	ESR1	estrogen receptor isoform 1 (human)	infores:automat-robokop(primary_knowledge_source)
Q393	e0	e_1	NCBIGene:367	biolink:directly_physically_interacts_with	NCBIGene:2308	AR	FOXO1	infores:intact(primary_knowledge_source);infores:automat-robokop(aggregator_knowledge_source)
Q393	e0	e_2	UniProtKB:P10275-1	biolink:interacts_with	NCBIGene:2308	androgen receptor isoform 1 (human)	FOXO1	infores:string(primary_knowledge_source);infores:automat-robokop(aggregator_knowledge_source)
Q393	e0	e_3	NCBIGene:2308	biolink:interacts_with	UniProtKB:P10275-1	FOXO1	androgen receptor isoform 1 (human)	infores:string(primary_knowledge_source);infores:automat-robokop(aggregator_knowledge_source)
Q393	e0	e_4	NCBIGene:367	biolink:genetically_interacts_with	NCBIGene:2308	AR	FOXO1	infores:hetionet(primary_knowledge_source);infores:hetionet(aggregator_knowledge_source);infores:automat-robokop(aggregator_knowledge_source)
Q393	e0	e_5	UniProtKB:P10275-1	biolink:subclass_of	NCBIGene:367	androgen receptor isoform 1 (human)	AR	infores:ubergraph(primary_knowledge_source);infores:automat-robokop(aggregator_knowledge_source)
Q393	e0	e_2_e_5	NCBIGene:367	biolink:interacts_with	NCBIGene:2308	AR	FOXO1	infores:automat-robokop(primary_knowledge_source)
Q393	e0	e_3_e_5	NCBIGene:367	biolink:interacts_with	UniProtKB:P10275-1	AR	androgen receptor isoform 1 (human)	infores:automat-robokop(primary_knowledge_source)
Q394	e0	e_1	NCBIGene:23411	biolink:affects	NCBIGene:2309	SIRT1	FOXO3	infores:text-mining-provider-targeted(primary_knowledge_source);infores:automat-robokop(aggregator_knowledge_source)
Q394	e0	e_2	NCBIGene:23411	biolink:affects	NCBIGene:2309	SIRT1	FOXO3	infores:text-mining-provider-targeted(primary_knowledge_source);infores:automat-robokop(aggregator_knowledge_source)
Q394	e0	e_3	NCBIGene:2309	biolink:affects	NCBIGene:23411	FOXO3	SIRT1	infores:text-mining-provider-targeted(primary_knowledge_source);infores:automat-robokop(aggregator_knowledge_source)
Q394	e0	e_4	NCBIGene:2309	biolink:affects	NCBIGene:23411	FOXO3	SIRT1	infores:text-mining-provider-targeted(primary_knowledge_source);infores:automat-robokop(aggregator_knowledge_source)
Q394	e0	e_5	NCBIGene:23411	biolink:directly_physically_interacts_with	NCBIGene:2309	SIRT1	FOXO3	infores:intact(primary_knowledge_source);infores:automat-robokop(aggregator_knowledge_source)
Q394	e0	e_6	NCBIGene:2309	biolink:directly_physically_interacts_with	NCBIGene:23411	FOXO3	SIRT1	infores:intact(primary_knowledge_source);infores:automat-robokop(aggregator_knowledge_source)
Q394	e0	e_7	NCBIGene:23411	biolink:regulates	NCBIGene:2309	SIRT1	FOXO3	infores:signor(primary_knowledge_source);infores:automat-robokop(aggregator_knowledge_source)
Q394	e0	e_8	NCBIGene:23411	biolink:regulates	NCBIGene:2309	SIRT1	FOXO3	infores:signor(primary_knowledge_source);infores:automat-robokop(aggregator_knowledge_source)
Q394	e0	e_9	NCBIGene:23411	biolink:regulates	NCBIGene:2309	SIRT1	FOXO3	infores:signor(primary_knowledge_source);infores:automat-robokop(aggregator_knowledge_source)
Q394	e0	e_10	NCBIGene:23411	biolink:related_to	NCBIGene:2309	SIRT1	FOXO3	infores:signor(primary_knowledge_source);infores:automat-robokop(aggregator_knowledge_source)
Q394	e0	e_11	NCBIGene:23411	biolink:related_to	NCBIGene:2309	SIRT1	FOXO3	infores:signor(primary_knowledge_source);infores:automat-robokop(aggregator_knowledge_source)
Q394	e0	e_12	NCBIGene:23411	biolink:related_to	NCBIGene:2309	SIRT1	FOXO3	infores:signor(primary_knowledge_source);infores:automat-robokop(aggregator_knowledge_source)
Q394	e0	e_13	NCBIGene:2309	biolink:genetically_interacts_with	NCBIGene:23411	FOXO3	SIRT1	infores:hetionet(primary_knowledge_source);infores:hetionet(aggregator_knowledge_source);infores:automat-robokop(aggregator_knowledge_source)
Q394	e0	e_14	UniProtKB:Q96EB6-1	biolink:interacts_with	UniProtKB:O43524-1	NAD-dependent protein deacetylase sirtuin-1 isoform h1 (human)	forkhead box protein O3 isoform h1 (human)	infores:string(primary_knowledge_source);infores:automat-robokop(aggregator_knowledge_source)
Q394	e0	e_15	UniProtKB:O43524-1	biolink:interacts_with	UniProtKB:Q96EB6-1	forkhead box protein O3 isoform h1 (human)	NAD-dependent protein deacetylase sirtuin-1 isoform h1 (human)	infores:string(primary_knowledge_source);infores:automat-robokop(aggregator_knowledge_source)
Q394	e0	e_16	UniProtKB:Q96EB6-1	biolink:subclass_of	NCBIGene:23411	NAD-dependent protein deacetylase sirtuin-1 isoform h1 (human)	SIRT1	infores:ubergraph(primary_knowledge_source);infores:automat-robokop(aggregator_knowledge_source)
Q394	e0	e_17	UniProtKB:O43524-1	biolink:subclass_of	NCBIGene:2309	forkhead box protein O3 isoform h1 (human)	FOXO3	infores:ubergraph(primary_knowledge_source);infores:automat-robokop(aggregator_knowledge_source)
Q394	e0	e_14_e_16_e_17	NCBIGene:23411	biolink:interacts_with	NCBIGene:2309	SIRT1	FOXO3	infores:automat-robokop(primary_knowledge_source)
Q394	e0	e_15_e_16_e_17	NCBIGene:23411	biolink:interacts_with	NCBIGene:2309	SIRT1	FOXO3	infores:automat-robokop(primary_knowledge_source)
Q395	e0	e_1	NCBIGene:3643	biolink:affects	NCBIGene:3667	INSR	IRS1	infores:text-mining-provider-targeted(primary_knowledge_source);infores:automat-robokop(aggregator_knowledge_source)
Q395	e0	e_2	NCBIGene:3643	biolink:affects	NCBIGene:3667	INSR	IRS1	infores:psite-plus(primary_knowledge_source);infores:kinace(aggregator_knowledge_source);infores:automat-robokop(aggregator_knowledge_source)
Q395	e0	e_3	NCBIGene:3643	biolink:affects	NCBIGene:3667	INSR	IRS1	infores:epsd(primary_knowledge_source);infores:kinace(aggregator_knowledge_source);infores:automat-robokop(aggregator_knowledge_source)
Q395	e0	e_4	NCBIGene:3643	biolink:affects	NCBIGene:3667	INSR	IRS1	infores:text-mining-provider-targeted(primary_knowledge_source);infores:automat-robokop(aggregator_knowledge_source)
Q395	e0	e_5	NCBIGene:3667	biolink:affects	NCBIGene:3643	IRS1	INSR	infores:text-mining-provider-targeted(primary_knowledge_source);infores:automat-robokop(aggregator_knowledge_source)
Q395	e0	e_6	NCBIGene:3667	biolink:affects	NCBIGene:3643	IRS1	INSR	infores:text-mining-provider-targeted(primary_knowledge_source);infores:automat-robokop(aggregator_knowledge_source)
Q395	e0	e_7	NCBIGene:3643	biolink:directly_physically_interacts_with	NCBIGene:3667	INSR	IRS1	infores:intact(primary_knowledge_source);infores:automat-robokop(aggregator_knowledge_source)
Q395	e0	e_8	NCBIGene:3667	biolink:directly_physically_interacts_with	NCBIGene:3643	IRS1	INSR	infores:intact(primary_knowledge_source);infores:automat-robokop(aggregator_knowledge_source)
Q395	e0	e_9	UniProtKB:P06213-1	biolink:physically_interacts_with	NCBIGene:3667	insulin receptor isoform Long (human)	IRS1	infores:string(primary_knowledge_source);infores:automat-robokop(aggregator_knowledge_source)
Q395	e0	e_10	NCBIGene:3667	biolink:physically_interacts_with	UniProtKB:P06213-1	IRS1	insulin receptor isoform Long (human)	infores:string(primary_knowledge_source);infores:automat-robokop(aggregator_knowledge_source)
Q395	e0	e_11	NCBIGene:3643	biolink:regulates	NCBIGene:3667	INSR	IRS1	infores:signor(primary_knowledge_source);infores:automat-robokop(aggregator_knowledge_source)
Q395	e0	e_12	NCBIGene:3643	biolink:regulates	NCBIGene:3667	INSR	IRS1	infores:signor(primary_knowledge_source);infores:automat-robokop(aggregator_knowledge_source)
Q395	e0	e_13	NCBIGene:3643	biolink:regulates	NCBIGene:3667	INSR	IRS1	infores:signor(primary_knowledge_source);infores:automat-robokop(aggregator_knowledge_source)
Q395	e0	e_14	NCBIGene:3643	biolink:regulates	NCBIGene:3667	INSR	IRS1	infores:signor(primary_knowledge_source);infores:automat-robokop(aggregator_knowledge_source)
Q395	e0	e_15	NCBIGene:3643	biolink:regulates	NCBIGene:3667	INSR	IRS1	infores:signor(primary_knowledge_source);infores:automat-robokop(aggregator_knowledge_source)
Q395	e0	e_16	NCBIGene:3643	biolink:related_to	NCBIGene:3667	INSR	IRS1	infores:signor(primary_knowledge_source);infores:automat-robokop(aggregator_knowledge_source)
Q395	e0	e_17	NCBIGene:3643	biolink:related_to	NCBIGene:3667	INSR	IRS1	infores:signor(primary_knowledge_source);infores:automat-robokop(aggregator_knowledge_source)
Q395	e0	e_18	NCBIGene:3643	biolink:related_to	NCBIGene:3667	INSR	IRS1	infores:signor(primary_knowledge_source);infores:automat-robokop(aggregator_knowledge_source)
Q395	e0	e_19	NCBIGene:3643	biolink:related_to	NCBIGene:3667	INSR	IRS1	infores:signor(primary_knowledge_source);infores:automat-robokop(aggregator_knowledge_source)
Q395	e0	e_20	NCBIGene:3643	biolink:related_to	NCBIGene:3667	INSR	IRS1	infores:signor(primary_knowledge_source);infores:automat-robokop(aggregator_knowledge_source)
Q395	e0	e_21	UniProtKB:P06213-1	biolink:interacts_with	NCBIGene:3667	insulin receptor isoform Long (human)	IRS1	infores:string(primary_knowledge_source);infores:automat-robokop(aggregator_knowledge_source)
Q395	e0	e_22	NCBIGene:3667	biolink:interacts_with	UniProtKB:P06213-1	IRS1	insulin receptor isoform Long (human)	infores:string(primary_knowledge_source);infores:automat-robokop(aggregator_knowledge_source)
Q395	e0	e_23	NCBIGene:3643	biolink:genetically_interacts_with	NCBIGene:3667	INSR	IRS1	infores:hetionet(primary_knowledge_source);infores:hetionet(aggregator_knowledge_source);infores:automat-robokop(aggregator_knowledge_source)
Q395	e0	e_24	UniProtKB:P06213-1	biolink:subclass_of	NCBIGene:3643	insulin receptor isoform Long (human)	INSR	infores:ubergraph(primary_knowledge_source);infores:automat-robokop(aggregator_knowledge_source)
Q395	e0	e_9_e_24	NCBIGene:3643	biolink:physically_interacts_with	NCBIGene:3667	INSR	IRS1	infores:automat-robokop(primary_knowledge_source)
Q395	e0	e_10_e_24	NCBIGene:3643	biolink:physically_interacts_with	UniProtKB:P06213-1	INSR	insulin receptor isoform Long (human)	infores:automat-robokop(primary_knowledge_source)
Q395	e0	e_21_e_24	NCBIGene:3643	biolink:interacts_with	NCBIGene:3667	INSR	IRS1	infores:automat-robokop(primary_knowledge_source)
Q395	e0	e_22_e_24	NCBIGene:3643	biolink:interacts_with	UniProtKB:P06213-1	INSR	insulin receptor isoform Long (human)	infores:automat-robokop(primary_knowledge_source)
Q396	e0	e_1	NCBIGene:3667	biolink:affects	NCBIGene:5295	IRS1	PIK3R1	infores:text-mining-provider-targeted(primary_knowledge_source);infores:automat-robokop(aggregator_knowledge_source)
Q396	e0	e_2	NCBIGene:5295	biolink:affects	NCBIGene:3667	PIK3R1	IRS1	infores:text-mining-provider-targeted(primary_knowledge_source);infores:automat-robokop(aggregator_knowledge_source)
Q396	e0	e_3	NCBIGene:5295	biolink:affects	NCBIGene:3667	PIK3R1	IRS1	infores:text-mining-provider-targeted(primary_knowledge_source);infores:automat-robokop(aggregator_knowledge_source)
Q396	e0	e_4	NCBIGene:3667	biolink:directly_physically_interacts_with	NCBIGene:5295	IRS1	PIK3R1	infores:intact(primary_knowledge_source);infores:automat-robokop(aggregator_knowledge_source)
Q396	e0	e_5	NCBIGene:5295	biolink:directly_physically_interacts_with	NCBIGene:3667	PIK3R1	IRS1	infores:intact(primary_knowledge_source);infores:automat-robokop(aggregator_knowledge_source)
Q396	e0	e_6	NCBIGene:3667	biolink:regulates	NCBIGene:5295	IRS1	PIK3R1	infores:signor(primary_knowledge_source);infores:automat-robokop(aggregator_knowledge_source)
Q396	e0	e_7	NCBIGene:3667	biolink:related_to	NCBIGene:5295	IRS1	PIK3R1	infores:signor(primary_knowledge_source);infores:automat-robokop(aggregator_knowledge_source)
Q396	e0	e_8	NCBIGene:3667	biolink:genetically_interacts_with	NCBIGene:5295	IRS1	PIK3R1	infores:hetionet(primary_knowledge_source);infores:hetionet(aggregator_knowledge_source);infores:automat-robokop(aggregator_knowledge_source)
Q396	e0	e_9	NCBIGene:3667	biolink:physically_interacts_with	UniProtKB:P27986-1	IRS1	phosphatidylinositol 3-kinase regulatory subunit alpha isoform 1 (human)	infores:string(primary_knowledge_source);infores:automat-robokop(aggregator_knowledge_source)
Q396	e0	e_10	UniProtKB:P27986-1	biolink:physically_interacts_with	NCBIGene:3667	phosphatidylinositol 3-kinase regulatory subunit alpha isoform 1 (human)	IRS1	infores:string(primary_knowledge_source);infores:automat-robokop(aggregator_knowledge_source)
Q396	e0	e_11	NCBIGene:3667	biolink:interacts_with	UniProtKB:P27986-1	IRS1	phosphatidylinositol 3-kinase regulatory subunit alpha isoform 1 (human)	infores:string(primary_knowledge_source);infores:automat-robokop(aggregator_knowledge_source)
Q396	e0	e_12	UniProtKB:P27986-1	biolink:interacts_with	NCBIGene:3667	phosphatidylinositol 3-kinase regulatory subunit alpha isoform 1 (human)	IRS1	infores:string(primary_knowledge_source);infores:automat-robokop(aggregator_knowledge_source)
Q396	e0	e_13	UniProtKB:P27986-1	biolink:subclass_of	NCBIGene:5295	phosphatidylinositol 3-kinase regulatory subunit alpha isoform 1 (human)	PIK3R1	infores:ubergraph(primary_knowledge_source);infores:automat-robokop(aggregator_knowledge_source)
Q396	e0	e_9_e_13	NCBIGene:3667	biolink:physically_interacts_with	NCBIGene:5295	IRS1	PIK3R1	infores:automat-robokop(primary_knowledge_source)
Q396	e0	e_10_e_13	UniProtKB:P27986-1	biolink:physically_interacts_with	NCBIGene:5295	phosphatidylinositol 3-kinase regulatory subunit alpha isoform 1 (human)	PIK3R1	infores:automat-robokop(primary_knowledge_source)
Q396	e0	e_11_e_13	NCBIGene:3667	biolink:interacts_with	NCBIGene:5295	IRS1	PIK3R1	infores:automat-robokop(primary_knowledge_source)
Q396	e0	e_12_e_13	UniProtKB:P27986-1	biolink:interacts_with	NCBIGene:5295	phosphatidylinositol 3-kinase regulatory subunit alpha isoform 1 (human)	PIK3R1	infores:automat-robokop(primary_knowledge_source)
Q397	e0	e_1	NCBIGene:5468	biolink:affects	NCBIGene:9370	PPARG	ADIPOQ	infores:text-mining-provider-targeted(primary_knowledge_source);infores:automat-robokop(aggregator_knowledge_source)
Q397	e0	e_2	NCBIGene:5468	biolink:affects	NCBIGene:9370	PPARG	ADIPOQ	infores:text-mining-provider-targeted(primary_knowledge_source);infores:automat-robokop(aggregator_knowledge_source)
Q397	e0	e_3	NCBIGene:9370	biolink:affects	NCBIGene:5468	ADIPOQ	PPARG	infores:text-mining-provider-targeted(primary_knowledge_source);infores:automat-robokop(aggregator_knowledge_source)
Q397	e0	e_4	UniProtKB:P37231-1	biolink:interacts_with	NCBIGene:9370	peroxisome proliferator-activated receptor gamma isoform 2 (human)	ADIPOQ	infores:string(primary_knowledge_source);infores:automat-robokop(aggregator_knowledge_source)
Q397	e0	e_5	NCBIGene:9370	biolink:interacts_with	UniProtKB:P37231-1	ADIPOQ	peroxisome proliferator-activated receptor gamma isoform 2 (human)	infores:string(primary_knowledge_source);infores:automat-robokop(aggregator_knowledge_source)
Q397	e0	e_6	UniProtKB:P37231-1	biolink:subclass_of	NCBIGene:5468	peroxisome proliferator-activated receptor gamma isoform 2 (human)	PPARG	infores:ubergraph(primary_knowledge_source);infores:automat-robokop(aggregator_knowledge_source)
Q397	e0	e_4_e_6	NCBIGene:5468	biolink:interacts_with	NCBIGene:9370	PPARG	ADIPOQ	infores:automat-robokop(primary_knowledge_source)
Q397	e0	e_5_e_6	NCBIGene:5468	biolink:interacts_with	UniProtKB:P37231-1	PPARG	peroxisome proliferator-activated receptor gamma isoform 2 (human)	infores:automat-robokop(primary_knowledge_source)
Q398	e0	e_1	NCBIGene:3949	biolink:directly_physically_interacts_with	NCBIGene:338	LDLR	APOB	infores:intact(primary_knowledge_source);infores:automat-robokop(aggregator_knowledge_source)
Q398	e0	e_2	NCBIGene:338	biolink:directly_physically_interacts_with	NCBIGene:3949	APOB	LDLR	infores:intact(primary_knowledge_source);infores:automat-robokop(aggregator_knowledge_source)
Q398	e0	e_3	UniProtKB:P01130-1	biolink:physically_interacts_with	NCBIGene:338	low-density lipoprotein receptor isoform h1 (human)	APOB	infores:string(primary_knowledge_source);infores:automat-robokop(aggregator_knowledge_source)
Q398	e0	e_4	NCBIGene:338	biolink:physically_interacts_with	UniProtKB:P01130-1	APOB	low-density lipoprotein receptor isoform h1 (human)	infores:string(primary_knowledge_source);infores:automat-robokop(aggregator_knowledge_source)
Q398	e0	e_5	NCBIGene:338	biolink:regulates	NCBIGene:3949	APOB	LDLR	infores:signor(primary_knowledge_source);infores:automat-robokop(aggregator_knowledge_source)
Q398	e0	e_6	NCBIGene:338	biolink:related_to	NCBIGene:3949	APOB	LDLR	infores:signor(primary_knowledge_source);infores:automat-robokop(aggregator_knowledge_source)
Q398	e0	e_7	NCBIGene:338	biolink:genetically_interacts_with	NCBIGene:3949	APOB	LDLR	infores:hetionet(primary_knowledge_source);infores:hetionet(aggregator_knowledge_source);infores:automat-robokop(aggregator_knowledge_source)
Q398	e0	e_8	UniProtKB:P01130-1	biolink:subclass_of	NCBIGene:3949	low-density lipoprotein receptor isoform h1 (human)	LDLR	infores:ubergraph(primary_knowledge_source);infores:automat-robokop(aggregator_knowledge_source)
Q398	e0	e_3_e_8	NCBIGene:3949	biolink:physically_interacts_with	NCBIGene:338	LDLR	APOB	infores:automat-robokop(primary_knowledge_source)
Q398	e0	e_4_e_8	NCBIGene:3949	biolink:physically_interacts_with	UniProtKB:P01130-1	LDLR	low-density lipoprotein receptor isoform h1 (human)	infores:automat-robokop(primary_knowledge_source)
Q399	e0	e_1	NCBIGene:255738	biolink:affects	NCBIGene:3949	PCSK9	LDLR	infores:drugmechdb(primary_knowledge_source);infores:automat-robokop(aggregator_knowledge_source)
Q399	e0	e_2	NCBIGene:255738	biolink:affects	NCBIGene:3949	PCSK9	LDLR	infores:text-mining-provider-targeted(primary_knowledge_source);infores:automat-robokop(aggregator_knowledge_source)
Q399	e0	e_3	NCBIGene:3949	biolink:affects	NCBIGene:255738	LDLR	PCSK9	infores:text-mining-provider-targeted(primary_knowledge_source);infores:automat-robokop(aggregator_knowledge_source)
Q399	e0	e_4	NCBIGene:3949	biolink:affects	NCBIGene:255738	LDLR	PCSK9	infores:text-mining-provider-targeted(primary_knowledge_source);infores:automat-robokop(aggregator_knowledge_source)
Q399	e0	e_5	NCBIGene:255738	biolink:directly_physically_interacts_with	NCBIGene:3949	PCSK9	LDLR	infores:intact(primary_knowledge_source);infores:automat-robokop(aggregator_knowledge_source)
Q399	e0	e_6	NCBIGene:3949	biolink:directly_physically_interacts_with	NCBIGene:255738	LDLR	PCSK9	infores:intact(primary_knowledge_source);infores:automat-robokop(aggregator_knowledge_source)
Q399	e0	e_7	NCBIGene:3949	biolink:genetically_interacts_with	NCBIGene:255738	LDLR	PCSK9	infores:hetionet(primary_knowledge_source);infores:hetionet(aggregator_knowledge_source);infores:automat-robokop(aggregator_knowledge_source)
Q399	e0	e_8	UniProtKB:Q8NBP7-1	biolink:physically_interacts_with	UniProtKB:P01130-1	proprotein convertase subtilisin/kexin type 9 isoform h1 (human)	low-density lipoprotein receptor isoform h1 (human)	infores:string(primary_knowledge_source);infores:automat-robokop(aggregator_knowledge_source)
Q399	e0	e_9	UniProtKB:P01130-1	biolink:physically_interacts_with	UniProtKB:Q8NBP7-1	low-density lipoprotein receptor isoform h1 (human)	proprotein convertase subtilisin/kexin type 9 isoform h1 (human)	infores:string(primary_knowledge_source);infores:automat-robokop(aggregator_knowledge_source)
Q399	e0	e_10	UniProtKB:Q8NBP7-1	biolink:subclass_of	NCBIGene:255738	proprotein convertase subtilisin/kexin type 9 isoform h1 (human)	PCSK9	infores:ubergraph(primary_knowledge_source);infores:automat-robokop(aggregator_knowledge_source)
Q399	e0	e_11	UniProtKB:P01130-1	biolink:subclass_of	NCBIGene:3949	low-density lipoprotein receptor isoform h1 (human)	LDLR	infores:ubergraph(primary_knowledge_source);infores:automat-robokop(aggregator_knowledge_source)
Q399	e0	e_8_e_10_e_11	NCBIGene:255738	biolink:physically_interacts_with	NCBIGene:3949	PCSK9	LDLR	infores:automat-robokop(primary_knowledge_source)
Q399	e0	e_9_e_10_e_11	NCBIGene:255738	biolink:physically_interacts_with	NCBIGene:3949	PCSK9	LDLR	infores:automat-robokop(primary_knowledge_source)
Q400	e0	e_1	NCBIGene:1636	biolink:affects	NCBIGene:185	ACE	AGTR1	infores:text-mining-provider-targeted(primary_knowledge_source);infores:automat-robokop(aggregator_knowledge_source)
Q400	e0	e_2	NCBIGene:1636	biolink:affects	NCBIGene:185	ACE	AGTR1	infores:text-mining-provider-targeted(primary_knowledge_source);infores:automat-robokop(aggregator_knowledge_source)
Q400	e0	e_3	NCBIGene:185	biolink:affects	NCBIGene:1636	AGTR1	ACE	infores:text-mining-provider-targeted(primary_knowledge_source);infores:automat-robokop(aggregator_knowledge_source)
Q400	e0	e_4	NCBIGene:185	biolink:affects	NCBIGene:1636	AGTR1	ACE	infores:text-mining-provider-targeted(primary_knowledge_source);infores:automat-robokop(aggregator_knowledge_source)
Q400	e0	e_5	UniProtKB:P12821-1	biolink:interacts_with	NCBIGene:185	angiotensin-converting enzyme isoform hSomatic-1 (human)	AGTR1	infores:string(primary_knowledge_source);infores:automat-robokop(aggregator_knowledge_source)
Q400	e0	e_6	NCBIGene:185	biolink:interacts_with	UniProtKB:P12821-1	AGTR1	angiotensin-converting enzyme isoform hSomatic-1 (human)	infores:string(primary_knowledge_source);infores:automat-robokop(aggregator_knowledge_source)
Q400	e0	e_7	UniProtKB:P12821-1	biolink:subclass_of	NCBIGene:1636	angiotensin-converting enzyme isoform hSomatic-1 (human)	ACE	infores:ubergraph(primary_knowledge_source);infores:automat-robokop(aggregator_knowledge_source)
Q400	e0	e_5_e_7	NCBIGene:1636	biolink:interacts_with	NCBIGene:185	ACE	AGTR1	infores:automat-robokop(primary_knowledge_source)
Q400	e0	e_6_e_7	NCBIGene:1636	biolink:interacts_with	UniProtKB:P12821-1	ACE	angiotensin-converting enzyme isoform hSomatic-1 (human)	infores:automat-robokop(primary_knowledge_source)
