question_id	query_edge_key	edge_id	subject	predicate	object	subject_label	object_label	provenance
Q103	e0	e_1	MONDO:0005260	biolink:related_to	NCBIGene:85358	autism	SHANK3	infores:hetionet(primary_knowledge_source);infores:automat-robokop(aggregator_knowledge_source)
Q103	e0	uuid:1c574073-198e-11f0-be82-6045bdb3d4c0	NCBIGene:85358	biolink:has_phenotype	MONDO:0005258	SHANK3	Autism	infores:hpo-annotations(primary_knowledge_source);infores:monarchinitiative(aggregator_knowledge_source);infores:automat-robokop(aggregator_knowledge_source)
Q103	e0	e_3	NCBIGene:85358	biolink:genetically_associated_with	MONDO:0005260	SHANK3	autism	infores:ctd(primary_knowledge_source);infores:pharos(aggregator_knowledge_source);infores:automat-robokop(aggregator_knowledge_source)
Q103	e0	e_4	NCBIGene:85358	biolink:genetically_associated_with	MONDO:0005258	SHANK3	Autism	infores:monarchinitiative(primary_knowledge_source);infores:pharos(aggregator_knowledge_source);infores:automat-robokop(aggregator_knowledge_source)
Q103	e0	e_5	NCBIGene:85358	biolink:genetically_associated_with	MONDO:0005260	SHANK3	autism	infores:disgenet(primary_knowledge_source);infores:pharos(aggregator_knowledge_source);infores:automat-robokop(aggregator_knowledge_source)
Q103	e0	e_6	NCBIGene:85358	biolink:genetically_associated_with	MONDO:0005258	SHANK3	Autism	infores:disgenet(primary_knowledge_source);infores:pharos(aggregator_knowledge_source);infores:automat-robokop(aggregator_knowledge_source)
Q103	e0	e_7	NCBIGene:85358	biolink:genetically_associated_with	MONDO:0005260	SHANK3	autism	infores:monarchinitiative(primary_knowledge_source);infores:pharos(aggregator_knowledge_source);infores:automat-robokop(aggregator_knowledge_source)
Q103	e0	e_8	NCBIGene:85358	biolink:genetically_associated_with	MONDO:0005258	SHANK3	Autism	infores:ctd(primary_knowledge_source);infores:pharos(aggregator_knowledge_source);infores:automat-robokop(aggregator_knowledge_source)
Q103	e0	e_9	MONDO:0005258	biolink:subclass_of	MONDO:0005260	Autism	autism	infores:ubergraph(primary_knowledge_source);infores:automat-robokop(aggregator_knowledge_source)
Q103	e0	uuid:1c574073-198e-11f0-be82-6045bdb3d4c0_e_9	MONDO:0005260	biolink:has_phenotype	MONDO:0005258	autism	Autism	infores:automat-robokop(primary_knowledge_source)
Q103	e0	e_4_e_9	MONDO:0005260	biolink:genetically_associated_with	MONDO:0005258	autism	Autism	infores:automat-robokop(primary_knowledge_source)
Q103	e0	e_6_e_9	MONDO:0005260	biolink:genetically_associated_with	MONDO:0005258	autism	Autism	infores:automat-robokop(primary_knowledge_source)
Q103	e0	e_8_e_9	MONDO:0005260	biolink:genetically_associated_with	MONDO:0005258	autism	Autism	infores:automat-robokop(primary_knowledge_source)
Q104	e0	e_1	MONDO:0004985	biolink:related_to	NCBIGene:775	bipolar disorder	CACNA1C	infores:hetionet(primary_knowledge_source);infores:automat-robokop(aggregator_knowledge_source)
Q104	e0	e_2	NCBIGene:775	biolink:genetically_associated_with	MONDO:0024612	CACNA1C	Manic Disorder	infores:disgenet(primary_knowledge_source);infores:pharos(aggregator_knowledge_source);infores:automat-robokop(aggregator_knowledge_source)
Q104	e0	e_3	NCBIGene:775	biolink:genetically_associated_with	MONDO:0024613	CACNA1C	bipolar depression	infores:disgenet(primary_knowledge_source);infores:pharos(aggregator_knowledge_source);infores:automat-robokop(aggregator_knowledge_source)
Q104	e0	e_4	NCBIGene:775	biolink:genetically_associated_with	MONDO:0004985	CACNA1C	bipolar disorder	infores:diseases(primary_knowledge_source);infores:pharos(aggregator_knowledge_source);infores:automat-robokop(aggregator_knowledge_source)
Q104	e0	e_5	NCBIGene:775	biolink:genetically_associated_with	MONDO:0004985	CACNA1C	bipolar disorder	infores:disgenet(primary_knowledge_source);infores:pharos(aggregator_knowledge_source);infores:automat-robokop(aggregator_knowledge_source)
Q104	e0	e_6	NCBIGene:775	biolink:genetically_associated_with	MONDO:0004985	CACNA1C	bipolar disorder	infores:ctd(primary_knowledge_source);infores:pharos(aggregator_knowledge_source);infores:automat-robokop(aggregator_knowledge_source)
Q104	e0	e_7	MONDO:0024612	biolink:subclass_of	MONDO:0004985	Manic Disorder	bipolar disorder	infores:ubergraph(primary_knowledge_source);infores:automat-robokop(aggregator_knowledge_source)
Q104	e0	e_8	MONDO:0024613	biolink:subclass_of	MONDO:0004985	bipolar depression	bipolar disorder	infores:ubergraph(primary_knowledge_source);infores:automat-robokop(aggregator_knowledge_source)
Q104	e0	e_2_e_7	MONDO:0004985	biolink:genetically_associated_with	MONDO:0024612	bipolar disorder	Manic Disorder	infores:automat-robokop(primary_knowledge_source)
Q104	e0	e_3_e_8	MONDO:0004985	biolink:genetically_associated_with	MONDO:0024613	bipolar disorder	bipolar depression	infores:automat-robokop(primary_knowledge_source)
Q113	e0	e_1	MONDO:0100096	biolink:has_part	NCBIGene:59272	COVID-19	ACE2	infores:reactome(primary_knowledge_source);infores:automat-robokop(aggregator_knowledge_source)
Q113	e0	e_2	NCBIGene:59272	biolink:genetically_associated_with	MONDO:0100096	ACE2	COVID-19	infores:diseases(primary_knowledge_source);infores:pharos(aggregator_knowledge_source);infores:automat-robokop(aggregator_knowledge_source)
Q113	e0	e_3	NCBIGene:59272	biolink:genetically_associated_with	MONDO:0100233	ACE2	long COVID-19	infores:diseases(primary_knowledge_source);infores:pharos(aggregator_knowledge_source);infores:automat-robokop(aggregator_knowledge_source)
Q113	e0	e_4	MONDO:0100233	biolink:subclass_of	MONDO:0100096	long COVID-19	COVID-19	infores:ubergraph(primary_knowledge_source);infores:automat-robokop(aggregator_knowledge_source)
Q113	e0	e_3_e_4	MONDO:0100096	biolink:genetically_associated_with	MONDO:0100233	COVID-19	long COVID-19	infores:automat-robokop(primary_knowledge_source)
Q114	e0	e_1	NCBIGene:51284	biolink:genetically_associated_with	MONDO:0005812	TLR7	influenza	infores:diseases(primary_knowledge_source);infores:pharos(aggregator_knowledge_source);infores:automat-robokop(aggregator_knowledge_source)
Q115	e0	e_1	MONDO:0012268	biolink:related_to	NCBIGene:1234	AIDS	CCR5	infores:hetionet(primary_knowledge_source);infores:automat-robokop(aggregator_knowledge_source)
Q115	e0	e_2	NCBIGene:1234	biolink:genetically_associated_with	MONDO:0012268	CCR5	AIDS	infores:diseases(primary_knowledge_source);infores:pharos(aggregator_knowledge_source);infores:automat-robokop(aggregator_knowledge_source)
Q115	e0	e_3	MONDO:0012268	biolink:subclass_of	MONDO:0005109	AIDS	HIV infection	infores:ubergraph(primary_knowledge_source);infores:automat-robokop(aggregator_knowledge_source)
Q115	e0	e_1_e_3	MONDO:0005109	biolink:related_to	NCBIGene:1234	HIV infection	CCR5	infores:automat-robokop(primary_knowledge_source)
Q115	e0	e_2_e_3	MONDO:0005109	biolink:genetically_associated_with	MONDO:0012268	HIV infection	AIDS	infores:automat-robokop(primary_knowledge_source)
Q117	e0	uuid:0ec4368d-198e-11f0-be82-6045bdb3d4c0	NCBIGene:3043	biolink:causes	MONDO:0011382	HBB	sickle cell anemia	infores:omim(primary_knowledge_source);infores:monarchinitiative(aggregator_knowledge_source);infores:medgen(aggregator_knowledge_source);infores:automat-robokop(aggregator_knowledge_source)
Q117	e0	e_2	NCBIGene:3043	biolink:genetically_associated_with	MONDO:0016669	HBB	sickle cell-hemoglobin c disease syndrome	infores:disgenet(primary_knowledge_source);infores:pharos(aggregator_knowledge_source);infores:automat-robokop(aggregator_knowledge_source)
Q117	e0	e_3	NCBIGene:3043	biolink:genetically_associated_with	MONDO:0011382	HBB	sickle cell anemia	infores:disgenet(primary_knowledge_source);infores:pharos(aggregator_knowledge_source);infores:automat-robokop(aggregator_knowledge_source)
Q117	e0	e_4	NCBIGene:3043	biolink:genetically_associated_with	MONDO:0011382	HBB	sickle cell anemia	infores:monarchinitiative(primary_knowledge_source);infores:pharos(aggregator_knowledge_source);infores:automat-robokop(aggregator_knowledge_source)
Q117	e0	e_5	NCBIGene:3043	biolink:genetically_associated_with	MONDO:0011382	HBB	sickle cell anemia	infores:diseases(primary_knowledge_source);infores:pharos(aggregator_knowledge_source);infores:automat-robokop(aggregator_knowledge_source)
Q117	e0	e_6	NCBIGene:3043	biolink:genetically_associated_with	MONDO:0011382	HBB	sickle cell anemia	infores:eram(primary_knowledge_source);infores:pharos(aggregator_knowledge_source);infores:automat-robokop(aggregator_knowledge_source)
Q117	e0	e_7	NCBIGene:3043	biolink:genetically_associated_with	MONDO:0011382	HBB	sickle cell anemia	infores:uniprot(primary_knowledge_source);infores:pharos(aggregator_knowledge_source);infores:automat-robokop(aggregator_knowledge_source)
Q117	e0	e_8	NCBIGene:3043	biolink:genetically_associated_with	MONDO:0011382	HBB	sickle cell anemia	infores:ctd(primary_knowledge_source);infores:pharos(aggregator_knowledge_source);infores:automat-robokop(aggregator_knowledge_source)
Q117	e0	e_9	NCBIGene:3043	biolink:gene_associated_with_condition	MONDO:0011382	HBB	sickle cell anemia	infores:ubergraph(primary_knowledge_source);infores:automat-robokop(aggregator_knowledge_source)
Q117	e0	e_10	MONDO:0016669	biolink:subclass_of	MONDO:0011382	sickle cell-hemoglobin c disease syndrome	sickle cell anemia	infores:ubergraph(primary_knowledge_source);infores:automat-robokop(aggregator_knowledge_source)
Q117	e0	e_2_e_10	MONDO:0011382	biolink:genetically_associated_with	MONDO:0016669	sickle cell anemia	sickle cell-hemoglobin c disease syndrome	infores:automat-robokop(primary_knowledge_source)
Q122	e0	e_1	MONDO:0005002	biolink:related_to	NCBIGene:4318	chronic obstructive pulmonary disease	MMP9	infores:hetionet(primary_knowledge_source);infores:automat-robokop(aggregator_knowledge_source)
Q122	e0	e_2	NCBIGene:4318	biolink:genetically_associated_with	HP:0032966	MMP9	Centrilobular emphysema	infores:disgenet(primary_knowledge_source);infores:pharos(aggregator_knowledge_source);infores:automat-robokop(aggregator_knowledge_source)
Q122	e0	e_3	NCBIGene:4318	biolink:genetically_associated_with	HP:0032967	MMP9	Panacinar emphysema	infores:disgenet(primary_knowledge_source);infores:pharos(aggregator_knowledge_source);infores:automat-robokop(aggregator_knowledge_source)
Q122	e0	e_4	NCBIGene:4318	biolink:genetically_associated_with	MONDO:0005002	MMP9	chronic obstructive pulmonary disease	infores:disgenet(primary_knowledge_source);infores:pharos(aggregator_knowledge_source);infores:automat-robokop(aggregator_knowledge_source)
Q122	e0	e_5	NCBIGene:4318	biolink:genetically_associated_with	MONDO:0004849	MMP9	emphysema	infores:disgenet(primary_knowledge_source);infores:pharos(aggregator_knowledge_source);infores:automat-robokop(aggregator_knowledge_source)
Q122	e0	e_6	NCBIGene:4318	biolink:genetically_associated_with	MONDO:0004849	MMP9	emphysema	infores:ctd(primary_knowledge_source);infores:pharos(aggregator_knowledge_source);infores:automat-robokop(aggregator_knowledge_source)
Q122	e0	e_7	NCBIGene:4318	biolink:genetically_associated_with	MONDO:0005002	MMP9	chronic obstructive pulmonary disease	infores:ctd(primary_knowledge_source);infores:pharos(aggregator_knowledge_source);infores:automat-robokop(aggregator_knowledge_source)
Q122	e0	e_8	HP:0032966	biolink:subclass_of	MONDO:0005002	Centrilobular emphysema	chronic obstructive pulmonary disease	infores:ubergraph(primary_knowledge_source);infores:automat-robokop(aggregator_knowledge_source)
Q122	e0	e_9	HP:0032967	biolink:subclass_of	MONDO:0005002	Panacinar emphysema	chronic obstructive pulmonary disease	infores:ubergraph(primary_knowledge_source);infores:automat-robokop(aggregator_knowledge_source)
Q122	e0	e_10	MONDO:0004849	biolink:subclass_of	MONDO:0005002	emphysema	chronic obstructive pulmonary disease	infores:ubergraph(primary_knowledge_source);infores:automat-robokop(aggregator_knowledge_source)
Q122	e0	e_2_e_8	MONDO:0005002	biolink:genetically_associated_with	HP:0032966	chronic obstructive pulmonary disease	Centrilobular emphysema	infores:automat-robokop(primary_knowledge_source)
Q122	e0	e_3_e_9	MONDO:0005002	biolink:genetically_associated_with	HP:0032967	chronic obstructive pulmonary disease	Panacinar emphysema	infores:automat-robokop(primary_knowledge_source)
Q122	e0	e_5_e_10	MONDO:0005002	biolink:genetically_associated_with	MONDO:0004849	chronic obstructive pulmonary disease	emphysema	infores:automat-robokop(primary_knowledge_source)
Q122	e0	e_6_e_10	MONDO:0005002	biolink:genetically_associated_with	MONDO:0004849	chronic obstructive pulmonary disease	emphysema	infores:automat-robokop(primary_knowledge_source)
Q126	e0	e_1	NCBIGene:7076	biolink:genetically_associated_with	MONDO:0002771	TIMP1	pulmonary fibrosis	infores:ctd(primary_knowledge_source);infores:pharos(aggregator_knowledge_source);infores:automat-robokop(aggregator_knowledge_source)
Q126	e0	e_2	NCBIGene:7076	biolink:genetically_associated_with	MONDO:0100130	TIMP1	adult acute respiratory distress syndrome	infores:ctd(primary_knowledge_source);infores:pharos(aggregator_knowledge_source);infores:automat-robokop(aggregator_knowledge_source)
Q126	e0	e_3	NCBIGene:7076	biolink:genetically_associated_with	MONDO:0002771	TIMP1	pulmonary fibrosis	infores:disgenet(primary_knowledge_source);infores:pharos(aggregator_knowledge_source);infores:automat-robokop(aggregator_knowledge_source)
Q126	e0	e_4	NCBIGene:7076	biolink:genetically_associated_with	MONDO:0002429	TIMP1	idiopathic interstitial pneumonia	infores:ctd(primary_knowledge_source);infores:pharos(aggregator_knowledge_source);infores:automat-robokop(aggregator_knowledge_source)
Q126	e0	e_5	NCBIGene:7076	biolink:genetically_associated_with	MONDO:0100130	TIMP1	adult acute respiratory distress syndrome	infores:disgenet(primary_knowledge_source);infores:pharos(aggregator_knowledge_source);infores:automat-robokop(aggregator_knowledge_source)
Q126	e0	e_6	NCBIGene:7076	biolink:genetically_associated_with	MONDO:0019203	TIMP1	acute interstitial pneumonia	infores:disgenet(primary_knowledge_source);infores:pharos(aggregator_knowledge_source);infores:automat-robokop(aggregator_knowledge_source)
Q126	e0	e_7	MONDO:0002771	biolink:subclass_of	MONDO:0005087	pulmonary fibrosis	respiratory system disorder	infores:ubergraph(primary_knowledge_source);infores:automat-robokop(aggregator_knowledge_source)
Q126	e0	e_8	MONDO:0100130	biolink:subclass_of	MONDO:0005087	adult acute respiratory distress syndrome	respiratory system disorder	infores:ubergraph(primary_knowledge_source);infores:automat-robokop(aggregator_knowledge_source)
Q126	e0	e_9	MONDO:0002429	biolink:subclass_of	MONDO:0005087	idiopathic interstitial pneumonia	respiratory system disorder	infores:ubergraph(primary_knowledge_source);infores:automat-robokop(aggregator_knowledge_source)
Q126	e0	e_10	MONDO:0019203	biolink:subclass_of	MONDO:0005087	acute interstitial pneumonia	respiratory system disorder	infores:ubergraph(primary_knowledge_source);infores:automat-robokop(aggregator_knowledge_source)
Q126	e0	e_1_e_7	MONDO:0005087	biolink:genetically_associated_with	MONDO:0002771	respiratory system disorder	pulmonary fibrosis	infores:automat-robokop(primary_knowledge_source)
Q126	e0	e_2_e_8	MONDO:0005087	biolink:genetically_associated_with	MONDO:0100130	respiratory system disorder	adult acute respiratory distress syndrome	infores:automat-robokop(primary_knowledge_source)
Q126	e0	e_3_e_7	MONDO:0005087	biolink:genetically_associated_with	MONDO:0002771	respiratory system disorder	pulmonary fibrosis	infores:automat-robokop(primary_knowledge_source)
Q126	e0	e_4_e_9	MONDO:0005087	biolink:genetically_associated_with	MONDO:0002429	respiratory system disorder	idiopathic interstitial pneumonia	infores:automat-robokop(primary_knowledge_source)
Q126	e0	e_5_e_8	MONDO:0005087	biolink:genetically_associated_with	MONDO:0100130	respiratory system disorder	adult acute respiratory distress syndrome	infores:automat-robokop(primary_knowledge_source)
Q126	e0	e_6_e_10	MONDO:0005087	biolink:genetically_associated_with	MONDO:0019203	respiratory system disorder	acute interstitial pneumonia	infores:automat-robokop(primary_knowledge_source)
Q130	e0	uuid:0e9d58c8-198e-11f0-be82-6045bdb3d4c0	NCBIGene:8878	biolink:causes	MONDO:0014640	SQSTM1	frontotemporal dementia and/or amyotrophic lateral sclerosis 3	infores:omim(primary_knowledge_source);infores:monarchinitiative(aggregator_knowledge_source);infores:medgen(aggregator_knowledge_source);infores:automat-robokop(aggregator_knowledge_source)
Q130	e0	e_2	NCBIGene:8878	biolink:genetically_associated_with	MONDO:0014640	SQSTM1	frontotemporal dementia and/or amyotrophic lateral sclerosis 3	infores:monarchinitiative(primary_knowledge_source);infores:pharos(aggregator_knowledge_source);infores:automat-robokop(aggregator_knowledge_source)
Q130	e0	e_3	NCBIGene:8878	biolink:genetically_associated_with	MONDO:0014640	SQSTM1	frontotemporal dementia and/or amyotrophic lateral sclerosis 3	infores:disgenet(primary_knowledge_source);infores:pharos(aggregator_knowledge_source);infores:automat-robokop(aggregator_knowledge_source)
Q130	e0	e_4	NCBIGene:8878	biolink:genetically_associated_with	MONDO:0014640	SQSTM1	frontotemporal dementia and/or amyotrophic lateral sclerosis 3	infores:ctd(primary_knowledge_source);infores:pharos(aggregator_knowledge_source);infores:automat-robokop(aggregator_knowledge_source)
Q130	e0	e_5	NCBIGene:8878	biolink:genetically_associated_with	MONDO:0014640	SQSTM1	frontotemporal dementia and/or amyotrophic lateral sclerosis 3	infores:uniprot(primary_knowledge_source);infores:pharos(aggregator_knowledge_source);infores:automat-robokop(aggregator_knowledge_source)
Q130	e0	e_6	MONDO:0014640	biolink:subclass_of	MONDO:0005144	frontotemporal dementia and/or amyotrophic lateral sclerosis 3	familial amyotrophic lateral sclerosis	infores:ubergraph(primary_knowledge_source);infores:automat-robokop(aggregator_knowledge_source)
Q130	e0	uuid:0e9d58c8-198e-11f0-be82-6045bdb3d4c0_e_6	MONDO:0005144	biolink:causes	MONDO:0014640	familial amyotrophic lateral sclerosis	frontotemporal dementia and/or amyotrophic lateral sclerosis 3	infores:automat-robokop(primary_knowledge_source)
Q130	e0	e_2_e_6	MONDO:0005144	biolink:genetically_associated_with	MONDO:0014640	familial amyotrophic lateral sclerosis	frontotemporal dementia and/or amyotrophic lateral sclerosis 3	infores:automat-robokop(primary_knowledge_source)
Q130	e0	e_3_e_6	MONDO:0005144	biolink:genetically_associated_with	MONDO:0014640	familial amyotrophic lateral sclerosis	frontotemporal dementia and/or amyotrophic lateral sclerosis 3	infores:automat-robokop(primary_knowledge_source)
Q130	e0	e_4_e_6	MONDO:0005144	biolink:genetically_associated_with	MONDO:0014640	familial amyotrophic lateral sclerosis	frontotemporal dementia and/or amyotrophic lateral sclerosis 3	infores:automat-robokop(primary_knowledge_source)
Q130	e0	e_5_e_6	MONDO:0005144	biolink:genetically_associated_with	MONDO:0014640	familial amyotrophic lateral sclerosis	frontotemporal dementia and/or amyotrophic lateral sclerosis 3	infores:automat-robokop(primary_knowledge_source)
Q138	e0	e_1	CHEBI:15765	biolink:contributes_to	MONDO:0011706	Levodopa	Kufor-Rakeb syndrome	infores:text-mining-provider-targeted(primary_knowledge_source);infores:automat-robokop(aggregator_knowledge_source)
Q138	e0	e_2	CHEBI:15765	biolink:contributes_to	MONDO:0009830	Levodopa	parkinsonian-pyramidal syndrome	infores:text-mining-provider-targeted(primary_knowledge_source);infores:automat-robokop(aggregator_knowledge_source)
Q138	e0	e_3	CHEBI:15765	biolink:treats_or_applied_or_studied_to_treat	MONDO:0008199	Levodopa	late-onset Parkinson disease	infores:text-mining-provider-targeted(primary_knowledge_source);infores:automat-robokop(aggregator_knowledge_source)
Q138	e0	e_4	CHEBI:15765	biolink:treats_or_applied_or_studied_to_treat	MONDO:0011706	Levodopa	Kufor-Rakeb syndrome	infores:text-mining-provider-targeted(primary_knowledge_source);infores:automat-robokop(aggregator_knowledge_source)
Q138	e0	e_5	CHEBI:15765	biolink:treats_or_applied_or_studied_to_treat	MONDO:0005180	Levodopa	Parkinson disease	infores:text-mining-provider-targeted(primary_knowledge_source);infores:automat-robokop(aggregator_knowledge_source)
Q138	e0	e_6	CHEBI:15765	biolink:treats_or_applied_or_studied_to_treat	MONDO:0005180	Levodopa	Parkinson disease	infores:ctd(primary_knowledge_source);infores:automat-robokop(aggregator_knowledge_source)
Q138	e0	e_7	CHEBI:15765	biolink:treats_or_applied_or_studied_to_treat	MONDO:0011764	Levodopa	autosomal dominant Parkinson disease 8	infores:text-mining-provider-targeted(primary_knowledge_source);infores:automat-robokop(aggregator_knowledge_source)
Q138	e0	e_8	CHEBI:15765	biolink:treats_or_applied_or_studied_to_treat	MONDO:0011613	Levodopa	autosomal recessive early-onset Parkinson disease 6	infores:ctd(primary_knowledge_source);infores:automat-robokop(aggregator_knowledge_source)
Q138	e0	e_9	CHEBI:15765	biolink:treats_or_applied_or_studied_to_treat	MONDO:0017279	Levodopa	young-onset Parkinson disease	infores:text-mining-provider-targeted(primary_knowledge_source);infores:automat-robokop(aggregator_knowledge_source)
Q138	e0	e_10	CHEBI:15765	biolink:has_adverse_event	MONDO:0005180	Levodopa	Parkinson disease	infores:faers(primary_knowledge_source);infores:drugcentral(aggregator_knowledge_source);infores:automat-robokop(aggregator_knowledge_source)
Q138	e0	e_11	CHEBI:15765	biolink:treats	MONDO:0005180	Levodopa	Parkinson disease	infores:drugcentral(primary_knowledge_source);infores:automat-robokop(aggregator_knowledge_source)
Q138	e0	e_12	CHEBI:15765	biolink:treats	MONDO:0005180	Levodopa	Parkinson disease	infores:drugmechdb(primary_knowledge_source);infores:automat-robokop(aggregator_knowledge_source)
Q138	e0	e_13	CHEBI:15765	biolink:ameliorates_condition	MONDO:0005180	Levodopa	Parkinson disease	infores:hetionet(primary_knowledge_source);infores:automat-robokop(aggregator_knowledge_source)
Q138	e0	e_14	MONDO:0011706	biolink:subclass_of	MONDO:0005180	Kufor-Rakeb syndrome	Parkinson disease	infores:ubergraph(primary_knowledge_source);infores:automat-robokop(aggregator_knowledge_source)
Q138	e0	e_15	MONDO:0009830	biolink:subclass_of	MONDO:0005180	parkinsonian-pyramidal syndrome	Parkinson disease	infores:ubergraph(primary_knowledge_source);infores:automat-robokop(aggregator_knowledge_source)
Q138	e0	e_16	MONDO:0008199	biolink:subclass_of	MONDO:0005180	late-onset Parkinson disease	Parkinson disease	infores:ubergraph(primary_knowledge_source);infores:automat-robokop(aggregator_knowledge_source)
Q138	e0	e_17	MONDO:0011764	biolink:subclass_of	MONDO:0005180	autosomal dominant Parkinson disease 8	Parkinson disease	infores:ubergraph(primary_knowledge_source);infores:automat-robokop(aggregator_knowledge_source)
Q138	e0	e_18	MONDO:0011613	biolink:subclass_of	MONDO:0005180	autosomal recessive early-onset Parkinson disease 6	Parkinson disease	infores:ubergraph(primary_knowledge_source);infores:automat-robokop(aggregator_knowledge_source)
Q138	e0	e_19	MONDO:0017279	biolink:subclass_of	MONDO:0005180	young-onset Parkinson disease	Parkinson disease	infores:ubergraph(primary_knowledge_source);infores:automat-robokop(aggregator_knowledge_source)
Q138	e0	e_1_e_14	MONDO:0005180	biolink:contributes_to	MONDO:0011706	Parkinson disease	Kufor-Rakeb syndrome	infores:automat-robokop(primary_knowledge_source)
Q138	e0	e_2_e_15	MONDO:0005180	biolink:contributes_to	MONDO:0009830	Parkinson disease	parkinsonian-pyramidal syndrome	infores:automat-robokop(primary_knowledge_source)
Q138	e0	e_3_e_16	MONDO:0005180	biolink:treats_or_applied_or_studied_to_treat	MONDO:0008199	Parkinson disease	late-onset Parkinson disease	infores:automat-robokop(primary_knowledge_source)
Q138	e0	e_4_e_14	MONDO:0005180	biolink:treats_or_applied_or_studied_to_treat	MONDO:0011706	Parkinson disease	Kufor-Rakeb syndrome	infores:automat-robokop(primary_knowledge_source)
Q138	e0	e_7_e_17	MONDO:0005180	biolink:treats_or_applied_or_studied_to_treat	MONDO:0011764	Parkinson disease	autosomal dominant Parkinson disease 8	infores:automat-robokop(primary_knowledge_source)
Q138	e0	e_8_e_18	MONDO:0005180	biolink:treats_or_applied_or_studied_to_treat	MONDO:0011613	Parkinson disease	autosomal recessive early-onset Parkinson disease 6	infores:automat-robokop(primary_knowledge_source)
Q138	e0	e_9_e_19	MONDO:0005180	biolink:treats_or_applied_or_studied_to_treat	MONDO:0017279	Parkinson disease	young-onset Parkinson disease	infores:automat-robokop(primary_knowledge_source)
Q139	e0	e_1	CHEBI:3387	biolink:contributes_to	MONDO:0007295	Carbamazepine	self-limited epilepsy with centrotemporal spikes	infores:text-mining-provider-targeted(primary_knowledge_source);infores:automat-robokop(aggregator_knowledge_source)
Q139	e0	e_2	CHEBI:3387	biolink:contributes_to	MONDO:0015650	Carbamazepine	epilepsy syndrome	infores:text-mining-provider-targeted(primary_knowledge_source);infores:automat-robokop(aggregator_knowledge_source)
Q139	e0	e_3	CHEBI:3387	biolink:contributes_to	HP:0007270	Carbamazepine	Atypical absence seizure	infores:text-mining-provider-targeted(primary_knowledge_source);infores:automat-robokop(aggregator_knowledge_source)
Q139	e0	e_4	CHEBI:3387	biolink:contributes_to	MONDO:0009696	Carbamazepine	juvenile myoclonic epilepsy	infores:text-mining-provider-targeted(primary_knowledge_source);infores:automat-robokop(aggregator_knowledge_source)
Q139	e0	e_5	CHEBI:3387	biolink:contributes_to	MONDO:0016532	Carbamazepine	Lennox-Gastaut syndrome	infores:text-mining-provider-targeted(primary_knowledge_source);infores:automat-robokop(aggregator_knowledge_source)
Q139	e0	e_6	CHEBI:3387	biolink:contributes_to	MONDO:0010826	Carbamazepine	childhood absence epilepsy	infores:ctd(primary_knowledge_source);infores:automat-robokop(aggregator_knowledge_source)
Q139	e0	e_7	CHEBI:3387	biolink:contributes_to	MONDO:0009509	Carbamazepine	Landau-Kleffner syndrome	infores:text-mining-provider-targeted(primary_knowledge_source);infores:automat-robokop(aggregator_knowledge_source)
Q139	e0	e_8	CHEBI:3387	biolink:contributes_to	MONDO:0018097	Carbamazepine	West syndrome	infores:text-mining-provider-targeted(primary_knowledge_source);infores:automat-robokop(aggregator_knowledge_source)
Q139	e0	e_9	CHEBI:3387	biolink:contributes_to	MONDO:0020307	Carbamazepine	self-limited epilepsy with autonomic seizures	infores:text-mining-provider-targeted(primary_knowledge_source);infores:automat-robokop(aggregator_knowledge_source)
Q139	e0	e_10	CHEBI:3387	biolink:causes	MONDO:0005027	Carbamazepine	epilepsy	infores:sider(primary_knowledge_source);infores:hetionet(aggregator_knowledge_source);infores:automat-robokop(aggregator_knowledge_source)
Q139	e0	e_11	CHEBI:3387	biolink:causes	HP:0020219	Carbamazepine	Motor seizure	infores:sider(primary_knowledge_source);infores:hetionet(aggregator_knowledge_source);infores:automat-robokop(aggregator_knowledge_source)
Q139	e0	e_12	CHEBI:3387	biolink:treats_or_applied_or_studied_to_treat	MONDO:0016027	Carbamazepine	benign neonatal seizures	infores:text-mining-provider-targeted(primary_knowledge_source);infores:automat-robokop(aggregator_knowledge_source)
Q139	e0	e_13	CHEBI:3387	biolink:treats_or_applied_or_studied_to_treat	MONDO:0018097	Carbamazepine	West syndrome	infores:text-mining-provider-targeted(primary_knowledge_source);infores:automat-robokop(aggregator_knowledge_source)
Q139	e0	e_14	CHEBI:3387	biolink:treats_or_applied_or_studied_to_treat	MONDO:0003290	Carbamazepine	simple partial epilepsy	infores:text-mining-provider-targeted(primary_knowledge_source);infores:automat-robokop(aggregator_knowledge_source)
Q139	e0	e_15	CHEBI:3387	biolink:treats_or_applied_or_studied_to_treat	MONDO:0020300	Carbamazepine	autosomal dominant nocturnal frontal lobe epilepsy	infores:text-mining-provider-targeted(primary_knowledge_source);infores:automat-robokop(aggregator_knowledge_source)
Q139	e0	e_16	CHEBI:3387	biolink:treats_or_applied_or_studied_to_treat	MONDO:0005384	Carbamazepine	focal epilepsy	infores:ctd(primary_knowledge_source);infores:automat-robokop(aggregator_knowledge_source)
Q139	e0	e_17	CHEBI:3387	biolink:treats_or_applied_or_studied_to_treat	MONDO:0019448	Carbamazepine	benign adult familial myoclonic epilepsy	infores:text-mining-provider-targeted(primary_knowledge_source);infores:automat-robokop(aggregator_knowledge_source)
Q139	e0	e_18	CHEBI:3387	biolink:treats_or_applied_or_studied_to_treat	MONDO:0005027	Carbamazepine	epilepsy	infores:ctd(primary_knowledge_source);infores:automat-robokop(aggregator_knowledge_source)
Q139	e0	e_19	CHEBI:3387	biolink:treats_or_applied_or_studied_to_treat	MONDO:0100024	Carbamazepine	self-limited familial infantile epilepsy	infores:text-mining-provider-targeted(primary_knowledge_source);infores:automat-robokop(aggregator_knowledge_source)
Q139	e0	e_20	CHEBI:3387	biolink:treats_or_applied_or_studied_to_treat	MONDO:0020307	Carbamazepine	self-limited epilepsy with autonomic seizures	infores:text-mining-provider-targeted(primary_knowledge_source);infores:automat-robokop(aggregator_knowledge_source)
Q139	e0	e_21	CHEBI:3387	biolink:treats_or_applied_or_studied_to_treat	MONDO:0016532	Carbamazepine	Lennox-Gastaut syndrome	infores:text-mining-provider-targeted(primary_knowledge_source);infores:automat-robokop(aggregator_knowledge_source)
Q139	e0	e_22	CHEBI:3387	biolink:treats_or_applied_or_studied_to_treat	MONDO:0100574	Carbamazepine	generalized epilepsy	infores:ctd(primary_knowledge_source);infores:automat-robokop(aggregator_knowledge_source)
Q139	e0	e_23	CHEBI:3387	biolink:treats_or_applied_or_studied_to_treat	MONDO:0005384	Carbamazepine	focal epilepsy	infores:text-mining-provider-targeted(primary_knowledge_source);infores:automat-robokop(aggregator_knowledge_source)
Q139	e0	e_24	CHEBI:3387	biolink:treats_or_applied_or_studied_to_treat	MONDO:0005579	Carbamazepine	idiopathic generalized epilepsy	infores:text-mining-provider-targeted(primary_knowledge_source);infores:automat-robokop(aggregator_knowledge_source)
Q139	e0	e_25	CHEBI:3387	biolink:treats_or_applied_or_studied_to_treat	MONDO:0006710	Carbamazepine	complex partial epilepsy	infores:ctd(primary_knowledge_source);infores:automat-robokop(aggregator_knowledge_source)
Q139	e0	e_26	CHEBI:3387	biolink:treats_or_applied_or_studied_to_treat	MONDO:0006710	Carbamazepine	complex partial epilepsy	infores:text-mining-provider-targeted(primary_knowledge_source);infores:automat-robokop(aggregator_knowledge_source)
Q139	e0	e_27	CHEBI:3387	biolink:treats_or_applied_or_studied_to_treat	MONDO:0010826	Carbamazepine	childhood absence epilepsy	infores:text-mining-provider-targeted(primary_knowledge_source);infores:automat-robokop(aggregator_knowledge_source)
Q139	e0	e_28	CHEBI:3387	biolink:treats_or_applied_or_studied_to_treat	MONDO:0020476	Carbamazepine	mesial temporal lobe epilepsy with hippocampal sclerosis	infores:text-mining-provider-targeted(primary_knowledge_source);infores:automat-robokop(aggregator_knowledge_source)
Q139	e0	e_29	CHEBI:3387	biolink:treats_or_applied_or_studied_to_treat	MONDO:0005115	Carbamazepine	temporal lobe epilepsy	infores:ctd(primary_knowledge_source);infores:automat-robokop(aggregator_knowledge_source)
Q139	e0	e_30	CHEBI:3387	biolink:treats_or_applied_or_studied_to_treat	MONDO:0100062	Carbamazepine	developmental and epileptic encephalopathy	infores:text-mining-provider-targeted(primary_knowledge_source);infores:automat-robokop(aggregator_knowledge_source)
Q139	e0	e_31	CHEBI:3387	biolink:treats_or_applied_or_studied_to_treat	MONDO:0009696	Carbamazepine	juvenile myoclonic epilepsy	infores:text-mining-provider-targeted(primary_knowledge_source);infores:automat-robokop(aggregator_knowledge_source)
Q139	e0	e_32	CHEBI:3387	biolink:treats_or_applied_or_studied_to_treat	MONDO:0850416	Carbamazepine	autoimmune epilepsy	infores:text-mining-provider-targeted(primary_knowledge_source);infores:automat-robokop(aggregator_knowledge_source)
Q139	e0	e_33	CHEBI:3387	biolink:treats_or_applied_or_studied_to_treat	MONDO:0005027	Carbamazepine	epilepsy	infores:text-mining-provider-targeted(primary_knowledge_source);infores:automat-robokop(aggregator_knowledge_source)
Q139	e0	e_34	CHEBI:3387	biolink:treats_or_applied_or_studied_to_treat	MONDO:0009509	Carbamazepine	Landau-Kleffner syndrome	infores:text-mining-provider-targeted(primary_knowledge_source);infores:automat-robokop(aggregator_knowledge_source)
Q139	e0	e_35	CHEBI:3387	biolink:treats_or_applied_or_studied_to_treat	MONDO:0007295	Carbamazepine	self-limited epilepsy with centrotemporal spikes	infores:text-mining-provider-targeted(primary_knowledge_source);infores:automat-robokop(aggregator_knowledge_source)
Q139	e0	e_36	CHEBI:3387	biolink:treats_or_applied_or_studied_to_treat	MONDO:0000030	Carbamazepine	sleep-related hypermotor epilepsy	infores:text-mining-provider-targeted(primary_knowledge_source);infores:automat-robokop(aggregator_knowledge_source)
Q139	e0	e_37	CHEBI:3387	biolink:treats_or_applied_or_studied_to_treat	MONDO:0007295	Carbamazepine	self-limited epilepsy with centrotemporal spikes	infores:ctd(primary_knowledge_source);infores:automat-robokop(aggregator_knowledge_source)
Q139	e0	e_38	CHEBI:3387	biolink:treats_or_applied_or_studied_to_treat	MONDO:0011178	Carbamazepine	infantile convulsions and choreoathetosis	infores:text-mining-provider-targeted(primary_knowledge_source);infores:automat-robokop(aggregator_knowledge_source)
Q139	e0	e_39	CHEBI:3387	biolink:treats_or_applied_or_studied_to_treat	MONDO:0100135	Carbamazepine	Dravet syndrome	infores:text-mining-provider-targeted(primary_knowledge_source);infores:automat-robokop(aggregator_knowledge_source)
Q139	e0	e_40	CHEBI:3387	biolink:treats_or_applied_or_studied_to_treat	MONDO:0100035	Carbamazepine	structural epilepsy	infores:text-mining-provider-targeted(primary_knowledge_source);infores:automat-robokop(aggregator_knowledge_source)
Q139	e0	e_41	CHEBI:3387	biolink:treats_or_applied_or_studied_to_treat	MONDO:0017615	Carbamazepine	benign familial infantile epilepsy	infores:text-mining-provider-targeted(primary_knowledge_source);infores:automat-robokop(aggregator_knowledge_source)
Q139	e0	e_42	CHEBI:3387	biolink:treats_or_applied_or_studied_to_treat	MONDO:0015650	Carbamazepine	epilepsy syndrome	infores:text-mining-provider-targeted(primary_knowledge_source);infores:automat-robokop(aggregator_knowledge_source)
Q139	e0	e_43	CHEBI:3387	biolink:treats_or_applied_or_studied_to_treat	HP:0002373	Carbamazepine	Febrile Seizure	infores:ctd(primary_knowledge_source);infores:automat-robokop(aggregator_knowledge_source)
Q139	e0	e_44	CHEBI:3387	biolink:treats_or_applied_or_studied_to_treat	MONDO:0005115	Carbamazepine	temporal lobe epilepsy	infores:text-mining-provider-targeted(primary_knowledge_source);infores:automat-robokop(aggregator_knowledge_source)
Q139	e0	e_45	CHEBI:3387	biolink:has_adverse_event	HP:0007334	Carbamazepine	Bilateral tonic-clonic seizure with focal onset	infores:faers(primary_knowledge_source);infores:drugcentral(aggregator_knowledge_source);infores:automat-robokop(aggregator_knowledge_source)
Q139	e0	e_46	CHEBI:3387	biolink:has_adverse_event	MONDO:0002125	Carbamazepine	status epilepticus	infores:faers(primary_knowledge_source);infores:drugcentral(aggregator_knowledge_source);infores:automat-robokop(aggregator_knowledge_source)
Q139	e0	e_47	CHEBI:3387	biolink:has_adverse_event	HP:0010819	Carbamazepine	Atonic seizure	infores:faers(primary_knowledge_source);infores:drugcentral(aggregator_knowledge_source);infores:automat-robokop(aggregator_knowledge_source)
Q139	e0	e_48	CHEBI:3387	biolink:has_adverse_event	HP:0002349	Carbamazepine	Focal aware seizure	infores:faers(primary_knowledge_source);infores:drugcentral(aggregator_knowledge_source);infores:automat-robokop(aggregator_knowledge_source)
Q139	e0	e_49	CHEBI:3387	biolink:has_adverse_event	MONDO:0010826	Carbamazepine	childhood absence epilepsy	infores:faers(primary_knowledge_source);infores:drugcentral(aggregator_knowledge_source);infores:automat-robokop(aggregator_knowledge_source)
Q139	e0	e_50	CHEBI:3387	biolink:has_adverse_event	MONDO:0005115	Carbamazepine	temporal lobe epilepsy	infores:faers(primary_knowledge_source);infores:drugcentral(aggregator_knowledge_source);infores:automat-robokop(aggregator_knowledge_source)
Q139	e0	e_51	CHEBI:3387	biolink:has_adverse_event	MONDO:0006892	Carbamazepine	Aura	infores:faers(primary_knowledge_source);infores:drugcentral(aggregator_knowledge_source);infores:automat-robokop(aggregator_knowledge_source)
Q139	e0	e_52	CHEBI:3387	biolink:has_adverse_event	HP:0007359	Carbamazepine	Partial Seizure	infores:faers(primary_knowledge_source);infores:drugcentral(aggregator_knowledge_source);infores:automat-robokop(aggregator_knowledge_source)
Q139	e0	e_53	CHEBI:3387	biolink:has_adverse_event	MONDO:0005027	Carbamazepine	epilepsy	infores:faers(primary_knowledge_source);infores:drugcentral(aggregator_knowledge_source);infores:automat-robokop(aggregator_knowledge_source)
Q139	e0	e_54	CHEBI:3387	biolink:has_adverse_event	HP:0033053	Carbamazepine	Pseudoseizure	infores:faers(primary_knowledge_source);infores:drugcentral(aggregator_knowledge_source);infores:automat-robokop(aggregator_knowledge_source)
Q139	e0	e_55	CHEBI:3387	biolink:has_adverse_event	HP:0002069	Carbamazepine	Bilateral tonic-clonic seizure	infores:faers(primary_knowledge_source);infores:drugcentral(aggregator_knowledge_source);infores:automat-robokop(aggregator_knowledge_source)
Q139	e0	e_56	CHEBI:3387	biolink:has_adverse_event	MONDO:0016022	Carbamazepine	early myoclonic encephalopathy	infores:faers(primary_knowledge_source);infores:drugcentral(aggregator_knowledge_source);infores:automat-robokop(aggregator_knowledge_source)
Q139	e0	e_57	CHEBI:3387	biolink:has_adverse_event	HP:0032792	Carbamazepine	Tonic seizure	infores:faers(primary_knowledge_source);infores:drugcentral(aggregator_knowledge_source);infores:automat-robokop(aggregator_knowledge_source)
Q139	e0	e_58	CHEBI:3387	biolink:treats	MONDO:0005754	Carbamazepine	epilepsy with generalized tonic-clonic seizures	infores:drugcentral(primary_knowledge_source);infores:automat-robokop(aggregator_knowledge_source)
Q139	e0	e_59	CHEBI:3387	biolink:treats	MONDO:0005384	Carbamazepine	focal epilepsy	infores:drugcentral(primary_knowledge_source);infores:automat-robokop(aggregator_knowledge_source)
Q139	e0	e_60	CHEBI:3387	biolink:treats	HP:0002069	Carbamazepine	Bilateral tonic-clonic seizure	infores:drugcentral(primary_knowledge_source);infores:automat-robokop(aggregator_knowledge_source)
Q139	e0	e_61	CHEBI:3387	biolink:treats	MONDO:0016532	Carbamazepine	Lennox-Gastaut syndrome	infores:drugcentral(primary_knowledge_source);infores:automat-robokop(aggregator_knowledge_source)
Q139	e0	e_62	CHEBI:3387	biolink:treats	HP:0002349	Carbamazepine	Focal aware seizure	infores:drugcentral(primary_knowledge_source);infores:automat-robokop(aggregator_knowledge_source)
Q139	e0	e_63	CHEBI:3387	biolink:treats	MONDO:0005027	Carbamazepine	epilepsy	infores:hetionet(primary_knowledge_source);infores:automat-robokop(aggregator_knowledge_source)
Q139	e0	e_64	CHEBI:3387	biolink:treats	MONDO:0005027	Carbamazepine	epilepsy	infores:drugcentral(primary_knowledge_source);infores:automat-robokop(aggregator_knowledge_source)
Q139	e0	e_65	CHEBI:3387	biolink:contraindicated_in	MONDO:0010826	Carbamazepine	childhood absence epilepsy	infores:drugcentral(primary_knowledge_source);infores:automat-robokop(aggregator_knowledge_source)
Q139	e0	e_66	MONDO:0007295	biolink:subclass_of	MONDO:0005027	self-limited epilepsy with centrotemporal spikes	epilepsy	infores:ubergraph(primary_knowledge_source);infores:automat-robokop(aggregator_knowledge_source)
Q139	e0	e_67	MONDO:0015650	biolink:subclass_of	MONDO:0005027	epilepsy syndrome	epilepsy	infores:ubergraph(primary_knowledge_source);infores:automat-robokop(aggregator_knowledge_source)
Q139	e0	e_68	HP:0007270	biolink:subclass_of	MONDO:0005027	Atypical absence seizure	epilepsy	infores:ubergraph(primary_knowledge_source);infores:automat-robokop(aggregator_knowledge_source)
Q139	e0	e_69	MONDO:0009696	biolink:subclass_of	MONDO:0005027	juvenile myoclonic epilepsy	epilepsy	infores:ubergraph(primary_knowledge_source);infores:automat-robokop(aggregator_knowledge_source)
Q139	e0	e_70	MONDO:0016532	biolink:subclass_of	MONDO:0005027	Lennox-Gastaut syndrome	epilepsy	infores:ubergraph(primary_knowledge_source);infores:automat-robokop(aggregator_knowledge_source)
Q139	e0	e_71	MONDO:0010826	biolink:subclass_of	MONDO:0005027	childhood absence epilepsy	epilepsy	infores:ubergraph(primary_knowledge_source);infores:automat-robokop(aggregator_knowledge_source)
Q139	e0	e_72	MONDO:0009509	biolink:subclass_of	MONDO:0005027	Landau-Kleffner syndrome	epilepsy	infores:ubergraph(primary_knowledge_source);infores:automat-robokop(aggregator_knowledge_source)
Q139	e0	e_73	MONDO:0018097	biolink:subclass_of	MONDO:0005027	West syndrome	epilepsy	infores:ubergraph(primary_knowledge_source);infores:automat-robokop(aggregator_knowledge_source)
Q139	e0	e_74	MONDO:0020307	biolink:subclass_of	MONDO:0005027	self-limited epilepsy with autonomic seizures	epilepsy	infores:ubergraph(primary_knowledge_source);infores:automat-robokop(aggregator_knowledge_source)
Q139	e0	e_75	HP:0020219	biolink:subclass_of	MONDO:0005027	Motor seizure	epilepsy	infores:ubergraph(primary_knowledge_source);infores:automat-robokop(aggregator_knowledge_source)
Q139	e0	e_76	MONDO:0016027	biolink:subclass_of	MONDO:0005027	benign neonatal seizures	epilepsy	infores:ubergraph(primary_knowledge_source);infores:automat-robokop(aggregator_knowledge_source)
Q139	e0	e_77	MONDO:0003290	biolink:subclass_of	MONDO:0005027	simple partial epilepsy	epilepsy	infores:ubergraph(primary_knowledge_source);infores:automat-robokop(aggregator_knowledge_source)
Q139	e0	e_78	MONDO:0020300	biolink:subclass_of	MONDO:0005027	autosomal dominant nocturnal frontal lobe epilepsy	epilepsy	infores:ubergraph(primary_knowledge_source);infores:automat-robokop(aggregator_knowledge_source)
Q139	e0	e_79	MONDO:0005384	biolink:subclass_of	MONDO:0005027	focal epilepsy	epilepsy	infores:ubergraph(primary_knowledge_source);infores:automat-robokop(aggregator_knowledge_source)
Q139	e0	e_80	MONDO:0019448	biolink:subclass_of	MONDO:0005027	benign adult familial myoclonic epilepsy	epilepsy	infores:ubergraph(primary_knowledge_source);infores:automat-robokop(aggregator_knowledge_source)
Q139	e0	e_81	MONDO:0100024	biolink:subclass_of	MONDO:0005027	self-limited familial infantile epilepsy	epilepsy	infores:ubergraph(primary_knowledge_source);infores:automat-robokop(aggregator_knowledge_source)
Q139	e0	e_82	MONDO:0100574	biolink:subclass_of	MONDO:0005027	generalized epilepsy	epilepsy	infores:ubergraph(primary_knowledge_source);infores:automat-robokop(aggregator_knowledge_source)
Q139	e0	e_83	MONDO:0005579	biolink:subclass_of	MONDO:0005027	idiopathic generalized epilepsy	epilepsy	infores:ubergraph(primary_knowledge_source);infores:automat-robokop(aggregator_knowledge_source)
Q139	e0	e_84	MONDO:0006710	biolink:subclass_of	MONDO:0005027	complex partial epilepsy	epilepsy	infores:ubergraph(primary_knowledge_source);infores:automat-robokop(aggregator_knowledge_source)
Q139	e0	e_85	MONDO:0020476	biolink:subclass_of	MONDO:0005027	mesial temporal lobe epilepsy with hippocampal sclerosis	epilepsy	infores:ubergraph(primary_knowledge_source);infores:automat-robokop(aggregator_knowledge_source)
Q139	e0	e_86	MONDO:0005115	biolink:subclass_of	MONDO:0005027	temporal lobe epilepsy	epilepsy	infores:ubergraph(primary_knowledge_source);infores:automat-robokop(aggregator_knowledge_source)
Q139	e0	e_87	MONDO:0100062	biolink:subclass_of	MONDO:0005027	developmental and epileptic encephalopathy	epilepsy	infores:ubergraph(primary_knowledge_source);infores:automat-robokop(aggregator_knowledge_source)
Q139	e0	e_88	MONDO:0850416	biolink:subclass_of	MONDO:0005027	autoimmune epilepsy	epilepsy	infores:ubergraph(primary_knowledge_source);infores:automat-robokop(aggregator_knowledge_source)
Q139	e0	e_89	MONDO:0000030	biolink:subclass_of	MONDO:0005027	sleep-related hypermotor epilepsy	epilepsy	infores:ubergraph(primary_knowledge_source);infores:automat-robokop(aggregator_knowledge_source)
Q139	e0	e_90	MONDO:0011178	biolink:subclass_of	MONDO:0005027	infantile convulsions and choreoathetosis	epilepsy	infores:ubergraph(primary_knowledge_source);infores:automat-robokop(aggregator_knowledge_source)
Q139	e0	e_91	MONDO:0100135	biolink:subclass_of	MONDO:0005027	Dravet syndrome	epilepsy	infores:ubergraph(primary_knowledge_source);infores:automat-robokop(aggregator_knowledge_source)
Q139	e0	e_92	MONDO:0100035	biolink:subclass_of	MONDO:0005027	structural epilepsy	epilepsy	infores:ubergraph(primary_knowledge_source);infores:automat-robokop(aggregator_knowledge_source)
Q139	e0	e_93	MONDO:0017615	biolink:subclass_of	MONDO:0005027	benign familial infantile epilepsy	epilepsy	infores:ubergraph(primary_knowledge_source);infores:automat-robokop(aggregator_knowledge_source)
Q139	e0	e_94	HP:0002373	biolink:subclass_of	MONDO:0005027	Febrile Seizure	epilepsy	infores:ubergraph(primary_knowledge_source);infores:automat-robokop(aggregator_knowledge_source)
Q139	e0	e_95	HP:0007334	biolink:subclass_of	MONDO:0005027	Bilateral tonic-clonic seizure with focal onset	epilepsy	infores:ubergraph(primary_knowledge_source);infores:automat-robokop(aggregator_knowledge_source)
Q139	e0	e_96	MONDO:0002125	biolink:subclass_of	MONDO:0005027	status epilepticus	epilepsy	infores:ubergraph(primary_knowledge_source);infores:automat-robokop(aggregator_knowledge_source)
Q139	e0	e_97	HP:0010819	biolink:subclass_of	MONDO:0005027	Atonic seizure	epilepsy	infores:ubergraph(primary_knowledge_source);infores:automat-robokop(aggregator_knowledge_source)
Q139	e0	e_98	HP:0002349	biolink:subclass_of	MONDO:0005027	Focal aware seizure	epilepsy	infores:ubergraph(primary_knowledge_source);infores:automat-robokop(aggregator_knowledge_source)
Q139	e0	e_99	MONDO:0006892	biolink:subclass_of	MONDO:0005027	Aura	epilepsy	infores:ubergraph(primary_knowledge_source);infores:automat-robokop(aggregator_knowledge_source)
Q139	e0	e_100	HP:0007359	biolink:subclass_of	MONDO:0005027	Partial Seizure	epilepsy	infores:ubergraph(primary_knowledge_source);infores:automat-robokop(aggregator_knowledge_source)
Q139	e0	e_101	HP:0033053	biolink:subclass_of	MONDO:0005027	Pseudoseizure	epilepsy	infores:ubergraph(primary_knowledge_source);infores:automat-robokop(aggregator_knowledge_source)
Q139	e0	e_102	HP:0002069	biolink:subclass_of	MONDO:0005027	Bilateral tonic-clonic seizure	epilepsy	infores:ubergraph(primary_knowledge_source);infores:automat-robokop(aggregator_knowledge_source)
Q139	e0	e_103	MONDO:0016022	biolink:subclass_of	MONDO:0005027	early myoclonic encephalopathy	epilepsy	infores:ubergraph(primary_knowledge_source);infores:automat-robokop(aggregator_knowledge_source)
Q139	e0	e_104	HP:0032792	biolink:subclass_of	MONDO:0005027	Tonic seizure	epilepsy	infores:ubergraph(primary_knowledge_source);infores:automat-robokop(aggregator_knowledge_source)
Q139	e0	e_105	MONDO:0005754	biolink:subclass_of	MONDO:0005027	epilepsy with generalized tonic-clonic seizures	epilepsy	infores:ubergraph(primary_knowledge_source);infores:automat-robokop(aggregator_knowledge_source)
Q139	e0	e_1_e_66	MONDO:0005027	biolink:contributes_to	MONDO:0007295	epilepsy	self-limited epilepsy with centrotemporal spikes	infores:automat-robokop(primary_knowledge_source)
Q139	e0	e_2_e_67	MONDO:0005027	biolink:contributes_to	MONDO:0015650	epilepsy	epilepsy syndrome	infores:automat-robokop(primary_knowledge_source)
Q139	e0	e_3_e_68	MONDO:0005027	biolink:contributes_to	HP:0007270	epilepsy	Atypical absence seizure	infores:automat-robokop(primary_knowledge_source)
Q139	e0	e_4_e_69	MONDO:0005027	biolink:contributes_to	MONDO:0009696	epilepsy	juvenile myoclonic epilepsy	infores:automat-robokop(primary_knowledge_source)
Q139	e0	e_5_e_70	MONDO:0005027	biolink:contributes_to	MONDO:0016532	epilepsy	Lennox-Gastaut syndrome	infores:automat-robokop(primary_knowledge_source)
Q139	e0	e_6_e_71	MONDO:0005027	biolink:contributes_to	MONDO:0010826	epilepsy	childhood absence epilepsy	infores:automat-robokop(primary_knowledge_source)
Q139	e0	e_7_e_72	MONDO:0005027	biolink:contributes_to	MONDO:0009509	epilepsy	Landau-Kleffner syndrome	infores:automat-robokop(primary_knowledge_source)
Q139	e0	e_8_e_73	MONDO:0005027	biolink:contributes_to	MONDO:0018097	epilepsy	West syndrome	infores:automat-robokop(primary_knowledge_source)
Q139	e0	e_9_e_74	MONDO:0005027	biolink:contributes_to	MONDO:0020307	epilepsy	self-limited epilepsy with autonomic seizures	infores:automat-robokop(primary_knowledge_source)
Q139	e0	e_11_e_75	MONDO:0005027	biolink:causes	HP:0020219	epilepsy	Motor seizure	infores:automat-robokop(primary_knowledge_source)
Q139	e0	e_12_e_76	MONDO:0005027	biolink:treats_or_applied_or_studied_to_treat	MONDO:0016027	epilepsy	benign neonatal seizures	infores:automat-robokop(primary_knowledge_source)
Q139	e0	e_13_e_73	MONDO:0005027	biolink:treats_or_applied_or_studied_to_treat	MONDO:0018097	epilepsy	West syndrome	infores:automat-robokop(primary_knowledge_source)
Q139	e0	e_14_e_77	MONDO:0005027	biolink:treats_or_applied_or_studied_to_treat	MONDO:0003290	epilepsy	simple partial epilepsy	infores:automat-robokop(primary_knowledge_source)
Q139	e0	e_15_e_78	MONDO:0005027	biolink:treats_or_applied_or_studied_to_treat	MONDO:0020300	epilepsy	autosomal dominant nocturnal frontal lobe epilepsy	infores:automat-robokop(primary_knowledge_source)
Q139	e0	e_16_e_79	MONDO:0005027	biolink:treats_or_applied_or_studied_to_treat	MONDO:0005384	epilepsy	focal epilepsy	infores:automat-robokop(primary_knowledge_source)
Q139	e0	e_17_e_80	MONDO:0005027	biolink:treats_or_applied_or_studied_to_treat	MONDO:0019448	epilepsy	benign adult familial myoclonic epilepsy	infores:automat-robokop(primary_knowledge_source)
Q139	e0	e_19_e_81	MONDO:0005027	biolink:treats_or_applied_or_studied_to_treat	MONDO:0100024	epilepsy	self-limited familial infantile epilepsy	infores:automat-robokop(primary_knowledge_source)
Q139	e0	e_20_e_74	MONDO:0005027	biolink:treats_or_applied_or_studied_to_treat	MONDO:0020307	epilepsy	self-limited epilepsy with autonomic seizures	infores:automat-robokop(primary_knowledge_source)
Q139	e0	e_21_e_70	MONDO:0005027	biolink:treats_or_applied_or_studied_to_treat	MONDO:0016532	epilepsy	Lennox-Gastaut syndrome	infores:automat-robokop(primary_knowledge_source)
Q139	e0	e_22_e_82	MONDO:0005027	biolink:treats_or_applied_or_studied_to_treat	MONDO:0100574	epilepsy	generalized epilepsy	infores:automat-robokop(primary_knowledge_source)
Q139	e0	e_23_e_79	MONDO:0005027	biolink:treats_or_applied_or_studied_to_treat	MONDO:0005384	epilepsy	focal epilepsy	infores:automat-robokop(primary_knowledge_source)
Q139	e0	e_24_e_83	MONDO:0005027	biolink:treats_or_applied_or_studied_to_treat	MONDO:0005579	epilepsy	idiopathic generalized epilepsy	infores:automat-robokop(primary_knowledge_source)
Q139	e0	e_25_e_84	MONDO:0005027	biolink:treats_or_applied_or_studied_to_treat	MONDO:0006710	epilepsy	complex partial epilepsy	infores:automat-robokop(primary_knowledge_source)
Q139	e0	e_26_e_84	MONDO:0005027	biolink:treats_or_applied_or_studied_to_treat	MONDO:0006710	epilepsy	complex partial epilepsy	infores:automat-robokop(primary_knowledge_source)
Q139	e0	e_27_e_71	MONDO:0005027	biolink:treats_or_applied_or_studied_to_treat	MONDO:0010826	epilepsy	childhood absence epilepsy	infores:automat-robokop(primary_knowledge_source)
Q139	e0	e_28_e_85	MONDO:0005027	biolink:treats_or_applied_or_studied_to_treat	MONDO:0020476	epilepsy	mesial temporal lobe epilepsy with hippocampal sclerosis	infores:automat-robokop(primary_knowledge_source)
Q139	e0	e_29_e_86	MONDO:0005027	biolink:treats_or_applied_or_studied_to_treat	MONDO:0005115	epilepsy	temporal lobe epilepsy	infores:automat-robokop(primary_knowledge_source)
Q139	e0	e_30_e_87	MONDO:0005027	biolink:treats_or_applied_or_studied_to_treat	MONDO:0100062	epilepsy	developmental and epileptic encephalopathy	infores:automat-robokop(primary_knowledge_source)
Q139	e0	e_31_e_69	MONDO:0005027	biolink:treats_or_applied_or_studied_to_treat	MONDO:0009696	epilepsy	juvenile myoclonic epilepsy	infores:automat-robokop(primary_knowledge_source)
Q139	e0	e_32_e_88	MONDO:0005027	biolink:treats_or_applied_or_studied_to_treat	MONDO:0850416	epilepsy	autoimmune epilepsy	infores:automat-robokop(primary_knowledge_source)
Q139	e0	e_34_e_72	MONDO:0005027	biolink:treats_or_applied_or_studied_to_treat	MONDO:0009509	epilepsy	Landau-Kleffner syndrome	infores:automat-robokop(primary_knowledge_source)
Q139	e0	e_35_e_66	MONDO:0005027	biolink:treats_or_applied_or_studied_to_treat	MONDO:0007295	epilepsy	self-limited epilepsy with centrotemporal spikes	infores:automat-robokop(primary_knowledge_source)
Q139	e0	e_36_e_89	MONDO:0005027	biolink:treats_or_applied_or_studied_to_treat	MONDO:0000030	epilepsy	sleep-related hypermotor epilepsy	infores:automat-robokop(primary_knowledge_source)
Q139	e0	e_37_e_66	MONDO:0005027	biolink:treats_or_applied_or_studied_to_treat	MONDO:0007295	epilepsy	self-limited epilepsy with centrotemporal spikes	infores:automat-robokop(primary_knowledge_source)
Q139	e0	e_38_e_90	MONDO:0005027	biolink:treats_or_applied_or_studied_to_treat	MONDO:0011178	epilepsy	infantile convulsions and choreoathetosis	infores:automat-robokop(primary_knowledge_source)
Q139	e0	e_39_e_91	MONDO:0005027	biolink:treats_or_applied_or_studied_to_treat	MONDO:0100135	epilepsy	Dravet syndrome	infores:automat-robokop(primary_knowledge_source)
Q139	e0	e_40_e_92	MONDO:0005027	biolink:treats_or_applied_or_studied_to_treat	MONDO:0100035	epilepsy	structural epilepsy	infores:automat-robokop(primary_knowledge_source)
Q139	e0	e_41_e_93	MONDO:0005027	biolink:treats_or_applied_or_studied_to_treat	MONDO:0017615	epilepsy	benign familial infantile epilepsy	infores:automat-robokop(primary_knowledge_source)
Q139	e0	e_42_e_67	MONDO:0005027	biolink:treats_or_applied_or_studied_to_treat	MONDO:0015650	epilepsy	epilepsy syndrome	infores:automat-robokop(primary_knowledge_source)
Q139	e0	e_43_e_94	MONDO:0005027	biolink:treats_or_applied_or_studied_to_treat	HP:0002373	epilepsy	Febrile Seizure	infores:automat-robokop(primary_knowledge_source)
Q139	e0	e_44_e_86	MONDO:0005027	biolink:treats_or_applied_or_studied_to_treat	MONDO:0005115	epilepsy	temporal lobe epilepsy	infores:automat-robokop(primary_knowledge_source)
Q139	e0	e_45_e_95	MONDO:0005027	biolink:has_adverse_event	HP:0007334	epilepsy	Bilateral tonic-clonic seizure with focal onset	infores:automat-robokop(primary_knowledge_source)
Q139	e0	e_46_e_96	MONDO:0005027	biolink:has_adverse_event	MONDO:0002125	epilepsy	status epilepticus	infores:automat-robokop(primary_knowledge_source)
Q139	e0	e_47_e_97	MONDO:0005027	biolink:has_adverse_event	HP:0010819	epilepsy	Atonic seizure	infores:automat-robokop(primary_knowledge_source)
Q139	e0	e_48_e_98	MONDO:0005027	biolink:has_adverse_event	HP:0002349	epilepsy	Focal aware seizure	infores:automat-robokop(primary_knowledge_source)
Q139	e0	e_49_e_71	MONDO:0005027	biolink:has_adverse_event	MONDO:0010826	epilepsy	childhood absence epilepsy	infores:automat-robokop(primary_knowledge_source)
Q139	e0	e_50_e_86	MONDO:0005027	biolink:has_adverse_event	MONDO:0005115	epilepsy	temporal lobe epilepsy	infores:automat-robokop(primary_knowledge_source)
Q139	e0	e_51_e_99	MONDO:0005027	biolink:has_adverse_event	MONDO:0006892	epilepsy	Aura	infores:automat-robokop(primary_knowledge_source)
Q139	e0	e_52_e_100	MONDO:0005027	biolink:has_adverse_event	HP:0007359	epilepsy	Partial Seizure	infores:automat-robokop(primary_knowledge_source)
Q139	e0	e_54_e_101	MONDO:0005027	biolink:has_adverse_event	HP:0033053	epilepsy	Pseudoseizure	infores:automat-robokop(primary_knowledge_source)
Q139	e0	e_55_e_102	MONDO:0005027	biolink:has_adverse_event	HP:0002069	epilepsy	Bilateral tonic-clonic seizure	infores:automat-robokop(primary_knowledge_source)
Q139	e0	e_56_e_103	MONDO:0005027	biolink:has_adverse_event	MONDO:0016022	epilepsy	early myoclonic encephalopathy	infores:automat-robokop(primary_knowledge_source)
Q139	e0	e_57_e_104	MONDO:0005027	biolink:has_adverse_event	HP:0032792	epilepsy	Tonic seizure	infores:automat-robokop(primary_knowledge_source)
Q139	e0	e_58_e_105	MONDO:0005027	biolink:treats	MONDO:0005754	epilepsy	epilepsy with generalized tonic-clonic seizures	infores:automat-robokop(primary_knowledge_source)
Q139	e0	e_59_e_79	MONDO:0005027	biolink:treats	MONDO:0005384	epilepsy	focal epilepsy	infores:automat-robokop(primary_knowledge_source)
Q139	e0	e_60_e_102	MONDO:0005027	biolink:treats	HP:0002069	epilepsy	Bilateral tonic-clonic seizure	infores:automat-robokop(primary_knowledge_source)
Q139	e0	e_61_e_70	MONDO:0005027	biolink:treats	MONDO:0016532	epilepsy	Lennox-Gastaut syndrome	infores:automat-robokop(primary_knowledge_source)
Q139	e0	e_62_e_98	MONDO:0005027	biolink:treats	HP:0002349	epilepsy	Focal aware seizure	infores:automat-robokop(primary_knowledge_source)
Q139	e0	e_65_e_71	MONDO:0005027	biolink:contraindicated_in	MONDO:0010826	epilepsy	childhood absence epilepsy	infores:automat-robokop(primary_knowledge_source)
Q140	e0	e_1	CHEBI:3766	biolink:treats_or_applied_or_studied_to_treat	MONDO:0001484	Clozapine	paranoid schizophrenia	infores:ctd(primary_knowledge_source);infores:automat-robokop(aggregator_knowledge_source)
Q140	e0	e_2	CHEBI:3766	biolink:treats_or_applied_or_studied_to_treat	MONDO:0019939	Clozapine	early-onset schizophrenia	infores:text-mining-provider-targeted(primary_knowledge_source);infores:automat-robokop(aggregator_knowledge_source)
Q140	e0	e_3	CHEBI:3766	biolink:treats_or_applied_or_studied_to_treat	MONDO:0001484	Clozapine	paranoid schizophrenia	infores:text-mining-provider-targeted(primary_knowledge_source);infores:automat-robokop(aggregator_knowledge_source)
Q140	e0	e_4	CHEBI:3766	biolink:treats_or_applied_or_studied_to_treat	MONDO:0005090	Clozapine	schizophrenia	infores:text-mining-provider-targeted(primary_knowledge_source);infores:automat-robokop(aggregator_knowledge_source)
Q140	e0	e_5	CHEBI:3766	biolink:treats_or_applied_or_studied_to_treat	MONDO:0957430	Clozapine	childhood-onset schizophrenia	infores:ctd(primary_knowledge_source);infores:automat-robokop(aggregator_knowledge_source)
Q140	e0	e_6	CHEBI:3766	biolink:treats_or_applied_or_studied_to_treat	MONDO:0011552	Clozapine	schizophrenia 10	infores:ctd(primary_knowledge_source);infores:automat-robokop(aggregator_knowledge_source)
Q140	e0	e_7	CHEBI:3766	biolink:has_adverse_event	MONDO:0005090	Clozapine	schizophrenia	infores:faers(primary_knowledge_source);infores:drugcentral(aggregator_knowledge_source);infores:automat-robokop(aggregator_knowledge_source)
Q140	e0	e_8	CHEBI:3766	biolink:ameliorates_condition	MONDO:0005090	Clozapine	schizophrenia	infores:hetionet(primary_knowledge_source);infores:automat-robokop(aggregator_knowledge_source)
Q140	e0	e_9	MONDO:0001484	biolink:subclass_of	MONDO:0005090	paranoid schizophrenia	schizophrenia	infores:ubergraph(primary_knowledge_source);infores:automat-robokop(aggregator_knowledge_source)
Q140	e0	e_10	MONDO:0019939	biolink:subclass_of	MONDO:0005090	early-onset schizophrenia	schizophrenia	infores:ubergraph(primary_knowledge_source);infores:automat-robokop(aggregator_knowledge_source)
Q140	e0	e_11	MONDO:0957430	biolink:subclass_of	MONDO:0005090	childhood-onset schizophrenia	schizophrenia	infores:ubergraph(primary_knowledge_source);infores:automat-robokop(aggregator_knowledge_source)
Q140	e0	e_12	MONDO:0011552	biolink:subclass_of	MONDO:0005090	schizophrenia 10	schizophrenia	infores:ubergraph(primary_knowledge_source);infores:automat-robokop(aggregator_knowledge_source)
Q140	e0	e_1_e_9	MONDO:0005090	biolink:treats_or_applied_or_studied_to_treat	MONDO:0001484	schizophrenia	paranoid schizophrenia	infores:automat-robokop(primary_knowledge_source)
Q140	e0	e_2_e_10	MONDO:0005090	biolink:treats_or_applied_or_studied_to_treat	MONDO:0019939	schizophrenia	early-onset schizophrenia	infores:automat-robokop(primary_knowledge_source)
Q140	e0	e_3_e_9	MONDO:0005090	biolink:treats_or_applied_or_studied_to_treat	MONDO:0001484	schizophrenia	paranoid schizophrenia	infores:automat-robokop(primary_knowledge_source)
Q140	e0	e_5_e_11	MONDO:0005090	biolink:treats_or_applied_or_studied_to_treat	MONDO:0957430	schizophrenia	childhood-onset schizophrenia	infores:automat-robokop(primary_knowledge_source)
Q140	e0	e_6_e_12	MONDO:0005090	biolink:treats_or_applied_or_studied_to_treat	MONDO:0011552	schizophrenia	schizophrenia 10	infores:automat-robokop(primary_knowledge_source)
Q145	e0	e_1	MONDO:0008383	biolink:treats_or_applied_or_studied_to_treat	CHEBI:44185	rheumatoid arthritis	Methotrexate	infores:text-mining-provider-targeted(primary_knowledge_source);infores:automat-robokop(aggregator_knowledge_source)
Q145	e0	e_2	CHEBI:44185	biolink:treats_or_applied_or_studied_to_treat	MONDO:0019355	Methotrexate	adult-onset Still disease	infores:ctd(primary_knowledge_source);infores:automat-robokop(aggregator_knowledge_source)
Q145	e0	e_3	CHEBI:44185	biolink:treats_or_applied_or_studied_to_treat	MONDO:0005306	Methotrexate	ankylosing spondylitis	infores:text-mining-provider-targeted(primary_knowledge_source);infores:automat-robokop(aggregator_knowledge_source)
Q145	e0	e_4	CHEBI:44185	biolink:treats_or_applied_or_studied_to_treat	MONDO:0007603	Methotrexate	Felty syndrome	infores:text-mining-provider-targeted(primary_knowledge_source);infores:automat-robokop(aggregator_knowledge_source)
Q145	e0	e_5	CHEBI:44185	biolink:treats_or_applied_or_studied_to_treat	MONDO:0011849	Methotrexate	psoriatic arthritis	infores:ctd(primary_knowledge_source);infores:automat-robokop(aggregator_knowledge_source)
Q145	e0	e_6	CHEBI:44185	biolink:treats_or_applied_or_studied_to_treat	MONDO:0019434	Methotrexate	Still Disease	infores:text-mining-provider-targeted(primary_knowledge_source);infores:automat-robokop(aggregator_knowledge_source)
Q145	e0	e_7	CHEBI:44185	biolink:treats_or_applied_or_studied_to_treat	MONDO:0005185	Methotrexate	chronic childhood arthritis	infores:text-mining-provider-targeted(primary_knowledge_source);infores:automat-robokop(aggregator_knowledge_source)
Q145	e0	e_8	CHEBI:44185	biolink:treats_or_applied_or_studied_to_treat	MONDO:0011429	Methotrexate	juvenile idiopathic arthritis	infores:ctd(primary_knowledge_source);infores:automat-robokop(aggregator_knowledge_source)
Q145	e0	e_9	CHEBI:44185	biolink:treats_or_applied_or_studied_to_treat	MONDO:0011849	Methotrexate	psoriatic arthritis	infores:text-mining-provider-targeted(primary_knowledge_source);infores:automat-robokop(aggregator_knowledge_source)
Q145	e0	e_10	CHEBI:44185	biolink:treats_or_applied_or_studied_to_treat	MONDO:0008383	Methotrexate	rheumatoid arthritis	infores:text-mining-provider-targeted(primary_knowledge_source);infores:automat-robokop(aggregator_knowledge_source)
Q145	e0	e_11	CHEBI:44185	biolink:treats_or_applied_or_studied_to_treat	MONDO:0019355	Methotrexate	adult-onset Still disease	infores:text-mining-provider-targeted(primary_knowledge_source);infores:automat-robokop(aggregator_knowledge_source)
Q145	e0	e_12	CHEBI:44185	biolink:treats_or_applied_or_studied_to_treat	MONDO:0043267	Methotrexate	rheumatoid vasculitis	infores:text-mining-provider-targeted(primary_knowledge_source);infores:automat-robokop(aggregator_knowledge_source)
Q145	e0	e_13	CHEBI:44185	biolink:treats_or_applied_or_studied_to_treat	MONDO:0005306	Methotrexate	ankylosing spondylitis	infores:ctd(primary_knowledge_source);infores:automat-robokop(aggregator_knowledge_source)
Q145	e0	e_14	CHEBI:44185	biolink:treats_or_applied_or_studied_to_treat	MONDO:0011429	Methotrexate	juvenile idiopathic arthritis	infores:text-mining-provider-targeted(primary_knowledge_source);infores:automat-robokop(aggregator_knowledge_source)
Q145	e0	e_15	CHEBI:44185	biolink:has_adverse_event	MONDO:0008383	Methotrexate	rheumatoid arthritis	infores:faers(primary_knowledge_source);infores:drugcentral(aggregator_knowledge_source);infores:automat-robokop(aggregator_knowledge_source)
Q145	e0	e_16	CHEBI:44185	biolink:has_adverse_event	MONDO:0011429	Methotrexate	juvenile idiopathic arthritis	infores:faers(primary_knowledge_source);infores:drugcentral(aggregator_knowledge_source);infores:automat-robokop(aggregator_knowledge_source)
Q145	e0	e_17	CHEBI:44185	biolink:has_adverse_event	MONDO:0011849	Methotrexate	psoriatic arthritis	infores:faers(primary_knowledge_source);infores:drugcentral(aggregator_knowledge_source);infores:automat-robokop(aggregator_knowledge_source)
Q145	e0	e_18	CHEBI:44185	biolink:has_adverse_event	MONDO:0005306	Methotrexate	ankylosing spondylitis	infores:faers(primary_knowledge_source);infores:drugcentral(aggregator_knowledge_source);infores:automat-robokop(aggregator_knowledge_source)
Q145	e0	e_19	CHEBI:44185	biolink:has_adverse_event	MONDO:0043267	Methotrexate	rheumatoid vasculitis	infores:faers(primary_knowledge_source);infores:drugcentral(aggregator_knowledge_source);infores:automat-robokop(aggregator_knowledge_source)
Q145	e0	e_20	CHEBI:44185	biolink:treats	MONDO:0011849	Methotrexate	psoriatic arthritis	infores:hetionet(primary_knowledge_source);infores:automat-robokop(aggregator_knowledge_source)
Q145	e0	e_21	CHEBI:44185	biolink:treats	MONDO:0005306	Methotrexate	ankylosing spondylitis	infores:hetionet(primary_knowledge_source);infores:automat-robokop(aggregator_knowledge_source)
Q145	e0	e_22	CHEBI:44185	biolink:treats	MONDO:0011849	Methotrexate	psoriatic arthritis	infores:drugcentral(primary_knowledge_source);infores:automat-robokop(aggregator_knowledge_source)
Q145	e0	e_23	CHEBI:44185	biolink:treats	MONDO:0008383	Methotrexate	rheumatoid arthritis	infores:drugcentral(primary_knowledge_source);infores:automat-robokop(aggregator_knowledge_source)
Q145	e0	e_24	CHEBI:44185	biolink:treats	MONDO:0011429	Methotrexate	juvenile idiopathic arthritis	infores:drugcentral(primary_knowledge_source);infores:automat-robokop(aggregator_knowledge_source)
Q145	e0	e_25	CHEBI:44185	biolink:treats	MONDO:0008383	Methotrexate	rheumatoid arthritis	infores:hetionet(primary_knowledge_source);infores:automat-robokop(aggregator_knowledge_source)
Q145	e0	e_26	CHEBI:44185	biolink:applied_to_treat	MONDO:0011849	Methotrexate	psoriatic arthritis	infores:drugcentral(primary_knowledge_source);infores:automat-robokop(aggregator_knowledge_source)
Q145	e0	e_27	MONDO:0019355	biolink:subclass_of	MONDO:0008383	adult-onset Still disease	rheumatoid arthritis	infores:ubergraph(primary_knowledge_source);infores:automat-robokop(aggregator_knowledge_source)
Q145	e0	e_28	MONDO:0005306	biolink:subclass_of	MONDO:0008383	ankylosing spondylitis	rheumatoid arthritis	infores:ubergraph(primary_knowledge_source);infores:automat-robokop(aggregator_knowledge_source)
Q145	e0	e_29	MONDO:0007603	biolink:subclass_of	MONDO:0008383	Felty syndrome	rheumatoid arthritis	infores:ubergraph(primary_knowledge_source);infores:automat-robokop(aggregator_knowledge_source)
Q145	e0	e_30	MONDO:0011849	biolink:subclass_of	MONDO:0008383	psoriatic arthritis	rheumatoid arthritis	infores:ubergraph(primary_knowledge_source);infores:automat-robokop(aggregator_knowledge_source)
Q145	e0	e_31	MONDO:0019434	biolink:subclass_of	MONDO:0008383	Still Disease	rheumatoid arthritis	infores:ubergraph(primary_knowledge_source);infores:automat-robokop(aggregator_knowledge_source)
Q145	e0	e_32	MONDO:0005185	biolink:subclass_of	MONDO:0008383	chronic childhood arthritis	rheumatoid arthritis	infores:ubergraph(primary_knowledge_source);infores:automat-robokop(aggregator_knowledge_source)
Q145	e0	e_33	MONDO:0011429	biolink:subclass_of	MONDO:0008383	juvenile idiopathic arthritis	rheumatoid arthritis	infores:ubergraph(primary_knowledge_source);infores:automat-robokop(aggregator_knowledge_source)
Q145	e0	e_34	MONDO:0011429	biolink:subclass_of	MONDO:0008383	juvenile idiopathic arthritis	rheumatoid arthritis	infores:drugmechdb(primary_knowledge_source);infores:automat-robokop(aggregator_knowledge_source)
Q145	e0	e_35	MONDO:0043267	biolink:subclass_of	MONDO:0008383	rheumatoid vasculitis	rheumatoid arthritis	infores:ubergraph(primary_knowledge_source);infores:automat-robokop(aggregator_knowledge_source)
Q145	e0	e_2_e_27	MONDO:0008383	biolink:treats_or_applied_or_studied_to_treat	MONDO:0019355	rheumatoid arthritis	adult-onset Still disease	infores:automat-robokop(primary_knowledge_source)
Q145	e0	e_3_e_28	MONDO:0008383	biolink:treats_or_applied_or_studied_to_treat	MONDO:0005306	rheumatoid arthritis	ankylosing spondylitis	infores:automat-robokop(primary_knowledge_source)
Q145	e0	e_4_e_29	MONDO:0008383	biolink:treats_or_applied_or_studied_to_treat	MONDO:0007603	rheumatoid arthritis	Felty syndrome	infores:automat-robokop(primary_knowledge_source)
Q145	e0	e_5_e_30	MONDO:0008383	biolink:treats_or_applied_or_studied_to_treat	MONDO:0011849	rheumatoid arthritis	psoriatic arthritis	infores:automat-robokop(primary_knowledge_source)
Q145	e0	e_6_e_31	MONDO:0008383	biolink:treats_or_applied_or_studied_to_treat	MONDO:0019434	rheumatoid arthritis	Still Disease	infores:automat-robokop(primary_knowledge_source)
Q145	e0	e_7_e_32	MONDO:0008383	biolink:treats_or_applied_or_studied_to_treat	MONDO:0005185	rheumatoid arthritis	chronic childhood arthritis	infores:automat-robokop(primary_knowledge_source)
Q145	e0	e_8_e_33	MONDO:0008383	biolink:treats_or_applied_or_studied_to_treat	MONDO:0011429	rheumatoid arthritis	juvenile idiopathic arthritis	infores:automat-robokop(primary_knowledge_source)
Q145	e0	e_8_e_34	MONDO:0008383	biolink:treats_or_applied_or_studied_to_treat	MONDO:0011429	rheumatoid arthritis	juvenile idiopathic arthritis	infores:automat-robokop(primary_knowledge_source)
Q145	e0	e_9_e_30	MONDO:0008383	biolink:treats_or_applied_or_studied_to_treat	MONDO:0011849	rheumatoid arthritis	psoriatic arthritis	infores:automat-robokop(primary_knowledge_source)
Q145	e0	e_11_e_27	MONDO:0008383	biolink:treats_or_applied_or_studied_to_treat	MONDO:0019355	rheumatoid arthritis	adult-onset Still disease	infores:automat-robokop(primary_knowledge_source)
Q145	e0	e_12_e_35	MONDO:0008383	biolink:treats_or_applied_or_studied_to_treat	MONDO:0043267	rheumatoid arthritis	rheumatoid vasculitis	infores:automat-robokop(primary_knowledge_source)
Q145	e0	e_13_e_28	MONDO:0008383	biolink:treats_or_applied_or_studied_to_treat	MONDO:0005306	rheumatoid arthritis	ankylosing spondylitis	infores:automat-robokop(primary_knowledge_source)
Q145	e0	e_14_e_33	MONDO:0008383	biolink:treats_or_applied_or_studied_to_treat	MONDO:0011429	rheumatoid arthritis	juvenile idiopathic arthritis	infores:automat-robokop(primary_knowledge_source)
Q145	e0	e_14_e_34	MONDO:0008383	biolink:treats_or_applied_or_studied_to_treat	MONDO:0011429	rheumatoid arthritis	juvenile idiopathic arthritis	infores:automat-robokop(primary_knowledge_source)
Q145	e0	e_16_e_33	MONDO:0008383	biolink:has_adverse_event	MONDO:0011429	rheumatoid arthritis	juvenile idiopathic arthritis	infores:automat-robokop(primary_knowledge_source)
Q145	e0	e_16_e_34	MONDO:0008383	biolink:has_adverse_event	MONDO:0011429	rheumatoid arthritis	juvenile idiopathic arthritis	infores:automat-robokop(primary_knowledge_source)
Q145	e0	e_17_e_30	MONDO:0008383	biolink:has_adverse_event	MONDO:0011849	rheumatoid arthritis	psoriatic arthritis	infores:automat-robokop(primary_knowledge_source)
Q145	e0	e_18_e_28	MONDO:0008383	biolink:has_adverse_event	MONDO:0005306	rheumatoid arthritis	ankylosing spondylitis	infores:automat-robokop(primary_knowledge_source)
Q145	e0	e_19_e_35	MONDO:0008383	biolink:has_adverse_event	MONDO:0043267	rheumatoid arthritis	rheumatoid vasculitis	infores:automat-robokop(primary_knowledge_source)
Q145	e0	e_20_e_30	MONDO:0008383	biolink:treats	MONDO:0011849	rheumatoid arthritis	psoriatic arthritis	infores:automat-robokop(primary_knowledge_source)
Q145	e0	e_21_e_28	MONDO:0008383	biolink:treats	MONDO:0005306	rheumatoid arthritis	ankylosing spondylitis	infores:automat-robokop(primary_knowledge_source)
Q145	e0	e_22_e_30	MONDO:0008383	biolink:treats	MONDO:0011849	rheumatoid arthritis	psoriatic arthritis	infores:automat-robokop(primary_knowledge_source)
Q145	e0	e_24_e_33	MONDO:0008383	biolink:treats	MONDO:0011429	rheumatoid arthritis	juvenile idiopathic arthritis	infores:automat-robokop(primary_knowledge_source)
Q145	e0	e_24_e_34	MONDO:0008383	biolink:treats	MONDO:0011429	rheumatoid arthritis	juvenile idiopathic arthritis	infores:automat-robokop(primary_knowledge_source)
Q145	e0	e_26_e_30	MONDO:0008383	biolink:applied_to_treat	MONDO:0011849	rheumatoid arthritis	psoriatic arthritis	infores:automat-robokop(primary_knowledge_source)
Q151	e0	e_1	NCBIGene:7157	biolink:affects	NCBIGene:581	TP53	BAX	infores:signor(primary_knowledge_source);infores:automat-robokop(aggregator_knowledge_source)
Q151	e0	e_2	NCBIGene:7157	biolink:directly_physically_interacts_with	NCBIGene:581	TP53	BAX	infores:intact(primary_knowledge_source);infores:automat-robokop(aggregator_knowledge_source)
Q151	e0	e_3	NCBIGene:581	biolink:directly_physically_interacts_with	NCBIGene:7157	BAX	TP53	infores:intact(primary_knowledge_source);infores:automat-robokop(aggregator_knowledge_source)
Q151	e0	e_4	NCBIGene:7157	biolink:regulates	NCBIGene:581	TP53	BAX	infores:lincs(primary_knowledge_source);infores:hetionet(aggregator_knowledge_source);infores:automat-robokop(aggregator_knowledge_source)
Q151	e0	e_5	NCBIGene:7157	biolink:regulates	NCBIGene:581	TP53	BAX	infores:signor(primary_knowledge_source);infores:automat-robokop(aggregator_knowledge_source)
Q151	e0	e_6	NCBIGene:7157	biolink:regulates	NCBIGene:581	TP53	BAX	infores:signor(primary_knowledge_source);infores:automat-robokop(aggregator_knowledge_source)
Q151	e0	e_7	NCBIGene:7157	biolink:regulates	NCBIGene:581	TP53	BAX	infores:signor(primary_knowledge_source);infores:automat-robokop(aggregator_knowledge_source)
Q151	e0	e_8	NCBIGene:7157	biolink:related_to	NCBIGene:581	TP53	BAX	infores:signor(primary_knowledge_source);infores:automat-robokop(aggregator_knowledge_source)
Q151	e0	e_9	UniProtKB:P04637-1	biolink:physically_interacts_with	UniProtKB:Q07812-2	cellular tumor antigen p53 isoform 1 (human)	apoptosis regulator BAX isoform beta (human)	infores:string(primary_knowledge_source);infores:automat-robokop(aggregator_knowledge_source)
Q151	e0	e_10	UniProtKB:Q07812-2	biolink:physically_interacts_with	UniProtKB:P04637-1	apoptosis regulator BAX isoform beta (human)	cellular tumor antigen p53 isoform 1 (human)	infores:string(primary_knowledge_source);infores:automat-robokop(aggregator_knowledge_source)
Q151	e0	e_11	UniProtKB:P04637-1	biolink:interacts_with	UniProtKB:Q07812-2	cellular tumor antigen p53 isoform 1 (human)	apoptosis regulator BAX isoform beta (human)	infores:string(primary_knowledge_source);infores:automat-robokop(aggregator_knowledge_source)
Q151	e0	e_12	UniProtKB:Q07812-2	biolink:interacts_with	UniProtKB:P04637-1	apoptosis regulator BAX isoform beta (human)	cellular tumor antigen p53 isoform 1 (human)	infores:string(primary_knowledge_source);infores:automat-robokop(aggregator_knowledge_source)
Q151	e0	e_13	UniProtKB:P04637-1	biolink:subclass_of	NCBIGene:7157	cellular tumor antigen p53 isoform 1 (human)	TP53	infores:ubergraph(primary_knowledge_source);infores:automat-robokop(aggregator_knowledge_source)
Q151	e0	e_14	UniProtKB:Q07812-2	biolink:subclass_of	NCBIGene:581	apoptosis regulator BAX isoform beta (human)	BAX	infores:ubergraph(primary_knowledge_source);infores:automat-robokop(aggregator_knowledge_source)
Q151	e0	e_9_e_13_e_14	NCBIGene:7157	biolink:physically_interacts_with	NCBIGene:581	TP53	BAX	infores:automat-robokop(primary_knowledge_source)
Q151	e0	e_10_e_13_e_14	NCBIGene:7157	biolink:physically_interacts_with	NCBIGene:581	TP53	BAX	infores:automat-robokop(primary_knowledge_source)
Q151	e0	e_11_e_13_e_14	NCBIGene:7157	biolink:interacts_with	NCBIGene:581	TP53	BAX	infores:automat-robokop(primary_knowledge_source)
Q151	e0	e_12_e_13_e_14	NCBIGene:7157	biolink:interacts_with	NCBIGene:581	TP53	BAX	infores:automat-robokop(primary_knowledge_source)
Q152	e0	e_1	NCBIGene:6772	biolink:affects	NCBIGene:3659	STAT1	IRF1	infores:text-mining-provider-targeted(primary_knowledge_source);infores:automat-robokop(aggregator_knowledge_source)
Q152	e0	e_2	NCBIGene:6772	biolink:affects	NCBIGene:3659	STAT1	IRF1	infores:text-mining-provider-targeted(primary_knowledge_source);infores:automat-robokop(aggregator_knowledge_source)
Q152	e0	e_3	NCBIGene:3659	biolink:affects	NCBIGene:6772	IRF1	STAT1	infores:text-mining-provider-targeted(primary_knowledge_source);infores:automat-robokop(aggregator_knowledge_source)
Q152	e0	e_4	NCBIGene:3659	biolink:affects	NCBIGene:6772	IRF1	STAT1	infores:text-mining-provider-targeted(primary_knowledge_source);infores:automat-robokop(aggregator_knowledge_source)
Q152	e0	e_5	UniProtKB:P42224-1	biolink:physically_interacts_with	NCBIGene:3659	signal transducer and activator of transcription 1 isoform 1 (human)	IRF1	infores:string(primary_knowledge_source);infores:automat-robokop(aggregator_knowledge_source)
Q152	e0	e_6	NCBIGene:3659	biolink:physically_interacts_with	UniProtKB:P42224-1	IRF1	signal transducer and activator of transcription 1 isoform 1 (human)	infores:string(primary_knowledge_source);infores:automat-robokop(aggregator_knowledge_source)
Q152	e0	e_7	UniProtKB:P42224-1	biolink:interacts_with	NCBIGene:3659	signal transducer and activator of transcription 1 isoform 1 (human)	IRF1	infores:string(primary_knowledge_source);infores:automat-robokop(aggregator_knowledge_source)
Q152	e0	e_8	NCBIGene:3659	biolink:interacts_with	UniProtKB:P42224-1	IRF1	signal transducer and activator of transcription 1 isoform 1 (human)	infores:string(primary_knowledge_source);infores:automat-robokop(aggregator_knowledge_source)
Q152	e0	e_9	NCBIGene:3659	biolink:genetically_interacts_with	NCBIGene:6772	IRF1	STAT1	infores:hetionet(primary_knowledge_source);infores:hetionet(aggregator_knowledge_source);infores:automat-robokop(aggregator_knowledge_source)
Q152	e0	e_10	UniProtKB:P42224-1	biolink:subclass_of	NCBIGene:6772	signal transducer and activator of transcription 1 isoform 1 (human)	STAT1	infores:ubergraph(primary_knowledge_source);infores:automat-robokop(aggregator_knowledge_source)
Q152	e0	e_5_e_10	NCBIGene:6772	biolink:physically_interacts_with	NCBIGene:3659	STAT1	IRF1	infores:automat-robokop(primary_knowledge_source)
Q152	e0	e_6_e_10	NCBIGene:6772	biolink:physically_interacts_with	UniProtKB:P42224-1	STAT1	signal transducer and activator of transcription 1 isoform 1 (human)	infores:automat-robokop(primary_knowledge_source)
Q152	e0	e_7_e_10	NCBIGene:6772	biolink:interacts_with	NCBIGene:3659	STAT1	IRF1	infores:automat-robokop(primary_knowledge_source)
Q152	e0	e_8_e_10	NCBIGene:6772	biolink:interacts_with	UniProtKB:P42224-1	STAT1	signal transducer and activator of transcription 1 isoform 1 (human)	infores:automat-robokop(primary_knowledge_source)
Q153	e0	e_1	NCBIGene:4790	biolink:affects	NCBIGene:5970	NFKB1	RELA	infores:text-mining-provider-targeted(primary_knowledge_source);infores:automat-robokop(aggregator_knowledge_source)
Q153	e0	e_2	NCBIGene:4790	biolink:affects	NCBIGene:5970	NFKB1	RELA	infores:text-mining-provider-targeted(primary_knowledge_source);infores:automat-robokop(aggregator_knowledge_source)
Q153	e0	e_3	NCBIGene:5970	biolink:affects	NCBIGene:4790	RELA	NFKB1	infores:text-mining-provider-targeted(primary_knowledge_source);infores:automat-robokop(aggregator_knowledge_source)
Q153	e0	e_4	NCBIGene:5970	biolink:affects	NCBIGene:4790	RELA	NFKB1	infores:text-mining-provider-targeted(primary_knowledge_source);infores:automat-robokop(aggregator_knowledge_source)
Q153	e0	e_5	NCBIGene:4790	biolink:directly_physically_interacts_with	NCBIGene:5970	NFKB1	RELA	infores:intact(primary_knowledge_source);infores:automat-robokop(aggregator_knowledge_source)
Q153	e0	e_6	NCBIGene:5970	biolink:directly_physically_interacts_with	NCBIGene:4790	RELA	NFKB1	infores:intact(primary_knowledge_source);infores:automat-robokop(aggregator_knowledge_source)
Q153	e0	e_7	NCBIGene:4790	biolink:regulates	NCBIGene:5970	NFKB1	RELA	infores:signor(primary_knowledge_source);infores:automat-robokop(aggregator_knowledge_source)
Q153	e0	e_8	NCBIGene:4790	biolink:related_to	NCBIGene:5970	NFKB1	RELA	infores:signor(primary_knowledge_source);infores:automat-robokop(aggregator_knowledge_source)
Q153	e0	e_9	NCBIGene:4790	biolink:genetically_interacts_with	NCBIGene:5970	NFKB1	RELA	infores:hetionet(primary_knowledge_source);infores:hetionet(aggregator_knowledge_source);infores:automat-robokop(aggregator_knowledge_source)
Q153	e0	e_10	UniProtKB:P19838-2	biolink:physically_interacts_with	UniProtKB:Q04206-1	nuclear factor NF-kappa-B p105 subunit isoform 2 (human)	transcription factor p65 isoform 1 (human)	infores:string(primary_knowledge_source);infores:automat-robokop(aggregator_knowledge_source)
Q153	e0	e_11	UniProtKB:Q04206-1	biolink:physically_interacts_with	UniProtKB:P19838-2	transcription factor p65 isoform 1 (human)	nuclear factor NF-kappa-B p105 subunit isoform 2 (human)	infores:string(primary_knowledge_source);infores:automat-robokop(aggregator_knowledge_source)
Q153	e0	e_12	UniProtKB:P19838-2	biolink:interacts_with	UniProtKB:Q04206-1	nuclear factor NF-kappa-B p105 subunit isoform 2 (human)	transcription factor p65 isoform 1 (human)	infores:string(primary_knowledge_source);infores:automat-robokop(aggregator_knowledge_source)
Q153	e0	e_13	UniProtKB:Q04206-1	biolink:interacts_with	UniProtKB:P19838-2	transcription factor p65 isoform 1 (human)	nuclear factor NF-kappa-B p105 subunit isoform 2 (human)	infores:string(primary_knowledge_source);infores:automat-robokop(aggregator_knowledge_source)
Q153	e0	e_14	UniProtKB:P19838-2	biolink:subclass_of	NCBIGene:4790	nuclear factor NF-kappa-B p105 subunit isoform 2 (human)	NFKB1	infores:ubergraph(primary_knowledge_source);infores:automat-robokop(aggregator_knowledge_source)
Q153	e0	e_15	UniProtKB:Q04206-1	biolink:subclass_of	NCBIGene:5970	transcription factor p65 isoform 1 (human)	RELA	infores:ubergraph(primary_knowledge_source);infores:automat-robokop(aggregator_knowledge_source)
Q153	e0	e_10_e_14_e_15	NCBIGene:4790	biolink:physically_interacts_with	NCBIGene:5970	NFKB1	RELA	infores:automat-robokop(primary_knowledge_source)
Q153	e0	e_11_e_14_e_15	NCBIGene:4790	biolink:physically_interacts_with	NCBIGene:5970	NFKB1	RELA	infores:automat-robokop(primary_knowledge_source)
Q153	e0	e_12_e_14_e_15	NCBIGene:4790	biolink:interacts_with	NCBIGene:5970	NFKB1	RELA	infores:automat-robokop(primary_knowledge_source)
Q153	e0	e_13_e_14_e_15	NCBIGene:4790	biolink:interacts_with	NCBIGene:5970	NFKB1	RELA	infores:automat-robokop(primary_knowledge_source)
Q154	e0	e_1	NCBIGene:348	biolink:affects	NCBIGene:4023	APOE	LPL	infores:text-mining-provider-targeted(primary_knowledge_source);infores:automat-robokop(aggregator_knowledge_source)
Q154	e0	e_2	NCBIGene:348	biolink:interacts_with	NCBIGene:4023	APOE	LPL	infores:string(primary_knowledge_source);infores:automat-robokop(aggregator_knowledge_source)
Q154	e0	e_3	NCBIGene:4023	biolink:interacts_with	NCBIGene:348	LPL	APOE	infores:string(primary_knowledge_source);infores:automat-robokop(aggregator_knowledge_source)
Q155	e0	e_1	NCBIGene:65018	biolink:affects	NCBIGene:11315	PINK1	PARK7	infores:text-mining-provider-targeted(primary_knowledge_source);infores:automat-robokop(aggregator_knowledge_source)
Q155	e0	e_2	NCBIGene:65018	biolink:affects	NCBIGene:11315	PINK1	PARK7	infores:text-mining-provider-targeted(primary_knowledge_source);infores:automat-robokop(aggregator_knowledge_source)
Q155	e0	e_3	NCBIGene:11315	biolink:affects	NCBIGene:65018	PARK7	PINK1	infores:text-mining-provider-targeted(primary_knowledge_source);infores:automat-robokop(aggregator_knowledge_source)
Q155	e0	e_4	NCBIGene:11315	biolink:affects	NCBIGene:65018	PARK7	PINK1	infores:text-mining-provider-targeted(primary_knowledge_source);infores:automat-robokop(aggregator_knowledge_source)
Q155	e0	e_5	UniProtKB:Q9BXM7-1	biolink:interacts_with	NCBIGene:11315	serine/threonine-protein kinase PINK1, mitochondrial isoform h1 (human)	PARK7	infores:string(primary_knowledge_source);infores:automat-robokop(aggregator_knowledge_source)
Q155	e0	e_6	NCBIGene:11315	biolink:interacts_with	UniProtKB:Q9BXM7-1	PARK7	serine/threonine-protein kinase PINK1, mitochondrial isoform h1 (human)	infores:string(primary_knowledge_source);infores:automat-robokop(aggregator_knowledge_source)
Q155	e0	e_7	NCBIGene:11315	biolink:genetically_interacts_with	NCBIGene:65018	PARK7	PINK1	infores:hetionet(primary_knowledge_source);infores:automat-robokop(aggregator_knowledge_source)
Q155	e0	e_8	UniProtKB:Q9BXM7-1	biolink:subclass_of	NCBIGene:65018	serine/threonine-protein kinase PINK1, mitochondrial isoform h1 (human)	PINK1	infores:ubergraph(primary_knowledge_source);infores:automat-robokop(aggregator_knowledge_source)
Q155	e0	e_5_e_8	NCBIGene:65018	biolink:interacts_with	NCBIGene:11315	PINK1	PARK7	infores:automat-robokop(primary_knowledge_source)
Q155	e0	e_6_e_8	NCBIGene:65018	biolink:interacts_with	UniProtKB:Q9BXM7-1	PINK1	serine/threonine-protein kinase PINK1, mitochondrial isoform h1 (human)	infores:automat-robokop(primary_knowledge_source)
Q156	e0	e_1	NCBIGene:5663	biolink:affects	NCBIGene:351	PSEN1	APP	infores:text-mining-provider-targeted(primary_knowledge_source);infores:automat-robokop(aggregator_knowledge_source)
Q156	e0	e_2	NCBIGene:351	biolink:affects	NCBIGene:5663	APP	PSEN1	infores:text-mining-provider-targeted(primary_knowledge_source);infores:automat-robokop(aggregator_knowledge_source)
Q156	e0	e_3	NCBIGene:5663	biolink:directly_physically_interacts_with	NCBIGene:351	PSEN1	APP	infores:intact(primary_knowledge_source);infores:automat-robokop(aggregator_knowledge_source)
Q156	e0	e_4	NCBIGene:351	biolink:directly_physically_interacts_with	NCBIGene:5663	APP	PSEN1	infores:intact(primary_knowledge_source);infores:automat-robokop(aggregator_knowledge_source)
Q156	e0	e_5	NCBIGene:351	biolink:genetically_interacts_with	NCBIGene:5663	APP	PSEN1	infores:hetionet(primary_knowledge_source);infores:hetionet(aggregator_knowledge_source);infores:automat-robokop(aggregator_knowledge_source)
Q156	e0	e_6	UniProtKB:P49768-1	biolink:physically_interacts_with	UniProtKB:P05067-1	presenilin-1 isoform 1 (human)	amyloid-beta precursor protein isoform APP770 (human)	infores:string(primary_knowledge_source);infores:automat-robokop(aggregator_knowledge_source)
Q156	e0	e_7	UniProtKB:P05067-1	biolink:physically_interacts_with	UniProtKB:P49768-1	amyloid-beta precursor protein isoform APP770 (human)	presenilin-1 isoform 1 (human)	infores:string(primary_knowledge_source);infores:automat-robokop(aggregator_knowledge_source)
Q156	e0	e_8	UniProtKB:P49768-1	biolink:interacts_with	UniProtKB:P05067-1	presenilin-1 isoform 1 (human)	amyloid-beta precursor protein isoform APP770 (human)	infores:string(primary_knowledge_source);infores:automat-robokop(aggregator_knowledge_source)
Q156	e0	e_9	UniProtKB:P05067-1	biolink:interacts_with	UniProtKB:P49768-1	amyloid-beta precursor protein isoform APP770 (human)	presenilin-1 isoform 1 (human)	infores:string(primary_knowledge_source);infores:automat-robokop(aggregator_knowledge_source)
Q156	e0	e_10	UniProtKB:P49768-1	biolink:subclass_of	NCBIGene:5663	presenilin-1 isoform 1 (human)	PSEN1	infores:ubergraph(primary_knowledge_source);infores:automat-robokop(aggregator_knowledge_source)
Q156	e0	e_11	UniProtKB:P05067-1	biolink:subclass_of	NCBIGene:351	amyloid-beta precursor protein isoform APP770 (human)	APP	infores:ubergraph(primary_knowledge_source);infores:automat-robokop(aggregator_knowledge_source)
Q156	e0	e_6_e_10_e_11	NCBIGene:5663	biolink:physically_interacts_with	NCBIGene:351	PSEN1	APP	infores:automat-robokop(primary_knowledge_source)
Q156	e0	e_7_e_10_e_11	NCBIGene:5663	biolink:physically_interacts_with	NCBIGene:351	PSEN1	APP	infores:automat-robokop(primary_knowledge_source)
Q156	e0	e_8_e_10_e_11	NCBIGene:5663	biolink:interacts_with	NCBIGene:351	PSEN1	APP	infores:automat-robokop(primary_knowledge_source)
Q156	e0	e_9_e_10_e_11	NCBIGene:5663	biolink:interacts_with	NCBIGene:351	PSEN1	APP	infores:automat-robokop(primary_knowledge_source)
Q157	e0	e_1	NCBIGene:4087	biolink:affects	NCBIGene:4089	SMAD2	SMAD4	infores:text-mining-provider-targeted(primary_knowledge_source);infores:automat-robokop(aggregator_knowledge_source)
Q157	e0	e_2	NCBIGene:4089	biolink:affects	NCBIGene:4087	SMAD4	SMAD2	infores:text-mining-provider-targeted(primary_knowledge_source);infores:automat-robokop(aggregator_knowledge_source)
Q157	e0	e_3	NCBIGene:4089	biolink:affects	NCBIGene:4087	SMAD4	SMAD2	infores:text-mining-provider-targeted(primary_knowledge_source);infores:automat-robokop(aggregator_knowledge_source)
Q157	e0	e_4	NCBIGene:4087	biolink:directly_physically_interacts_with	NCBIGene:4089	SMAD2	SMAD4	infores:intact(primary_knowledge_source);infores:automat-robokop(aggregator_knowledge_source)
Q157	e0	e_5	NCBIGene:4089	biolink:directly_physically_interacts_with	NCBIGene:4087	SMAD4	SMAD2	infores:intact(primary_knowledge_source);infores:automat-robokop(aggregator_knowledge_source)
Q157	e0	e_6	UniProtKB:Q15796-1	biolink:physically_interacts_with	NCBIGene:4089	mothers against decapentaplegic homolog 2 isoform Long (human)	SMAD4	infores:string(primary_knowledge_source);infores:automat-robokop(aggregator_knowledge_source)
Q157	e0	e_7	NCBIGene:4089	biolink:physically_interacts_with	UniProtKB:Q15796-1	SMAD4	mothers against decapentaplegic homolog 2 isoform Long (human)	infores:string(primary_knowledge_source);infores:automat-robokop(aggregator_knowledge_source)
Q157	e0	e_8	NCBIGene:4087	biolink:regulates	NCBIGene:4089	SMAD2	SMAD4	infores:signor(primary_knowledge_source);infores:automat-robokop(aggregator_knowledge_source)
Q157	e0	e_9	NCBIGene:4087	biolink:related_to	NCBIGene:4089	SMAD2	SMAD4	infores:signor(primary_knowledge_source);infores:automat-robokop(aggregator_knowledge_source)
Q157	e0	e_10	UniProtKB:Q15796-1	biolink:interacts_with	NCBIGene:4089	mothers against decapentaplegic homolog 2 isoform Long (human)	SMAD4	infores:string(primary_knowledge_source);infores:automat-robokop(aggregator_knowledge_source)
Q157	e0	e_11	NCBIGene:4089	biolink:interacts_with	UniProtKB:Q15796-1	SMAD4	mothers against decapentaplegic homolog 2 isoform Long (human)	infores:string(primary_knowledge_source);infores:automat-robokop(aggregator_knowledge_source)
Q157	e0	e_12	NCBIGene:4087	biolink:genetically_interacts_with	NCBIGene:4089	SMAD2	SMAD4	infores:hetionet(primary_knowledge_source);infores:hetionet(aggregator_knowledge_source);infores:automat-robokop(aggregator_knowledge_source)
Q157	e0	e_13	UniProtKB:Q15796-1	biolink:subclass_of	NCBIGene:4087	mothers against decapentaplegic homolog 2 isoform Long (human)	SMAD2	infores:ubergraph(primary_knowledge_source);infores:automat-robokop(aggregator_knowledge_source)
Q157	e0	e_6_e_13	NCBIGene:4087	biolink:physically_interacts_with	NCBIGene:4089	SMAD2	SMAD4	infores:automat-robokop(primary_knowledge_source)
Q157	e0	e_7_e_13	NCBIGene:4087	biolink:physically_interacts_with	UniProtKB:Q15796-1	SMAD2	mothers against decapentaplegic homolog 2 isoform Long (human)	infores:automat-robokop(primary_knowledge_source)
Q157	e0	e_10_e_13	NCBIGene:4087	biolink:interacts_with	NCBIGene:4089	SMAD2	SMAD4	infores:automat-robokop(primary_knowledge_source)
Q157	e0	e_11_e_13	NCBIGene:4087	biolink:interacts_with	UniProtKB:Q15796-1	SMAD2	mothers against decapentaplegic homolog 2 isoform Long (human)	infores:automat-robokop(primary_knowledge_source)
Q158	e0	e_1	NCBIGene:2932	biolink:affects	NCBIGene:1499	GSK3B	CTNNB1	infores:psite-plus(primary_knowledge_source);infores:kinace(aggregator_knowledge_source);infores:automat-robokop(aggregator_knowledge_source)
Q158	e0	e_2	NCBIGene:2932	biolink:affects	NCBIGene:1499	GSK3B	CTNNB1	infores:epsd(primary_knowledge_source);infores:kinace(aggregator_knowledge_source);infores:automat-robokop(aggregator_knowledge_source)
Q158	e0	e_3	NCBIGene:2932	biolink:affects	NCBIGene:1499	GSK3B	CTNNB1	infores:text-mining-provider-targeted(primary_knowledge_source);infores:automat-robokop(aggregator_knowledge_source)
Q158	e0	e_4	NCBIGene:2932	biolink:affects	NCBIGene:1499	GSK3B	CTNNB1	infores:text-mining-provider-targeted(primary_knowledge_source);infores:automat-robokop(aggregator_knowledge_source)
Q158	e0	e_5	NCBIGene:2932	biolink:affects	NCBIGene:1499	GSK3B	CTNNB1	infores:iptmnet(primary_knowledge_source);infores:kinace(aggregator_knowledge_source);infores:automat-robokop(aggregator_knowledge_source)
Q158	e0	e_6	NCBIGene:1499	biolink:affects	NCBIGene:2932	CTNNB1	GSK3B	infores:text-mining-provider-targeted(primary_knowledge_source);infores:automat-robokop(aggregator_knowledge_source)
Q158	e0	e_7	NCBIGene:1499	biolink:affects	NCBIGene:2932	CTNNB1	GSK3B	infores:text-mining-provider-targeted(primary_knowledge_source);infores:automat-robokop(aggregator_knowledge_source)
Q158	e0	e_8	NCBIGene:2932	biolink:directly_physically_interacts_with	NCBIGene:1499	GSK3B	CTNNB1	infores:intact(primary_knowledge_source);infores:automat-robokop(aggregator_knowledge_source)
Q158	e0	e_9	NCBIGene:1499	biolink:directly_physically_interacts_with	NCBIGene:2932	CTNNB1	GSK3B	infores:intact(primary_knowledge_source);infores:automat-robokop(aggregator_knowledge_source)
Q158	e0	e_10	UniProtKB:P49841-2	biolink:physically_interacts_with	NCBIGene:1499	glycogen synthase kinase-3 beta isoform h2 (human)	CTNNB1	infores:string(primary_knowledge_source);infores:automat-robokop(aggregator_knowledge_source)
Q158	e0	e_11	NCBIGene:1499	biolink:physically_interacts_with	UniProtKB:P49841-2	CTNNB1	glycogen synthase kinase-3 beta isoform h2 (human)	infores:string(primary_knowledge_source);infores:automat-robokop(aggregator_knowledge_source)
Q158	e0	e_12	NCBIGene:2932	biolink:regulates	NCBIGene:1499	GSK3B	CTNNB1	infores:signor(primary_knowledge_source);infores:automat-robokop(aggregator_knowledge_source)
Q158	e0	e_13	NCBIGene:2932	biolink:regulates	NCBIGene:1499	GSK3B	CTNNB1	infores:signor(primary_knowledge_source);infores:automat-robokop(aggregator_knowledge_source)
Q158	e0	e_14	NCBIGene:2932	biolink:regulates	NCBIGene:1499	GSK3B	CTNNB1	infores:signor(primary_knowledge_source);infores:automat-robokop(aggregator_knowledge_source)
Q158	e0	e_15	NCBIGene:2932	biolink:regulates	NCBIGene:1499	GSK3B	CTNNB1	infores:signor(primary_knowledge_source);infores:automat-robokop(aggregator_knowledge_source)
Q158	e0	e_16	NCBIGene:2932	biolink:regulates	NCBIGene:1499	GSK3B	CTNNB1	infores:signor(primary_knowledge_source);infores:automat-robokop(aggregator_knowledge_source)
Q158	e0	e_17	NCBIGene:2932	biolink:related_to	NCBIGene:1499	GSK3B	CTNNB1	infores:signor(primary_knowledge_source);infores:automat-robokop(aggregator_knowledge_source)
Q158	e0	e_18	NCBIGene:2932	biolink:related_to	NCBIGene:1499	GSK3B	CTNNB1	infores:signor(primary_knowledge_source);infores:automat-robokop(aggregator_knowledge_source)
Q158	e0	e_19	NCBIGene:2932	biolink:related_to	NCBIGene:1499	GSK3B	CTNNB1	infores:signor(primary_knowledge_source);infores:automat-robokop(aggregator_knowledge_source)
Q158	e0	e_20	NCBIGene:2932	biolink:related_to	NCBIGene:1499	GSK3B	CTNNB1	infores:signor(primary_knowledge_source);infores:automat-robokop(aggregator_knowledge_source)
Q158	e0	e_21	NCBIGene:2932	biolink:related_to	NCBIGene:1499	GSK3B	CTNNB1	infores:signor(primary_knowledge_source);infores:automat-robokop(aggregator_knowledge_source)
Q158	e0	e_22	UniProtKB:P49841-2	biolink:interacts_with	NCBIGene:1499	glycogen synthase kinase-3 beta isoform h2 (human)	CTNNB1	infores:string(primary_knowledge_source);infores:automat-robokop(aggregator_knowledge_source)
Q158	e0	e_23	NCBIGene:1499	biolink:interacts_with	UniProtKB:P49841-2	CTNNB1	glycogen synthase kinase-3 beta isoform h2 (human)	infores:string(primary_knowledge_source);infores:automat-robokop(aggregator_knowledge_source)
Q158	e0	e_24	NCBIGene:1499	biolink:genetically_interacts_with	NCBIGene:2932	CTNNB1	GSK3B	infores:hetionet(primary_knowledge_source);infores:hetionet(aggregator_knowledge_source);infores:automat-robokop(aggregator_knowledge_source)
Q158	e0	e_25	UniProtKB:P49841-2	biolink:subclass_of	NCBIGene:2932	glycogen synthase kinase-3 beta isoform h2 (human)	GSK3B	infores:ubergraph(primary_knowledge_source);infores:automat-robokop(aggregator_knowledge_source)
Q158	e0	e_10_e_25	NCBIGene:2932	biolink:physically_interacts_with	NCBIGene:1499	GSK3B	CTNNB1	infores:automat-robokop(primary_knowledge_source)
Q158	e0	e_11_e_25	NCBIGene:2932	biolink:physically_interacts_with	UniProtKB:P49841-2	GSK3B	glycogen synthase kinase-3 beta isoform h2 (human)	infores:automat-robokop(primary_knowledge_source)
Q158	e0	e_22_e_25	NCBIGene:2932	biolink:interacts_with	NCBIGene:1499	GSK3B	CTNNB1	infores:automat-robokop(primary_knowledge_source)
Q158	e0	e_23_e_25	NCBIGene:2932	biolink:interacts_with	UniProtKB:P49841-2	GSK3B	glycogen synthase kinase-3 beta isoform h2 (human)	infores:automat-robokop(primary_knowledge_source)
Q159	e0	e_1	NCBIGene:958	biolink:affects	NCBIGene:959	CD40	CD40LG	infores:text-mining-provider-targeted(primary_knowledge_source);infores:automat-robokop(aggregator_knowledge_source)
Q159	e0	e_2	NCBIGene:958	biolink:affects	NCBIGene:959	CD40	CD40LG	infores:text-mining-provider-targeted(primary_knowledge_source);infores:automat-robokop(aggregator_knowledge_source)
Q159	e0	e_3	NCBIGene:959	biolink:affects	NCBIGene:958	CD40LG	CD40	infores:text-mining-provider-targeted(primary_knowledge_source);infores:automat-robokop(aggregator_knowledge_source)
Q159	e0	e_4	NCBIGene:959	biolink:affects	NCBIGene:958	CD40LG	CD40	infores:text-mining-provider-targeted(primary_knowledge_source);infores:automat-robokop(aggregator_knowledge_source)
Q159	e0	e_5	UniProtKB:P25942-1	biolink:physically_interacts_with	NCBIGene:959	tumor necrosis factor receptor superfamily member 5 isoform 1 (human)	CD40LG	infores:string(primary_knowledge_source);infores:automat-robokop(aggregator_knowledge_source)
Q159	e0	e_6	NCBIGene:959	biolink:physically_interacts_with	UniProtKB:P25942-1	CD40LG	tumor necrosis factor receptor superfamily member 5 isoform 1 (human)	infores:string(primary_knowledge_source);infores:automat-robokop(aggregator_knowledge_source)
Q159	e0	e_7	NCBIGene:959	biolink:regulates	NCBIGene:958	CD40LG	CD40	infores:signor(primary_knowledge_source);infores:automat-robokop(aggregator_knowledge_source)
Q159	e0	e_8	NCBIGene:959	biolink:regulates	NCBIGene:958	CD40LG	CD40	infores:signor(primary_knowledge_source);infores:automat-robokop(aggregator_knowledge_source)
Q159	e0	e_9	NCBIGene:959	biolink:regulates	NCBIGene:958	CD40LG	CD40	infores:signor(primary_knowledge_source);infores:automat-robokop(aggregator_knowledge_source)
Q159	e0	e_10	NCBIGene:959	biolink:related_to	NCBIGene:958	CD40LG	CD40	infores:signor(primary_knowledge_source);infores:automat-robokop(aggregator_knowledge_source)
Q159	e0	e_11	NCBIGene:959	biolink:related_to	NCBIGene:958	CD40LG	CD40	infores:signor(primary_knowledge_source);infores:automat-robokop(aggregator_knowledge_source)
Q159	e0	e_12	NCBIGene:959	biolink:related_to	NCBIGene:958	CD40LG	CD40	infores:signor(primary_knowledge_source);infores:automat-robokop(aggregator_knowledge_source)
Q159	e0	e_13	UniProtKB:P25942-1	biolink:interacts_with	NCBIGene:959	tumor necrosis factor receptor superfamily member 5 isoform 1 (human)	CD40LG	infores:string(primary_knowledge_source);infores:automat-robokop(aggregator_knowledge_source)
Q159	e0	e_14	NCBIGene:959	biolink:interacts_with	UniProtKB:P25942-1	CD40LG	tumor necrosis factor receptor superfamily member 5 isoform 1 (human)	infores:string(primary_knowledge_source);infores:automat-robokop(aggregator_knowledge_source)
Q159	e0	e_15	NCBIGene:958	biolink:genetically_interacts_with	NCBIGene:959	CD40	CD40LG	infores:hetionet(primary_knowledge_source);infores:hetionet(aggregator_knowledge_source);infores:automat-robokop(aggregator_knowledge_source)
Q159	e0	e_16	UniProtKB:P25942-1	biolink:subclass_of	NCBIGene:958	tumor necrosis factor receptor superfamily member 5 isoform 1 (human)	CD40	infores:ubergraph(primary_knowledge_source);infores:automat-robokop(aggregator_knowledge_source)
Q159	e0	e_5_e_16	NCBIGene:958	biolink:physically_interacts_with	NCBIGene:959	CD40	CD40LG	infores:automat-robokop(primary_knowledge_source)
Q159	e0	e_6_e_16	NCBIGene:958	biolink:physically_interacts_with	UniProtKB:P25942-1	CD40	tumor necrosis factor receptor superfamily member 5 isoform 1 (human)	infores:automat-robokop(primary_knowledge_source)
Q159	e0	e_13_e_16	NCBIGene:958	biolink:interacts_with	NCBIGene:959	CD40	CD40LG	infores:automat-robokop(primary_knowledge_source)
Q159	e0	e_14_e_16	NCBIGene:958	biolink:interacts_with	UniProtKB:P25942-1	CD40	tumor necrosis factor receptor superfamily member 5 isoform 1 (human)	infores:automat-robokop(primary_knowledge_source)
Q160	e0	e_1	NCBIGene:3586	biolink:affects	NCBIGene:3587	IL10	IL10RA	infores:text-mining-provider-targeted(primary_knowledge_source);infores:automat-robokop(aggregator_knowledge_source)
Q160	e0	e_2	NCBIGene:3586	biolink:affects	NCBIGene:3587	IL10	IL10RA	infores:text-mining-provider-targeted(primary_knowledge_source);infores:automat-robokop(aggregator_knowledge_source)
Q160	e0	e_3	NCBIGene:3587	biolink:affects	NCBIGene:3586	IL10RA	IL10	infores:text-mining-provider-targeted(primary_knowledge_source);infores:automat-robokop(aggregator_knowledge_source)
Q160	e0	e_4	NCBIGene:3587	biolink:affects	NCBIGene:3586	IL10RA	IL10	infores:text-mining-provider-targeted(primary_knowledge_source);infores:automat-robokop(aggregator_knowledge_source)
Q160	e0	e_5	NCBIGene:3586	biolink:directly_physically_interacts_with	NCBIGene:3587	IL10	IL10RA	infores:intact(primary_knowledge_source);infores:automat-robokop(aggregator_knowledge_source)
Q160	e0	e_6	NCBIGene:3586	biolink:directly_physically_interacts_with	NCBIGene:3587	IL10	IL10RA	infores:ccidb(primary_knowledge_source);infores:automat-robokop(aggregator_knowledge_source)
Q160	e0	e_7	NCBIGene:3587	biolink:directly_physically_interacts_with	NCBIGene:3586	IL10RA	IL10	infores:intact(primary_knowledge_source);infores:automat-robokop(aggregator_knowledge_source)
Q160	e0	e_8	NCBIGene:3586	biolink:physically_interacts_with	NCBIGene:3587	IL10	IL10RA	infores:string(primary_knowledge_source);infores:automat-robokop(aggregator_knowledge_source)
Q160	e0	e_9	NCBIGene:3587	biolink:physically_interacts_with	NCBIGene:3586	IL10RA	IL10	infores:string(primary_knowledge_source);infores:automat-robokop(aggregator_knowledge_source)
Q160	e0	e_10	NCBIGene:3586	biolink:regulates	NCBIGene:3587	IL10	IL10RA	infores:signor(primary_knowledge_source);infores:automat-robokop(aggregator_knowledge_source)
Q160	e0	e_11	NCBIGene:3586	biolink:regulates	NCBIGene:3587	IL10	IL10RA	infores:signor(primary_knowledge_source);infores:automat-robokop(aggregator_knowledge_source)
Q160	e0	e_12	NCBIGene:3586	biolink:regulates	NCBIGene:3587	IL10	IL10RA	infores:signor(primary_knowledge_source);infores:automat-robokop(aggregator_knowledge_source)
Q160	e0	e_13	NCBIGene:3586	biolink:related_to	NCBIGene:3587	IL10	IL10RA	infores:signor(primary_knowledge_source);infores:automat-robokop(aggregator_knowledge_source)
Q160	e0	e_14	NCBIGene:3586	biolink:related_to	NCBIGene:3587	IL10	IL10RA	infores:signor(primary_knowledge_source);infores:automat-robokop(aggregator_knowledge_source)
Q160	e0	e_15	NCBIGene:3586	biolink:interacts_with	NCBIGene:3587	IL10	IL10RA	infores:string(primary_knowledge_source);infores:automat-robokop(aggregator_knowledge_source)
Q160	e0	e_16	NCBIGene:3587	biolink:interacts_with	NCBIGene:3586	IL10RA	IL10	infores:string(primary_knowledge_source);infores:automat-robokop(aggregator_knowledge_source)
Q160	e0	e_17	NCBIGene:3586	biolink:genetically_interacts_with	NCBIGene:3587	IL10	IL10RA	infores:hetionet(primary_knowledge_source);infores:hetionet(aggregator_knowledge_source);infores:automat-robokop(aggregator_knowledge_source)
Q161	e0	e_1	NCBIGene:3454	biolink:affects	NCBIGene:3455	IFNAR1	IFNAR2	infores:text-mining-provider-targeted(primary_knowledge_source);infores:automat-robokop(aggregator_knowledge_source)
Q161	e0	e_2	NCBIGene:3454	biolink:affects	NCBIGene:3455	IFNAR1	IFNAR2	infores:text-mining-provider-targeted(primary_knowledge_source);infores:automat-robokop(aggregator_knowledge_source)
Q161	e0	e_3	NCBIGene:3455	biolink:affects	NCBIGene:3454	IFNAR2	IFNAR1	infores:text-mining-provider-targeted(primary_knowledge_source);infores:automat-robokop(aggregator_knowledge_source)
Q161	e0	e_4	NCBIGene:3455	biolink:affects	NCBIGene:3454	IFNAR2	IFNAR1	infores:text-mining-provider-targeted(primary_knowledge_source);infores:automat-robokop(aggregator_knowledge_source)
Q161	e0	e_5	NCBIGene:3454	biolink:genetically_interacts_with	NCBIGene:3455	IFNAR1	IFNAR2	infores:hetionet(primary_knowledge_source);infores:hetionet(aggregator_knowledge_source);infores:automat-robokop(aggregator_knowledge_source)
Q161	e0	e_6	UniProtKB:P17181-1	biolink:physically_interacts_with	UniProtKB:P48551-1	interferon alpha/beta receptor 1 isoform h1 (human)	interferon alpha/beta receptor 2 isoform 1 (human)	infores:string(primary_knowledge_source);infores:automat-robokop(aggregator_knowledge_source)
Q161	e0	e_7	UniProtKB:P48551-1	biolink:physically_interacts_with	UniProtKB:P17181-1	interferon alpha/beta receptor 2 isoform 1 (human)	interferon alpha/beta receptor 1 isoform h1 (human)	infores:string(primary_knowledge_source);infores:automat-robokop(aggregator_knowledge_source)
Q161	e0	e_8	UniProtKB:P17181-1	biolink:interacts_with	UniProtKB:P48551-1	interferon alpha/beta receptor 1 isoform h1 (human)	interferon alpha/beta receptor 2 isoform 1 (human)	infores:string(primary_knowledge_source);infores:automat-robokop(aggregator_knowledge_source)
Q161	e0	e_9	UniProtKB:P48551-1	biolink:interacts_with	UniProtKB:P17181-1	interferon alpha/beta receptor 2 isoform 1 (human)	interferon alpha/beta receptor 1 isoform h1 (human)	infores:string(primary_knowledge_source);infores:automat-robokop(aggregator_knowledge_source)
Q161	e0	e_10	UniProtKB:P17181-1	biolink:subclass_of	NCBIGene:3454	interferon alpha/beta receptor 1 isoform h1 (human)	IFNAR1	infores:ubergraph(primary_knowledge_source);infores:automat-robokop(aggregator_knowledge_source)
Q161	e0	e_11	UniProtKB:P48551-1	biolink:subclass_of	NCBIGene:3455	interferon alpha/beta receptor 2 isoform 1 (human)	IFNAR2	infores:ubergraph(primary_knowledge_source);infores:automat-robokop(aggregator_knowledge_source)
Q161	e0	e_6_e_10_e_11	NCBIGene:3454	biolink:physically_interacts_with	NCBIGene:3455	IFNAR1	IFNAR2	infores:automat-robokop(primary_knowledge_source)
Q161	e0	e_7_e_10_e_11	NCBIGene:3454	biolink:physically_interacts_with	NCBIGene:3455	IFNAR1	IFNAR2	infores:automat-robokop(primary_knowledge_source)
Q161	e0	e_8_e_10_e_11	NCBIGene:3454	biolink:interacts_with	NCBIGene:3455	IFNAR1	IFNAR2	infores:automat-robokop(primary_knowledge_source)
Q161	e0	e_9_e_10_e_11	NCBIGene:3454	biolink:interacts_with	NCBIGene:3455	IFNAR1	IFNAR2	infores:automat-robokop(primary_knowledge_source)
Q162	e0	e_1	NCBIGene:7852	biolink:affects	NCBIGene:6387	CXCR4	CXCL12	infores:text-mining-provider-targeted(primary_knowledge_source);infores:automat-robokop(aggregator_knowledge_source)
Q162	e0	e_2	NCBIGene:6387	biolink:affects	NCBIGene:7852	CXCL12	CXCR4	infores:text-mining-provider-targeted(primary_knowledge_source);infores:automat-robokop(aggregator_knowledge_source)
Q162	e0	e_3	NCBIGene:6387	biolink:directly_physically_interacts_with	NCBIGene:7852	CXCL12	CXCR4	infores:ccidb(primary_knowledge_source);infores:automat-robokop(aggregator_knowledge_source)
Q162	e0	e_4	NCBIGene:6387	biolink:directly_physically_interacts_with	NCBIGene:7852	CXCL12	CXCR4	infores:ccidb(primary_knowledge_source);infores:automat-robokop(aggregator_knowledge_source)
Q162	e0	e_5	NCBIGene:6387	biolink:directly_physically_interacts_with	NCBIGene:7852	CXCL12	CXCR4	infores:ccidb(primary_knowledge_source);infores:automat-robokop(aggregator_knowledge_source)
Q162	e0	e_6	NCBIGene:6387	biolink:regulates	NCBIGene:7852	CXCL12	CXCR4	infores:signor(primary_knowledge_source);infores:automat-robokop(aggregator_knowledge_source)
Q162	e0	e_7	NCBIGene:6387	biolink:related_to	NCBIGene:7852	CXCL12	CXCR4	infores:signor(primary_knowledge_source);infores:automat-robokop(aggregator_knowledge_source)
Q162	e0	e_8	NCBIGene:6387	biolink:genetically_interacts_with	NCBIGene:7852	CXCL12	CXCR4	infores:hetionet(primary_knowledge_source);infores:hetionet(aggregator_knowledge_source);infores:automat-robokop(aggregator_knowledge_source)
Q162	e0	e_9	UniProtKB:P61073-2	biolink:interacts_with	UniProtKB:P48061-4	C-X-C chemokine receptor type 4 isoform h2 (human)	stromal cell-derived factor 1 isoform Delta (human)	infores:string(primary_knowledge_source);infores:automat-robokop(aggregator_knowledge_source)
Q162	e0	e_10	UniProtKB:P48061-4	biolink:interacts_with	UniProtKB:P61073-2	stromal cell-derived factor 1 isoform Delta (human)	C-X-C chemokine receptor type 4 isoform h2 (human)	infores:string(primary_knowledge_source);infores:automat-robokop(aggregator_knowledge_source)
Q162	e0	e_11	UniProtKB:P61073-2	biolink:subclass_of	NCBIGene:7852	C-X-C chemokine receptor type 4 isoform h2 (human)	CXCR4	infores:ubergraph(primary_knowledge_source);infores:automat-robokop(aggregator_knowledge_source)
Q162	e0	e_12	UniProtKB:P48061-4	biolink:subclass_of	NCBIGene:6387	stromal cell-derived factor 1 isoform Delta (human)	CXCL12	infores:ubergraph(primary_knowledge_source);infores:automat-robokop(aggregator_knowledge_source)
Q162	e0	e_9_e_11_e_12	NCBIGene:7852	biolink:interacts_with	NCBIGene:6387	CXCR4	CXCL12	infores:automat-robokop(primary_knowledge_source)
Q162	e0	e_10_e_11_e_12	NCBIGene:7852	biolink:interacts_with	NCBIGene:6387	CXCR4	CXCL12	infores:automat-robokop(primary_knowledge_source)
Q163	e0	e_1	NCBIGene:3791	biolink:affects	NCBIGene:7422	KDR	VEGFA	infores:text-mining-provider-targeted(primary_knowledge_source);infores:automat-robokop(aggregator_knowledge_source)
Q163	e0	e_2	NCBIGene:3791	biolink:affects	NCBIGene:7422	KDR	VEGFA	infores:text-mining-provider-targeted(primary_knowledge_source);infores:automat-robokop(aggregator_knowledge_source)
Q163	e0	e_3	NCBIGene:7422	biolink:affects	NCBIGene:3791	VEGFA	KDR	infores:text-mining-provider-targeted(primary_knowledge_source);infores:automat-robokop(aggregator_knowledge_source)
Q163	e0	e_4	NCBIGene:3791	biolink:directly_physically_interacts_with	NCBIGene:7422	KDR	VEGFA	infores:intact(primary_knowledge_source);infores:automat-robokop(aggregator_knowledge_source)
Q163	e0	e_5	NCBIGene:7422	biolink:directly_physically_interacts_with	NCBIGene:3791	VEGFA	KDR	infores:intact(primary_knowledge_source);infores:automat-robokop(aggregator_knowledge_source)
Q163	e0	e_6	NCBIGene:7422	biolink:directly_physically_interacts_with	NCBIGene:3791	VEGFA	KDR	infores:ccidb(primary_knowledge_source);infores:automat-robokop(aggregator_knowledge_source)
Q163	e0	e_7	NCBIGene:7422	biolink:directly_physically_interacts_with	NCBIGene:3791	VEGFA	KDR	infores:ccidb(primary_knowledge_source);infores:automat-robokop(aggregator_knowledge_source)
Q163	e0	e_8	NCBIGene:7422	biolink:regulates	NCBIGene:3791	VEGFA	KDR	infores:signor(primary_knowledge_source);infores:automat-robokop(aggregator_knowledge_source)
Q163	e0	e_9	NCBIGene:7422	biolink:regulates	NCBIGene:3791	VEGFA	KDR	infores:signor(primary_knowledge_source);infores:automat-robokop(aggregator_knowledge_source)
Q163	e0	e_10	NCBIGene:7422	biolink:related_to	NCBIGene:3791	VEGFA	KDR	infores:signor(primary_knowledge_source);infores:automat-robokop(aggregator_knowledge_source)
Q163	e0	e_11	NCBIGene:7422	biolink:related_to	NCBIGene:3791	VEGFA	KDR	infores:signor(primary_knowledge_source);infores:automat-robokop(aggregator_knowledge_source)
Q163	e0	e_12	NCBIGene:3791	biolink:genetically_interacts_with	NCBIGene:7422	KDR	VEGFA	infores:hetionet(primary_knowledge_source);infores:hetionet(aggregator_knowledge_source);infores:automat-robokop(aggregator_knowledge_source)
Q164	e0	e_1	NCBIGene:2247	biolink:affects	NCBIGene:2260	FGF2	FGFR1	infores:text-mining-provider-targeted(primary_knowledge_source);infores:automat-robokop(aggregator_knowledge_source)
Q164	e0	e_2	NCBIGene:2260	biolink:affects	NCBIGene:2247	FGFR1	FGF2	infores:text-mining-provider-targeted(primary_knowledge_source);infores:automat-robokop(aggregator_knowledge_source)
Q164	e0	e_3	NCBIGene:2260	biolink:affects	NCBIGene:2247	FGFR1	FGF2	infores:text-mining-provider-targeted(primary_knowledge_source);infores:automat-robokop(aggregator_knowledge_source)
Q164	e0	e_4	NCBIGene:2247	biolink:directly_physically_interacts_with	NCBIGene:2260	FGF2	FGFR1	infores:intact(primary_knowledge_source);infores:automat-robokop(aggregator_knowledge_source)
Q164	e0	e_5	NCBIGene:2247	biolink:directly_physically_interacts_with	NCBIGene:2260	FGF2	FGFR1	infores:ccidb(primary_knowledge_source);infores:automat-robokop(aggregator_knowledge_source)
Q164	e0	e_6	NCBIGene:2260	biolink:directly_physically_interacts_with	NCBIGene:2247	FGFR1	FGF2	infores:intact(primary_knowledge_source);infores:automat-robokop(aggregator_knowledge_source)
Q164	e0	e_7	NCBIGene:2247	biolink:genetically_interacts_with	NCBIGene:2260	FGF2	FGFR1	infores:hetionet(primary_knowledge_source);infores:hetionet(aggregator_knowledge_source);infores:automat-robokop(aggregator_knowledge_source)
Q165	e0	e_1	NCBIGene:5594	biolink:affects	NCBIGene:1848	MAPK1	DUSP6	infores:iptmnet(primary_knowledge_source);infores:kinace(aggregator_knowledge_source);infores:automat-robokop(aggregator_knowledge_source)
Q165	e0	e_2	NCBIGene:5594	biolink:affects	NCBIGene:1848	MAPK1	DUSP6	infores:signor(primary_knowledge_source);infores:automat-robokop(aggregator_knowledge_source)
Q165	e0	e_3	NCBIGene:5594	biolink:affects	NCBIGene:1848	MAPK1	DUSP6	infores:text-mining-provider-targeted(primary_knowledge_source);infores:automat-robokop(aggregator_knowledge_source)
Q165	e0	e_4	NCBIGene:5594	biolink:affects	NCBIGene:1848	MAPK1	DUSP6	infores:psite-plus(primary_knowledge_source);infores:kinace(aggregator_knowledge_source);infores:automat-robokop(aggregator_knowledge_source)
Q165	e0	e_5	NCBIGene:5594	biolink:affects	NCBIGene:1848	MAPK1	DUSP6	infores:epsd(primary_knowledge_source);infores:kinace(aggregator_knowledge_source);infores:automat-robokop(aggregator_knowledge_source)
Q165	e0	e_6	NCBIGene:1848	biolink:affects	NCBIGene:5594	DUSP6	MAPK1	infores:text-mining-provider-targeted(primary_knowledge_source);infores:automat-robokop(aggregator_knowledge_source)
Q165	e0	e_7	NCBIGene:1848	biolink:affects	NCBIGene:5594	DUSP6	MAPK1	infores:text-mining-provider-targeted(primary_knowledge_source);infores:automat-robokop(aggregator_knowledge_source)
Q165	e0	e_8	NCBIGene:5594	biolink:directly_physically_interacts_with	NCBIGene:1848	MAPK1	DUSP6	infores:intact(primary_knowledge_source);infores:automat-robokop(aggregator_knowledge_source)
Q165	e0	e_9	NCBIGene:1848	biolink:directly_physically_interacts_with	NCBIGene:5594	DUSP6	MAPK1	infores:intact(primary_knowledge_source);infores:automat-robokop(aggregator_knowledge_source)
Q165	e0	e_10	NCBIGene:5594	biolink:regulates	NCBIGene:1848	MAPK1	DUSP6	infores:signor(primary_knowledge_source);infores:automat-robokop(aggregator_knowledge_source)
Q165	e0	e_11	NCBIGene:1848	biolink:regulates	NCBIGene:5594	DUSP6	MAPK1	infores:signor(primary_knowledge_source);infores:automat-robokop(aggregator_knowledge_source)
Q165	e0	e_12	NCBIGene:1848	biolink:regulates	NCBIGene:5594	DUSP6	MAPK1	infores:signor(primary_knowledge_source);infores:automat-robokop(aggregator_knowledge_source)
Q165	e0	e_13	NCBIGene:5594	biolink:related_to	NCBIGene:1848	MAPK1	DUSP6	infores:signor(primary_knowledge_source);infores:automat-robokop(aggregator_knowledge_source)
Q165	e0	e_14	NCBIGene:1848	biolink:related_to	NCBIGene:5594	DUSP6	MAPK1	infores:signor(primary_knowledge_source);infores:automat-robokop(aggregator_knowledge_source)
Q165	e0	e_15	NCBIGene:1848	biolink:genetically_interacts_with	NCBIGene:5594	DUSP6	MAPK1	infores:hetionet(primary_knowledge_source);infores:hetionet(aggregator_knowledge_source);infores:automat-robokop(aggregator_knowledge_source)
Q165	e0	e_16	UniProtKB:P28482-1	biolink:physically_interacts_with	UniProtKB:Q16828-1	mitogen-activated protein kinase 1 isoform 1 (human)	dual specificity protein phosphatase 6 isoform 1 (human)	infores:string(primary_knowledge_source);infores:automat-robokop(aggregator_knowledge_source)
Q165	e0	e_17	UniProtKB:Q16828-1	biolink:physically_interacts_with	UniProtKB:P28482-1	dual specificity protein phosphatase 6 isoform 1 (human)	mitogen-activated protein kinase 1 isoform 1 (human)	infores:string(primary_knowledge_source);infores:automat-robokop(aggregator_knowledge_source)
Q165	e0	e_18	UniProtKB:P28482-1	biolink:interacts_with	UniProtKB:Q16828-1	mitogen-activated protein kinase 1 isoform 1 (human)	dual specificity protein phosphatase 6 isoform 1 (human)	infores:string(primary_knowledge_source);infores:automat-robokop(aggregator_knowledge_source)
Q165	e0	e_19	UniProtKB:Q16828-1	biolink:interacts_with	UniProtKB:P28482-1	dual specificity protein phosphatase 6 isoform 1 (human)	mitogen-activated protein kinase 1 isoform 1 (human)	infores:string(primary_knowledge_source);infores:automat-robokop(aggregator_knowledge_source)
Q165	e0	e_20	UniProtKB:P28482-1	biolink:subclass_of	NCBIGene:5594	mitogen-activated protein kinase 1 isoform 1 (human)	MAPK1	infores:ubergraph(primary_knowledge_source);infores:automat-robokop(aggregator_knowledge_source)
Q165	e0	e_21	UniProtKB:Q16828-1	biolink:subclass_of	NCBIGene:1848	dual specificity protein phosphatase 6 isoform 1 (human)	DUSP6	infores:ubergraph(primary_knowledge_source);infores:automat-robokop(aggregator_knowledge_source)
Q165	e0	e_16_e_20_e_21	NCBIGene:5594	biolink:physically_interacts_with	NCBIGene:1848	MAPK1	DUSP6	infores:automat-robokop(primary_knowledge_source)
Q165	e0	e_17_e_20_e_21	NCBIGene:5594	biolink:physically_interacts_with	NCBIGene:1848	MAPK1	DUSP6	infores:automat-robokop(primary_knowledge_source)
Q165	e0	e_18_e_20_e_21	NCBIGene:5594	biolink:interacts_with	NCBIGene:1848	MAPK1	DUSP6	infores:automat-robokop(primary_knowledge_source)
Q165	e0	e_19_e_20_e_21	NCBIGene:5594	biolink:interacts_with	NCBIGene:1848	MAPK1	DUSP6	infores:automat-robokop(primary_knowledge_source)
Q166	e0	e_1	NCBIGene:3725	biolink:affects	NCBIGene:2353	JUN	FOS	infores:text-mining-provider-targeted(primary_knowledge_source);infores:automat-robokop(aggregator_knowledge_source)
Q166	e0	e_2	NCBIGene:2353	biolink:affects	NCBIGene:3725	FOS	JUN	infores:text-mining-provider-targeted(primary_knowledge_source);infores:automat-robokop(aggregator_knowledge_source)
Q166	e0	e_3	NCBIGene:3725	biolink:directly_physically_interacts_with	NCBIGene:2353	JUN	FOS	infores:intact(primary_knowledge_source);infores:automat-robokop(aggregator_knowledge_source)
Q166	e0	e_4	NCBIGene:2353	biolink:directly_physically_interacts_with	NCBIGene:3725	FOS	JUN	infores:intact(primary_knowledge_source);infores:automat-robokop(aggregator_knowledge_source)
Q166	e0	e_5	NCBIGene:2353	biolink:regulates	NCBIGene:3725	FOS	JUN	infores:signor(primary_knowledge_source);infores:automat-robokop(aggregator_knowledge_source)
Q166	e0	e_6	NCBIGene:2353	biolink:related_to	NCBIGene:3725	FOS	JUN	infores:signor(primary_knowledge_source);infores:automat-robokop(aggregator_knowledge_source)
Q166	e0	e_7	NCBIGene:2353	biolink:genetically_interacts_with	NCBIGene:3725	FOS	JUN	infores:hetionet(primary_knowledge_source);infores:hetionet(aggregator_knowledge_source);infores:automat-robokop(aggregator_knowledge_source)
Q166	e0	e_8	NCBIGene:3725	biolink:physically_interacts_with	UniProtKB:P01100-1	JUN	protein c-Fos isoform 1 (human)	infores:string(primary_knowledge_source);infores:automat-robokop(aggregator_knowledge_source)
Q166	e0	e_9	UniProtKB:P01100-1	biolink:physically_interacts_with	NCBIGene:3725	protein c-Fos isoform 1 (human)	JUN	infores:string(primary_knowledge_source);infores:automat-robokop(aggregator_knowledge_source)
Q166	e0	e_10	NCBIGene:3725	biolink:interacts_with	UniProtKB:P01100-1	JUN	protein c-Fos isoform 1 (human)	infores:string(primary_knowledge_source);infores:automat-robokop(aggregator_knowledge_source)
Q166	e0	e_11	UniProtKB:P01100-1	biolink:interacts_with	NCBIGene:3725	protein c-Fos isoform 1 (human)	JUN	infores:string(primary_knowledge_source);infores:automat-robokop(aggregator_knowledge_source)
Q166	e0	e_12	UniProtKB:P01100-1	biolink:subclass_of	NCBIGene:2353	protein c-Fos isoform 1 (human)	FOS	infores:ubergraph(primary_knowledge_source);infores:automat-robokop(aggregator_knowledge_source)
Q166	e0	e_8_e_12	NCBIGene:3725	biolink:physically_interacts_with	NCBIGene:2353	JUN	FOS	infores:automat-robokop(primary_knowledge_source)
Q166	e0	e_9_e_12	UniProtKB:P01100-1	biolink:physically_interacts_with	NCBIGene:2353	protein c-Fos isoform 1 (human)	FOS	infores:automat-robokop(primary_knowledge_source)
Q166	e0	e_10_e_12	NCBIGene:3725	biolink:interacts_with	NCBIGene:2353	JUN	FOS	infores:automat-robokop(primary_knowledge_source)
Q166	e0	e_11_e_12	UniProtKB:P01100-1	biolink:interacts_with	NCBIGene:2353	protein c-Fos isoform 1 (human)	FOS	infores:automat-robokop(primary_knowledge_source)
Q167	e0	e_1	NCBIGene:2033	biolink:directly_physically_interacts_with	NCBIGene:1385	EP300	CREB1	infores:intact(primary_knowledge_source);infores:automat-robokop(aggregator_knowledge_source)
Q167	e0	e_2	UniProtKB:P16220-1	biolink:physically_interacts_with	NCBIGene:2033	cyclic AMP-responsive element-binding protein 1 isoform 1 (human)	EP300	infores:string(primary_knowledge_source);infores:automat-robokop(aggregator_knowledge_source)
Q167	e0	e_3	NCBIGene:2033	biolink:physically_interacts_with	UniProtKB:P16220-1	EP300	cyclic AMP-responsive element-binding protein 1 isoform 1 (human)	infores:string(primary_knowledge_source);infores:automat-robokop(aggregator_knowledge_source)
Q167	e0	e_4	UniProtKB:P16220-1	biolink:interacts_with	NCBIGene:2033	cyclic AMP-responsive element-binding protein 1 isoform 1 (human)	EP300	infores:string(primary_knowledge_source);infores:automat-robokop(aggregator_knowledge_source)
Q167	e0	e_5	NCBIGene:2033	biolink:interacts_with	UniProtKB:P16220-1	EP300	cyclic AMP-responsive element-binding protein 1 isoform 1 (human)	infores:string(primary_knowledge_source);infores:automat-robokop(aggregator_knowledge_source)
Q167	e0	e_6	NCBIGene:1385	biolink:genetically_interacts_with	NCBIGene:2033	CREB1	EP300	infores:hetionet(primary_knowledge_source);infores:hetionet(aggregator_knowledge_source);infores:automat-robokop(aggregator_knowledge_source)
Q167	e0	e_7	UniProtKB:P16220-1	biolink:subclass_of	NCBIGene:1385	cyclic AMP-responsive element-binding protein 1 isoform 1 (human)	CREB1	infores:ubergraph(primary_knowledge_source);infores:automat-robokop(aggregator_knowledge_source)
Q167	e0	e_2_e_7	NCBIGene:1385	biolink:physically_interacts_with	NCBIGene:2033	CREB1	EP300	infores:automat-robokop(primary_knowledge_source)
Q167	e0	e_3_e_7	NCBIGene:1385	biolink:physically_interacts_with	UniProtKB:P16220-1	CREB1	cyclic AMP-responsive element-binding protein 1 isoform 1 (human)	infores:automat-robokop(primary_knowledge_source)
Q167	e0	e_4_e_7	NCBIGene:1385	biolink:interacts_with	NCBIGene:2033	CREB1	EP300	infores:automat-robokop(primary_knowledge_source)
Q167	e0	e_5_e_7	NCBIGene:1385	biolink:interacts_with	UniProtKB:P16220-1	CREB1	cyclic AMP-responsive element-binding protein 1 isoform 1 (human)	infores:automat-robokop(primary_knowledge_source)
Q168	e0	e_1	NCBIGene:4780	biolink:affects	NCBIGene:9817	NFE2L2	KEAP1	infores:text-mining-provider-targeted(primary_knowledge_source);infores:automat-robokop(aggregator_knowledge_source)
Q168	e0	e_2	NCBIGene:4780	biolink:affects	NCBIGene:9817	NFE2L2	KEAP1	infores:text-mining-provider-targeted(primary_knowledge_source);infores:automat-robokop(aggregator_knowledge_source)
Q168	e0	e_3	NCBIGene:9817	biolink:affects	NCBIGene:4780	KEAP1	NFE2L2	infores:text-mining-provider-targeted(primary_knowledge_source);infores:automat-robokop(aggregator_knowledge_source)
Q168	e0	e_4	NCBIGene:9817	biolink:affects	NCBIGene:4780	KEAP1	NFE2L2	infores:drugmechdb(primary_knowledge_source);infores:automat-robokop(aggregator_knowledge_source)
Q168	e0	e_5	NCBIGene:4780	biolink:directly_physically_interacts_with	NCBIGene:9817	NFE2L2	KEAP1	infores:intact(primary_knowledge_source);infores:automat-robokop(aggregator_knowledge_source)
Q168	e0	e_6	NCBIGene:9817	biolink:directly_physically_interacts_with	NCBIGene:4780	KEAP1	NFE2L2	infores:intact(primary_knowledge_source);infores:automat-robokop(aggregator_knowledge_source)
Q168	e0	e_7	UniProtKB:Q16236-1	biolink:physically_interacts_with	NCBIGene:9817	nuclear factor erythroid 2-related factor 2 isoform h1 (human)	KEAP1	infores:string(primary_knowledge_source);infores:automat-robokop(aggregator_knowledge_source)
Q168	e0	e_8	NCBIGene:9817	biolink:physically_interacts_with	UniProtKB:Q16236-1	KEAP1	nuclear factor erythroid 2-related factor 2 isoform h1 (human)	infores:string(primary_knowledge_source);infores:automat-robokop(aggregator_knowledge_source)
Q168	e0	e_9	NCBIGene:4780	biolink:regulates	NCBIGene:9817	NFE2L2	KEAP1	infores:lincs(primary_knowledge_source);infores:hetionet(aggregator_knowledge_source);infores:automat-robokop(aggregator_knowledge_source)
Q168	e0	e_10	NCBIGene:9817	biolink:regulates	NCBIGene:4780	KEAP1	NFE2L2	infores:signor(primary_knowledge_source);infores:automat-robokop(aggregator_knowledge_source)
Q168	e0	e_11	NCBIGene:9817	biolink:regulates	NCBIGene:4780	KEAP1	NFE2L2	infores:signor(primary_knowledge_source);infores:automat-robokop(aggregator_knowledge_source)
Q168	e0	e_12	NCBIGene:9817	biolink:related_to	NCBIGene:4780	KEAP1	NFE2L2	infores:signor(primary_knowledge_source);infores:automat-robokop(aggregator_knowledge_source)
Q168	e0	e_13	UniProtKB:Q16236-1	biolink:interacts_with	NCBIGene:9817	nuclear factor erythroid 2-related factor 2 isoform h1 (human)	KEAP1	infores:string(primary_knowledge_source);infores:automat-robokop(aggregator_knowledge_source)
Q168	e0	e_14	NCBIGene:9817	biolink:interacts_with	UniProtKB:Q16236-1	KEAP1	nuclear factor erythroid 2-related factor 2 isoform h1 (human)	infores:string(primary_knowledge_source);infores:automat-robokop(aggregator_knowledge_source)
Q168	e0	e_15	NCBIGene:4780	biolink:genetically_interacts_with	NCBIGene:9817	NFE2L2	KEAP1	infores:hetionet(primary_knowledge_source);infores:hetionet(aggregator_knowledge_source);infores:automat-robokop(aggregator_knowledge_source)
Q168	e0	e_16	UniProtKB:Q16236-1	biolink:subclass_of	NCBIGene:4780	nuclear factor erythroid 2-related factor 2 isoform h1 (human)	NFE2L2	infores:ubergraph(primary_knowledge_source);infores:automat-robokop(aggregator_knowledge_source)
Q168	e0	e_7_e_16	NCBIGene:4780	biolink:physically_interacts_with	NCBIGene:9817	NFE2L2	KEAP1	infores:automat-robokop(primary_knowledge_source)
Q168	e0	e_8_e_16	NCBIGene:4780	biolink:physically_interacts_with	UniProtKB:Q16236-1	NFE2L2	nuclear factor erythroid 2-related factor 2 isoform h1 (human)	infores:automat-robokop(primary_knowledge_source)
Q168	e0	e_13_e_16	NCBIGene:4780	biolink:interacts_with	NCBIGene:9817	NFE2L2	KEAP1	infores:automat-robokop(primary_knowledge_source)
Q168	e0	e_14_e_16	NCBIGene:4780	biolink:interacts_with	UniProtKB:Q16236-1	NFE2L2	nuclear factor erythroid 2-related factor 2 isoform h1 (human)	infores:automat-robokop(primary_knowledge_source)
Q169	e0	e_1	NCBIGene:5465	biolink:affects	NCBIGene:6256	PPARA	RXRA	infores:text-mining-provider-targeted(primary_knowledge_source);infores:automat-robokop(aggregator_knowledge_source)
Q169	e0	e_2	NCBIGene:5465	biolink:affects	NCBIGene:6256	PPARA	RXRA	infores:text-mining-provider-targeted(primary_knowledge_source);infores:automat-robokop(aggregator_knowledge_source)
Q169	e0	e_3	NCBIGene:6256	biolink:affects	NCBIGene:5465	RXRA	PPARA	infores:text-mining-provider-targeted(primary_knowledge_source);infores:automat-robokop(aggregator_knowledge_source)
Q169	e0	e_4	NCBIGene:6256	biolink:affects	NCBIGene:5465	RXRA	PPARA	infores:text-mining-provider-targeted(primary_knowledge_source);infores:automat-robokop(aggregator_knowledge_source)
Q169	e0	e_5	NCBIGene:6256	biolink:regulates	NCBIGene:5465	RXRA	PPARA	infores:signor(primary_knowledge_source);infores:automat-robokop(aggregator_knowledge_source)
Q169	e0	e_6	NCBIGene:6256	biolink:related_to	NCBIGene:5465	RXRA	PPARA	infores:signor(primary_knowledge_source);infores:automat-robokop(aggregator_knowledge_source)
Q169	e0	e_7	NCBIGene:5465	biolink:genetically_interacts_with	NCBIGene:6256	PPARA	RXRA	infores:hetionet(primary_knowledge_source);infores:hetionet(aggregator_knowledge_source);infores:automat-robokop(aggregator_knowledge_source)
Q169	e0	e_8	UniProtKB:Q07869-1	biolink:physically_interacts_with	UniProtKB:P19793-1	peroxisome proliferator-activated receptor alpha isoform 1 (human)	retinoic acid receptor RXR-alpha isoform 1 (human)	infores:string(primary_knowledge_source);infores:automat-robokop(aggregator_knowledge_source)
Q169	e0	e_9	UniProtKB:P19793-1	biolink:physically_interacts_with	UniProtKB:Q07869-1	retinoic acid receptor RXR-alpha isoform 1 (human)	peroxisome proliferator-activated receptor alpha isoform 1 (human)	infores:string(primary_knowledge_source);infores:automat-robokop(aggregator_knowledge_source)
Q169	e0	e_10	UniProtKB:Q07869-1	biolink:interacts_with	UniProtKB:P19793-1	peroxisome proliferator-activated receptor alpha isoform 1 (human)	retinoic acid receptor RXR-alpha isoform 1 (human)	infores:string(primary_knowledge_source);infores:automat-robokop(aggregator_knowledge_source)
Q169	e0	e_11	UniProtKB:P19793-1	biolink:interacts_with	UniProtKB:Q07869-1	retinoic acid receptor RXR-alpha isoform 1 (human)	peroxisome proliferator-activated receptor alpha isoform 1 (human)	infores:string(primary_knowledge_source);infores:automat-robokop(aggregator_knowledge_source)
Q169	e0	e_12	UniProtKB:Q07869-1	biolink:subclass_of	NCBIGene:5465	peroxisome proliferator-activated receptor alpha isoform 1 (human)	PPARA	infores:ubergraph(primary_knowledge_source);infores:automat-robokop(aggregator_knowledge_source)
Q169	e0	e_13	UniProtKB:P19793-1	biolink:subclass_of	NCBIGene:6256	retinoic acid receptor RXR-alpha isoform 1 (human)	RXRA	infores:ubergraph(primary_knowledge_source);infores:automat-robokop(aggregator_knowledge_source)
Q169	e0	e_8_e_12_e_13	NCBIGene:5465	biolink:physically_interacts_with	NCBIGene:6256	PPARA	RXRA	infores:automat-robokop(primary_knowledge_source)
Q169	e0	e_9_e_12_e_13	NCBIGene:5465	biolink:physically_interacts_with	NCBIGene:6256	PPARA	RXRA	infores:automat-robokop(primary_knowledge_source)
Q169	e0	e_10_e_12_e_13	NCBIGene:5465	biolink:interacts_with	NCBIGene:6256	PPARA	RXRA	infores:automat-robokop(primary_knowledge_source)
Q169	e0	e_11_e_12_e_13	NCBIGene:5465	biolink:interacts_with	NCBIGene:6256	PPARA	RXRA	infores:automat-robokop(primary_knowledge_source)
Q170	e0	e_1	NCBIGene:2099	biolink:affects	NCBIGene:5241	ESR1	PGR	infores:signor(primary_knowledge_source);infores:automat-robokop(aggregator_knowledge_source)
Q170	e0	e_2	NCBIGene:2099	biolink:directly_physically_interacts_with	NCBIGene:5241	ESR1	PGR	infores:intact(primary_knowledge_source);infores:automat-robokop(aggregator_knowledge_source)
Q170	e0	e_3	NCBIGene:5241	biolink:directly_physically_interacts_with	NCBIGene:2099	PGR	ESR1	infores:intact(primary_knowledge_source);infores:automat-robokop(aggregator_knowledge_source)
Q170	e0	e_4	NCBIGene:2099	biolink:regulates	NCBIGene:5241	ESR1	PGR	infores:signor(primary_knowledge_source);infores:automat-robokop(aggregator_knowledge_source)
Q170	e0	e_5	NCBIGene:5241	biolink:regulates	NCBIGene:2099	PGR	ESR1	infores:signor(primary_knowledge_source);infores:automat-robokop(aggregator_knowledge_source)
Q170	e0	e_6	NCBIGene:2099	biolink:related_to	NCBIGene:5241	ESR1	PGR	infores:signor(primary_knowledge_source);infores:automat-robokop(aggregator_knowledge_source)
Q170	e0	e_7	NCBIGene:5241	biolink:related_to	NCBIGene:2099	PGR	ESR1	infores:signor(primary_knowledge_source);infores:automat-robokop(aggregator_knowledge_source)
Q170	e0	e_8	NCBIGene:2099	biolink:genetically_interacts_with	NCBIGene:5241	ESR1	PGR	infores:hetionet(primary_knowledge_source);infores:automat-robokop(aggregator_knowledge_source)
Q170	e0	e_9	UniProtKB:P03372-1	biolink:physically_interacts_with	UniProtKB:P06401-1	estrogen receptor isoform 1 (human)	progesterone receptor isoform B (human)	infores:string(primary_knowledge_source);infores:automat-robokop(aggregator_knowledge_source)
Q170	e0	e_10	UniProtKB:P06401-1	biolink:physically_interacts_with	UniProtKB:P03372-1	progesterone receptor isoform B (human)	estrogen receptor isoform 1 (human)	infores:string(primary_knowledge_source);infores:automat-robokop(aggregator_knowledge_source)
Q170	e0	e_11	UniProtKB:P03372-1	biolink:subclass_of	NCBIGene:2099	estrogen receptor isoform 1 (human)	ESR1	infores:ubergraph(primary_knowledge_source);infores:automat-robokop(aggregator_knowledge_source)
Q170	e0	e_12	UniProtKB:P06401-1	biolink:subclass_of	NCBIGene:5241	progesterone receptor isoform B (human)	PGR	infores:ubergraph(primary_knowledge_source);infores:automat-robokop(aggregator_knowledge_source)
Q170	e0	e_9_e_11_e_12	NCBIGene:2099	biolink:physically_interacts_with	NCBIGene:5241	ESR1	PGR	infores:automat-robokop(primary_knowledge_source)
Q170	e0	e_10_e_11_e_12	NCBIGene:2099	biolink:physically_interacts_with	NCBIGene:5241	ESR1	PGR	infores:automat-robokop(primary_knowledge_source)
Q171	e0	e_1	NCBIGene:367	biolink:directly_physically_interacts_with	NCBIGene:23028	AR	KDM1A	infores:intact(primary_knowledge_source);infores:automat-robokop(aggregator_knowledge_source)
Q171	e0	e_2	NCBIGene:23028	biolink:directly_physically_interacts_with	NCBIGene:367	KDM1A	AR	infores:intact(primary_knowledge_source);infores:automat-robokop(aggregator_knowledge_source)
Q171	e0	e_3	NCBIGene:367	biolink:genetically_interacts_with	NCBIGene:23028	AR	KDM1A	infores:hetionet(primary_knowledge_source);infores:hetionet(aggregator_knowledge_source);infores:automat-robokop(aggregator_knowledge_source)
Q171	e0	e_4	UniProtKB:P10275-1	biolink:interacts_with	UniProtKB:O60341-2	androgen receptor isoform 1 (human)	lysine-specific histone demethylase 1A isoform h2 (human)	infores:string(primary_knowledge_source);infores:automat-robokop(aggregator_knowledge_source)
Q171	e0	e_5	UniProtKB:O60341-2	biolink:interacts_with	UniProtKB:P10275-1	lysine-specific histone demethylase 1A isoform h2 (human)	androgen receptor isoform 1 (human)	infores:string(primary_knowledge_source);infores:automat-robokop(aggregator_knowledge_source)
Q171	e0	e_6	UniProtKB:P10275-1	biolink:subclass_of	NCBIGene:367	androgen receptor isoform 1 (human)	AR	infores:ubergraph(primary_knowledge_source);infores:automat-robokop(aggregator_knowledge_source)
Q171	e0	e_7	UniProtKB:O60341-2	biolink:subclass_of	NCBIGene:23028	lysine-specific histone demethylase 1A isoform h2 (human)	KDM1A	infores:ubergraph(primary_knowledge_source);infores:automat-robokop(aggregator_knowledge_source)
Q171	e0	e_4_e_6_e_7	NCBIGene:367	biolink:interacts_with	NCBIGene:23028	AR	KDM1A	infores:automat-robokop(primary_knowledge_source)
Q171	e0	e_5_e_6_e_7	NCBIGene:367	biolink:interacts_with	NCBIGene:23028	AR	KDM1A	infores:automat-robokop(primary_knowledge_source)
Q172	e0	e_1	NCBIGene:3091	biolink:affects	NCBIGene:2034	HIF1A	EPAS1	infores:text-mining-provider-targeted(primary_knowledge_source);infores:automat-robokop(aggregator_knowledge_source)
Q172	e0	e_2	NCBIGene:2034	biolink:affects	NCBIGene:3091	EPAS1	HIF1A	infores:text-mining-provider-targeted(primary_knowledge_source);infores:automat-robokop(aggregator_knowledge_source)
Q172	e0	e_3	NCBIGene:2034	biolink:affects	NCBIGene:3091	EPAS1	HIF1A	infores:text-mining-provider-targeted(primary_knowledge_source);infores:automat-robokop(aggregator_knowledge_source)
Q172	e0	e_4	UniProtKB:Q16665-3	biolink:interacts_with	NCBIGene:2034	hypoxia-inducible factor 1-alpha isoform h3 (human)	EPAS1	infores:string(primary_knowledge_source);infores:automat-robokop(aggregator_knowledge_source)
Q172	e0	e_5	NCBIGene:2034	biolink:interacts_with	UniProtKB:Q16665-3	EPAS1	hypoxia-inducible factor 1-alpha isoform h3 (human)	infores:string(primary_knowledge_source);infores:automat-robokop(aggregator_knowledge_source)
Q172	e0	e_6	UniProtKB:Q16665-3	biolink:subclass_of	NCBIGene:3091	hypoxia-inducible factor 1-alpha isoform h3 (human)	HIF1A	infores:ubergraph(primary_knowledge_source);infores:automat-robokop(aggregator_knowledge_source)
Q172	e0	e_4_e_6	NCBIGene:3091	biolink:interacts_with	NCBIGene:2034	HIF1A	EPAS1	infores:automat-robokop(primary_knowledge_source)
Q172	e0	e_5_e_6	NCBIGene:3091	biolink:interacts_with	UniProtKB:Q16665-3	HIF1A	hypoxia-inducible factor 1-alpha isoform h3 (human)	infores:automat-robokop(primary_knowledge_source)
Q173	e0	e_1	NCBIGene:7099	biolink:affects	NCBIGene:4615	TLR4	MYD88	infores:text-mining-provider-targeted(primary_knowledge_source);infores:automat-robokop(aggregator_knowledge_source)
Q173	e0	e_2	NCBIGene:7099	biolink:affects	NCBIGene:4615	TLR4	MYD88	infores:text-mining-provider-targeted(primary_knowledge_source);infores:automat-robokop(aggregator_knowledge_source)
Q173	e0	e_3	NCBIGene:4615	biolink:affects	NCBIGene:7099	MYD88	TLR4	infores:text-mining-provider-targeted(primary_knowledge_source);infores:automat-robokop(aggregator_knowledge_source)
Q173	e0	e_4	NCBIGene:4615	biolink:affects	NCBIGene:7099	MYD88	TLR4	infores:text-mining-provider-targeted(primary_knowledge_source);infores:automat-robokop(aggregator_knowledge_source)
Q173	e0	e_5	NCBIGene:7099	biolink:directly_physically_interacts_with	NCBIGene:4615	TLR4	MYD88	infores:intact(primary_knowledge_source);infores:automat-robokop(aggregator_knowledge_source)
Q173	e0	e_6	NCBIGene:4615	biolink:directly_physically_interacts_with	NCBIGene:7099	MYD88	TLR4	infores:intact(primary_knowledge_source);infores:automat-robokop(aggregator_knowledge_source)
Q173	e0	e_7	NCBIGene:7099	biolink:regulates	NCBIGene:4615	TLR4	MYD88	infores:signor(primary_knowledge_source);infores:automat-robokop(aggregator_knowledge_source)
Q173	e0	e_8	NCBIGene:7099	biolink:related_to	NCBIGene:4615	TLR4	MYD88	infores:signor(primary_knowledge_source);infores:automat-robokop(aggregator_knowledge_source)
Q173	e0	e_9	NCBIGene:4615	biolink:genetically_interacts_with	NCBIGene:7099	MYD88	TLR4	infores:hetionet(primary_knowledge_source);infores:hetionet(aggregator_knowledge_source);infores:automat-robokop(aggregator_knowledge_source)
Q174	e0	e_1	NCBIGene:64127	biolink:affects	NCBIGene:8767	NOD2	RIPK2	infores:text-mining-provider-targeted(primary_knowledge_source);infores:automat-robokop(aggregator_knowledge_source)
Q174	e0	e_2	NCBIGene:64127	biolink:affects	NCBIGene:8767	NOD2	RIPK2	infores:text-mining-provider-targeted(primary_knowledge_source);infores:automat-robokop(aggregator_knowledge_source)
Q174	e0	e_3	NCBIGene:8767	biolink:affects	NCBIGene:64127	RIPK2	NOD2	infores:text-mining-provider-targeted(primary_knowledge_source);infores:automat-robokop(aggregator_knowledge_source)
Q174	e0	e_4	NCBIGene:8767	biolink:affects	NCBIGene:64127	RIPK2	NOD2	infores:text-mining-provider-targeted(primary_knowledge_source);infores:automat-robokop(aggregator_knowledge_source)
Q174	e0	e_5	NCBIGene:64127	biolink:directly_physically_interacts_with	NCBIGene:8767	NOD2	RIPK2	infores:intact(primary_knowledge_source);infores:automat-robokop(aggregator_knowledge_source)
Q174	e0	e_6	NCBIGene:8767	biolink:directly_physically_interacts_with	NCBIGene:64127	RIPK2	NOD2	infores:intact(primary_knowledge_source);infores:automat-robokop(aggregator_knowledge_source)
Q174	e0	e_7	NCBIGene:64127	biolink:regulates	NCBIGene:8767	NOD2	RIPK2	infores:signor(primary_knowledge_source);infores:automat-robokop(aggregator_knowledge_source)
Q174	e0	e_8	NCBIGene:64127	biolink:related_to	NCBIGene:8767	NOD2	RIPK2	infores:signor(primary_knowledge_source);infores:automat-robokop(aggregator_knowledge_source)
Q174	e0	e_9	NCBIGene:8767	biolink:genetically_interacts_with	NCBIGene:64127	RIPK2	NOD2	infores:hetionet(primary_knowledge_source);infores:hetionet(aggregator_knowledge_source);infores:automat-robokop(aggregator_knowledge_source)
Q174	e0	e_10	UniProtKB:Q9HC29-1	biolink:physically_interacts_with	UniProtKB:O43353-1	nucleotide-binding oligomerization domain-containing protein 2 isoform h1 (human)	receptor-interacting serine/threonine-protein kinase 2 isoform h1 (human)	infores:string(primary_knowledge_source);infores:automat-robokop(aggregator_knowledge_source)
Q174	e0	e_11	UniProtKB:O43353-1	biolink:physically_interacts_with	UniProtKB:Q9HC29-1	receptor-interacting serine/threonine-protein kinase 2 isoform h1 (human)	nucleotide-binding oligomerization domain-containing protein 2 isoform h1 (human)	infores:string(primary_knowledge_source);infores:automat-robokop(aggregator_knowledge_source)
Q174	e0	e_12	UniProtKB:Q9HC29-1	biolink:interacts_with	UniProtKB:O43353-1	nucleotide-binding oligomerization domain-containing protein 2 isoform h1 (human)	receptor-interacting serine/threonine-protein kinase 2 isoform h1 (human)	infores:string(primary_knowledge_source);infores:automat-robokop(aggregator_knowledge_source)
Q174	e0	e_13	UniProtKB:O43353-1	biolink:interacts_with	UniProtKB:Q9HC29-1	receptor-interacting serine/threonine-protein kinase 2 isoform h1 (human)	nucleotide-binding oligomerization domain-containing protein 2 isoform h1 (human)	infores:string(primary_knowledge_source);infores:automat-robokop(aggregator_knowledge_source)
Q174	e0	e_14	UniProtKB:Q9HC29-1	biolink:subclass_of	NCBIGene:64127	nucleotide-binding oligomerization domain-containing protein 2 isoform h1 (human)	NOD2	infores:ubergraph(primary_knowledge_source);infores:automat-robokop(aggregator_knowledge_source)
Q174	e0	e_15	UniProtKB:O43353-1	biolink:subclass_of	NCBIGene:8767	receptor-interacting serine/threonine-protein kinase 2 isoform h1 (human)	RIPK2	infores:ubergraph(primary_knowledge_source);infores:automat-robokop(aggregator_knowledge_source)
Q174	e0	e_10_e_14_e_15	NCBIGene:64127	biolink:physically_interacts_with	NCBIGene:8767	NOD2	RIPK2	infores:automat-robokop(primary_knowledge_source)
Q174	e0	e_11_e_14_e_15	NCBIGene:64127	biolink:physically_interacts_with	NCBIGene:8767	NOD2	RIPK2	infores:automat-robokop(primary_knowledge_source)
Q174	e0	e_12_e_14_e_15	NCBIGene:64127	biolink:interacts_with	NCBIGene:8767	NOD2	RIPK2	infores:automat-robokop(primary_knowledge_source)
Q174	e0	e_13_e_14_e_15	NCBIGene:64127	biolink:interacts_with	NCBIGene:8767	NOD2	RIPK2	infores:automat-robokop(primary_knowledge_source)
Q175	e0	e_1	NCBIGene:836	biolink:affects	NCBIGene:842	CASP3	CASP9	infores:text-mining-provider-targeted(primary_knowledge_source);infores:automat-robokop(aggregator_knowledge_source)
Q175	e0	e_2	NCBIGene:842	biolink:affects	NCBIGene:836	CASP9	CASP3	infores:text-mining-provider-targeted(primary_knowledge_source);infores:automat-robokop(aggregator_knowledge_source)
Q175	e0	e_3	NCBIGene:842	biolink:affects	NCBIGene:836	CASP9	CASP3	infores:text-mining-provider-targeted(primary_knowledge_source);infores:automat-robokop(aggregator_knowledge_source)
Q175	e0	e_4	NCBIGene:836	biolink:directly_physically_interacts_with	NCBIGene:842	CASP3	CASP9	infores:intact(primary_knowledge_source);infores:automat-robokop(aggregator_knowledge_source)
Q175	e0	e_5	NCBIGene:842	biolink:directly_physically_interacts_with	NCBIGene:836	CASP9	CASP3	infores:intact(primary_knowledge_source);infores:automat-robokop(aggregator_knowledge_source)
Q175	e0	e_6	NCBIGene:836	biolink:regulates	NCBIGene:842	CASP3	CASP9	infores:signor(primary_knowledge_source);infores:automat-robokop(aggregator_knowledge_source)
Q175	e0	e_7	NCBIGene:836	biolink:regulates	NCBIGene:842	CASP3	CASP9	infores:signor(primary_knowledge_source);infores:automat-robokop(aggregator_knowledge_source)
Q175	e0	e_8	NCBIGene:842	biolink:regulates	NCBIGene:836	CASP9	CASP3	infores:signor(primary_knowledge_source);infores:automat-robokop(aggregator_knowledge_source)
Q175	e0	e_9	NCBIGene:842	biolink:regulates	NCBIGene:836	CASP9	CASP3	infores:signor(primary_knowledge_source);infores:automat-robokop(aggregator_knowledge_source)
Q175	e0	e_10	NCBIGene:836	biolink:related_to	NCBIGene:842	CASP3	CASP9	infores:signor(primary_knowledge_source);infores:automat-robokop(aggregator_knowledge_source)
Q175	e0	e_11	NCBIGene:836	biolink:related_to	NCBIGene:842	CASP3	CASP9	infores:signor(primary_knowledge_source);infores:automat-robokop(aggregator_knowledge_source)
Q175	e0	e_12	NCBIGene:842	biolink:related_to	NCBIGene:836	CASP9	CASP3	infores:signor(primary_knowledge_source);infores:automat-robokop(aggregator_knowledge_source)
Q175	e0	e_13	NCBIGene:842	biolink:related_to	NCBIGene:836	CASP9	CASP3	infores:signor(primary_knowledge_source);infores:automat-robokop(aggregator_knowledge_source)
Q175	e0	e_14	NCBIGene:836	biolink:genetically_interacts_with	NCBIGene:842	CASP3	CASP9	infores:hetionet(primary_knowledge_source);infores:hetionet(aggregator_knowledge_source);infores:automat-robokop(aggregator_knowledge_source)
Q175	e0	e_15	NCBIGene:836	biolink:physically_interacts_with	UniProtKB:P55211-1	CASP3	caspase-9 isoform 1 (human)	infores:string(primary_knowledge_source);infores:automat-robokop(aggregator_knowledge_source)
Q175	e0	e_16	UniProtKB:P55211-1	biolink:physically_interacts_with	NCBIGene:836	caspase-9 isoform 1 (human)	CASP3	infores:string(primary_knowledge_source);infores:automat-robokop(aggregator_knowledge_source)
Q175	e0	e_17	NCBIGene:836	biolink:interacts_with	UniProtKB:P55211-1	CASP3	caspase-9 isoform 1 (human)	infores:string(primary_knowledge_source);infores:automat-robokop(aggregator_knowledge_source)
Q175	e0	e_18	UniProtKB:P55211-1	biolink:interacts_with	NCBIGene:836	caspase-9 isoform 1 (human)	CASP3	infores:string(primary_knowledge_source);infores:automat-robokop(aggregator_knowledge_source)
Q175	e0	e_19	UniProtKB:P55211-1	biolink:subclass_of	NCBIGene:842	caspase-9 isoform 1 (human)	CASP9	infores:ubergraph(primary_knowledge_source);infores:automat-robokop(aggregator_knowledge_source)
Q175	e0	e_15_e_19	NCBIGene:836	biolink:physically_interacts_with	NCBIGene:842	CASP3	CASP9	infores:automat-robokop(primary_knowledge_source)
Q175	e0	e_16_e_19	UniProtKB:P55211-1	biolink:physically_interacts_with	NCBIGene:842	caspase-9 isoform 1 (human)	CASP9	infores:automat-robokop(primary_knowledge_source)
Q175	e0	e_17_e_19	NCBIGene:836	biolink:interacts_with	NCBIGene:842	CASP3	CASP9	infores:automat-robokop(primary_knowledge_source)
Q175	e0	e_18_e_19	UniProtKB:P55211-1	biolink:interacts_with	NCBIGene:842	caspase-9 isoform 1 (human)	CASP9	infores:automat-robokop(primary_knowledge_source)
Q176	e0	e_1	NCBIGene:596	biolink:affects	NCBIGene:581	BCL2	BAX	infores:text-mining-provider-targeted(primary_knowledge_source);infores:automat-robokop(aggregator_knowledge_source)
Q176	e0	e_2	NCBIGene:581	biolink:affects	NCBIGene:596	BAX	BCL2	infores:text-mining-provider-targeted(primary_knowledge_source);infores:automat-robokop(aggregator_knowledge_source)
Q176	e0	e_3	NCBIGene:596	biolink:directly_physically_interacts_with	NCBIGene:581	BCL2	BAX	infores:intact(primary_knowledge_source);infores:automat-robokop(aggregator_knowledge_source)
Q176	e0	e_4	NCBIGene:581	biolink:directly_physically_interacts_with	NCBIGene:596	BAX	BCL2	infores:intact(primary_knowledge_source);infores:automat-robokop(aggregator_knowledge_source)
Q176	e0	e_5	NCBIGene:596	biolink:regulates	NCBIGene:581	BCL2	BAX	infores:signor(primary_knowledge_source);infores:automat-robokop(aggregator_knowledge_source)
Q176	e0	e_6	NCBIGene:596	biolink:regulates	NCBIGene:581	BCL2	BAX	infores:signor(primary_knowledge_source);infores:automat-robokop(aggregator_knowledge_source)
Q176	e0	e_7	NCBIGene:581	biolink:regulates	NCBIGene:596	BAX	BCL2	infores:signor(primary_knowledge_source);infores:automat-robokop(aggregator_knowledge_source)
Q176	e0	e_8	NCBIGene:596	biolink:related_to	NCBIGene:581	BCL2	BAX	infores:signor(primary_knowledge_source);infores:automat-robokop(aggregator_knowledge_source)
Q176	e0	e_9	NCBIGene:596	biolink:related_to	NCBIGene:581	BCL2	BAX	infores:signor(primary_knowledge_source);infores:automat-robokop(aggregator_knowledge_source)
Q176	e0	e_10	NCBIGene:581	biolink:related_to	NCBIGene:596	BAX	BCL2	infores:signor(primary_knowledge_source);infores:automat-robokop(aggregator_knowledge_source)
Q176	e0	e_11	NCBIGene:581	biolink:genetically_interacts_with	NCBIGene:596	BAX	BCL2	infores:hetionet(primary_knowledge_source);infores:hetionet(aggregator_knowledge_source);infores:automat-robokop(aggregator_knowledge_source)
Q176	e0	e_12	UniProtKB:P10415-1	biolink:physically_interacts_with	UniProtKB:Q07812-2	apoptosis regulator Bcl-2 isoform Alpha (human)	apoptosis regulator BAX isoform beta (human)	infores:string(primary_knowledge_source);infores:automat-robokop(aggregator_knowledge_source)
Q176	e0	e_13	UniProtKB:Q07812-2	biolink:physically_interacts_with	UniProtKB:P10415-1	apoptosis regulator BAX isoform beta (human)	apoptosis regulator Bcl-2 isoform Alpha (human)	infores:string(primary_knowledge_source);infores:automat-robokop(aggregator_knowledge_source)
Q176	e0	e_14	UniProtKB:P10415-1	biolink:interacts_with	UniProtKB:Q07812-2	apoptosis regulator Bcl-2 isoform Alpha (human)	apoptosis regulator BAX isoform beta (human)	infores:string(primary_knowledge_source);infores:automat-robokop(aggregator_knowledge_source)
Q176	e0	e_15	UniProtKB:Q07812-2	biolink:interacts_with	UniProtKB:P10415-1	apoptosis regulator BAX isoform beta (human)	apoptosis regulator Bcl-2 isoform Alpha (human)	infores:string(primary_knowledge_source);infores:automat-robokop(aggregator_knowledge_source)
Q176	e0	e_16	UniProtKB:P10415-1	biolink:subclass_of	NCBIGene:596	apoptosis regulator Bcl-2 isoform Alpha (human)	BCL2	infores:ubergraph(primary_knowledge_source);infores:automat-robokop(aggregator_knowledge_source)
Q176	e0	e_17	UniProtKB:Q07812-2	biolink:subclass_of	NCBIGene:581	apoptosis regulator BAX isoform beta (human)	BAX	infores:ubergraph(primary_knowledge_source);infores:automat-robokop(aggregator_knowledge_source)
Q176	e0	e_12_e_16_e_17	NCBIGene:596	biolink:physically_interacts_with	NCBIGene:581	BCL2	BAX	infores:automat-robokop(primary_knowledge_source)
Q176	e0	e_13_e_16_e_17	NCBIGene:596	biolink:physically_interacts_with	NCBIGene:581	BCL2	BAX	infores:automat-robokop(primary_knowledge_source)
Q176	e0	e_14_e_16_e_17	NCBIGene:596	biolink:interacts_with	NCBIGene:581	BCL2	BAX	infores:automat-robokop(primary_knowledge_source)
Q176	e0	e_15_e_16_e_17	NCBIGene:596	biolink:interacts_with	NCBIGene:581	BCL2	BAX	infores:automat-robokop(primary_knowledge_source)
Q177	e0	e_1	NCBIGene:4851	biolink:affects	NCBIGene:182	NOTCH1	JAG1	infores:text-mining-provider-targeted(primary_knowledge_source);infores:automat-robokop(aggregator_knowledge_source)
Q177	e0	e_2	NCBIGene:4851	biolink:affects	NCBIGene:182	NOTCH1	JAG1	infores:text-mining-provider-targeted(primary_knowledge_source);infores:automat-robokop(aggregator_knowledge_source)
Q177	e0	e_3	NCBIGene:182	biolink:affects	NCBIGene:4851	JAG1	NOTCH1	infores:text-mining-provider-targeted(primary_knowledge_source);infores:automat-robokop(aggregator_knowledge_source)
Q177	e0	e_4	NCBIGene:182	biolink:affects	NCBIGene:4851	JAG1	NOTCH1	infores:text-mining-provider-targeted(primary_knowledge_source);infores:automat-robokop(aggregator_knowledge_source)
Q177	e0	e_5	NCBIGene:4851	biolink:directly_physically_interacts_with	NCBIGene:182	NOTCH1	JAG1	infores:intact(primary_knowledge_source);infores:automat-robokop(aggregator_knowledge_source)
Q177	e0	e_6	NCBIGene:182	biolink:directly_physically_interacts_with	NCBIGene:4851	JAG1	NOTCH1	infores:ccidb(primary_knowledge_source);infores:automat-robokop(aggregator_knowledge_source)
Q177	e0	e_7	NCBIGene:182	biolink:regulates	NCBIGene:4851	JAG1	NOTCH1	infores:signor(primary_knowledge_source);infores:automat-robokop(aggregator_knowledge_source)
Q177	e0	e_8	NCBIGene:182	biolink:related_to	NCBIGene:4851	JAG1	NOTCH1	infores:signor(primary_knowledge_source);infores:automat-robokop(aggregator_knowledge_source)
Q177	e0	e_9	NCBIGene:182	biolink:genetically_interacts_with	NCBIGene:4851	JAG1	NOTCH1	infores:hetionet(primary_knowledge_source);infores:hetionet(aggregator_knowledge_source);infores:automat-robokop(aggregator_knowledge_source)
Q177	e0	e_10	NCBIGene:4851	biolink:physically_interacts_with	UniProtKB:P78504-1	NOTCH1	protein jagged-1 isoform 1 (human)	infores:string(primary_knowledge_source);infores:automat-robokop(aggregator_knowledge_source)
Q177	e0	e_11	UniProtKB:P78504-1	biolink:physically_interacts_with	NCBIGene:4851	protein jagged-1 isoform 1 (human)	NOTCH1	infores:string(primary_knowledge_source);infores:automat-robokop(aggregator_knowledge_source)
Q177	e0	e_12	NCBIGene:4851	biolink:interacts_with	UniProtKB:P78504-1	NOTCH1	protein jagged-1 isoform 1 (human)	infores:string(primary_knowledge_source);infores:automat-robokop(aggregator_knowledge_source)
Q177	e0	e_13	UniProtKB:P78504-1	biolink:interacts_with	NCBIGene:4851	protein jagged-1 isoform 1 (human)	NOTCH1	infores:string(primary_knowledge_source);infores:automat-robokop(aggregator_knowledge_source)
Q177	e0	e_14	UniProtKB:P78504-1	biolink:subclass_of	NCBIGene:182	protein jagged-1 isoform 1 (human)	JAG1	infores:ubergraph(primary_knowledge_source);infores:automat-robokop(aggregator_knowledge_source)
Q177	e0	e_10_e_14	NCBIGene:4851	biolink:physically_interacts_with	NCBIGene:182	NOTCH1	JAG1	infores:automat-robokop(primary_knowledge_source)
Q177	e0	e_11_e_14	UniProtKB:P78504-1	biolink:physically_interacts_with	NCBIGene:182	protein jagged-1 isoform 1 (human)	JAG1	infores:automat-robokop(primary_knowledge_source)
Q177	e0	e_12_e_14	NCBIGene:4851	biolink:interacts_with	NCBIGene:182	NOTCH1	JAG1	infores:automat-robokop(primary_knowledge_source)
Q177	e0	e_13_e_14	UniProtKB:P78504-1	biolink:interacts_with	NCBIGene:182	protein jagged-1 isoform 1 (human)	JAG1	infores:automat-robokop(primary_knowledge_source)
Q178	e0	e_1	NCBIGene:3845	biolink:directly_physically_interacts_with	NCBIGene:5894	KRAS	RAF1	infores:intact(primary_knowledge_source);infores:automat-robokop(aggregator_knowledge_source)
Q178	e0	e_2	NCBIGene:5894	biolink:directly_physically_interacts_with	NCBIGene:3845	RAF1	KRAS	infores:intact(primary_knowledge_source);infores:automat-robokop(aggregator_knowledge_source)
Q178	e0	e_3	NCBIGene:3845	biolink:regulates	NCBIGene:5894	KRAS	RAF1	infores:signor(primary_knowledge_source);infores:automat-robokop(aggregator_knowledge_source)
Q178	e0	e_4	NCBIGene:3845	biolink:related_to	NCBIGene:5894	KRAS	RAF1	infores:signor(primary_knowledge_source);infores:automat-robokop(aggregator_knowledge_source)
Q178	e0	e_5	NCBIGene:3845	biolink:genetically_interacts_with	NCBIGene:5894	KRAS	RAF1	infores:hetionet(primary_knowledge_source);infores:hetionet(aggregator_knowledge_source);infores:automat-robokop(aggregator_knowledge_source)
Q178	e0	e_6	UniProtKB:P01116-1	biolink:physically_interacts_with	UniProtKB:P04049-2	GTPase KRas isoform 2A (human)	RAF proto-oncogene serine/threonine-protein kinase isoform 2 (human)	infores:string(primary_knowledge_source);infores:automat-robokop(aggregator_knowledge_source)
Q178	e0	e_7	UniProtKB:P04049-2	biolink:physically_interacts_with	UniProtKB:P01116-1	RAF proto-oncogene serine/threonine-protein kinase isoform 2 (human)	GTPase KRas isoform 2A (human)	infores:string(primary_knowledge_source);infores:automat-robokop(aggregator_knowledge_source)
Q178	e0	e_8	UniProtKB:P01116-1	biolink:interacts_with	UniProtKB:P04049-2	GTPase KRas isoform 2A (human)	RAF proto-oncogene serine/threonine-protein kinase isoform 2 (human)	infores:string(primary_knowledge_source);infores:automat-robokop(aggregator_knowledge_source)
Q178	e0	e_9	UniProtKB:P04049-2	biolink:interacts_with	UniProtKB:P01116-1	RAF proto-oncogene serine/threonine-protein kinase isoform 2 (human)	GTPase KRas isoform 2A (human)	infores:string(primary_knowledge_source);infores:automat-robokop(aggregator_knowledge_source)
Q178	e0	e_10	UniProtKB:P01116-1	biolink:subclass_of	NCBIGene:3845	GTPase KRas isoform 2A (human)	KRAS	infores:ubergraph(primary_knowledge_source);infores:automat-robokop(aggregator_knowledge_source)
Q178	e0	e_11	UniProtKB:P04049-2	biolink:subclass_of	NCBIGene:5894	RAF proto-oncogene serine/threonine-protein kinase isoform 2 (human)	RAF1	infores:ubergraph(primary_knowledge_source);infores:automat-robokop(aggregator_knowledge_source)
Q178	e0	e_6_e_10_e_11	NCBIGene:3845	biolink:physically_interacts_with	NCBIGene:5894	KRAS	RAF1	infores:automat-robokop(primary_knowledge_source)
Q178	e0	e_7_e_10_e_11	NCBIGene:3845	biolink:physically_interacts_with	NCBIGene:5894	KRAS	RAF1	infores:automat-robokop(primary_knowledge_source)
Q178	e0	e_8_e_10_e_11	NCBIGene:3845	biolink:interacts_with	NCBIGene:5894	KRAS	RAF1	infores:automat-robokop(primary_knowledge_source)
Q178	e0	e_9_e_10_e_11	NCBIGene:3845	biolink:interacts_with	NCBIGene:5894	KRAS	RAF1	infores:automat-robokop(primary_knowledge_source)
Q179	e0	e_1	NCBIGene:5290	biolink:affects	NCBIGene:207	PIK3CA	AKT1	infores:text-mining-provider-targeted(primary_knowledge_source);infores:automat-robokop(aggregator_knowledge_source)
Q179	e0	e_2	NCBIGene:5290	biolink:affects	NCBIGene:207	PIK3CA	AKT1	infores:psite-plus(primary_knowledge_source);infores:kinace(aggregator_knowledge_source);infores:automat-robokop(aggregator_knowledge_source)
Q179	e0	e_3	NCBIGene:5290	biolink:affects	NCBIGene:207	PIK3CA	AKT1	infores:text-mining-provider-targeted(primary_knowledge_source);infores:automat-robokop(aggregator_knowledge_source)
Q179	e0	e_4	NCBIGene:207	biolink:affects	NCBIGene:5290	AKT1	PIK3CA	infores:text-mining-provider-targeted(primary_knowledge_source);infores:automat-robokop(aggregator_knowledge_source)
Q179	e0	e_5	NCBIGene:5290	biolink:directly_physically_interacts_with	NCBIGene:207	PIK3CA	AKT1	infores:intact(primary_knowledge_source);infores:automat-robokop(aggregator_knowledge_source)
Q179	e0	e_6	NCBIGene:5290	biolink:regulates	NCBIGene:207	PIK3CA	AKT1	infores:signor(primary_knowledge_source);infores:automat-robokop(aggregator_knowledge_source)
Q179	e0	e_7	NCBIGene:5290	biolink:regulates	NCBIGene:207	PIK3CA	AKT1	infores:signor(primary_knowledge_source);infores:automat-robokop(aggregator_knowledge_source)
Q179	e0	e_8	NCBIGene:5290	biolink:regulates	NCBIGene:207	PIK3CA	AKT1	infores:signor(primary_knowledge_source);infores:automat-robokop(aggregator_knowledge_source)
Q179	e0	e_9	NCBIGene:5290	biolink:interacts_with	UniProtKB:P31749-1	PIK3CA	RAC-alpha serine/threonine-protein kinase isoform 1 (human)	infores:string(primary_knowledge_source);infores:automat-robokop(aggregator_knowledge_source)
Q179	e0	e_10	UniProtKB:P31749-1	biolink:interacts_with	NCBIGene:5290	RAC-alpha serine/threonine-protein kinase isoform 1 (human)	PIK3CA	infores:string(primary_knowledge_source);infores:automat-robokop(aggregator_knowledge_source)
Q179	e0	e_11	UniProtKB:P31749-1	biolink:subclass_of	NCBIGene:207	RAC-alpha serine/threonine-protein kinase isoform 1 (human)	AKT1	infores:ubergraph(primary_knowledge_source);infores:automat-robokop(aggregator_knowledge_source)
Q179	e0	e_9_e_11	NCBIGene:5290	biolink:interacts_with	NCBIGene:207	PIK3CA	AKT1	infores:automat-robokop(primary_knowledge_source)
Q179	e0	e_10_e_11	UniProtKB:P31749-1	biolink:interacts_with	NCBIGene:207	RAC-alpha serine/threonine-protein kinase isoform 1 (human)	AKT1	infores:automat-robokop(primary_knowledge_source)
Q180	e0	e_1	NCBIGene:5728	biolink:affects	NCBIGene:5290	PTEN	PIK3CA	infores:text-mining-provider-targeted(primary_knowledge_source);infores:automat-robokop(aggregator_knowledge_source)
Q180	e0	e_2	NCBIGene:5290	biolink:affects	NCBIGene:5728	PIK3CA	PTEN	infores:text-mining-provider-targeted(primary_knowledge_source);infores:automat-robokop(aggregator_knowledge_source)
Q180	e0	e_3	NCBIGene:5290	biolink:directly_physically_interacts_with	NCBIGene:5728	PIK3CA	PTEN	infores:intact(primary_knowledge_source);infores:automat-robokop(aggregator_knowledge_source)
Q180	e0	e_4	NCBIGene:5728	biolink:regulates	NCBIGene:5290	PTEN	PIK3CA	infores:signor(primary_knowledge_source);infores:automat-robokop(aggregator_knowledge_source)
Q180	e0	e_5	UniProtKB:P60484-1	biolink:interacts_with	NCBIGene:5290	phosphatidylinositol 3,4,5-trisphosphate 3-phosphatase and dual-specificity protein phosphatase PTEN isoform 1 (human)	PIK3CA	infores:string(primary_knowledge_source);infores:automat-robokop(aggregator_knowledge_source)
Q180	e0	e_6	NCBIGene:5290	biolink:interacts_with	UniProtKB:P60484-1	PIK3CA	phosphatidylinositol 3,4,5-trisphosphate 3-phosphatase and dual-specificity protein phosphatase PTEN isoform 1 (human)	infores:string(primary_knowledge_source);infores:automat-robokop(aggregator_knowledge_source)
Q180	e0	e_7	UniProtKB:P60484-1	biolink:subclass_of	NCBIGene:5728	phosphatidylinositol 3,4,5-trisphosphate 3-phosphatase and dual-specificity protein phosphatase PTEN isoform 1 (human)	PTEN	infores:ubergraph(primary_knowledge_source);infores:automat-robokop(aggregator_knowledge_source)
Q180	e0	e_5_e_7	NCBIGene:5728	biolink:interacts_with	NCBIGene:5290	PTEN	PIK3CA	infores:automat-robokop(primary_knowledge_source)
Q180	e0	e_6_e_7	NCBIGene:5728	biolink:interacts_with	UniProtKB:P60484-1	PTEN	phosphatidylinositol 3,4,5-trisphosphate 3-phosphatase and dual-specificity protein phosphatase PTEN isoform 1 (human)	infores:automat-robokop(primary_knowledge_source)
Q181	e0	e_1	NCBIGene:672	biolink:affects	NCBIGene:580	BRCA1	BARD1	infores:text-mining-provider-targeted(primary_knowledge_source);infores:automat-robokop(aggregator_knowledge_source)
Q181	e0	e_2	NCBIGene:580	biolink:affects	NCBIGene:672	BARD1	BRCA1	infores:text-mining-provider-targeted(primary_knowledge_source);infores:automat-robokop(aggregator_knowledge_source)
Q181	e0	e_3	NCBIGene:580	biolink:affects	NCBIGene:672	BARD1	BRCA1	infores:text-mining-provider-targeted(primary_knowledge_source);infores:automat-robokop(aggregator_knowledge_source)
Q181	e0	e_4	NCBIGene:672	biolink:directly_physically_interacts_with	NCBIGene:580	BRCA1	BARD1	infores:intact(primary_knowledge_source);infores:automat-robokop(aggregator_knowledge_source)
Q181	e0	e_5	NCBIGene:580	biolink:directly_physically_interacts_with	NCBIGene:672	BARD1	BRCA1	infores:intact(primary_knowledge_source);infores:automat-robokop(aggregator_knowledge_source)
Q181	e0	e_6	NCBIGene:580	biolink:regulates	NCBIGene:672	BARD1	BRCA1	infores:signor(primary_knowledge_source);infores:automat-robokop(aggregator_knowledge_source)
Q181	e0	e_7	NCBIGene:580	biolink:related_to	NCBIGene:672	BARD1	BRCA1	infores:signor(primary_knowledge_source);infores:automat-robokop(aggregator_knowledge_source)
Q181	e0	e_8	NCBIGene:580	biolink:genetically_interacts_with	NCBIGene:672	BARD1	BRCA1	infores:hetionet(primary_knowledge_source);infores:hetionet(aggregator_knowledge_source);infores:automat-robokop(aggregator_knowledge_source)
Q181	e0	e_9	UniProtKB:P38398-7	biolink:physically_interacts_with	UniProtKB:Q99728-1	breast cancer type 1 susceptibility protein isoform h7 (human)	BRCA1-associated RING domain protein 1 isoform h1 (human)	infores:string(primary_knowledge_source);infores:automat-robokop(aggregator_knowledge_source)
Q181	e0	e_10	UniProtKB:Q99728-1	biolink:physically_interacts_with	UniProtKB:P38398-7	BRCA1-associated RING domain protein 1 isoform h1 (human)	breast cancer type 1 susceptibility protein isoform h7 (human)	infores:string(primary_knowledge_source);infores:automat-robokop(aggregator_knowledge_source)
Q181	e0	e_11	UniProtKB:P38398-7	biolink:interacts_with	UniProtKB:Q99728-1	breast cancer type 1 susceptibility protein isoform h7 (human)	BRCA1-associated RING domain protein 1 isoform h1 (human)	infores:string(primary_knowledge_source);infores:automat-robokop(aggregator_knowledge_source)
Q181	e0	e_12	UniProtKB:Q99728-1	biolink:interacts_with	UniProtKB:P38398-7	BRCA1-associated RING domain protein 1 isoform h1 (human)	breast cancer type 1 susceptibility protein isoform h7 (human)	infores:string(primary_knowledge_source);infores:automat-robokop(aggregator_knowledge_source)
Q181	e0	e_13	UniProtKB:P38398-7	biolink:subclass_of	NCBIGene:672	breast cancer type 1 susceptibility protein isoform h7 (human)	BRCA1	infores:ubergraph(primary_knowledge_source);infores:automat-robokop(aggregator_knowledge_source)
Q181	e0	e_14	UniProtKB:Q99728-1	biolink:subclass_of	NCBIGene:580	BRCA1-associated RING domain protein 1 isoform h1 (human)	BARD1	infores:ubergraph(primary_knowledge_source);infores:automat-robokop(aggregator_knowledge_source)
Q181	e0	e_9_e_13_e_14	NCBIGene:672	biolink:physically_interacts_with	NCBIGene:580	BRCA1	BARD1	infores:automat-robokop(primary_knowledge_source)
Q181	e0	e_10_e_13_e_14	NCBIGene:672	biolink:physically_interacts_with	NCBIGene:580	BRCA1	BARD1	infores:automat-robokop(primary_knowledge_source)
Q181	e0	e_11_e_13_e_14	NCBIGene:672	biolink:interacts_with	NCBIGene:580	BRCA1	BARD1	infores:automat-robokop(primary_knowledge_source)
Q181	e0	e_12_e_13_e_14	NCBIGene:672	biolink:interacts_with	NCBIGene:580	BRCA1	BARD1	infores:automat-robokop(primary_knowledge_source)
Q182	e0	e_1	NCBIGene:5888	biolink:affects	NCBIGene:675	RAD51	BRCA2	infores:text-mining-provider-targeted(primary_knowledge_source);infores:automat-robokop(aggregator_knowledge_source)
Q182	e0	e_2	NCBIGene:5888	biolink:affects	NCBIGene:675	RAD51	BRCA2	infores:text-mining-provider-targeted(primary_knowledge_source);infores:automat-robokop(aggregator_knowledge_source)
Q182	e0	e_3	NCBIGene:675	biolink:affects	NCBIGene:5888	BRCA2	RAD51	infores:text-mining-provider-targeted(primary_knowledge_source);infores:automat-robokop(aggregator_knowledge_source)
Q182	e0	e_4	NCBIGene:675	biolink:affects	NCBIGene:5888	BRCA2	RAD51	infores:text-mining-provider-targeted(primary_knowledge_source);infores:automat-robokop(aggregator_knowledge_source)
Q182	e0	e_5	NCBIGene:5888	biolink:directly_physically_interacts_with	NCBIGene:675	RAD51	BRCA2	infores:intact(primary_knowledge_source);infores:automat-robokop(aggregator_knowledge_source)
Q182	e0	e_6	NCBIGene:675	biolink:directly_physically_interacts_with	NCBIGene:5888	BRCA2	RAD51	infores:intact(primary_knowledge_source);infores:automat-robokop(aggregator_knowledge_source)
Q182	e0	e_7	UniProtKB:Q06609-4	biolink:physically_interacts_with	NCBIGene:675	DNA repair protein RAD51 homolog 1 isoform h4 (human)	BRCA2	infores:string(primary_knowledge_source);infores:automat-robokop(aggregator_knowledge_source)
Q182	e0	e_8	NCBIGene:675	biolink:physically_interacts_with	UniProtKB:Q06609-4	BRCA2	DNA repair protein RAD51 homolog 1 isoform h4 (human)	infores:string(primary_knowledge_source);infores:automat-robokop(aggregator_knowledge_source)
Q182	e0	e_9	NCBIGene:675	biolink:regulates	NCBIGene:5888	BRCA2	RAD51	infores:signor(primary_knowledge_source);infores:automat-robokop(aggregator_knowledge_source)
Q182	e0	e_10	NCBIGene:675	biolink:related_to	NCBIGene:5888	BRCA2	RAD51	infores:signor(primary_knowledge_source);infores:automat-robokop(aggregator_knowledge_source)
Q182	e0	e_11	UniProtKB:Q06609-4	biolink:interacts_with	NCBIGene:675	DNA repair protein RAD51 homolog 1 isoform h4 (human)	BRCA2	infores:string(primary_knowledge_source);infores:automat-robokop(aggregator_knowledge_source)
Q182	e0	e_12	NCBIGene:675	biolink:interacts_with	UniProtKB:Q06609-4	BRCA2	DNA repair protein RAD51 homolog 1 isoform h4 (human)	infores:string(primary_knowledge_source);infores:automat-robokop(aggregator_knowledge_source)
Q182	e0	e_13	NCBIGene:675	biolink:genetically_interacts_with	NCBIGene:5888	BRCA2	RAD51	infores:hetionet(primary_knowledge_source);infores:hetionet(aggregator_knowledge_source);infores:automat-robokop(aggregator_knowledge_source)
Q182	e0	e_14	UniProtKB:Q06609-4	biolink:subclass_of	NCBIGene:5888	DNA repair protein RAD51 homolog 1 isoform h4 (human)	RAD51	infores:ubergraph(primary_knowledge_source);infores:automat-robokop(aggregator_knowledge_source)
Q182	e0	e_7_e_14	NCBIGene:5888	biolink:physically_interacts_with	NCBIGene:675	RAD51	BRCA2	infores:automat-robokop(primary_knowledge_source)
Q182	e0	e_8_e_14	NCBIGene:5888	biolink:physically_interacts_with	UniProtKB:Q06609-4	RAD51	DNA repair protein RAD51 homolog 1 isoform h4 (human)	infores:automat-robokop(primary_knowledge_source)
Q182	e0	e_11_e_14	NCBIGene:5888	biolink:interacts_with	NCBIGene:675	RAD51	BRCA2	infores:automat-robokop(primary_knowledge_source)
Q182	e0	e_12_e_14	NCBIGene:5888	biolink:interacts_with	UniProtKB:Q06609-4	RAD51	DNA repair protein RAD51 homolog 1 isoform h4 (human)	infores:automat-robokop(primary_knowledge_source)
Q183	e0	e_1	NCBIGene:472	biolink:affects	NCBIGene:545	ATM	ATR	infores:text-mining-provider-targeted(primary_knowledge_source);infores:automat-robokop(aggregator_knowledge_source)
Q183	e0	e_2	NCBIGene:472	biolink:affects	NCBIGene:545	ATM	ATR	infores:text-mining-provider-targeted(primary_knowledge_source);infores:automat-robokop(aggregator_knowledge_source)
Q183	e0	e_3	NCBIGene:545	biolink:affects	NCBIGene:472	ATR	ATM	infores:text-mining-provider-targeted(primary_knowledge_source);infores:automat-robokop(aggregator_knowledge_source)
Q183	e0	e_4	NCBIGene:545	biolink:affects	NCBIGene:472	ATR	ATM	infores:psite-plus(primary_knowledge_source);infores:kinace(aggregator_knowledge_source);infores:automat-robokop(aggregator_knowledge_source)
Q183	e0	e_5	NCBIGene:545	biolink:affects	NCBIGene:472	ATR	ATM	infores:text-mining-provider-targeted(primary_knowledge_source);infores:automat-robokop(aggregator_knowledge_source)
Q183	e0	e_6	NCBIGene:545	biolink:regulates	NCBIGene:472	ATR	ATM	infores:signor(primary_knowledge_source);infores:automat-robokop(aggregator_knowledge_source)
Q183	e0	e_7	NCBIGene:545	biolink:related_to	NCBIGene:472	ATR	ATM	infores:signor(primary_knowledge_source);infores:automat-robokop(aggregator_knowledge_source)
Q183	e0	e_8	NCBIGene:472	biolink:genetically_interacts_with	NCBIGene:545	ATM	ATR	infores:hetionet(primary_knowledge_source);infores:hetionet(aggregator_knowledge_source);infores:automat-robokop(aggregator_knowledge_source)
Q183	e0	e_9	NCBIGene:472	biolink:physically_interacts_with	UniProtKB:Q13535-1	ATM	serine/threonine-protein kinase ATR isoform h1 (human)	infores:string(primary_knowledge_source);infores:automat-robokop(aggregator_knowledge_source)
Q183	e0	e_10	UniProtKB:Q13535-1	biolink:physically_interacts_with	NCBIGene:472	serine/threonine-protein kinase ATR isoform h1 (human)	ATM	infores:string(primary_knowledge_source);infores:automat-robokop(aggregator_knowledge_source)
Q183	e0	e_11	UniProtKB:Q13535-1	biolink:subclass_of	NCBIGene:545	serine/threonine-protein kinase ATR isoform h1 (human)	ATR	infores:ubergraph(primary_knowledge_source);infores:automat-robokop(aggregator_knowledge_source)
Q183	e0	e_9_e_11	NCBIGene:472	biolink:physically_interacts_with	NCBIGene:545	ATM	ATR	infores:automat-robokop(primary_knowledge_source)
Q183	e0	e_10_e_11	UniProtKB:Q13535-1	biolink:physically_interacts_with	NCBIGene:545	serine/threonine-protein kinase ATR isoform h1 (human)	ATR	infores:automat-robokop(primary_knowledge_source)
Q184	e0	e_1	NCBIGene:11200	biolink:affects	NCBIGene:7157	CHEK2	TP53	infores:text-mining-provider-targeted(primary_knowledge_source);infores:automat-robokop(aggregator_knowledge_source)
Q184	e0	e_2	NCBIGene:11200	biolink:affects	NCBIGene:7157	CHEK2	TP53	infores:signor(primary_knowledge_source);infores:automat-robokop(aggregator_knowledge_source)
Q184	e0	e_3	NCBIGene:11200	biolink:affects	NCBIGene:7157	CHEK2	TP53	infores:signor(primary_knowledge_source);infores:automat-robokop(aggregator_knowledge_source)
Q184	e0	e_4	NCBIGene:11200	biolink:affects	NCBIGene:7157	CHEK2	TP53	infores:psite-plus(primary_knowledge_source);infores:kinace(aggregator_knowledge_source);infores:automat-robokop(aggregator_knowledge_source)
Q184	e0	e_5	NCBIGene:11200	biolink:affects	NCBIGene:7157	CHEK2	TP53	infores:epsd(primary_knowledge_source);infores:kinace(aggregator_knowledge_source);infores:automat-robokop(aggregator_knowledge_source)
Q184	e0	e_6	NCBIGene:11200	biolink:affects	NCBIGene:7157	CHEK2	TP53	infores:signor(primary_knowledge_source);infores:automat-robokop(aggregator_knowledge_source)
Q184	e0	e_7	NCBIGene:11200	biolink:affects	NCBIGene:7157	CHEK2	TP53	infores:signor(primary_knowledge_source);infores:automat-robokop(aggregator_knowledge_source)
Q184	e0	e_8	NCBIGene:11200	biolink:directly_physically_interacts_with	NCBIGene:7157	CHEK2	TP53	infores:intact(primary_knowledge_source);infores:automat-robokop(aggregator_knowledge_source)
Q184	e0	e_9	NCBIGene:7157	biolink:directly_physically_interacts_with	NCBIGene:11200	TP53	CHEK2	infores:intact(primary_knowledge_source);infores:automat-robokop(aggregator_knowledge_source)
Q184	e0	e_10	NCBIGene:11200	biolink:regulates	NCBIGene:7157	CHEK2	TP53	infores:signor(primary_knowledge_source);infores:automat-robokop(aggregator_knowledge_source)
Q184	e0	e_11	NCBIGene:11200	biolink:regulates	NCBIGene:7157	CHEK2	TP53	infores:signor(primary_knowledge_source);infores:automat-robokop(aggregator_knowledge_source)
Q184	e0	e_12	NCBIGene:11200	biolink:regulates	NCBIGene:7157	CHEK2	TP53	infores:signor(primary_knowledge_source);infores:automat-robokop(aggregator_knowledge_source)
Q184	e0	e_13	NCBIGene:11200	biolink:regulates	NCBIGene:7157	CHEK2	TP53	infores:signor(primary_knowledge_source);infores:automat-robokop(aggregator_knowledge_source)
Q184	e0	e_14	NCBIGene:11200	biolink:regulates	NCBIGene:7157	CHEK2	TP53	infores:signor(primary_knowledge_source);infores:automat-robokop(aggregator_knowledge_source)
Q184	e0	e_15	NCBIGene:11200	biolink:related_to	NCBIGene:7157	CHEK2	TP53	infores:signor(primary_knowledge_source);infores:automat-robokop(aggregator_knowledge_source)
Q184	e0	e_16	NCBIGene:11200	biolink:related_to	NCBIGene:7157	CHEK2	TP53	infores:signor(primary_knowledge_source);infores:automat-robokop(aggregator_knowledge_source)
Q184	e0	e_17	NCBIGene:11200	biolink:related_to	NCBIGene:7157	CHEK2	TP53	infores:signor(primary_knowledge_source);infores:automat-robokop(aggregator_knowledge_source)
Q184	e0	e_18	NCBIGene:11200	biolink:related_to	NCBIGene:7157	CHEK2	TP53	infores:signor(primary_knowledge_source);infores:automat-robokop(aggregator_knowledge_source)
Q184	e0	e_19	NCBIGene:7157	biolink:genetically_interacts_with	NCBIGene:11200	TP53	CHEK2	infores:hetionet(primary_knowledge_source);infores:hetionet(aggregator_knowledge_source);infores:automat-robokop(aggregator_knowledge_source)
Q184	e0	e_20	UniProtKB:O96017-9	biolink:physically_interacts_with	UniProtKB:P04637-1	serine/threonine-protein kinase Chk2 isoform h9 (human)	cellular tumor antigen p53 isoform 1 (human)	infores:string(primary_knowledge_source);infores:automat-robokop(aggregator_knowledge_source)
Q184	e0	e_21	UniProtKB:P04637-1	biolink:physically_interacts_with	UniProtKB:O96017-9	cellular tumor antigen p53 isoform 1 (human)	serine/threonine-protein kinase Chk2 isoform h9 (human)	infores:string(primary_knowledge_source);infores:automat-robokop(aggregator_knowledge_source)
Q184	e0	e_22	UniProtKB:O96017-9	biolink:interacts_with	UniProtKB:P04637-1	serine/threonine-protein kinase Chk2 isoform h9 (human)	cellular tumor antigen p53 isoform 1 (human)	infores:string(primary_knowledge_source);infores:automat-robokop(aggregator_knowledge_source)
Q184	e0	e_23	UniProtKB:P04637-1	biolink:interacts_with	UniProtKB:O96017-9	cellular tumor antigen p53 isoform 1 (human)	serine/threonine-protein kinase Chk2 isoform h9 (human)	infores:string(primary_knowledge_source);infores:automat-robokop(aggregator_knowledge_source)
Q184	e0	e_24	UniProtKB:O96017-9	biolink:subclass_of	NCBIGene:11200	serine/threonine-protein kinase Chk2 isoform h9 (human)	CHEK2	infores:ubergraph(primary_knowledge_source);infores:automat-robokop(aggregator_knowledge_source)
Q184	e0	e_25	UniProtKB:P04637-1	biolink:subclass_of	NCBIGene:7157	cellular tumor antigen p53 isoform 1 (human)	TP53	infores:ubergraph(primary_knowledge_source);infores:automat-robokop(aggregator_knowledge_source)
Q184	e0	e_20_e_24_e_25	NCBIGene:11200	biolink:physically_interacts_with	NCBIGene:7157	CHEK2	TP53	infores:automat-robokop(primary_knowledge_source)
Q184	e0	e_21_e_24_e_25	NCBIGene:11200	biolink:physically_interacts_with	NCBIGene:7157	CHEK2	TP53	infores:automat-robokop(primary_knowledge_source)
Q184	e0	e_22_e_24_e_25	NCBIGene:11200	biolink:interacts_with	NCBIGene:7157	CHEK2	TP53	infores:automat-robokop(primary_knowledge_source)
Q184	e0	e_23_e_24_e_25	NCBIGene:11200	biolink:interacts_with	NCBIGene:7157	CHEK2	TP53	infores:automat-robokop(primary_knowledge_source)
Q185	e0	e_1	NCBIGene:23411	biolink:affects	NCBIGene:2308	SIRT1	FOXO1	infores:text-mining-provider-targeted(primary_knowledge_source);infores:automat-robokop(aggregator_knowledge_source)
Q185	e0	e_2	NCBIGene:23411	biolink:affects	NCBIGene:2308	SIRT1	FOXO1	infores:text-mining-provider-targeted(primary_knowledge_source);infores:automat-robokop(aggregator_knowledge_source)
Q185	e0	e_3	NCBIGene:23411	biolink:affects	NCBIGene:2308	SIRT1	FOXO1	infores:signor(primary_knowledge_source);infores:automat-robokop(aggregator_knowledge_source)
Q185	e0	e_4	NCBIGene:2308	biolink:affects	NCBIGene:23411	FOXO1	SIRT1	infores:text-mining-provider-targeted(primary_knowledge_source);infores:automat-robokop(aggregator_knowledge_source)
Q185	e0	e_5	NCBIGene:2308	biolink:affects	NCBIGene:23411	FOXO1	SIRT1	infores:text-mining-provider-targeted(primary_knowledge_source);infores:automat-robokop(aggregator_knowledge_source)
Q185	e0	e_6	NCBIGene:23411	biolink:directly_physically_interacts_with	NCBIGene:2308	SIRT1	FOXO1	infores:intact(primary_knowledge_source);infores:automat-robokop(aggregator_knowledge_source)
Q185	e0	e_7	NCBIGene:2308	biolink:directly_physically_interacts_with	NCBIGene:23411	FOXO1	SIRT1	infores:intact(primary_knowledge_source);infores:automat-robokop(aggregator_knowledge_source)
Q185	e0	e_8	UniProtKB:Q96EB6-1	biolink:physically_interacts_with	NCBIGene:2308	NAD-dependent protein deacetylase sirtuin-1 isoform h1 (human)	FOXO1	infores:string(primary_knowledge_source);infores:automat-robokop(aggregator_knowledge_source)
Q185	e0	e_9	NCBIGene:2308	biolink:physically_interacts_with	UniProtKB:Q96EB6-1	FOXO1	NAD-dependent protein deacetylase sirtuin-1 isoform h1 (human)	infores:string(primary_knowledge_source);infores:automat-robokop(aggregator_knowledge_source)
Q185	e0	e_10	NCBIGene:23411	biolink:regulates	NCBIGene:2308	SIRT1	FOXO1	infores:signor(primary_knowledge_source);infores:automat-robokop(aggregator_knowledge_source)
Q185	e0	e_11	NCBIGene:23411	biolink:regulates	NCBIGene:2308	SIRT1	FOXO1	infores:signor(primary_knowledge_source);infores:automat-robokop(aggregator_knowledge_source)
Q185	e0	e_12	NCBIGene:23411	biolink:related_to	NCBIGene:2308	SIRT1	FOXO1	infores:signor(primary_knowledge_source);infores:automat-robokop(aggregator_knowledge_source)
Q185	e0	e_13	NCBIGene:23411	biolink:related_to	NCBIGene:2308	SIRT1	FOXO1	infores:signor(primary_knowledge_source);infores:automat-robokop(aggregator_knowledge_source)
Q185	e0	e_14	UniProtKB:Q96EB6-1	biolink:interacts_with	NCBIGene:2308	NAD-dependent protein deacetylase sirtuin-1 isoform h1 (human)	FOXO1	infores:string(primary_knowledge_source);infores:automat-robokop(aggregator_knowledge_source)
Q185	e0	e_15	NCBIGene:2308	biolink:interacts_with	UniProtKB:Q96EB6-1	FOXO1	NAD-dependent protein deacetylase sirtuin-1 isoform h1 (human)	infores:string(primary_knowledge_source);infores:automat-robokop(aggregator_knowledge_source)
Q185	e0	e_16	NCBIGene:2308	biolink:genetically_interacts_with	NCBIGene:23411	FOXO1	SIRT1	infores:hetionet(primary_knowledge_source);infores:hetionet(aggregator_knowledge_source);infores:automat-robokop(aggregator_knowledge_source)
Q185	e0	e_17	UniProtKB:Q96EB6-1	biolink:subclass_of	NCBIGene:23411	NAD-dependent protein deacetylase sirtuin-1 isoform h1 (human)	SIRT1	infores:ubergraph(primary_knowledge_source);infores:automat-robokop(aggregator_knowledge_source)
Q185	e0	e_8_e_17	NCBIGene:23411	biolink:physically_interacts_with	NCBIGene:2308	SIRT1	FOXO1	infores:automat-robokop(primary_knowledge_source)
Q185	e0	e_9_e_17	NCBIGene:23411	biolink:physically_interacts_with	UniProtKB:Q96EB6-1	SIRT1	NAD-dependent protein deacetylase sirtuin-1 isoform h1 (human)	infores:automat-robokop(primary_knowledge_source)
Q185	e0	e_14_e_17	NCBIGene:23411	biolink:interacts_with	NCBIGene:2308	SIRT1	FOXO1	infores:automat-robokop(primary_knowledge_source)
Q185	e0	e_15_e_17	NCBIGene:23411	biolink:interacts_with	UniProtKB:Q96EB6-1	SIRT1	NAD-dependent protein deacetylase sirtuin-1 isoform h1 (human)	infores:automat-robokop(primary_knowledge_source)
Q186	e0	e_1	NCBIGene:5562	biolink:affects	NCBIGene:2475	PRKAA1	MTOR	infores:iptmnet(primary_knowledge_source);infores:kinace(aggregator_knowledge_source);infores:automat-robokop(aggregator_knowledge_source)
Q186	e0	e_2	NCBIGene:5562	biolink:affects	NCBIGene:2475	PRKAA1	MTOR	infores:text-mining-provider-targeted(primary_knowledge_source);infores:automat-robokop(aggregator_knowledge_source)
Q186	e0	e_3	NCBIGene:5562	biolink:affects	NCBIGene:2475	PRKAA1	MTOR	infores:epsd(primary_knowledge_source);infores:kinace(aggregator_knowledge_source);infores:automat-robokop(aggregator_knowledge_source)
Q186	e0	e_4	UniProtKB:Q13131-2	biolink:physically_interacts_with	NCBIGene:2475	5'-AMP-activated protein kinase catalytic subunit alpha-1 isoform h2 (human)	MTOR	infores:string(primary_knowledge_source);infores:automat-robokop(aggregator_knowledge_source)
Q186	e0	e_5	NCBIGene:2475	biolink:physically_interacts_with	UniProtKB:Q13131-2	MTOR	5'-AMP-activated protein kinase catalytic subunit alpha-1 isoform h2 (human)	infores:string(primary_knowledge_source);infores:automat-robokop(aggregator_knowledge_source)
Q186	e0	e_6	NCBIGene:2475	biolink:genetically_interacts_with	NCBIGene:5562	MTOR	PRKAA1	infores:hetionet(primary_knowledge_source);infores:hetionet(aggregator_knowledge_source);infores:automat-robokop(aggregator_knowledge_source)
Q186	e0	e_7	UniProtKB:Q13131-2	biolink:subclass_of	NCBIGene:5562	5'-AMP-activated protein kinase catalytic subunit alpha-1 isoform h2 (human)	PRKAA1	infores:ubergraph(primary_knowledge_source);infores:automat-robokop(aggregator_knowledge_source)
Q186	e0	e_4_e_7	NCBIGene:5562	biolink:physically_interacts_with	NCBIGene:2475	PRKAA1	MTOR	infores:automat-robokop(primary_knowledge_source)
Q186	e0	e_5_e_7	NCBIGene:5562	biolink:physically_interacts_with	UniProtKB:Q13131-2	PRKAA1	5'-AMP-activated protein kinase catalytic subunit alpha-1 isoform h2 (human)	infores:automat-robokop(primary_knowledge_source)
Q187	e0	e_1	NCBIGene:9451	biolink:interacts_with	UniProtKB:P17861-1	EIF2AK3	X-box-binding protein 1 isoform 1 (human)	infores:string(primary_knowledge_source);infores:automat-robokop(aggregator_knowledge_source)
Q187	e0	e_2	UniProtKB:P17861-1	biolink:interacts_with	NCBIGene:9451	X-box-binding protein 1 isoform 1 (human)	EIF2AK3	infores:string(primary_knowledge_source);infores:automat-robokop(aggregator_knowledge_source)
Q187	e0	e_3	UniProtKB:P17861-1	biolink:subclass_of	NCBIGene:7494	X-box-binding protein 1 isoform 1 (human)	XBP1	infores:ubergraph(primary_knowledge_source);infores:automat-robokop(aggregator_knowledge_source)
Q187	e0	e_1_e_3	NCBIGene:9451	biolink:interacts_with	NCBIGene:7494	EIF2AK3	XBP1	infores:automat-robokop(primary_knowledge_source)
Q187	e0	e_2_e_3	UniProtKB:P17861-1	biolink:interacts_with	NCBIGene:7494	X-box-binding protein 1 isoform 1 (human)	XBP1	infores:automat-robokop(primary_knowledge_source)
Q188	e0	e_1	NCBIGene:9474	biolink:affects	NCBIGene:9140	ATG5	ATG12	infores:text-mining-provider-targeted(primary_knowledge_source);infores:automat-robokop(aggregator_knowledge_source)
Q188	e0	e_2	NCBIGene:9474	biolink:affects	NCBIGene:9140	ATG5	ATG12	infores:text-mining-provider-targeted(primary_knowledge_source);infores:automat-robokop(aggregator_knowledge_source)
Q188	e0	e_3	NCBIGene:9140	biolink:affects	NCBIGene:9474	ATG12	ATG5	infores:text-mining-provider-targeted(primary_knowledge_source);infores:automat-robokop(aggregator_knowledge_source)
Q188	e0	e_4	NCBIGene:9140	biolink:affects	NCBIGene:9474	ATG12	ATG5	infores:text-mining-provider-targeted(primary_knowledge_source);infores:automat-robokop(aggregator_knowledge_source)
Q188	e0	e_5	NCBIGene:9474	biolink:directly_physically_interacts_with	NCBIGene:9140	ATG5	ATG12	infores:intact(primary_knowledge_source);infores:automat-robokop(aggregator_knowledge_source)
Q188	e0	e_6	NCBIGene:9140	biolink:directly_physically_interacts_with	NCBIGene:9474	ATG12	ATG5	infores:intact(primary_knowledge_source);infores:automat-robokop(aggregator_knowledge_source)
Q188	e0	e_7	NCBIGene:9140	biolink:genetically_interacts_with	NCBIGene:9474	ATG12	ATG5	infores:hetionet(primary_knowledge_source);infores:hetionet(aggregator_knowledge_source);infores:automat-robokop(aggregator_knowledge_source)
Q188	e0	e_8	UniProtKB:Q9H1Y0-1	biolink:physically_interacts_with	UniProtKB:O94817-1	autophagy protein 5 isoform Long (human)	ubiquitin-like protein ATG12 isoform h1 (human)	infores:string(primary_knowledge_source);infores:automat-robokop(aggregator_knowledge_source)
Q188	e0	e_9	UniProtKB:O94817-1	biolink:physically_interacts_with	UniProtKB:Q9H1Y0-1	ubiquitin-like protein ATG12 isoform h1 (human)	autophagy protein 5 isoform Long (human)	infores:string(primary_knowledge_source);infores:automat-robokop(aggregator_knowledge_source)
Q188	e0	e_10	UniProtKB:Q9H1Y0-1	biolink:interacts_with	UniProtKB:O94817-1	autophagy protein 5 isoform Long (human)	ubiquitin-like protein ATG12 isoform h1 (human)	infores:string(primary_knowledge_source);infores:automat-robokop(aggregator_knowledge_source)
Q188	e0	e_11	UniProtKB:O94817-1	biolink:interacts_with	UniProtKB:Q9H1Y0-1	ubiquitin-like protein ATG12 isoform h1 (human)	autophagy protein 5 isoform Long (human)	infores:string(primary_knowledge_source);infores:automat-robokop(aggregator_knowledge_source)
Q188	e0	e_12	UniProtKB:Q9H1Y0-1	biolink:subclass_of	NCBIGene:9474	autophagy protein 5 isoform Long (human)	ATG5	infores:ubergraph(primary_knowledge_source);infores:automat-robokop(aggregator_knowledge_source)
Q188	e0	e_13	UniProtKB:O94817-1	biolink:subclass_of	NCBIGene:9140	ubiquitin-like protein ATG12 isoform h1 (human)	ATG12	infores:ubergraph(primary_knowledge_source);infores:automat-robokop(aggregator_knowledge_source)
Q188	e0	e_8_e_12_e_13	NCBIGene:9474	biolink:physically_interacts_with	NCBIGene:9140	ATG5	ATG12	infores:automat-robokop(primary_knowledge_source)
Q188	e0	e_9_e_12_e_13	NCBIGene:9474	biolink:physically_interacts_with	NCBIGene:9140	ATG5	ATG12	infores:automat-robokop(primary_knowledge_source)
Q188	e0	e_10_e_12_e_13	NCBIGene:9474	biolink:interacts_with	NCBIGene:9140	ATG5	ATG12	infores:automat-robokop(primary_knowledge_source)
Q188	e0	e_11_e_12_e_13	NCBIGene:9474	biolink:interacts_with	NCBIGene:9140	ATG5	ATG12	infores:automat-robokop(primary_knowledge_source)
Q189	e0	e_1	NCBIGene:8408	biolink:affects	NCBIGene:9776	ULK1	ATG13	infores:psite-plus(primary_knowledge_source);infores:kinace(aggregator_knowledge_source);infores:automat-robokop(aggregator_knowledge_source)
Q189	e0	e_2	NCBIGene:8408	biolink:affects	NCBIGene:9776	ULK1	ATG13	infores:text-mining-provider-targeted(primary_knowledge_source);infores:automat-robokop(aggregator_knowledge_source)
Q189	e0	e_3	NCBIGene:8408	biolink:affects	NCBIGene:9776	ULK1	ATG13	infores:epsd(primary_knowledge_source);infores:kinace(aggregator_knowledge_source);infores:automat-robokop(aggregator_knowledge_source)
Q189	e0	e_4	NCBIGene:8408	biolink:affects	NCBIGene:9776	ULK1	ATG13	infores:text-mining-provider-targeted(primary_knowledge_source);infores:automat-robokop(aggregator_knowledge_source)
Q189	e0	e_5	NCBIGene:9776	biolink:affects	NCBIGene:8408	ATG13	ULK1	infores:text-mining-provider-targeted(primary_knowledge_source);infores:automat-robokop(aggregator_knowledge_source)
Q189	e0	e_6	NCBIGene:9776	biolink:affects	NCBIGene:8408	ATG13	ULK1	infores:text-mining-provider-targeted(primary_knowledge_source);infores:automat-robokop(aggregator_knowledge_source)
Q189	e0	e_7	NCBIGene:8408	biolink:directly_physically_interacts_with	NCBIGene:9776	ULK1	ATG13	infores:intact(primary_knowledge_source);infores:automat-robokop(aggregator_knowledge_source)
Q189	e0	e_8	NCBIGene:9776	biolink:directly_physically_interacts_with	NCBIGene:8408	ATG13	ULK1	infores:intact(primary_knowledge_source);infores:automat-robokop(aggregator_knowledge_source)
Q189	e0	e_9	NCBIGene:8408	biolink:regulates	NCBIGene:9776	ULK1	ATG13	infores:signor(primary_knowledge_source);infores:automat-robokop(aggregator_knowledge_source)
Q189	e0	e_10	NCBIGene:8408	biolink:related_to	NCBIGene:9776	ULK1	ATG13	infores:signor(primary_knowledge_source);infores:automat-robokop(aggregator_knowledge_source)
Q189	e0	e_11	NCBIGene:8408	biolink:genetically_interacts_with	NCBIGene:9776	ULK1	ATG13	infores:hetionet(primary_knowledge_source);infores:hetionet(aggregator_knowledge_source);infores:automat-robokop(aggregator_knowledge_source)
Q189	e0	e_12	NCBIGene:8408	biolink:physically_interacts_with	UniProtKB:O75143-5	ULK1	autophagy-related protein 13 isoform h5 (human)	infores:string(primary_knowledge_source);infores:automat-robokop(aggregator_knowledge_source)
Q189	e0	e_13	UniProtKB:O75143-5	biolink:physically_interacts_with	NCBIGene:8408	autophagy-related protein 13 isoform h5 (human)	ULK1	infores:string(primary_knowledge_source);infores:automat-robokop(aggregator_knowledge_source)
Q189	e0	e_14	NCBIGene:8408	biolink:interacts_with	UniProtKB:O75143-5	ULK1	autophagy-related protein 13 isoform h5 (human)	infores:string(primary_knowledge_source);infores:automat-robokop(aggregator_knowledge_source)
Q189	e0	e_15	UniProtKB:O75143-5	biolink:interacts_with	NCBIGene:8408	autophagy-related protein 13 isoform h5 (human)	ULK1	infores:string(primary_knowledge_source);infores:automat-robokop(aggregator_knowledge_source)
Q189	e0	e_16	UniProtKB:O75143-5	biolink:subclass_of	NCBIGene:9776	autophagy-related protein 13 isoform h5 (human)	ATG13	infores:ubergraph(primary_knowledge_source);infores:automat-robokop(aggregator_knowledge_source)
Q189	e0	e_12_e_16	NCBIGene:8408	biolink:physically_interacts_with	NCBIGene:9776	ULK1	ATG13	infores:automat-robokop(primary_knowledge_source)
Q189	e0	e_13_e_16	UniProtKB:O75143-5	biolink:physically_interacts_with	NCBIGene:9776	autophagy-related protein 13 isoform h5 (human)	ATG13	infores:automat-robokop(primary_knowledge_source)
Q189	e0	e_14_e_16	NCBIGene:8408	biolink:interacts_with	NCBIGene:9776	ULK1	ATG13	infores:automat-robokop(primary_knowledge_source)
Q189	e0	e_15_e_16	UniProtKB:O75143-5	biolink:interacts_with	NCBIGene:9776	autophagy-related protein 13 isoform h5 (human)	ATG13	infores:automat-robokop(primary_knowledge_source)
Q190	e0	e_1	NCBIGene:7157	biolink:affects	NCBIGene:4194	TP53	MDM4	infores:text-mining-provider-targeted(primary_knowledge_source);infores:automat-robokop(aggregator_knowledge_source)
Q190	e0	e_2	NCBIGene:7157	biolink:affects	NCBIGene:4194	TP53	MDM4	infores:text-mining-provider-targeted(primary_knowledge_source);infores:automat-robokop(aggregator_knowledge_source)
Q190	e0	e_3	NCBIGene:4194	biolink:affects	NCBIGene:7157	MDM4	TP53	infores:text-mining-provider-targeted(primary_knowledge_source);infores:automat-robokop(aggregator_knowledge_source)
Q190	e0	e_4	NCBIGene:4194	biolink:affects	NCBIGene:7157	MDM4	TP53	infores:signor(primary_knowledge_source);infores:automat-robokop(aggregator_knowledge_source)
Q190	e0	e_5	NCBIGene:4194	biolink:affects	NCBIGene:7157	MDM4	TP53	infores:text-mining-provider-targeted(primary_knowledge_source);infores:automat-robokop(aggregator_knowledge_source)
Q190	e0	e_6	NCBIGene:7157	biolink:directly_physically_interacts_with	NCBIGene:4194	TP53	MDM4	infores:intact(primary_knowledge_source);infores:automat-robokop(aggregator_knowledge_source)
Q190	e0	e_7	NCBIGene:4194	biolink:directly_physically_interacts_with	NCBIGene:7157	MDM4	TP53	infores:intact(primary_knowledge_source);infores:automat-robokop(aggregator_knowledge_source)
Q190	e0	e_8	NCBIGene:4194	biolink:regulates	NCBIGene:7157	MDM4	TP53	infores:signor(primary_knowledge_source);infores:automat-robokop(aggregator_knowledge_source)
Q190	e0	e_9	NCBIGene:4194	biolink:related_to	NCBIGene:7157	MDM4	TP53	infores:signor(primary_knowledge_source);infores:automat-robokop(aggregator_knowledge_source)
Q190	e0	e_10	NCBIGene:4194	biolink:genetically_interacts_with	NCBIGene:7157	MDM4	TP53	infores:hetionet(primary_knowledge_source);infores:hetionet(aggregator_knowledge_source);infores:automat-robokop(aggregator_knowledge_source)
Q190	e0	e_11	UniProtKB:P04637-1	biolink:physically_interacts_with	UniProtKB:O15151-1	cellular tumor antigen p53 isoform 1 (human)	protein Mdm4 isoform 1 (human)	infores:string(primary_knowledge_source);infores:automat-robokop(aggregator_knowledge_source)
Q190	e0	e_12	UniProtKB:O15151-1	biolink:physically_interacts_with	UniProtKB:P04637-1	protein Mdm4 isoform 1 (human)	cellular tumor antigen p53 isoform 1 (human)	infores:string(primary_knowledge_source);infores:automat-robokop(aggregator_knowledge_source)
Q190	e0	e_13	UniProtKB:P04637-1	biolink:interacts_with	UniProtKB:O15151-1	cellular tumor antigen p53 isoform 1 (human)	protein Mdm4 isoform 1 (human)	infores:string(primary_knowledge_source);infores:automat-robokop(aggregator_knowledge_source)
Q190	e0	e_14	UniProtKB:O15151-1	biolink:interacts_with	UniProtKB:P04637-1	protein Mdm4 isoform 1 (human)	cellular tumor antigen p53 isoform 1 (human)	infores:string(primary_knowledge_source);infores:automat-robokop(aggregator_knowledge_source)
Q190	e0	e_15	UniProtKB:P04637-1	biolink:subclass_of	NCBIGene:7157	cellular tumor antigen p53 isoform 1 (human)	TP53	infores:ubergraph(primary_knowledge_source);infores:automat-robokop(aggregator_knowledge_source)
Q190	e0	e_16	UniProtKB:O15151-1	biolink:subclass_of	NCBIGene:4194	protein Mdm4 isoform 1 (human)	MDM4	infores:ubergraph(primary_knowledge_source);infores:automat-robokop(aggregator_knowledge_source)
Q190	e0	e_11_e_15_e_16	NCBIGene:7157	biolink:physically_interacts_with	NCBIGene:4194	TP53	MDM4	infores:automat-robokop(primary_knowledge_source)
Q190	e0	e_12_e_15_e_16	NCBIGene:7157	biolink:physically_interacts_with	NCBIGene:4194	TP53	MDM4	infores:automat-robokop(primary_knowledge_source)
Q190	e0	e_13_e_15_e_16	NCBIGene:7157	biolink:interacts_with	NCBIGene:4194	TP53	MDM4	infores:automat-robokop(primary_knowledge_source)
Q190	e0	e_14_e_15_e_16	NCBIGene:7157	biolink:interacts_with	NCBIGene:4194	TP53	MDM4	infores:automat-robokop(primary_knowledge_source)
Q191	e0	e_1	NCBIGene:940	biolink:affects	NCBIGene:941	CD28	CD80	infores:text-mining-provider-targeted(primary_knowledge_source);infores:automat-robokop(aggregator_knowledge_source)
Q191	e0	e_2	NCBIGene:941	biolink:affects	NCBIGene:940	CD80	CD28	infores:drugmechdb(primary_knowledge_source);infores:automat-robokop(aggregator_knowledge_source)
Q191	e0	e_3	NCBIGene:941	biolink:affects	NCBIGene:940	CD80	CD28	infores:text-mining-provider-targeted(primary_knowledge_source);infores:automat-robokop(aggregator_knowledge_source)
Q191	e0	e_4	NCBIGene:940	biolink:directly_physically_interacts_with	NCBIGene:941	CD28	CD80	infores:intact(primary_knowledge_source);infores:automat-robokop(aggregator_knowledge_source)
Q191	e0	e_5	NCBIGene:940	biolink:genetically_interacts_with	NCBIGene:941	CD28	CD80	infores:hetionet(primary_knowledge_source);infores:hetionet(aggregator_knowledge_source);infores:automat-robokop(aggregator_knowledge_source)
Q191	e0	e_6	UniProtKB:P10747-1	biolink:interacts_with	UniProtKB:P33681-1	T-cell-specific surface glycoprotein CD28 isoform 1 (human)	T-lymphocyte activation antigen CD80 isoform h1 (human)	infores:string(primary_knowledge_source);infores:automat-robokop(aggregator_knowledge_source)
Q191	e0	e_7	UniProtKB:P33681-1	biolink:interacts_with	UniProtKB:P10747-1	T-lymphocyte activation antigen CD80 isoform h1 (human)	T-cell-specific surface glycoprotein CD28 isoform 1 (human)	infores:string(primary_knowledge_source);infores:automat-robokop(aggregator_knowledge_source)
Q191	e0	e_8	UniProtKB:P10747-1	biolink:subclass_of	NCBIGene:940	T-cell-specific surface glycoprotein CD28 isoform 1 (human)	CD28	infores:ubergraph(primary_knowledge_source);infores:automat-robokop(aggregator_knowledge_source)
Q191	e0	e_9	UniProtKB:P33681-1	biolink:subclass_of	NCBIGene:941	T-lymphocyte activation antigen CD80 isoform h1 (human)	CD80	infores:ubergraph(primary_knowledge_source);infores:automat-robokop(aggregator_knowledge_source)
Q191	e0	e_6_e_8_e_9	NCBIGene:940	biolink:interacts_with	NCBIGene:941	CD28	CD80	infores:automat-robokop(primary_knowledge_source)
Q191	e0	e_7_e_8_e_9	NCBIGene:940	biolink:interacts_with	NCBIGene:941	CD28	CD80	infores:automat-robokop(primary_knowledge_source)
Q192	e0	e_1	NCBIGene:29851	biolink:directly_physically_interacts_with	NCBIGene:23308	ICOS	ICOSLG	infores:intact(primary_knowledge_source);infores:automat-robokop(aggregator_knowledge_source)
Q192	e0	e_2	NCBIGene:23308	biolink:directly_physically_interacts_with	NCBIGene:29851	ICOSLG	ICOS	infores:intact(primary_knowledge_source);infores:automat-robokop(aggregator_knowledge_source)
Q192	e0	e_3	NCBIGene:23308	biolink:regulates	NCBIGene:29851	ICOSLG	ICOS	infores:signor(primary_knowledge_source);infores:automat-robokop(aggregator_knowledge_source)
Q192	e0	e_4	NCBIGene:23308	biolink:related_to	NCBIGene:29851	ICOSLG	ICOS	infores:signor(primary_knowledge_source);infores:automat-robokop(aggregator_knowledge_source)
Q192	e0	e_5	NCBIGene:23308	biolink:genetically_interacts_with	NCBIGene:29851	ICOSLG	ICOS	infores:hetionet(primary_knowledge_source);infores:hetionet(aggregator_knowledge_source);infores:automat-robokop(aggregator_knowledge_source)
Q192	e0	e_6	UniProtKB:Q9Y6W8-1	biolink:physically_interacts_with	UniProtKB:O75144-2	inducible T-cell costimulator isoform 1 (human)	ICOS ligand isoform h2 (human)	infores:string(primary_knowledge_source);infores:automat-robokop(aggregator_knowledge_source)
Q192	e0	e_7	UniProtKB:O75144-2	biolink:physically_interacts_with	UniProtKB:Q9Y6W8-1	ICOS ligand isoform h2 (human)	inducible T-cell costimulator isoform 1 (human)	infores:string(primary_knowledge_source);infores:automat-robokop(aggregator_knowledge_source)
Q192	e0	e_8	UniProtKB:Q9Y6W8-1	biolink:interacts_with	UniProtKB:O75144-2	inducible T-cell costimulator isoform 1 (human)	ICOS ligand isoform h2 (human)	infores:string(primary_knowledge_source);infores:automat-robokop(aggregator_knowledge_source)
Q192	e0	e_9	UniProtKB:O75144-2	biolink:interacts_with	UniProtKB:Q9Y6W8-1	ICOS ligand isoform h2 (human)	inducible T-cell costimulator isoform 1 (human)	infores:string(primary_knowledge_source);infores:automat-robokop(aggregator_knowledge_source)
Q192	e0	e_10	UniProtKB:Q9Y6W8-1	biolink:subclass_of	NCBIGene:29851	inducible T-cell costimulator isoform 1 (human)	ICOS	infores:ubergraph(primary_knowledge_source);infores:automat-robokop(aggregator_knowledge_source)
Q192	e0	e_11	UniProtKB:O75144-2	biolink:subclass_of	NCBIGene:23308	ICOS ligand isoform h2 (human)	ICOSLG	infores:ubergraph(primary_knowledge_source);infores:automat-robokop(aggregator_knowledge_source)
Q192	e0	e_6_e_10_e_11	NCBIGene:29851	biolink:physically_interacts_with	NCBIGene:23308	ICOS	ICOSLG	infores:automat-robokop(primary_knowledge_source)
Q192	e0	e_7_e_10_e_11	NCBIGene:29851	biolink:physically_interacts_with	NCBIGene:23308	ICOS	ICOSLG	infores:automat-robokop(primary_knowledge_source)
Q192	e0	e_8_e_10_e_11	NCBIGene:29851	biolink:interacts_with	NCBIGene:23308	ICOS	ICOSLG	infores:automat-robokop(primary_knowledge_source)
Q192	e0	e_9_e_10_e_11	NCBIGene:29851	biolink:interacts_with	NCBIGene:23308	ICOS	ICOSLG	infores:automat-robokop(primary_knowledge_source)
Q193	e0	e_1	NCBIGene:3902	biolink:affects	NCBIGene:3958	LAG3	LGALS3	infores:text-mining-provider-targeted(primary_knowledge_source);infores:automat-robokop(aggregator_knowledge_source)
Q193	e0	e_2	NCBIGene:3902	biolink:affects	NCBIGene:3958	LAG3	LGALS3	infores:text-mining-provider-targeted(primary_knowledge_source);infores:automat-robokop(aggregator_knowledge_source)
Q193	e0	e_3	NCBIGene:3958	biolink:affects	NCBIGene:3902	LGALS3	LAG3	infores:text-mining-provider-targeted(primary_knowledge_source);infores:automat-robokop(aggregator_knowledge_source)
Q193	e0	e_4	UniProtKB:P18627-1	biolink:interacts_with	NCBIGene:3958	lymphocyte activation gene 3 protein isoform h1 (human)	LGALS3	infores:string(primary_knowledge_source);infores:automat-robokop(aggregator_knowledge_source)
Q193	e0	e_5	NCBIGene:3958	biolink:interacts_with	UniProtKB:P18627-1	LGALS3	lymphocyte activation gene 3 protein isoform h1 (human)	infores:string(primary_knowledge_source);infores:automat-robokop(aggregator_knowledge_source)
Q193	e0	e_6	UniProtKB:P18627-1	biolink:subclass_of	NCBIGene:3902	lymphocyte activation gene 3 protein isoform h1 (human)	LAG3	infores:ubergraph(primary_knowledge_source);infores:automat-robokop(aggregator_knowledge_source)
Q193	e0	e_4_e_6	NCBIGene:3902	biolink:interacts_with	NCBIGene:3958	LAG3	LGALS3	infores:automat-robokop(primary_knowledge_source)
Q193	e0	e_5_e_6	NCBIGene:3902	biolink:interacts_with	UniProtKB:P18627-1	LAG3	lymphocyte activation gene 3 protein isoform h1 (human)	infores:automat-robokop(primary_knowledge_source)
Q194	e0	e_1	NCBIGene:201633	biolink:directly_physically_interacts_with	NCBIGene:5817	TIGIT	PVR	infores:intact(primary_knowledge_source);infores:automat-robokop(aggregator_knowledge_source)
Q194	e0	e_2	NCBIGene:5817	biolink:directly_physically_interacts_with	NCBIGene:201633	PVR	TIGIT	infores:intact(primary_knowledge_source);infores:automat-robokop(aggregator_knowledge_source)
Q194	e0	e_3	UniProtKB:Q495A1-1	biolink:physically_interacts_with	NCBIGene:5817	T-cell immunoreceptor with Ig and ITIM domains isoform h1 (human)	PVR	infores:string(primary_knowledge_source);infores:automat-robokop(aggregator_knowledge_source)
Q194	e0	e_4	NCBIGene:5817	biolink:physically_interacts_with	UniProtKB:Q495A1-1	PVR	T-cell immunoreceptor with Ig and ITIM domains isoform h1 (human)	infores:string(primary_knowledge_source);infores:automat-robokop(aggregator_knowledge_source)
Q194	e0	e_5	NCBIGene:5817	biolink:regulates	NCBIGene:201633	PVR	TIGIT	infores:signor(primary_knowledge_source);infores:automat-robokop(aggregator_knowledge_source)
Q194	e0	e_6	NCBIGene:5817	biolink:related_to	NCBIGene:201633	PVR	TIGIT	infores:signor(primary_knowledge_source);infores:automat-robokop(aggregator_knowledge_source)
Q194	e0	e_7	UniProtKB:Q495A1-1	biolink:interacts_with	NCBIGene:5817	T-cell immunoreceptor with Ig and ITIM domains isoform h1 (human)	PVR	infores:string(primary_knowledge_source);infores:automat-robokop(aggregator_knowledge_source)
Q194	e0	e_8	NCBIGene:5817	biolink:interacts_with	UniProtKB:Q495A1-1	PVR	T-cell immunoreceptor with Ig and ITIM domains isoform h1 (human)	infores:string(primary_knowledge_source);infores:automat-robokop(aggregator_knowledge_source)
Q194	e0	e_9	NCBIGene:5817	biolink:genetically_interacts_with	NCBIGene:201633	PVR	TIGIT	infores:hetionet(primary_knowledge_source);infores:automat-robokop(aggregator_knowledge_source)
Q194	e0	e_10	UniProtKB:Q495A1-1	biolink:subclass_of	NCBIGene:201633	T-cell immunoreceptor with Ig and ITIM domains isoform h1 (human)	TIGIT	infores:ubergraph(primary_knowledge_source);infores:automat-robokop(aggregator_knowledge_source)
Q194	e0	e_3_e_10	NCBIGene:201633	biolink:physically_interacts_with	NCBIGene:5817	TIGIT	PVR	infores:automat-robokop(primary_knowledge_source)
Q194	e0	e_4_e_10	NCBIGene:201633	biolink:physically_interacts_with	UniProtKB:Q495A1-1	TIGIT	T-cell immunoreceptor with Ig and ITIM domains isoform h1 (human)	infores:automat-robokop(primary_knowledge_source)
Q194	e0	e_7_e_10	NCBIGene:201633	biolink:interacts_with	NCBIGene:5817	TIGIT	PVR	infores:automat-robokop(primary_knowledge_source)
Q194	e0	e_8_e_10	NCBIGene:201633	biolink:interacts_with	UniProtKB:Q495A1-1	TIGIT	T-cell immunoreceptor with Ig and ITIM domains isoform h1 (human)	infores:automat-robokop(primary_knowledge_source)
Q195	e0	e_1	NCBIGene:3815	biolink:affects	NCBIGene:4254	KIT	KITLG	infores:text-mining-provider-targeted(primary_knowledge_source);infores:automat-robokop(aggregator_knowledge_source)
Q195	e0	e_2	NCBIGene:3815	biolink:affects	NCBIGene:4254	KIT	KITLG	infores:text-mining-provider-targeted(primary_knowledge_source);infores:automat-robokop(aggregator_knowledge_source)
Q195	e0	e_3	NCBIGene:4254	biolink:affects	NCBIGene:3815	KITLG	KIT	infores:text-mining-provider-targeted(primary_knowledge_source);infores:automat-robokop(aggregator_knowledge_source)
Q195	e0	e_4	NCBIGene:3815	biolink:directly_physically_interacts_with	NCBIGene:4254	KIT	KITLG	infores:intact(primary_knowledge_source);infores:automat-robokop(aggregator_knowledge_source)
Q195	e0	e_5	NCBIGene:4254	biolink:directly_physically_interacts_with	NCBIGene:3815	KITLG	KIT	infores:intact(primary_knowledge_source);infores:automat-robokop(aggregator_knowledge_source)
Q195	e0	e_6	NCBIGene:4254	biolink:regulates	NCBIGene:3815	KITLG	KIT	infores:signor(primary_knowledge_source);infores:automat-robokop(aggregator_knowledge_source)
Q195	e0	e_7	NCBIGene:4254	biolink:regulates	NCBIGene:3815	KITLG	KIT	infores:signor(primary_knowledge_source);infores:automat-robokop(aggregator_knowledge_source)
Q195	e0	e_8	NCBIGene:4254	biolink:related_to	NCBIGene:3815	KITLG	KIT	infores:signor(primary_knowledge_source);infores:automat-robokop(aggregator_knowledge_source)
Q195	e0	e_9	NCBIGene:3815	biolink:genetically_interacts_with	NCBIGene:4254	KIT	KITLG	infores:hetionet(primary_knowledge_source);infores:hetionet(aggregator_knowledge_source);infores:automat-robokop(aggregator_knowledge_source)
Q195	e0	e_10	UniProtKB:P10721-1	biolink:physically_interacts_with	UniProtKB:P21583-1	mast/stem cell growth factor receptor Kit isoform 1 (human)	kit ligand isoform 1 (human)	infores:string(primary_knowledge_source);infores:automat-robokop(aggregator_knowledge_source)
Q195	e0	e_11	UniProtKB:P21583-1	biolink:physically_interacts_with	UniProtKB:P10721-1	kit ligand isoform 1 (human)	mast/stem cell growth factor receptor Kit isoform 1 (human)	infores:string(primary_knowledge_source);infores:automat-robokop(aggregator_knowledge_source)
Q195	e0	e_12	UniProtKB:P10721-1	biolink:interacts_with	UniProtKB:P21583-1	mast/stem cell growth factor receptor Kit isoform 1 (human)	kit ligand isoform 1 (human)	infores:string(primary_knowledge_source);infores:automat-robokop(aggregator_knowledge_source)
Q195	e0	e_13	UniProtKB:P21583-1	biolink:interacts_with	UniProtKB:P10721-1	kit ligand isoform 1 (human)	mast/stem cell growth factor receptor Kit isoform 1 (human)	infores:string(primary_knowledge_source);infores:automat-robokop(aggregator_knowledge_source)
Q195	e0	e_14	UniProtKB:P10721-1	biolink:subclass_of	NCBIGene:3815	mast/stem cell growth factor receptor Kit isoform 1 (human)	KIT	infores:ubergraph(primary_knowledge_source);infores:automat-robokop(aggregator_knowledge_source)
Q195	e0	e_15	UniProtKB:P21583-1	biolink:subclass_of	NCBIGene:4254	kit ligand isoform 1 (human)	KITLG	infores:ubergraph(primary_knowledge_source);infores:automat-robokop(aggregator_knowledge_source)
Q195	e0	e_10_e_14_e_15	NCBIGene:3815	biolink:physically_interacts_with	NCBIGene:4254	KIT	KITLG	infores:automat-robokop(primary_knowledge_source)
Q195	e0	e_11_e_14_e_15	NCBIGene:3815	biolink:physically_interacts_with	NCBIGene:4254	KIT	KITLG	infores:automat-robokop(primary_knowledge_source)
Q195	e0	e_12_e_14_e_15	NCBIGene:3815	biolink:interacts_with	NCBIGene:4254	KIT	KITLG	infores:automat-robokop(primary_knowledge_source)
Q195	e0	e_13_e_14_e_15	NCBIGene:3815	biolink:interacts_with	NCBIGene:4254	KIT	KITLG	infores:automat-robokop(primary_knowledge_source)
Q196	e0	e_1	NCBIGene:2322	biolink:affects	NCBIGene:2323	FLT3	FLT3LG	infores:text-mining-provider-targeted(primary_knowledge_source);infores:automat-robokop(aggregator_knowledge_source)
Q196	e0	e_2	NCBIGene:2323	biolink:affects	NCBIGene:2322	FLT3LG	FLT3	infores:text-mining-provider-targeted(primary_knowledge_source);infores:automat-robokop(aggregator_knowledge_source)
Q196	e0	e_3	NCBIGene:2323	biolink:affects	NCBIGene:2322	FLT3LG	FLT3	infores:text-mining-provider-targeted(primary_knowledge_source);infores:automat-robokop(aggregator_knowledge_source)
Q196	e0	e_4	NCBIGene:2323	biolink:regulates	NCBIGene:2322	FLT3LG	FLT3	infores:signor(primary_knowledge_source);infores:automat-robokop(aggregator_knowledge_source)
Q196	e0	e_5	NCBIGene:2323	biolink:regulates	NCBIGene:2322	FLT3LG	FLT3	infores:signor(primary_knowledge_source);infores:automat-robokop(aggregator_knowledge_source)
Q196	e0	e_6	NCBIGene:2323	biolink:related_to	NCBIGene:2322	FLT3LG	FLT3	infores:signor(primary_knowledge_source);infores:automat-robokop(aggregator_knowledge_source)
Q196	e0	e_7	NCBIGene:2323	biolink:related_to	NCBIGene:2322	FLT3LG	FLT3	infores:signor(primary_knowledge_source);infores:automat-robokop(aggregator_knowledge_source)
Q196	e0	e_8	NCBIGene:2322	biolink:genetically_interacts_with	NCBIGene:2323	FLT3	FLT3LG	infores:hetionet(primary_knowledge_source);infores:hetionet(aggregator_knowledge_source);infores:automat-robokop(aggregator_knowledge_source)
Q196	e0	e_9	UniProtKB:P36888-1	biolink:physically_interacts_with	UniProtKB:P49771-1	receptor-type tyrosine-protein kinase FLT3 isoform h1 (human)	fms-related tyrosine kinase 3 ligand isoform h1 (human)	infores:string(primary_knowledge_source);infores:automat-robokop(aggregator_knowledge_source)
Q196	e0	e_10	UniProtKB:P49771-1	biolink:physically_interacts_with	UniProtKB:P36888-1	fms-related tyrosine kinase 3 ligand isoform h1 (human)	receptor-type tyrosine-protein kinase FLT3 isoform h1 (human)	infores:string(primary_knowledge_source);infores:automat-robokop(aggregator_knowledge_source)
Q196	e0	e_11	UniProtKB:P36888-1	biolink:interacts_with	UniProtKB:P49771-1	receptor-type tyrosine-protein kinase FLT3 isoform h1 (human)	fms-related tyrosine kinase 3 ligand isoform h1 (human)	infores:string(primary_knowledge_source);infores:automat-robokop(aggregator_knowledge_source)
Q196	e0	e_12	UniProtKB:P49771-1	biolink:interacts_with	UniProtKB:P36888-1	fms-related tyrosine kinase 3 ligand isoform h1 (human)	receptor-type tyrosine-protein kinase FLT3 isoform h1 (human)	infores:string(primary_knowledge_source);infores:automat-robokop(aggregator_knowledge_source)
Q196	e0	e_13	UniProtKB:P36888-1	biolink:subclass_of	NCBIGene:2322	receptor-type tyrosine-protein kinase FLT3 isoform h1 (human)	FLT3	infores:ubergraph(primary_knowledge_source);infores:automat-robokop(aggregator_knowledge_source)
Q196	e0	e_14	UniProtKB:P49771-1	biolink:subclass_of	NCBIGene:2323	fms-related tyrosine kinase 3 ligand isoform h1 (human)	FLT3LG	infores:ubergraph(primary_knowledge_source);infores:automat-robokop(aggregator_knowledge_source)
Q196	e0	e_9_e_13_e_14	NCBIGene:2322	biolink:physically_interacts_with	NCBIGene:2323	FLT3	FLT3LG	infores:automat-robokop(primary_knowledge_source)
Q196	e0	e_10_e_13_e_14	NCBIGene:2322	biolink:physically_interacts_with	NCBIGene:2323	FLT3	FLT3LG	infores:automat-robokop(primary_knowledge_source)
Q196	e0	e_11_e_13_e_14	NCBIGene:2322	biolink:interacts_with	NCBIGene:2323	FLT3	FLT3LG	infores:automat-robokop(primary_knowledge_source)
Q196	e0	e_12_e_13_e_14	NCBIGene:2322	biolink:interacts_with	NCBIGene:2323	FLT3	FLT3LG	infores:automat-robokop(primary_knowledge_source)
Q197	e0	e_1	NCBIGene:1436	biolink:affects	NCBIGene:1435	CSF1R	CSF1	infores:text-mining-provider-targeted(primary_knowledge_source);infores:automat-robokop(aggregator_knowledge_source)
Q197	e0	e_2	NCBIGene:1436	biolink:affects	NCBIGene:1435	CSF1R	CSF1	infores:text-mining-provider-targeted(primary_knowledge_source);infores:automat-robokop(aggregator_knowledge_source)
Q197	e0	e_3	NCBIGene:1435	biolink:affects	NCBIGene:1436	CSF1	CSF1R	infores:text-mining-provider-targeted(primary_knowledge_source);infores:automat-robokop(aggregator_knowledge_source)
Q197	e0	e_4	NCBIGene:1436	biolink:directly_physically_interacts_with	NCBIGene:1435	CSF1R	CSF1	infores:intact(primary_knowledge_source);infores:automat-robokop(aggregator_knowledge_source)
Q197	e0	e_5	NCBIGene:1435	biolink:directly_physically_interacts_with	NCBIGene:1436	CSF1	CSF1R	infores:ccidb(primary_knowledge_source);infores:automat-robokop(aggregator_knowledge_source)
Q197	e0	e_6	NCBIGene:1435	biolink:directly_physically_interacts_with	NCBIGene:1436	CSF1	CSF1R	infores:intact(primary_knowledge_source);infores:automat-robokop(aggregator_knowledge_source)
Q197	e0	e_7	NCBIGene:1435	biolink:directly_physically_interacts_with	NCBIGene:1436	CSF1	CSF1R	infores:ccidb(primary_knowledge_source);infores:automat-robokop(aggregator_knowledge_source)
Q197	e0	e_8	NCBIGene:1435	biolink:directly_physically_interacts_with	NCBIGene:1436	CSF1	CSF1R	infores:ccidb(primary_knowledge_source);infores:automat-robokop(aggregator_knowledge_source)
Q197	e0	e_9	NCBIGene:1435	biolink:regulates	NCBIGene:1436	CSF1	CSF1R	infores:signor(primary_knowledge_source);infores:automat-robokop(aggregator_knowledge_source)
Q197	e0	e_10	NCBIGene:1435	biolink:regulates	NCBIGene:1436	CSF1	CSF1R	infores:signor(primary_knowledge_source);infores:automat-robokop(aggregator_knowledge_source)
Q197	e0	e_11	NCBIGene:1435	biolink:regulates	NCBIGene:1436	CSF1	CSF1R	infores:signor(primary_knowledge_source);infores:automat-robokop(aggregator_knowledge_source)
Q197	e0	e_12	NCBIGene:1435	biolink:related_to	NCBIGene:1436	CSF1	CSF1R	infores:signor(primary_knowledge_source);infores:automat-robokop(aggregator_knowledge_source)
Q197	e0	e_13	NCBIGene:1435	biolink:related_to	NCBIGene:1436	CSF1	CSF1R	infores:signor(primary_knowledge_source);infores:automat-robokop(aggregator_knowledge_source)
Q197	e0	e_14	NCBIGene:1435	biolink:related_to	NCBIGene:1436	CSF1	CSF1R	infores:signor(primary_knowledge_source);infores:automat-robokop(aggregator_knowledge_source)
Q197	e0	e_15	NCBIGene:1435	biolink:genetically_interacts_with	NCBIGene:1436	CSF1	CSF1R	infores:hetionet(primary_knowledge_source);infores:hetionet(aggregator_knowledge_source);infores:automat-robokop(aggregator_knowledge_source)
Q197	e0	e_16	UniProtKB:P07333-1	biolink:physically_interacts_with	UniProtKB:P09603-1	macrophage colony-stimulating factor 1 receptor isoform h1 (human)	macrophage colony-stimulating factor 1 isoform h1 (human)	infores:string(primary_knowledge_source);infores:automat-robokop(aggregator_knowledge_source)
Q197	e0	e_17	UniProtKB:P09603-1	biolink:physically_interacts_with	UniProtKB:P07333-1	macrophage colony-stimulating factor 1 isoform h1 (human)	macrophage colony-stimulating factor 1 receptor isoform h1 (human)	infores:string(primary_knowledge_source);infores:automat-robokop(aggregator_knowledge_source)
Q197	e0	e_18	UniProtKB:P07333-1	biolink:interacts_with	UniProtKB:P09603-1	macrophage colony-stimulating factor 1 receptor isoform h1 (human)	macrophage colony-stimulating factor 1 isoform h1 (human)	infores:string(primary_knowledge_source);infores:automat-robokop(aggregator_knowledge_source)
Q197	e0	e_19	UniProtKB:P09603-1	biolink:interacts_with	UniProtKB:P07333-1	macrophage colony-stimulating factor 1 isoform h1 (human)	macrophage colony-stimulating factor 1 receptor isoform h1 (human)	infores:string(primary_knowledge_source);infores:automat-robokop(aggregator_knowledge_source)
Q197	e0	e_20	UniProtKB:P07333-1	biolink:subclass_of	NCBIGene:1436	macrophage colony-stimulating factor 1 receptor isoform h1 (human)	CSF1R	infores:ubergraph(primary_knowledge_source);infores:automat-robokop(aggregator_knowledge_source)
Q197	e0	e_21	UniProtKB:P09603-1	biolink:subclass_of	NCBIGene:1435	macrophage colony-stimulating factor 1 isoform h1 (human)	CSF1	infores:ubergraph(primary_knowledge_source);infores:automat-robokop(aggregator_knowledge_source)
Q197	e0	e_16_e_20_e_21	NCBIGene:1436	biolink:physically_interacts_with	NCBIGene:1435	CSF1R	CSF1	infores:automat-robokop(primary_knowledge_source)
Q197	e0	e_17_e_20_e_21	NCBIGene:1436	biolink:physically_interacts_with	NCBIGene:1435	CSF1R	CSF1	infores:automat-robokop(primary_knowledge_source)
Q197	e0	e_18_e_20_e_21	NCBIGene:1436	biolink:interacts_with	NCBIGene:1435	CSF1R	CSF1	infores:automat-robokop(primary_knowledge_source)
Q197	e0	e_19_e_20_e_21	NCBIGene:1436	biolink:interacts_with	NCBIGene:1435	CSF1R	CSF1	infores:automat-robokop(primary_knowledge_source)
Q198	e0	e_1	NCBIGene:5159	biolink:affects	NCBIGene:5156	PDGFRB	PDGFRA	infores:psite-plus(primary_knowledge_source);infores:kinace(aggregator_knowledge_source);infores:automat-robokop(aggregator_knowledge_source)
Q198	e0	e_2	NCBIGene:5159	biolink:affects	NCBIGene:5156	PDGFRB	PDGFRA	infores:epsd(primary_knowledge_source);infores:kinace(aggregator_knowledge_source);infores:automat-robokop(aggregator_knowledge_source)
Q198	e0	e_3	NCBIGene:5156	biolink:affects	NCBIGene:5159	PDGFRA	PDGFRB	infores:text-mining-provider-targeted(primary_knowledge_source);infores:automat-robokop(aggregator_knowledge_source)
Q198	e0	e_4	NCBIGene:5156	biolink:affects	NCBIGene:5159	PDGFRA	PDGFRB	infores:text-mining-provider-targeted(primary_knowledge_source);infores:automat-robokop(aggregator_knowledge_source)
Q198	e0	e_5	NCBIGene:5159	biolink:directly_physically_interacts_with	NCBIGene:5156	PDGFRB	PDGFRA	infores:intact(primary_knowledge_source);infores:automat-robokop(aggregator_knowledge_source)
Q198	e0	e_6	NCBIGene:5156	biolink:genetically_interacts_with	NCBIGene:5159	PDGFRA	PDGFRB	infores:hetionet(primary_knowledge_source);infores:hetionet(aggregator_knowledge_source);infores:automat-robokop(aggregator_knowledge_source)
Q198	e0	e_7	UniProtKB:P09619-1	biolink:physically_interacts_with	UniProtKB:P16234-1	platelet-derived growth factor receptor beta isoform 1 (human)	platelet-derived growth factor receptor alpha isoform 1 (human)	infores:string(primary_knowledge_source);infores:automat-robokop(aggregator_knowledge_source)
Q198	e0	e_8	UniProtKB:P16234-1	biolink:physically_interacts_with	UniProtKB:P09619-1	platelet-derived growth factor receptor alpha isoform 1 (human)	platelet-derived growth factor receptor beta isoform 1 (human)	infores:string(primary_knowledge_source);infores:automat-robokop(aggregator_knowledge_source)
Q198	e0	e_9	UniProtKB:P09619-1	biolink:subclass_of	NCBIGene:5159	platelet-derived growth factor receptor beta isoform 1 (human)	PDGFRB	infores:ubergraph(primary_knowledge_source);infores:automat-robokop(aggregator_knowledge_source)
Q198	e0	e_10	UniProtKB:P16234-1	biolink:subclass_of	NCBIGene:5156	platelet-derived growth factor receptor alpha isoform 1 (human)	PDGFRA	infores:ubergraph(primary_knowledge_source);infores:automat-robokop(aggregator_knowledge_source)
Q198	e0	e_7_e_9_e_10	NCBIGene:5159	biolink:physically_interacts_with	NCBIGene:5156	PDGFRB	PDGFRA	infores:automat-robokop(primary_knowledge_source)
Q198	e0	e_8_e_9_e_10	NCBIGene:5159	biolink:physically_interacts_with	NCBIGene:5156	PDGFRB	PDGFRA	infores:automat-robokop(primary_knowledge_source)
Q199	e0	e_1	NCBIGene:558	biolink:affects	NCBIGene:2621	AXL	GAS6	infores:text-mining-provider-targeted(primary_knowledge_source);infores:automat-robokop(aggregator_knowledge_source)
Q199	e0	e_2	NCBIGene:2621	biolink:affects	NCBIGene:558	GAS6	AXL	infores:text-mining-provider-targeted(primary_knowledge_source);infores:automat-robokop(aggregator_knowledge_source)
Q199	e0	e_3	NCBIGene:558	biolink:directly_physically_interacts_with	NCBIGene:2621	AXL	GAS6	infores:intact(primary_knowledge_source);infores:automat-robokop(aggregator_knowledge_source)
Q199	e0	e_4	NCBIGene:2621	biolink:directly_physically_interacts_with	NCBIGene:558	GAS6	AXL	infores:ccidb(primary_knowledge_source);infores:automat-robokop(aggregator_knowledge_source)
Q199	e0	e_5	NCBIGene:2621	biolink:directly_physically_interacts_with	NCBIGene:558	GAS6	AXL	infores:ccidb(primary_knowledge_source);infores:automat-robokop(aggregator_knowledge_source)
Q199	e0	e_6	NCBIGene:2621	biolink:directly_physically_interacts_with	NCBIGene:558	GAS6	AXL	infores:ccidb(primary_knowledge_source);infores:automat-robokop(aggregator_knowledge_source)
Q199	e0	e_7	NCBIGene:2621	biolink:directly_physically_interacts_with	NCBIGene:558	GAS6	AXL	infores:intact(primary_knowledge_source);infores:automat-robokop(aggregator_knowledge_source)
Q199	e0	e_8	NCBIGene:2621	biolink:regulates	NCBIGene:558	GAS6	AXL	infores:signor(primary_knowledge_source);infores:automat-robokop(aggregator_knowledge_source)
Q199	e0	e_9	NCBIGene:2621	biolink:regulates	NCBIGene:558	GAS6	AXL	infores:signor(primary_knowledge_source);infores:automat-robokop(aggregator_knowledge_source)
Q199	e0	e_10	NCBIGene:2621	biolink:related_to	NCBIGene:558	GAS6	AXL	infores:signor(primary_knowledge_source);infores:automat-robokop(aggregator_knowledge_source)
Q199	e0	e_11	NCBIGene:2621	biolink:related_to	NCBIGene:558	GAS6	AXL	infores:signor(primary_knowledge_source);infores:automat-robokop(aggregator_knowledge_source)
Q199	e0	e_12	NCBIGene:558	biolink:genetically_interacts_with	NCBIGene:2621	AXL	GAS6	infores:hetionet(primary_knowledge_source);infores:hetionet(aggregator_knowledge_source);infores:automat-robokop(aggregator_knowledge_source)
Q199	e0	e_13	UniProtKB:P30530-1	biolink:physically_interacts_with	UniProtKB:Q14393-2	tyrosine-protein kinase receptor UFO isoform Long (human)	growth arrest-specific protein 6 isoform h1 (human)	infores:string(primary_knowledge_source);infores:automat-robokop(aggregator_knowledge_source)
Q199	e0	e_14	UniProtKB:Q14393-2	biolink:physically_interacts_with	UniProtKB:P30530-1	growth arrest-specific protein 6 isoform h1 (human)	tyrosine-protein kinase receptor UFO isoform Long (human)	infores:string(primary_knowledge_source);infores:automat-robokop(aggregator_knowledge_source)
Q199	e0	e_15	UniProtKB:P30530-1	biolink:interacts_with	UniProtKB:Q14393-2	tyrosine-protein kinase receptor UFO isoform Long (human)	growth arrest-specific protein 6 isoform h1 (human)	infores:string(primary_knowledge_source);infores:automat-robokop(aggregator_knowledge_source)
Q199	e0	e_16	UniProtKB:Q14393-2	biolink:interacts_with	UniProtKB:P30530-1	growth arrest-specific protein 6 isoform h1 (human)	tyrosine-protein kinase receptor UFO isoform Long (human)	infores:string(primary_knowledge_source);infores:automat-robokop(aggregator_knowledge_source)
Q199	e0	e_17	UniProtKB:P30530-1	biolink:subclass_of	NCBIGene:558	tyrosine-protein kinase receptor UFO isoform Long (human)	AXL	infores:ubergraph(primary_knowledge_source);infores:automat-robokop(aggregator_knowledge_source)
Q199	e0	e_18	UniProtKB:Q14393-2	biolink:subclass_of	NCBIGene:2621	growth arrest-specific protein 6 isoform h1 (human)	GAS6	infores:ubergraph(primary_knowledge_source);infores:automat-robokop(aggregator_knowledge_source)
Q199	e0	e_13_e_17_e_18	NCBIGene:558	biolink:physically_interacts_with	NCBIGene:2621	AXL	GAS6	infores:automat-robokop(primary_knowledge_source)
Q199	e0	e_14_e_17_e_18	NCBIGene:558	biolink:physically_interacts_with	NCBIGene:2621	AXL	GAS6	infores:automat-robokop(primary_knowledge_source)
Q199	e0	e_15_e_17_e_18	NCBIGene:558	biolink:interacts_with	NCBIGene:2621	AXL	GAS6	infores:automat-robokop(primary_knowledge_source)
Q199	e0	e_16_e_17_e_18	NCBIGene:558	biolink:interacts_with	NCBIGene:2621	AXL	GAS6	infores:automat-robokop(primary_knowledge_source)
Q200	e0	e_1	NCBIGene:4233	biolink:affects	NCBIGene:3082	MET	HGF	infores:text-mining-provider-targeted(primary_knowledge_source);infores:automat-robokop(aggregator_knowledge_source)
Q200	e0	e_2	NCBIGene:3082	biolink:affects	NCBIGene:4233	HGF	MET	infores:text-mining-provider-targeted(primary_knowledge_source);infores:automat-robokop(aggregator_knowledge_source)
Q200	e0	e_3	NCBIGene:4233	biolink:directly_physically_interacts_with	NCBIGene:3082	MET	HGF	infores:intact(primary_knowledge_source);infores:automat-robokop(aggregator_knowledge_source)
Q200	e0	e_4	NCBIGene:3082	biolink:directly_physically_interacts_with	NCBIGene:4233	HGF	MET	infores:ccidb(primary_knowledge_source);infores:automat-robokop(aggregator_knowledge_source)
Q200	e0	e_5	NCBIGene:3082	biolink:directly_physically_interacts_with	NCBIGene:4233	HGF	MET	infores:ccidb(primary_knowledge_source);infores:automat-robokop(aggregator_knowledge_source)
Q200	e0	e_6	NCBIGene:3082	biolink:directly_physically_interacts_with	NCBIGene:4233	HGF	MET	infores:ccidb(primary_knowledge_source);infores:automat-robokop(aggregator_knowledge_source)
Q200	e0	e_7	NCBIGene:3082	biolink:directly_physically_interacts_with	NCBIGene:4233	HGF	MET	infores:ccidb(primary_knowledge_source);infores:automat-robokop(aggregator_knowledge_source)
Q200	e0	e_8	NCBIGene:3082	biolink:directly_physically_interacts_with	NCBIGene:4233	HGF	MET	infores:ccidb(primary_knowledge_source);infores:automat-robokop(aggregator_knowledge_source)
Q200	e0	e_9	NCBIGene:3082	biolink:directly_physically_interacts_with	NCBIGene:4233	HGF	MET	infores:intact(primary_knowledge_source);infores:automat-robokop(aggregator_knowledge_source)
Q200	e0	e_10	NCBIGene:3082	biolink:regulates	NCBIGene:4233	HGF	MET	infores:signor(primary_knowledge_source);infores:automat-robokop(aggregator_knowledge_source)
Q200	e0	e_11	NCBIGene:3082	biolink:related_to	NCBIGene:4233	HGF	MET	infores:signor(primary_knowledge_source);infores:automat-robokop(aggregator_knowledge_source)
Q200	e0	e_12	NCBIGene:3082	biolink:genetically_interacts_with	NCBIGene:4233	HGF	MET	infores:hetionet(primary_knowledge_source);infores:hetionet(aggregator_knowledge_source);infores:automat-robokop(aggregator_knowledge_source)
Q200	e0	e_13	UniProtKB:P08581-2	biolink:physically_interacts_with	UniProtKB:P14210-1	hepatocyte growth factor receptor isoform h2 (human)	hepatocyte growth factor isoform 1 (human)	infores:string(primary_knowledge_source);infores:automat-robokop(aggregator_knowledge_source)
Q200	e0	e_14	UniProtKB:P14210-1	biolink:physically_interacts_with	UniProtKB:P08581-2	hepatocyte growth factor isoform 1 (human)	hepatocyte growth factor receptor isoform h2 (human)	infores:string(primary_knowledge_source);infores:automat-robokop(aggregator_knowledge_source)
Q200	e0	e_15	UniProtKB:P08581-2	biolink:interacts_with	UniProtKB:P14210-1	hepatocyte growth factor receptor isoform h2 (human)	hepatocyte growth factor isoform 1 (human)	infores:string(primary_knowledge_source);infores:automat-robokop(aggregator_knowledge_source)
Q200	e0	e_16	UniProtKB:P14210-1	biolink:interacts_with	UniProtKB:P08581-2	hepatocyte growth factor isoform 1 (human)	hepatocyte growth factor receptor isoform h2 (human)	infores:string(primary_knowledge_source);infores:automat-robokop(aggregator_knowledge_source)
Q200	e0	e_17	UniProtKB:P08581-2	biolink:subclass_of	NCBIGene:4233	hepatocyte growth factor receptor isoform h2 (human)	MET	infores:ubergraph(primary_knowledge_source);infores:automat-robokop(aggregator_knowledge_source)
Q200	e0	e_18	UniProtKB:P14210-1	biolink:subclass_of	NCBIGene:3082	hepatocyte growth factor isoform 1 (human)	HGF	infores:ubergraph(primary_knowledge_source);infores:automat-robokop(aggregator_knowledge_source)
Q200	e0	e_13_e_17_e_18	NCBIGene:4233	biolink:physically_interacts_with	NCBIGene:3082	MET	HGF	infores:automat-robokop(primary_knowledge_source)
Q200	e0	e_14_e_17_e_18	NCBIGene:4233	biolink:physically_interacts_with	NCBIGene:3082	MET	HGF	infores:automat-robokop(primary_knowledge_source)
Q200	e0	e_15_e_17_e_18	NCBIGene:4233	biolink:interacts_with	NCBIGene:3082	MET	HGF	infores:automat-robokop(primary_knowledge_source)
Q200	e0	e_16_e_17_e_18	NCBIGene:4233	biolink:interacts_with	NCBIGene:3082	MET	HGF	infores:automat-robokop(primary_knowledge_source)
