question_id,run_id,n_gpt,n_robokop,n_intersection,jaccard,precision_like,recall_like,f1
Q1,5,0,2,0,0.000000,0.000000,0.000000,0.000000
Q1,3,1,2,0,0.000000,0.000000,0.000000,0.000000
Q1,9,1,2,0,0.000000,0.000000,0.000000,0.000000
Q1,4,1,2,0,0.000000,0.000000,0.000000,0.000000
Q1,6,1,2,0,0.000000,0.000000,0.000000,0.000000
Q1,1,1,2,0,0.000000,0.000000,0.000000,0.000000
Q1,2,1,2,0,0.000000,0.000000,0.000000,0.000000
Q1,8,1,2,0,0.000000,0.000000,0.000000,0.000000
Q1,12,1,2,0,0.000000,0.000000,0.000000,0.000000
Q1,11,1,2,0,0.000000,0.000000,0.000000,0.000000
Q1,10,2,2,0,0.000000,0.000000,0.000000,0.000000
Q1,7,1,2,0,0.000000,0.000000,0.000000,0.000000
Q1,13,1,2,0,0.000000,0.000000,0.000000,0.000000
Q1,15,1,2,0,0.000000,0.000000,0.000000,0.000000
Q1,16,1,2,0,0.000000,0.000000,0.000000,0.000000
Q1,14,1,2,0,0.000000,0.000000,0.000000,0.000000
Q1,18,1,2,0,0.000000,0.000000,0.000000,0.000000
Q1,17,1,2,0,0.000000,0.000000,0.000000,0.000000
Q1,20,1,2,0,0.000000,0.000000,0.000000,0.000000
Q1,23,1,2,0,0.000000,0.000000,0.000000,0.000000
Q1,21,1,2,0,0.000000,0.000000,0.000000,0.000000
Q1,19,1,2,0,0.000000,0.000000,0.000000,0.000000
Q1,24,1,2,0,0.000000,0.000000,0.000000,0.000000
Q1,26,1,2,0,0.000000,0.000000,0.000000,0.000000
Q1,22,1,2,0,0.000000,0.000000,0.000000,0.000000
Q1,25,1,2,0,0.000000,0.000000,0.000000,0.000000
Q1,28,1,2,0,0.000000,0.000000,0.000000,0.000000
Q1,27,1,2,0,0.000000,0.000000,0.000000,0.000000
Q1,30,1,2,0,0.000000,0.000000,0.000000,0.000000
Q1,31,1,2,0,0.000000,0.000000,0.000000,0.000000
Q1,33,2,2,1,0.333333,0.500000,0.500000,0.500000
Q1,29,2,2,0,0.000000,0.000000,0.000000,0.000000
Q1,36,1,2,0,0.000000,0.000000,0.000000,0.000000
Q1,35,1,2,0,0.000000,0.000000,0.000000,0.000000
Q1,38,2,2,1,0.333333,0.500000,0.500000,0.500000
Q1,32,1,2,0,0.000000,0.000000,0.000000,0.000000
Q1,41,1,2,0,0.000000,0.000000,0.000000,0.000000
Q1,37,1,2,0,0.000000,0.000000,0.000000,0.000000
Q1,42,1,2,0,0.000000,0.000000,0.000000,0.000000
Q1,34,1,2,0,0.000000,0.000000,0.000000,0.000000
Q1,43,1,2,0,0.000000,0.000000,0.000000,0.000000
Q1,44,1,2,0,0.000000,0.000000,0.000000,0.000000
Q1,40,1,2,0,0.000000,0.000000,0.000000,0.000000
Q1,47,1,2,0,0.000000,0.000000,0.000000,0.000000
Q1,46,1,2,0,0.000000,0.000000,0.000000,0.000000
Q1,45,1,2,0,0.000000,0.000000,0.000000,0.000000
Q1,48,1,2,0,0.000000,0.000000,0.000000,0.000000
Q1,50,1,2,0,0.000000,0.000000,0.000000,0.000000
Q1,39,1,2,0,0.000000,0.000000,0.000000,0.000000
Q1,49,1,2,0,0.000000,0.000000,0.000000,0.000000
Q1,53,1,2,0,0.000000,0.000000,0.000000,0.000000
Q1,51,0,2,0,0.000000,0.000000,0.000000,0.000000
Q1,54,2,2,1,0.333333,0.500000,0.500000,0.500000
Q1,59,1,2,0,0.000000,0.000000,0.000000,0.000000
Q1,56,1,2,0,0.000000,0.000000,0.000000,0.000000
Q1,52,2,2,1,0.333333,0.500000,0.500000,0.500000
Q1,60,1,2,0,0.000000,0.000000,0.000000,0.000000
Q1,58,1,2,0,0.000000,0.000000,0.000000,0.000000
Q1,62,1,2,0,0.000000,0.000000,0.000000,0.000000
Q1,55,1,2,0,0.000000,0.000000,0.000000,0.000000
Q1,57,1,2,0,0.000000,0.000000,0.000000,0.000000
Q1,61,1,2,0,0.000000,0.000000,0.000000,0.000000
Q1,64,1,2,0,0.000000,0.000000,0.000000,0.000000
Q1,63,1,2,0,0.000000,0.000000,0.000000,0.000000
Q1,66,0,2,0,0.000000,0.000000,0.000000,0.000000
Q1,65,2,2,1,0.333333,0.500000,0.500000,0.500000
Q1,67,1,2,0,0.000000,0.000000,0.000000,0.000000
Q1,74,1,2,0,0.000000,0.000000,0.000000,0.000000
Q1,68,1,2,0,0.000000,0.000000,0.000000,0.000000
Q1,72,1,2,0,0.000000,0.000000,0.000000,0.000000
Q1,73,1,2,0,0.000000,0.000000,0.000000,0.000000
Q1,71,1,2,0,0.000000,0.000000,0.000000,0.000000
Q1,69,1,2,0,0.000000,0.000000,0.000000,0.000000
Q1,70,2,2,0,0.000000,0.000000,0.000000,0.000000
Q1,75,1,2,0,0.000000,0.000000,0.000000,0.000000
Q1,76,1,2,0,0.000000,0.000000,0.000000,0.000000
Q1,78,1,2,0,0.000000,0.000000,0.000000,0.000000
Q1,79,1,2,0,0.000000,0.000000,0.000000,0.000000
Q1,77,1,2,0,0.000000,0.000000,0.000000,0.000000
Q1,81,1,2,0,0.000000,0.000000,0.000000,0.000000
Q1,83,0,2,0,0.000000,0.000000,0.000000,0.000000
Q1,80,1,2,0,0.000000,0.000000,0.000000,0.000000
Q1,82,2,2,1,0.333333,0.500000,0.500000,0.500000
Q1,85,1,2,0,0.000000,0.000000,0.000000,0.000000
Q1,87,1,2,0,0.000000,0.000000,0.000000,0.000000
Q1,86,1,2,0,0.000000,0.000000,0.000000,0.000000
Q1,88,1,2,0,0.000000,0.000000,0.000000,0.000000
Q1,89,1,2,0,0.000000,0.000000,0.000000,0.000000
Q1,84,1,2,0,0.000000,0.000000,0.000000,0.000000
Q1,90,1,2,0,0.000000,0.000000,0.000000,0.000000
Q1,92,1,2,0,0.000000,0.000000,0.000000,0.000000
Q1,93,1,2,0,0.000000,0.000000,0.000000,0.000000
Q1,91,1,2,0,0.000000,0.000000,0.000000,0.000000
Q1,94,1,2,0,0.000000,0.000000,0.000000,0.000000
Q1,95,2,2,1,0.333333,0.500000,0.500000,0.500000
Q1,98,1,2,0,0.000000,0.000000,0.000000,0.000000
Q1,97,1,2,0,0.000000,0.000000,0.000000,0.000000
Q1,96,1,2,0,0.000000,0.000000,0.000000,0.000000
Q1,99,1,2,0,0.000000,0.000000,0.000000,0.000000
Q2,6,0,5,0,0.000000,0.000000,0.000000,0.000000
Q2,1,1,5,0,0.000000,0.000000,0.000000,0.000000
Q1,100,1,2,0,0.000000,0.000000,0.000000,0.000000
Q2,3,1,5,0,0.000000,0.000000,0.000000,0.000000
Q2,9,1,5,0,0.000000,0.000000,0.000000,0.000000
Q2,2,2,5,0,0.000000,0.000000,0.000000,0.000000
Q2,10,1,5,0,0.000000,0.000000,0.000000,0.000000
Q2,5,1,5,0,0.000000,0.000000,0.000000,0.000000
Q2,11,1,5,0,0.000000,0.000000,0.000000,0.000000
Q2,8,2,5,0,0.000000,0.000000,0.000000,0.000000
Q2,4,1,5,0,0.000000,0.000000,0.000000,0.000000
Q2,7,2,5,1,0.166667,0.500000,0.200000,0.285714
Q2,15,1,5,0,0.000000,0.000000,0.000000,0.000000
Q2,12,2,5,1,0.166667,0.500000,0.200000,0.285714
Q2,20,0,5,0,0.000000,0.000000,0.000000,0.000000
Q2,13,2,5,1,0.166667,0.500000,0.200000,0.285714
Q2,14,1,5,0,0.000000,0.000000,0.000000,0.000000
Q2,17,1,5,0,0.000000,0.000000,0.000000,0.000000
Q2,16,2,5,1,0.166667,0.500000,0.200000,0.285714
Q2,19,1,5,0,0.000000,0.000000,0.000000,0.000000
Q2,22,2,5,1,0.166667,0.500000,0.200000,0.285714
Q2,21,2,5,1,0.166667,0.500000,0.200000,0.285714
Q2,18,1,5,0,0.000000,0.000000,0.000000,0.000000
Q2,25,1,5,0,0.000000,0.000000,0.000000,0.000000
Q2,23,1,5,0,0.000000,0.000000,0.000000,0.000000
Q2,28,1,5,0,0.000000,0.000000,0.000000,0.000000
Q2,26,2,5,0,0.000000,0.000000,0.000000,0.000000
Q2,30,1,5,0,0.000000,0.000000,0.000000,0.000000
Q2,31,1,5,0,0.000000,0.000000,0.000000,0.000000
Q2,29,1,5,0,0.000000,0.000000,0.000000,0.000000
Q2,27,2,5,1,0.166667,0.500000,0.200000,0.285714
Q2,35,1,5,0,0.000000,0.000000,0.000000,0.000000
Q2,34,1,5,0,0.000000,0.000000,0.000000,0.000000
Q2,33,2,5,0,0.000000,0.000000,0.000000,0.000000
Q2,40,0,5,0,0.000000,0.000000,0.000000,0.000000
Q2,39,1,5,0,0.000000,0.000000,0.000000,0.000000
Q2,24,1,5,0,0.000000,0.000000,0.000000,0.000000
Q2,36,1,5,0,0.000000,0.000000,0.000000,0.000000
Q2,41,1,5,0,0.000000,0.000000,0.000000,0.000000
Q2,38,2,5,1,0.166667,0.500000,0.200000,0.285714
Q2,32,2,5,1,0.166667,0.500000,0.200000,0.285714
Q2,43,1,5,0,0.000000,0.000000,0.000000,0.000000
Q2,45,1,5,0,0.000000,0.000000,0.000000,0.000000
Q2,42,2,5,1,0.166667,0.500000,0.200000,0.285714
Q2,48,1,5,0,0.000000,0.000000,0.000000,0.000000
Q2,37,1,5,0,0.000000,0.000000,0.000000,0.000000
Q2,46,1,5,0,0.000000,0.000000,0.000000,0.000000
Q2,47,1,5,0,0.000000,0.000000,0.000000,0.000000
Q2,49,1,5,0,0.000000,0.000000,0.000000,0.000000
Q2,52,1,5,0,0.000000,0.000000,0.000000,0.000000
Q2,51,1,5,0,0.000000,0.000000,0.000000,0.000000
Q2,44,2,5,1,0.166667,0.500000,0.200000,0.285714
Q2,54,1,5,0,0.000000,0.000000,0.000000,0.000000
Q2,59,1,5,0,0.000000,0.000000,0.000000,0.000000
Q2,53,2,5,0,0.000000,0.000000,0.000000,0.000000
Q2,50,1,5,0,0.000000,0.000000,0.000000,0.000000
Q2,58,1,5,0,0.000000,0.000000,0.000000,0.000000
Q2,60,1,5,0,0.000000,0.000000,0.000000,0.000000
Q2,62,1,5,0,0.000000,0.000000,0.000000,0.000000
Q2,61,2,5,1,0.166667,0.500000,0.200000,0.285714
Q2,55,2,5,1,0.166667,0.500000,0.200000,0.285714
Q2,57,2,5,1,0.166667,0.500000,0.200000,0.285714
Q2,65,1,5,0,0.000000,0.000000,0.000000,0.000000
Q2,64,1,5,0,0.000000,0.000000,0.000000,0.000000
Q2,56,2,5,1,0.166667,0.500000,0.200000,0.285714
Q2,69,1,5,0,0.000000,0.000000,0.000000,0.000000
Q2,63,2,5,1,0.166667,0.500000,0.200000,0.285714
Q2,66,1,5,0,0.000000,0.000000,0.000000,0.000000
Q2,70,1,5,0,0.000000,0.000000,0.000000,0.000000
Q2,67,1,5,0,0.000000,0.000000,0.000000,0.000000
Q2,68,1,5,0,0.000000,0.000000,0.000000,0.000000
Q2,72,1,5,0,0.000000,0.000000,0.000000,0.000000
Q2,71,1,5,0,0.000000,0.000000,0.000000,0.000000
Q2,73,1,5,0,0.000000,0.000000,0.000000,0.000000
Q2,74,1,5,0,0.000000,0.000000,0.000000,0.000000
Q2,78,1,5,0,0.000000,0.000000,0.000000,0.000000
Q2,76,1,5,0,0.000000,0.000000,0.000000,0.000000
Q2,77,1,5,0,0.000000,0.000000,0.000000,0.000000
Q2,80,1,5,0,0.000000,0.000000,0.000000,0.000000
Q2,81,1,5,0,0.000000,0.000000,0.000000,0.000000
Q2,79,1,5,0,0.000000,0.000000,0.000000,0.000000
Q2,75,1,5,0,0.000000,0.000000,0.000000,0.000000
Q2,84,1,5,0,0.000000,0.000000,0.000000,0.000000
Q2,87,1,5,0,0.000000,0.000000,0.000000,0.000000
Q2,85,1,5,0,0.000000,0.000000,0.000000,0.000000
Q2,89,1,5,0,0.000000,0.000000,0.000000,0.000000
Q2,93,0,5,0,0.000000,0.000000,0.000000,0.000000
Q2,92,1,5,0,0.000000,0.000000,0.000000,0.000000
Q2,83,1,5,0,0.000000,0.000000,0.000000,0.000000
Q2,88,2,5,1,0.166667,0.500000,0.200000,0.285714
Q2,91,1,5,0,0.000000,0.000000,0.000000,0.000000
Q2,90,1,5,0,0.000000,0.000000,0.000000,0.000000
Q2,82,1,5,0,0.000000,0.000000,0.000000,0.000000
Q2,86,1,5,0,0.000000,0.000000,0.000000,0.000000
Q2,94,1,5,0,0.000000,0.000000,0.000000,0.000000
Q2,100,0,5,0,0.000000,0.000000,0.000000,0.000000
Q3,2,0,1,0,0.000000,0.000000,0.000000,0.000000
Q2,97,1,5,0,0.000000,0.000000,0.000000,0.000000
Q3,3,0,1,0,0.000000,0.000000,0.000000,0.000000
Q2,95,1,5,0,0.000000,0.000000,0.000000,0.000000
Q2,96,1,5,0,0.000000,0.000000,0.000000,0.000000
Q3,1,0,1,0,0.000000,0.000000,0.000000,0.000000
Q2,99,2,5,0,0.000000,0.000000,0.000000,0.000000
Q3,4,0,1,0,0.000000,0.000000,0.000000,0.000000
Q2,98,1,5,0,0.000000,0.000000,0.000000,0.000000
Q3,7,0,1,0,0.000000,0.000000,0.000000,0.000000
Q3,8,0,1,0,0.000000,0.000000,0.000000,0.000000
Q3,13,0,1,0,0.000000,0.000000,0.000000,0.000000
Q3,11,0,1,0,0.000000,0.000000,0.000000,0.000000
Q3,12,0,1,0,0.000000,0.000000,0.000000,0.000000
Q3,10,1,1,0,0.000000,0.000000,0.000000,0.000000
Q3,14,0,1,0,0.000000,0.000000,0.000000,0.000000
Q3,15,1,1,0,0.000000,0.000000,0.000000,0.000000
Q3,6,0,1,0,0.000000,0.000000,0.000000,0.000000
Q3,18,0,1,0,0.000000,0.000000,0.000000,0.000000
Q3,5,1,1,0,0.000000,0.000000,0.000000,0.000000
Q3,16,0,1,0,0.000000,0.000000,0.000000,0.000000
Q3,17,0,1,0,0.000000,0.000000,0.000000,0.000000
Q3,19,0,1,0,0.000000,0.000000,0.000000,0.000000
Q3,21,0,1,0,0.000000,0.000000,0.000000,0.000000
Q3,23,0,1,0,0.000000,0.000000,0.000000,0.000000
Q3,20,0,1,0,0.000000,0.000000,0.000000,0.000000
Q3,24,0,1,0,0.000000,0.000000,0.000000,0.000000
Q3,22,1,1,0,0.000000,0.000000,0.000000,0.000000
Q3,28,0,1,0,0.000000,0.000000,0.000000,0.000000
Q3,26,0,1,0,0.000000,0.000000,0.000000,0.000000
Q3,27,1,1,0,0.000000,0.000000,0.000000,0.000000
Q3,30,0,1,0,0.000000,0.000000,0.000000,0.000000
Q3,34,0,1,0,0.000000,0.000000,0.000000,0.000000
Q3,31,0,1,0,0.000000,0.000000,0.000000,0.000000
Q3,32,0,1,0,0.000000,0.000000,0.000000,0.000000
Q3,25,0,1,0,0.000000,0.000000,0.000000,0.000000
Q3,37,0,1,0,0.000000,0.000000,0.000000,0.000000
Q3,29,0,1,0,0.000000,0.000000,0.000000,0.000000
Q3,36,0,1,0,0.000000,0.000000,0.000000,0.000000
Q3,9,0,1,0,0.000000,0.000000,0.000000,0.000000
Q3,33,0,1,0,0.000000,0.000000,0.000000,0.000000
Q3,38,0,1,0,0.000000,0.000000,0.000000,0.000000
Q3,39,0,1,0,0.000000,0.000000,0.000000,0.000000
Q3,42,0,1,0,0.000000,0.000000,0.000000,0.000000
Q3,40,0,1,0,0.000000,0.000000,0.000000,0.000000
Q3,35,1,1,0,0.000000,0.000000,0.000000,0.000000
Q3,41,0,1,0,0.000000,0.000000,0.000000,0.000000
Q3,44,0,1,0,0.000000,0.000000,0.000000,0.000000
Q3,45,0,1,0,0.000000,0.000000,0.000000,0.000000
Q3,49,0,1,0,0.000000,0.000000,0.000000,0.000000
Q3,50,0,1,0,0.000000,0.000000,0.000000,0.000000
Q3,48,0,1,0,0.000000,0.000000,0.000000,0.000000
Q3,43,0,1,0,0.000000,0.000000,0.000000,0.000000
Q3,46,0,1,0,0.000000,0.000000,0.000000,0.000000
Q3,51,0,1,0,0.000000,0.000000,0.000000,0.000000
Q3,53,0,1,0,0.000000,0.000000,0.000000,0.000000
Q3,52,0,1,0,0.000000,0.000000,0.000000,0.000000
Q3,54,0,1,0,0.000000,0.000000,0.000000,0.000000
Q3,47,1,1,0,0.000000,0.000000,0.000000,0.000000
Q3,57,0,1,0,0.000000,0.000000,0.000000,0.000000
Q3,59,0,1,0,0.000000,0.000000,0.000000,0.000000
Q3,61,0,1,0,0.000000,0.000000,0.000000,0.000000
Q3,62,0,1,0,0.000000,0.000000,0.000000,0.000000
Q3,63,0,1,0,0.000000,0.000000,0.000000,0.000000
Q3,56,0,1,0,0.000000,0.000000,0.000000,0.000000
Q3,64,0,1,0,0.000000,0.000000,0.000000,0.000000
Q3,65,0,1,0,0.000000,0.000000,0.000000,0.000000
Q3,66,0,1,0,0.000000,0.000000,0.000000,0.000000
Q3,58,0,1,0,0.000000,0.000000,0.000000,0.000000
Q3,60,0,1,0,0.000000,0.000000,0.000000,0.000000
Q3,68,1,1,0,0.000000,0.000000,0.000000,0.000000
Q3,55,0,1,0,0.000000,0.000000,0.000000,0.000000
Q3,73,0,1,0,0.000000,0.000000,0.000000,0.000000
Q3,69,0,1,0,0.000000,0.000000,0.000000,0.000000
Q3,70,0,1,0,0.000000,0.000000,0.000000,0.000000
Q3,71,0,1,0,0.000000,0.000000,0.000000,0.000000
Q3,75,0,1,0,0.000000,0.000000,0.000000,0.000000
Q3,74,0,1,0,0.000000,0.000000,0.000000,0.000000
Q3,67,0,1,0,0.000000,0.000000,0.000000,0.000000
Q3,76,0,1,0,0.000000,0.000000,0.000000,0.000000
Q3,77,0,1,0,0.000000,0.000000,0.000000,0.000000
Q3,79,0,1,0,0.000000,0.000000,0.000000,0.000000
Q3,81,0,1,0,0.000000,0.000000,0.000000,0.000000
Q3,80,0,1,0,0.000000,0.000000,0.000000,0.000000
Q3,82,0,1,0,0.000000,0.000000,0.000000,0.000000
Q3,83,0,1,0,0.000000,0.000000,0.000000,0.000000
Q3,72,0,1,0,0.000000,0.000000,0.000000,0.000000
Q3,84,0,1,0,0.000000,0.000000,0.000000,0.000000
Q3,85,0,1,0,0.000000,0.000000,0.000000,0.000000
Q3,78,0,1,0,0.000000,0.000000,0.000000,0.000000
Q3,90,0,1,0,0.000000,0.000000,0.000000,0.000000
Q3,87,1,1,0,0.000000,0.000000,0.000000,0.000000
Q3,89,0,1,0,0.000000,0.000000,0.000000,0.000000
Q3,96,0,1,0,0.000000,0.000000,0.000000,0.000000
Q3,91,1,1,0,0.000000,0.000000,0.000000,0.000000
Q3,93,0,1,0,0.000000,0.000000,0.000000,0.000000
Q3,95,0,1,0,0.000000,0.000000,0.000000,0.000000
Q3,88,0,1,0,0.000000,0.000000,0.000000,0.000000
Q3,98,0,1,0,0.000000,0.000000,0.000000,0.000000
Q3,86,0,1,0,0.000000,0.000000,0.000000,0.000000
Q3,97,0,1,0,0.000000,0.000000,0.000000,0.000000
Q3,94,0,1,0,0.000000,0.000000,0.000000,0.000000
Q4,3,0,3,0,0.000000,0.000000,0.000000,0.000000
Q3,99,0,1,0,0.000000,0.000000,0.000000,0.000000
Q4,1,0,3,0,0.000000,0.000000,0.000000,0.000000
Q4,2,0,3,0,0.000000,0.000000,0.000000,0.000000
Q4,5,0,3,0,0.000000,0.000000,0.000000,0.000000
Q4,4,0,3,0,0.000000,0.000000,0.000000,0.000000
Q4,9,0,3,0,0.000000,0.000000,0.000000,0.000000
Q4,10,0,3,0,0.000000,0.000000,0.000000,0.000000
Q3,100,0,1,0,0.000000,0.000000,0.000000,0.000000
Q4,7,0,3,0,0.000000,0.000000,0.000000,0.000000
Q4,11,0,3,0,0.000000,0.000000,0.000000,0.000000
Q3,92,0,1,0,0.000000,0.000000,0.000000,0.000000
Q4,8,0,3,0,0.000000,0.000000,0.000000,0.000000
Q4,12,0,3,0,0.000000,0.000000,0.000000,0.000000
Q4,6,0,3,0,0.000000,0.000000,0.000000,0.000000
Q4,14,0,3,0,0.000000,0.000000,0.000000,0.000000
Q4,13,0,3,0,0.000000,0.000000,0.000000,0.000000
Q4,18,0,3,0,0.000000,0.000000,0.000000,0.000000
Q4,16,0,3,0,0.000000,0.000000,0.000000,0.000000
Q4,15,0,3,0,0.000000,0.000000,0.000000,0.000000
Q4,17,0,3,0,0.000000,0.000000,0.000000,0.000000
Q4,24,0,3,0,0.000000,0.000000,0.000000,0.000000
Q4,20,0,3,0,0.000000,0.000000,0.000000,0.000000
Q4,22,0,3,0,0.000000,0.000000,0.000000,0.000000
Q4,19,0,3,0,0.000000,0.000000,0.000000,0.000000
Q4,23,0,3,0,0.000000,0.000000,0.000000,0.000000
Q4,29,0,3,0,0.000000,0.000000,0.000000,0.000000
Q4,27,0,3,0,0.000000,0.000000,0.000000,0.000000
Q4,30,0,3,0,0.000000,0.000000,0.000000,0.000000
Q4,26,0,3,0,0.000000,0.000000,0.000000,0.000000
Q4,25,0,3,0,0.000000,0.000000,0.000000,0.000000
Q4,33,0,3,0,0.000000,0.000000,0.000000,0.000000
Q4,31,0,3,0,0.000000,0.000000,0.000000,0.000000
Q4,28,0,3,0,0.000000,0.000000,0.000000,0.000000
Q4,21,0,3,0,0.000000,0.000000,0.000000,0.000000
Q4,35,0,3,0,0.000000,0.000000,0.000000,0.000000
Q4,32,0,3,0,0.000000,0.000000,0.000000,0.000000
Q4,36,0,3,0,0.000000,0.000000,0.000000,0.000000
Q4,40,0,3,0,0.000000,0.000000,0.000000,0.000000
Q4,34,0,3,0,0.000000,0.000000,0.000000,0.000000
Q4,42,0,3,0,0.000000,0.000000,0.000000,0.000000
Q4,37,0,3,0,0.000000,0.000000,0.000000,0.000000
Q4,38,0,3,0,0.000000,0.000000,0.000000,0.000000
Q4,41,0,3,0,0.000000,0.000000,0.000000,0.000000
Q4,46,0,3,0,0.000000,0.000000,0.000000,0.000000
Q4,44,0,3,0,0.000000,0.000000,0.000000,0.000000
Q4,48,0,3,0,0.000000,0.000000,0.000000,0.000000
Q4,47,0,3,0,0.000000,0.000000,0.000000,0.000000
Q4,50,0,3,0,0.000000,0.000000,0.000000,0.000000
Q4,49,0,3,0,0.000000,0.000000,0.000000,0.000000
Q4,45,0,3,0,0.000000,0.000000,0.000000,0.000000
Q4,51,0,3,0,0.000000,0.000000,0.000000,0.000000
Q4,54,0,3,0,0.000000,0.000000,0.000000,0.000000
Q4,52,0,3,0,0.000000,0.000000,0.000000,0.000000
Q4,55,0,3,0,0.000000,0.000000,0.000000,0.000000
Q4,43,0,3,0,0.000000,0.000000,0.000000,0.000000
Q4,56,0,3,0,0.000000,0.000000,0.000000,0.000000
Q4,53,0,3,0,0.000000,0.000000,0.000000,0.000000
Q4,61,0,3,0,0.000000,0.000000,0.000000,0.000000
Q4,59,0,3,0,0.000000,0.000000,0.000000,0.000000
Q4,60,0,3,0,0.000000,0.000000,0.000000,0.000000
Q4,65,0,3,0,0.000000,0.000000,0.000000,0.000000
Q4,66,0,3,0,0.000000,0.000000,0.000000,0.000000
Q4,62,0,3,0,0.000000,0.000000,0.000000,0.000000
Q4,39,0,3,0,0.000000,0.000000,0.000000,0.000000
Q4,57,0,3,0,0.000000,0.000000,0.000000,0.000000
Q4,64,0,3,0,0.000000,0.000000,0.000000,0.000000
Q4,63,0,3,0,0.000000,0.000000,0.000000,0.000000
Q4,58,0,3,0,0.000000,0.000000,0.000000,0.000000
Q4,71,0,3,0,0.000000,0.000000,0.000000,0.000000
Q4,69,0,3,0,0.000000,0.000000,0.000000,0.000000
Q4,73,0,3,0,0.000000,0.000000,0.000000,0.000000
Q4,68,0,3,0,0.000000,0.000000,0.000000,0.000000
Q4,76,0,3,0,0.000000,0.000000,0.000000,0.000000
Q4,72,0,3,0,0.000000,0.000000,0.000000,0.000000
Q4,67,0,3,0,0.000000,0.000000,0.000000,0.000000
Q4,75,0,3,0,0.000000,0.000000,0.000000,0.000000
Q4,77,0,3,0,0.000000,0.000000,0.000000,0.000000
Q4,70,0,3,0,0.000000,0.000000,0.000000,0.000000
Q4,74,0,3,0,0.000000,0.000000,0.000000,0.000000
Q4,82,0,3,0,0.000000,0.000000,0.000000,0.000000
Q4,84,0,3,0,0.000000,0.000000,0.000000,0.000000
Q4,86,0,3,0,0.000000,0.000000,0.000000,0.000000
Q4,81,0,3,0,0.000000,0.000000,0.000000,0.000000
Q4,87,0,3,0,0.000000,0.000000,0.000000,0.000000
Q4,80,0,3,0,0.000000,0.000000,0.000000,0.000000
Q4,88,0,3,0,0.000000,0.000000,0.000000,0.000000
Q4,83,0,3,0,0.000000,0.000000,0.000000,0.000000
Q4,85,0,3,0,0.000000,0.000000,0.000000,0.000000
Q4,79,0,3,0,0.000000,0.000000,0.000000,0.000000
Q4,89,0,3,0,0.000000,0.000000,0.000000,0.000000
Q4,91,0,3,0,0.000000,0.000000,0.000000,0.000000
Q4,92,0,3,0,0.000000,0.000000,0.000000,0.000000
Q4,93,0,3,0,0.000000,0.000000,0.000000,0.000000
Q4,90,0,3,0,0.000000,0.000000,0.000000,0.000000
Q4,94,0,3,0,0.000000,0.000000,0.000000,0.000000
Q4,95,0,3,0,0.000000,0.000000,0.000000,0.000000
Q4,96,0,3,0,0.000000,0.000000,0.000000,0.000000
Q4,97,0,3,0,0.000000,0.000000,0.000000,0.000000
Q4,99,0,3,0,0.000000,0.000000,0.000000,0.000000
Q4,98,0,3,0,0.000000,0.000000,0.000000,0.000000
Q4,100,0,3,0,0.000000,0.000000,0.000000,0.000000
Q4,78,0,3,0,0.000000,0.000000,0.000000,0.000000
Q5,1,0,7,0,0.000000,0.000000,0.000000,0.000000
Q5,2,0,7,0,0.000000,0.000000,0.000000,0.000000
Q5,3,0,7,0,0.000000,0.000000,0.000000,0.000000
Q5,7,0,7,0,0.000000,0.000000,0.000000,0.000000
Q5,5,0,7,0,0.000000,0.000000,0.000000,0.000000
Q5,4,0,7,0,0.000000,0.000000,0.000000,0.000000
Q5,10,0,7,0,0.000000,0.000000,0.000000,0.000000
Q5,6,0,7,0,0.000000,0.000000,0.000000,0.000000
Q5,9,0,7,0,0.000000,0.000000,0.000000,0.000000
Q5,8,0,7,0,0.000000,0.000000,0.000000,0.000000
Q5,11,0,7,0,0.000000,0.000000,0.000000,0.000000
Q5,13,0,7,0,0.000000,0.000000,0.000000,0.000000
Q5,12,0,7,0,0.000000,0.000000,0.000000,0.000000
Q5,17,0,7,0,0.000000,0.000000,0.000000,0.000000
Q5,16,0,7,0,0.000000,0.000000,0.000000,0.000000
Q5,18,0,7,0,0.000000,0.000000,0.000000,0.000000
Q5,20,0,7,0,0.000000,0.000000,0.000000,0.000000
Q5,21,0,7,0,0.000000,0.000000,0.000000,0.000000
Q5,15,0,7,0,0.000000,0.000000,0.000000,0.000000
Q5,19,0,7,0,0.000000,0.000000,0.000000,0.000000
Q5,14,1,7,0,0.000000,0.000000,0.000000,0.000000
Q5,23,0,7,0,0.000000,0.000000,0.000000,0.000000
Q5,26,0,7,0,0.000000,0.000000,0.000000,0.000000
Q5,24,0,7,0,0.000000,0.000000,0.000000,0.000000
Q5,25,0,7,0,0.000000,0.000000,0.000000,0.000000
Q5,29,0,7,0,0.000000,0.000000,0.000000,0.000000
Q5,30,0,7,0,0.000000,0.000000,0.000000,0.000000
Q5,31,0,7,0,0.000000,0.000000,0.000000,0.000000
Q5,28,0,7,0,0.000000,0.000000,0.000000,0.000000
Q5,22,0,7,0,0.000000,0.000000,0.000000,0.000000
Q5,33,0,7,0,0.000000,0.000000,0.000000,0.000000
Q5,35,0,7,0,0.000000,0.000000,0.000000,0.000000
Q5,32,0,7,0,0.000000,0.000000,0.000000,0.000000
Q5,27,0,7,0,0.000000,0.000000,0.000000,0.000000
Q5,36,0,7,0,0.000000,0.000000,0.000000,0.000000
Q5,38,0,7,0,0.000000,0.000000,0.000000,0.000000
Q5,34,0,7,0,0.000000,0.000000,0.000000,0.000000
Q5,37,0,7,0,0.000000,0.000000,0.000000,0.000000
Q5,40,0,7,0,0.000000,0.000000,0.000000,0.000000
Q5,39,0,7,0,0.000000,0.000000,0.000000,0.000000
Q5,44,0,7,0,0.000000,0.000000,0.000000,0.000000
Q5,41,0,7,0,0.000000,0.000000,0.000000,0.000000
Q5,46,0,7,0,0.000000,0.000000,0.000000,0.000000
Q5,43,0,7,0,0.000000,0.000000,0.000000,0.000000
Q5,45,0,7,0,0.000000,0.000000,0.000000,0.000000
Q5,47,0,7,0,0.000000,0.000000,0.000000,0.000000
Q5,42,0,7,0,0.000000,0.000000,0.000000,0.000000
Q5,50,0,7,0,0.000000,0.000000,0.000000,0.000000
Q5,49,0,7,0,0.000000,0.000000,0.000000,0.000000
Q5,59,0,7,0,0.000000,0.000000,0.000000,0.000000
Q5,52,0,7,0,0.000000,0.000000,0.000000,0.000000
Q5,55,0,7,0,0.000000,0.000000,0.000000,0.000000
Q5,57,0,7,0,0.000000,0.000000,0.000000,0.000000
Q5,51,0,7,0,0.000000,0.000000,0.000000,0.000000
Q5,58,0,7,0,0.000000,0.000000,0.000000,0.000000
Q5,60,0,7,0,0.000000,0.000000,0.000000,0.000000
Q5,53,0,7,0,0.000000,0.000000,0.000000,0.000000
Q5,56,0,7,0,0.000000,0.000000,0.000000,0.000000
Q5,54,0,7,0,0.000000,0.000000,0.000000,0.000000
Q5,64,0,7,0,0.000000,0.000000,0.000000,0.000000
Q5,62,0,7,0,0.000000,0.000000,0.000000,0.000000
Q5,48,0,7,0,0.000000,0.000000,0.000000,0.000000
Q5,67,0,7,0,0.000000,0.000000,0.000000,0.000000
Q5,61,0,7,0,0.000000,0.000000,0.000000,0.000000
Q5,63,0,7,0,0.000000,0.000000,0.000000,0.000000
Q5,66,0,7,0,0.000000,0.000000,0.000000,0.000000
Q5,68,0,7,0,0.000000,0.000000,0.000000,0.000000
Q5,65,0,7,0,0.000000,0.000000,0.000000,0.000000
Q5,74,0,7,0,0.000000,0.000000,0.000000,0.000000
Q5,76,0,7,0,0.000000,0.000000,0.000000,0.000000
Q5,75,0,7,0,0.000000,0.000000,0.000000,0.000000
Q5,72,0,7,0,0.000000,0.000000,0.000000,0.000000
Q5,73,0,7,0,0.000000,0.000000,0.000000,0.000000
Q5,78,0,7,0,0.000000,0.000000,0.000000,0.000000
Q5,71,0,7,0,0.000000,0.000000,0.000000,0.000000
Q5,70,0,7,0,0.000000,0.000000,0.000000,0.000000
Q5,77,0,7,0,0.000000,0.000000,0.000000,0.000000
Q5,79,0,7,0,0.000000,0.000000,0.000000,0.000000
Q5,80,0,7,0,0.000000,0.000000,0.000000,0.000000
Q5,69,0,7,0,0.000000,0.000000,0.000000,0.000000
Q5,81,0,7,0,0.000000,0.000000,0.000000,0.000000
Q5,84,0,7,0,0.000000,0.000000,0.000000,0.000000
Q5,83,0,7,0,0.000000,0.000000,0.000000,0.000000
Q5,82,0,7,0,0.000000,0.000000,0.000000,0.000000
Q5,87,0,7,0,0.000000,0.000000,0.000000,0.000000
Q5,86,0,7,0,0.000000,0.000000,0.000000,0.000000
Q5,90,0,7,0,0.000000,0.000000,0.000000,0.000000
Q5,85,0,7,0,0.000000,0.000000,0.000000,0.000000
Q5,88,0,7,0,0.000000,0.000000,0.000000,0.000000
Q5,92,0,7,0,0.000000,0.000000,0.000000,0.000000
Q5,93,0,7,0,0.000000,0.000000,0.000000,0.000000
Q5,95,0,7,0,0.000000,0.000000,0.000000,0.000000
Q5,96,0,7,0,0.000000,0.000000,0.000000,0.000000
Q5,94,0,7,0,0.000000,0.000000,0.000000,0.000000
Q5,98,0,7,0,0.000000,0.000000,0.000000,0.000000
Q5,91,0,7,0,0.000000,0.000000,0.000000,0.000000
Q5,100,0,7,0,0.000000,0.000000,0.000000,0.000000
Q5,99,0,7,0,0.000000,0.000000,0.000000,0.000000
Q6,2,0,1,0,0.000000,0.000000,0.000000,0.000000
Q6,1,0,1,0,0.000000,0.000000,0.000000,0.000000
Q5,97,0,7,0,0.000000,0.000000,0.000000,0.000000
Q5,89,0,7,0,0.000000,0.000000,0.000000,0.000000
Q6,4,0,1,0,0.000000,0.000000,0.000000,0.000000
Q6,6,0,1,0,0.000000,0.000000,0.000000,0.000000
Q6,5,0,1,0,0.000000,0.000000,0.000000,0.000000
Q6,8,0,1,0,0.000000,0.000000,0.000000,0.000000
Q6,3,0,1,0,0.000000,0.000000,0.000000,0.000000
Q6,11,0,1,0,0.000000,0.000000,0.000000,0.000000
Q6,13,0,1,0,0.000000,0.000000,0.000000,0.000000
Q6,9,0,1,0,0.000000,0.000000,0.000000,0.000000
Q6,15,0,1,0,0.000000,0.000000,0.000000,0.000000
Q6,12,0,1,0,0.000000,0.000000,0.000000,0.000000
Q6,14,0,1,0,0.000000,0.000000,0.000000,0.000000
Q6,16,0,1,0,0.000000,0.000000,0.000000,0.000000
Q6,10,0,1,0,0.000000,0.000000,0.000000,0.000000
Q6,17,0,1,0,0.000000,0.000000,0.000000,0.000000
Q6,19,0,1,0,0.000000,0.000000,0.000000,0.000000
Q6,18,0,1,0,0.000000,0.000000,0.000000,0.000000
Q6,20,0,1,0,0.000000,0.000000,0.000000,0.000000
Q6,25,0,1,0,0.000000,0.000000,0.000000,0.000000
Q6,23,0,1,0,0.000000,0.000000,0.000000,0.000000
Q6,22,0,1,0,0.000000,0.000000,0.000000,0.000000
Q6,24,0,1,0,0.000000,0.000000,0.000000,0.000000
Q6,21,0,1,0,0.000000,0.000000,0.000000,0.000000
Q6,26,0,1,0,0.000000,0.000000,0.000000,0.000000
Q6,29,0,1,0,0.000000,0.000000,0.000000,0.000000
Q6,27,0,1,0,0.000000,0.000000,0.000000,0.000000
Q6,7,0,1,0,0.000000,0.000000,0.000000,0.000000
Q6,28,0,1,0,0.000000,0.000000,0.000000,0.000000
Q6,30,0,1,0,0.000000,0.000000,0.000000,0.000000
Q6,34,0,1,0,0.000000,0.000000,0.000000,0.000000
Q6,35,0,1,0,0.000000,0.000000,0.000000,0.000000
Q6,31,0,1,0,0.000000,0.000000,0.000000,0.000000
Q6,39,0,1,0,0.000000,0.000000,0.000000,0.000000
Q6,38,0,1,0,0.000000,0.000000,0.000000,0.000000
Q6,33,0,1,0,0.000000,0.000000,0.000000,0.000000
Q6,37,0,1,0,0.000000,0.000000,0.000000,0.000000
Q6,41,0,1,0,0.000000,0.000000,0.000000,0.000000
Q6,40,0,1,0,0.000000,0.000000,0.000000,0.000000
Q6,36,0,1,0,0.000000,0.000000,0.000000,0.000000
Q6,42,0,1,0,0.000000,0.000000,0.000000,0.000000
Q6,32,0,1,0,0.000000,0.000000,0.000000,0.000000
Q6,46,0,1,0,0.000000,0.000000,0.000000,0.000000
Q6,45,0,1,0,0.000000,0.000000,0.000000,0.000000
Q6,43,0,1,0,0.000000,0.000000,0.000000,0.000000
Q6,44,0,1,0,0.000000,0.000000,0.000000,0.000000
Q6,47,0,1,0,0.000000,0.000000,0.000000,0.000000
Q6,48,0,1,0,0.000000,0.000000,0.000000,0.000000
Q6,50,0,1,0,0.000000,0.000000,0.000000,0.000000
Q6,51,0,1,0,0.000000,0.000000,0.000000,0.000000
Q6,52,0,1,0,0.000000,0.000000,0.000000,0.000000
Q6,54,0,1,0,0.000000,0.000000,0.000000,0.000000
Q6,49,0,1,0,0.000000,0.000000,0.000000,0.000000
Q6,53,0,1,0,0.000000,0.000000,0.000000,0.000000
Q6,56,0,1,0,0.000000,0.000000,0.000000,0.000000
Q6,59,0,1,0,0.000000,0.000000,0.000000,0.000000
Q6,60,0,1,0,0.000000,0.000000,0.000000,0.000000
Q6,63,0,1,0,0.000000,0.000000,0.000000,0.000000
Q6,64,0,1,0,0.000000,0.000000,0.000000,0.000000
Q6,62,0,1,0,0.000000,0.000000,0.000000,0.000000
Q6,65,0,1,0,0.000000,0.000000,0.000000,0.000000
Q6,55,0,1,0,0.000000,0.000000,0.000000,0.000000
Q6,66,0,1,0,0.000000,0.000000,0.000000,0.000000
Q6,58,0,1,0,0.000000,0.000000,0.000000,0.000000
Q6,61,0,1,0,0.000000,0.000000,0.000000,0.000000
Q6,57,0,1,0,0.000000,0.000000,0.000000,0.000000
Q6,69,0,1,0,0.000000,0.000000,0.000000,0.000000
Q6,67,0,1,0,0.000000,0.000000,0.000000,0.000000
Q6,68,0,1,0,0.000000,0.000000,0.000000,0.000000
Q6,74,0,1,0,0.000000,0.000000,0.000000,0.000000
Q6,75,0,1,0,0.000000,0.000000,0.000000,0.000000
Q6,77,0,1,0,0.000000,0.000000,0.000000,0.000000
Q6,70,0,1,0,0.000000,0.000000,0.000000,0.000000
Q6,73,0,1,0,0.000000,0.000000,0.000000,0.000000
Q6,79,0,1,0,0.000000,0.000000,0.000000,0.000000
Q6,71,0,1,0,0.000000,0.000000,0.000000,0.000000
Q6,76,0,1,0,0.000000,0.000000,0.000000,0.000000
Q6,81,0,1,0,0.000000,0.000000,0.000000,0.000000
Q6,82,0,1,0,0.000000,0.000000,0.000000,0.000000
Q6,78,0,1,0,0.000000,0.000000,0.000000,0.000000
Q6,85,0,1,0,0.000000,0.000000,0.000000,0.000000
Q6,80,0,1,0,0.000000,0.000000,0.000000,0.000000
Q6,83,0,1,0,0.000000,0.000000,0.000000,0.000000
Q6,72,0,1,0,0.000000,0.000000,0.000000,0.000000
Q6,86,0,1,0,0.000000,0.000000,0.000000,0.000000
Q6,84,0,1,0,0.000000,0.000000,0.000000,0.000000
Q6,88,0,1,0,0.000000,0.000000,0.000000,0.000000
Q6,90,0,1,0,0.000000,0.000000,0.000000,0.000000
Q6,89,0,1,0,0.000000,0.000000,0.000000,0.000000
Q6,87,0,1,0,0.000000,0.000000,0.000000,0.000000
Q6,92,0,1,0,0.000000,0.000000,0.000000,0.000000
Q6,91,0,1,0,0.000000,0.000000,0.000000,0.000000
Q6,97,0,1,0,0.000000,0.000000,0.000000,0.000000
Q6,93,0,1,0,0.000000,0.000000,0.000000,0.000000
Q6,95,0,1,0,0.000000,0.000000,0.000000,0.000000
Q6,98,0,1,0,0.000000,0.000000,0.000000,0.000000
Q7,1,0,1,0,0.000000,0.000000,0.000000,0.000000
Q6,99,0,1,0,0.000000,0.000000,0.000000,0.000000
Q6,96,0,1,0,0.000000,0.000000,0.000000,0.000000
Q6,94,0,1,0,0.000000,0.000000,0.000000,0.000000
Q6,100,0,1,0,0.000000,0.000000,0.000000,0.000000
Q7,3,0,1,0,0.000000,0.000000,0.000000,0.000000
Q7,5,0,1,0,0.000000,0.000000,0.000000,0.000000
Q7,4,0,1,0,0.000000,0.000000,0.000000,0.000000
Q7,7,0,1,0,0.000000,0.000000,0.000000,0.000000
Q7,6,1,1,0,0.000000,0.000000,0.000000,0.000000
Q7,9,0,1,0,0.000000,0.000000,0.000000,0.000000
Q7,10,0,1,0,0.000000,0.000000,0.000000,0.000000
Q7,2,0,1,0,0.000000,0.000000,0.000000,0.000000
Q7,15,0,1,0,0.000000,0.000000,0.000000,0.000000
Q7,8,2,1,0,0.000000,0.000000,0.000000,0.000000
Q7,11,0,1,0,0.000000,0.000000,0.000000,0.000000
Q7,14,0,1,0,0.000000,0.000000,0.000000,0.000000
Q7,13,1,1,0,0.000000,0.000000,0.000000,0.000000
Q7,12,1,1,0,0.000000,0.000000,0.000000,0.000000
Q7,16,1,1,0,0.000000,0.000000,0.000000,0.000000
Q7,17,0,1,0,0.000000,0.000000,0.000000,0.000000
Q7,18,0,1,0,0.000000,0.000000,0.000000,0.000000
Q7,20,0,1,0,0.000000,0.000000,0.000000,0.000000
Q7,21,0,1,0,0.000000,0.000000,0.000000,0.000000
Q7,24,0,1,0,0.000000,0.000000,0.000000,0.000000
Q7,19,0,1,0,0.000000,0.000000,0.000000,0.000000
Q7,26,0,1,0,0.000000,0.000000,0.000000,0.000000
Q7,27,0,1,0,0.000000,0.000000,0.000000,0.000000
Q7,25,0,1,0,0.000000,0.000000,0.000000,0.000000
Q7,30,0,1,0,0.000000,0.000000,0.000000,0.000000
Q7,22,1,1,0,0.000000,0.000000,0.000000,0.000000
Q7,23,1,1,0,0.000000,0.000000,0.000000,0.000000
Q7,32,0,1,0,0.000000,0.000000,0.000000,0.000000
Q7,34,0,1,0,0.000000,0.000000,0.000000,0.000000
Q7,35,0,1,0,0.000000,0.000000,0.000000,0.000000
Q7,31,1,1,0,0.000000,0.000000,0.000000,0.000000
Q7,37,0,1,0,0.000000,0.000000,0.000000,0.000000
Q7,33,0,1,0,0.000000,0.000000,0.000000,0.000000
Q7,38,0,1,0,0.000000,0.000000,0.000000,0.000000
Q7,29,0,1,0,0.000000,0.000000,0.000000,0.000000
Q7,36,1,1,0,0.000000,0.000000,0.000000,0.000000
Q7,43,0,1,0,0.000000,0.000000,0.000000,0.000000
Q7,40,1,1,0,0.000000,0.000000,0.000000,0.000000
Q7,44,0,1,0,0.000000,0.000000,0.000000,0.000000
Q7,45,0,1,0,0.000000,0.000000,0.000000,0.000000
Q7,46,0,1,0,0.000000,0.000000,0.000000,0.000000
Q7,39,0,1,0,0.000000,0.000000,0.000000,0.000000
Q7,41,0,1,0,0.000000,0.000000,0.000000,0.000000
Q7,47,0,1,0,0.000000,0.000000,0.000000,0.000000
Q7,28,0,1,0,0.000000,0.000000,0.000000,0.000000
Q7,50,0,1,0,0.000000,0.000000,0.000000,0.000000
Q7,49,0,1,0,0.000000,0.000000,0.000000,0.000000
Q7,42,0,1,0,0.000000,0.000000,0.000000,0.000000
Q7,48,1,1,0,0.000000,0.000000,0.000000,0.000000
Q7,52,0,1,0,0.000000,0.000000,0.000000,0.000000
Q7,51,0,1,0,0.000000,0.000000,0.000000,0.000000
Q7,53,0,1,0,0.000000,0.000000,0.000000,0.000000
Q7,54,0,1,0,0.000000,0.000000,0.000000,0.000000
Q7,55,1,1,0,0.000000,0.000000,0.000000,0.000000
Q7,57,0,1,0,0.000000,0.000000,0.000000,0.000000
Q7,60,0,1,0,0.000000,0.000000,0.000000,0.000000
Q7,58,0,1,0,0.000000,0.000000,0.000000,0.000000
Q7,56,1,1,0,0.000000,0.000000,0.000000,0.000000
Q7,61,0,1,0,0.000000,0.000000,0.000000,0.000000
Q7,62,0,1,0,0.000000,0.000000,0.000000,0.000000
Q7,65,0,1,0,0.000000,0.000000,0.000000,0.000000
Q7,59,0,1,0,0.000000,0.000000,0.000000,0.000000
Q7,63,0,1,0,0.000000,0.000000,0.000000,0.000000
Q7,64,0,1,0,0.000000,0.000000,0.000000,0.000000
Q7,66,0,1,0,0.000000,0.000000,0.000000,0.000000
Q7,69,0,1,0,0.000000,0.000000,0.000000,0.000000
Q7,74,0,1,0,0.000000,0.000000,0.000000,0.000000
Q7,72,0,1,0,0.000000,0.000000,0.000000,0.000000
Q7,70,0,1,0,0.000000,0.000000,0.000000,0.000000
Q7,75,0,1,0,0.000000,0.000000,0.000000,0.000000
Q7,68,1,1,0,0.000000,0.000000,0.000000,0.000000
Q7,73,1,1,0,0.000000,0.000000,0.000000,0.000000
Q7,71,0,1,0,0.000000,0.000000,0.000000,0.000000
Q7,76,0,1,0,0.000000,0.000000,0.000000,0.000000
Q7,78,0,1,0,0.000000,0.000000,0.000000,0.000000
Q7,67,1,1,0,0.000000,0.000000,0.000000,0.000000
Q7,77,0,1,0,0.000000,0.000000,0.000000,0.000000
Q7,79,0,1,0,0.000000,0.000000,0.000000,0.000000
Q7,82,0,1,0,0.000000,0.000000,0.000000,0.000000
Q7,81,1,1,0,0.000000,0.000000,0.000000,0.000000
Q7,80,0,1,0,0.000000,0.000000,0.000000,0.000000
Q7,84,0,1,0,0.000000,0.000000,0.000000,0.000000
Q7,86,0,1,0,0.000000,0.000000,0.000000,0.000000
Q7,88,0,1,0,0.000000,0.000000,0.000000,0.000000
Q7,85,0,1,0,0.000000,0.000000,0.000000,0.000000
Q7,87,0,1,0,0.000000,0.000000,0.000000,0.000000
Q7,89,0,1,0,0.000000,0.000000,0.000000,0.000000
Q7,90,0,1,0,0.000000,0.000000,0.000000,0.000000
Q7,92,0,1,0,0.000000,0.000000,0.000000,0.000000
Q7,91,0,1,0,0.000000,0.000000,0.000000,0.000000
Q7,93,0,1,0,0.000000,0.000000,0.000000,0.000000
Q7,94,0,1,0,0.000000,0.000000,0.000000,0.000000
Q7,95,0,1,0,0.000000,0.000000,0.000000,0.000000
Q7,97,0,1,0,0.000000,0.000000,0.000000,0.000000
Q7,100,0,1,0,0.000000,0.000000,0.000000,0.000000
Q7,99,0,1,0,0.000000,0.000000,0.000000,0.000000
Q7,96,0,1,0,0.000000,0.000000,0.000000,0.000000
Q8,1,0,5,0,0.000000,0.000000,0.000000,0.000000
Q8,2,2,5,1,0.166667,0.500000,0.200000,0.285714
Q8,3,1,5,0,0.000000,0.000000,0.000000,0.000000
Q7,83,0,1,0,0.000000,0.000000,0.000000,0.000000
Q8,4,2,5,1,0.166667,0.500000,0.200000,0.285714
Q7,98,0,1,0,0.000000,0.000000,0.000000,0.000000
Q8,8,0,5,0,0.000000,0.000000,0.000000,0.000000
Q8,10,1,5,0,0.000000,0.000000,0.000000,0.000000
Q8,5,0,5,0,0.000000,0.000000,0.000000,0.000000
Q8,6,2,5,1,0.166667,0.500000,0.200000,0.285714
Q8,11,2,5,1,0.166667,0.500000,0.200000,0.285714
Q8,7,1,5,0,0.000000,0.000000,0.000000,0.000000
Q8,12,1,5,0,0.000000,0.000000,0.000000,0.000000
Q8,14,1,5,0,0.000000,0.000000,0.000000,0.000000
Q8,13,2,5,1,0.166667,0.500000,0.200000,0.285714
Q8,17,1,5,0,0.000000,0.000000,0.000000,0.000000
Q8,9,2,5,1,0.166667,0.500000,0.200000,0.285714
Q8,15,1,5,0,0.000000,0.000000,0.000000,0.000000
Q8,16,1,5,0,0.000000,0.000000,0.000000,0.000000
Q8,19,1,5,0,0.000000,0.000000,0.000000,0.000000
Q8,18,1,5,0,0.000000,0.000000,0.000000,0.000000
Q8,20,1,5,0,0.000000,0.000000,0.000000,0.000000
Q8,21,2,5,1,0.166667,0.500000,0.200000,0.285714
Q8,23,1,5,0,0.000000,0.000000,0.000000,0.000000
Q8,24,1,5,0,0.000000,0.000000,0.000000,0.000000
Q8,22,1,5,0,0.000000,0.000000,0.000000,0.000000
Q8,29,1,5,0,0.000000,0.000000,0.000000,0.000000
Q8,26,2,5,1,0.166667,0.500000,0.200000,0.285714
Q8,28,1,5,0,0.000000,0.000000,0.000000,0.000000
Q8,30,1,5,0,0.000000,0.000000,0.000000,0.000000
Q8,31,1,5,0,0.000000,0.000000,0.000000,0.000000
Q8,25,2,5,1,0.166667,0.500000,0.200000,0.285714
Q8,34,0,5,0,0.000000,0.000000,0.000000,0.000000
Q8,35,1,5,0,0.000000,0.000000,0.000000,0.000000
Q8,32,2,5,0,0.000000,0.000000,0.000000,0.000000
Q8,33,0,5,0,0.000000,0.000000,0.000000,0.000000
Q8,38,1,5,0,0.000000,0.000000,0.000000,0.000000
Q8,37,2,5,1,0.166667,0.500000,0.200000,0.285714
Q8,36,1,5,0,0.000000,0.000000,0.000000,0.000000
Q8,41,1,5,0,0.000000,0.000000,0.000000,0.000000
Q8,39,1,5,0,0.000000,0.000000,0.000000,0.000000
Q8,40,1,5,0,0.000000,0.000000,0.000000,0.000000
Q8,45,0,5,0,0.000000,0.000000,0.000000,0.000000
Q8,46,1,5,0,0.000000,0.000000,0.000000,0.000000
Q8,42,2,5,0,0.000000,0.000000,0.000000,0.000000
Q8,44,1,5,0,0.000000,0.000000,0.000000,0.000000
Q8,27,1,5,0,0.000000,0.000000,0.000000,0.000000
Q8,47,2,5,1,0.166667,0.500000,0.200000,0.285714
Q8,48,1,5,0,0.000000,0.000000,0.000000,0.000000
Q8,50,1,5,0,0.000000,0.000000,0.000000,0.000000
Q8,52,1,5,0,0.000000,0.000000,0.000000,0.000000
Q8,49,1,5,0,0.000000,0.000000,0.000000,0.000000
Q8,56,1,5,0,0.000000,0.000000,0.000000,0.000000
Q8,53,1,5,0,0.000000,0.000000,0.000000,0.000000
Q8,54,1,5,0,0.000000,0.000000,0.000000,0.000000
Q8,51,2,5,0,0.000000,0.000000,0.000000,0.000000
Q8,57,1,5,0,0.000000,0.000000,0.000000,0.000000
Q8,60,0,5,0,0.000000,0.000000,0.000000,0.000000
Q8,61,1,5,0,0.000000,0.000000,0.000000,0.000000
Q8,58,1,5,0,0.000000,0.000000,0.000000,0.000000
Q8,59,1,5,0,0.000000,0.000000,0.000000,0.000000
Q8,64,1,5,0,0.000000,0.000000,0.000000,0.000000
Q8,63,1,5,0,0.000000,0.000000,0.000000,0.000000
Q8,62,1,5,0,0.000000,0.000000,0.000000,0.000000
Q8,66,1,5,0,0.000000,0.000000,0.000000,0.000000
Q8,55,1,5,0,0.000000,0.000000,0.000000,0.000000
Q8,67,1,5,0,0.000000,0.000000,0.000000,0.000000
Q8,73,1,5,0,0.000000,0.000000,0.000000,0.000000
Q8,69,1,5,0,0.000000,0.000000,0.000000,0.000000
Q8,72,1,5,0,0.000000,0.000000,0.000000,0.000000
Q8,71,1,5,0,0.000000,0.000000,0.000000,0.000000
Q8,70,1,5,0,0.000000,0.000000,0.000000,0.000000
Q8,43,1,5,0,0.000000,0.000000,0.000000,0.000000
Q8,68,1,5,0,0.000000,0.000000,0.000000,0.000000
Q8,74,1,5,0,0.000000,0.000000,0.000000,0.000000
Q8,75,1,5,0,0.000000,0.000000,0.000000,0.000000
Q8,76,1,5,0,0.000000,0.000000,0.000000,0.000000
Q8,77,1,5,0,0.000000,0.000000,0.000000,0.000000
Q8,82,1,5,0,0.000000,0.000000,0.000000,0.000000
Q8,79,1,5,0,0.000000,0.000000,0.000000,0.000000
Q8,80,1,5,0,0.000000,0.000000,0.000000,0.000000
Q8,81,1,5,0,0.000000,0.000000,0.000000,0.000000
Q8,84,1,5,0,0.000000,0.000000,0.000000,0.000000
Q8,78,2,5,1,0.166667,0.500000,0.200000,0.285714
Q8,86,1,5,0,0.000000,0.000000,0.000000,0.000000
Q8,83,1,5,0,0.000000,0.000000,0.000000,0.000000
Q8,88,1,5,0,0.000000,0.000000,0.000000,0.000000
Q8,87,1,5,0,0.000000,0.000000,0.000000,0.000000
Q8,65,1,5,0,0.000000,0.000000,0.000000,0.000000
Q8,95,0,5,0,0.000000,0.000000,0.000000,0.000000
Q8,92,1,5,0,0.000000,0.000000,0.000000,0.000000
Q8,93,1,5,0,0.000000,0.000000,0.000000,0.000000
Q8,91,1,5,0,0.000000,0.000000,0.000000,0.000000
Q8,90,1,5,0,0.000000,0.000000,0.000000,0.000000
Q8,85,1,5,0,0.000000,0.000000,0.000000,0.000000
Q8,94,1,5,0,0.000000,0.000000,0.000000,0.000000
Q8,89,2,5,1,0.166667,0.500000,0.200000,0.285714
Q8,96,1,5,0,0.000000,0.000000,0.000000,0.000000
Q9,3,0,4,0,0.000000,0.000000,0.000000,0.000000
Q8,100,0,5,0,0.000000,0.000000,0.000000,0.000000
Q9,1,1,4,0,0.000000,0.000000,0.000000,0.000000
Q8,98,1,5,0,0.000000,0.000000,0.000000,0.000000
Q9,2,1,4,0,0.000000,0.000000,0.000000,0.000000
Q9,4,2,4,0,0.000000,0.000000,0.000000,0.000000
Q9,7,1,4,0,0.000000,0.000000,0.000000,0.000000
Q9,6,1,4,0,0.000000,0.000000,0.000000,0.000000
Q8,99,0,5,0,0.000000,0.000000,0.000000,0.000000
Q9,9,1,4,0,0.000000,0.000000,0.000000,0.000000
Q9,5,2,4,0,0.000000,0.000000,0.000000,0.000000
Q9,15,0,4,0,0.000000,0.000000,0.000000,0.000000
Q9,12,1,4,0,0.000000,0.000000,0.000000,0.000000
Q9,18,0,4,0,0.000000,0.000000,0.000000,0.000000
Q9,14,1,4,0,0.000000,0.000000,0.000000,0.000000
Q9,10,1,4,0,0.000000,0.000000,0.000000,0.000000
Q8,97,1,5,0,0.000000,0.000000,0.000000,0.000000
Q9,11,2,4,0,0.000000,0.000000,0.000000,0.000000
Q9,13,1,4,0,0.000000,0.000000,0.000000,0.000000
Q9,8,1,4,0,0.000000,0.000000,0.000000,0.000000
Q9,17,1,4,0,0.000000,0.000000,0.000000,0.000000
Q9,16,2,4,0,0.000000,0.000000,0.000000,0.000000
Q9,19,1,4,0,0.000000,0.000000,0.000000,0.000000
Q9,21,1,4,0,0.000000,0.000000,0.000000,0.000000
Q9,23,0,4,0,0.000000,0.000000,0.000000,0.000000
Q9,24,0,4,0,0.000000,0.000000,0.000000,0.000000
Q9,20,1,4,0,0.000000,0.000000,0.000000,0.000000
Q9,22,1,4,0,0.000000,0.000000,0.000000,0.000000
Q9,26,1,4,0,0.000000,0.000000,0.000000,0.000000
Q9,25,1,4,0,0.000000,0.000000,0.000000,0.000000
Q9,31,0,4,0,0.000000,0.000000,0.000000,0.000000
Q9,27,1,4,0,0.000000,0.000000,0.000000,0.000000
Q9,28,1,4,0,0.000000,0.000000,0.000000,0.000000
Q9,29,1,4,0,0.000000,0.000000,0.000000,0.000000
Q9,30,1,4,0,0.000000,0.000000,0.000000,0.000000
Q9,36,1,4,0,0.000000,0.000000,0.000000,0.000000
Q9,34,2,4,0,0.000000,0.000000,0.000000,0.000000
Q9,39,1,4,0,0.000000,0.000000,0.000000,0.000000
Q9,40,0,4,0,0.000000,0.000000,0.000000,0.000000
Q9,35,1,4,0,0.000000,0.000000,0.000000,0.000000
Q9,42,0,4,0,0.000000,0.000000,0.000000,0.000000
Q9,43,0,4,0,0.000000,0.000000,0.000000,0.000000
Q9,38,1,4,0,0.000000,0.000000,0.000000,0.000000
Q9,37,1,4,0,0.000000,0.000000,0.000000,0.000000
Q9,32,1,4,0,0.000000,0.000000,0.000000,0.000000
Q9,33,1,4,0,0.000000,0.000000,0.000000,0.000000
Q9,44,0,4,0,0.000000,0.000000,0.000000,0.000000
Q9,48,0,4,0,0.000000,0.000000,0.000000,0.000000
Q9,51,0,4,0,0.000000,0.000000,0.000000,0.000000
Q9,46,1,4,0,0.000000,0.000000,0.000000,0.000000
Q9,45,1,4,0,0.000000,0.000000,0.000000,0.000000
Q9,49,1,4,0,0.000000,0.000000,0.000000,0.000000
Q9,52,1,4,0,0.000000,0.000000,0.000000,0.000000
Q9,47,1,4,0,0.000000,0.000000,0.000000,0.000000
Q9,41,2,4,0,0.000000,0.000000,0.000000,0.000000
Q9,55,0,4,0,0.000000,0.000000,0.000000,0.000000
Q9,53,2,4,0,0.000000,0.000000,0.000000,0.000000
Q9,56,0,4,0,0.000000,0.000000,0.000000,0.000000
Q9,58,1,4,0,0.000000,0.000000,0.000000,0.000000
Q9,59,1,4,0,0.000000,0.000000,0.000000,0.000000
Q9,57,1,4,0,0.000000,0.000000,0.000000,0.000000
Q9,50,0,4,0,0.000000,0.000000,0.000000,0.000000
Q9,60,1,4,0,0.000000,0.000000,0.000000,0.000000
Q9,54,2,4,0,0.000000,0.000000,0.000000,0.000000
Q9,62,1,4,0,0.000000,0.000000,0.000000,0.000000
Q9,63,1,4,0,0.000000,0.000000,0.000000,0.000000
Q9,61,2,4,0,0.000000,0.000000,0.000000,0.000000
Q9,66,1,4,0,0.000000,0.000000,0.000000,0.000000
Q9,65,2,4,0,0.000000,0.000000,0.000000,0.000000
Q9,71,0,4,0,0.000000,0.000000,0.000000,0.000000
Q9,68,0,4,0,0.000000,0.000000,0.000000,0.000000
Q9,69,1,4,0,0.000000,0.000000,0.000000,0.000000
Q9,64,1,4,0,0.000000,0.000000,0.000000,0.000000
Q9,70,1,4,0,0.000000,0.000000,0.000000,0.000000
Q9,72,1,4,0,0.000000,0.000000,0.000000,0.000000
Q9,67,1,4,0,0.000000,0.000000,0.000000,0.000000
Q9,73,1,4,0,0.000000,0.000000,0.000000,0.000000
Q9,75,1,4,0,0.000000,0.000000,0.000000,0.000000
Q9,80,0,4,0,0.000000,0.000000,0.000000,0.000000
Q9,76,1,4,0,0.000000,0.000000,0.000000,0.000000
Q9,78,1,4,0,0.000000,0.000000,0.000000,0.000000
Q9,74,2,4,0,0.000000,0.000000,0.000000,0.000000
Q9,77,1,4,0,0.000000,0.000000,0.000000,0.000000
Q9,79,1,4,0,0.000000,0.000000,0.000000,0.000000
Q9,81,1,4,0,0.000000,0.000000,0.000000,0.000000
Q9,83,1,4,0,0.000000,0.000000,0.000000,0.000000
Q9,84,2,4,0,0.000000,0.000000,0.000000,0.000000
Q9,82,1,4,0,0.000000,0.000000,0.000000,0.000000
Q9,93,0,4,0,0.000000,0.000000,0.000000,0.000000
Q9,86,1,4,0,0.000000,0.000000,0.000000,0.000000
Q9,90,1,4,0,0.000000,0.000000,0.000000,0.000000
Q9,89,0,4,0,0.000000,0.000000,0.000000,0.000000
Q9,85,2,4,0,0.000000,0.000000,0.000000,0.000000
Q9,91,1,4,0,0.000000,0.000000,0.000000,0.000000
Q9,88,2,4,0,0.000000,0.000000,0.000000,0.000000
Q9,87,2,4,0,0.000000,0.000000,0.000000,0.000000
Q9,94,1,4,0,0.000000,0.000000,0.000000,0.000000
Q9,92,1,4,0,0.000000,0.000000,0.000000,0.000000
Q10,1,0,1,0,0.000000,0.000000,0.000000,0.000000
Q9,97,1,4,0,0.000000,0.000000,0.000000,0.000000
Q9,99,1,4,0,0.000000,0.000000,0.000000,0.000000
Q10,2,0,1,0,0.000000,0.000000,0.000000,0.000000
Q10,4,0,1,0,0.000000,0.000000,0.000000,0.000000
Q9,98,2,4,0,0.000000,0.000000,0.000000,0.000000
Q10,5,0,1,0,0.000000,0.000000,0.000000,0.000000
Q10,3,0,1,0,0.000000,0.000000,0.000000,0.000000
Q9,100,1,4,0,0.000000,0.000000,0.000000,0.000000
Q9,95,1,4,0,0.000000,0.000000,0.000000,0.000000
Q9,96,1,4,0,0.000000,0.000000,0.000000,0.000000
Q10,6,0,1,0,0.000000,0.000000,0.000000,0.000000
Q10,9,0,1,0,0.000000,0.000000,0.000000,0.000000
Q10,8,0,1,0,0.000000,0.000000,0.000000,0.000000
Q10,11,0,1,0,0.000000,0.000000,0.000000,0.000000
Q10,14,0,1,0,0.000000,0.000000,0.000000,0.000000
Q10,12,0,1,0,0.000000,0.000000,0.000000,0.000000
Q10,13,0,1,0,0.000000,0.000000,0.000000,0.000000
Q10,15,0,1,0,0.000000,0.000000,0.000000,0.000000
Q10,18,0,1,0,0.000000,0.000000,0.000000,0.000000
Q10,10,0,1,0,0.000000,0.000000,0.000000,0.000000
Q10,20,0,1,0,0.000000,0.000000,0.000000,0.000000
Q10,17,0,1,0,0.000000,0.000000,0.000000,0.000000
Q10,19,0,1,0,0.000000,0.000000,0.000000,0.000000
Q10,21,0,1,0,0.000000,0.000000,0.000000,0.000000
Q10,16,0,1,0,0.000000,0.000000,0.000000,0.000000
Q10,24,0,1,0,0.000000,0.000000,0.000000,0.000000
Q10,23,0,1,0,0.000000,0.000000,0.000000,0.000000
Q10,22,0,1,0,0.000000,0.000000,0.000000,0.000000
Q10,7,0,1,0,0.000000,0.000000,0.000000,0.000000
Q10,25,0,1,0,0.000000,0.000000,0.000000,0.000000
Q10,26,0,1,0,0.000000,0.000000,0.000000,0.000000
Q10,27,0,1,0,0.000000,0.000000,0.000000,0.000000
Q10,28,0,1,0,0.000000,0.000000,0.000000,0.000000
Q10,30,0,1,0,0.000000,0.000000,0.000000,0.000000
Q10,32,0,1,0,0.000000,0.000000,0.000000,0.000000
Q10,34,0,1,0,0.000000,0.000000,0.000000,0.000000
Q10,29,0,1,0,0.000000,0.000000,0.000000,0.000000
Q10,33,0,1,0,0.000000,0.000000,0.000000,0.000000
Q10,35,0,1,0,0.000000,0.000000,0.000000,0.000000
Q10,38,0,1,0,0.000000,0.000000,0.000000,0.000000
Q10,36,0,1,0,0.000000,0.000000,0.000000,0.000000
Q10,39,0,1,0,0.000000,0.000000,0.000000,0.000000
Q10,40,0,1,0,0.000000,0.000000,0.000000,0.000000
Q10,31,0,1,0,0.000000,0.000000,0.000000,0.000000
Q10,43,0,1,0,0.000000,0.000000,0.000000,0.000000
Q10,42,0,1,0,0.000000,0.000000,0.000000,0.000000
Q10,45,0,1,0,0.000000,0.000000,0.000000,0.000000
Q10,44,0,1,0,0.000000,0.000000,0.000000,0.000000
Q10,41,0,1,0,0.000000,0.000000,0.000000,0.000000
Q10,47,0,1,0,0.000000,0.000000,0.000000,0.000000
Q10,48,0,1,0,0.000000,0.000000,0.000000,0.000000
Q10,46,0,1,0,0.000000,0.000000,0.000000,0.000000
Q10,49,0,1,0,0.000000,0.000000,0.000000,0.000000
Q10,51,0,1,0,0.000000,0.000000,0.000000,0.000000
Q10,37,0,1,0,0.000000,0.000000,0.000000,0.000000
Q10,54,0,1,0,0.000000,0.000000,0.000000,0.000000
Q10,52,0,1,0,0.000000,0.000000,0.000000,0.000000
Q10,55,0,1,0,0.000000,0.000000,0.000000,0.000000
Q10,53,0,1,0,0.000000,0.000000,0.000000,0.000000
Q10,56,0,1,0,0.000000,0.000000,0.000000,0.000000
Q10,59,0,1,0,0.000000,0.000000,0.000000,0.000000
Q10,57,0,1,0,0.000000,0.000000,0.000000,0.000000
Q10,60,0,1,0,0.000000,0.000000,0.000000,0.000000
Q10,61,0,1,0,0.000000,0.000000,0.000000,0.000000
Q10,50,0,1,0,0.000000,0.000000,0.000000,0.000000
Q10,62,0,1,0,0.000000,0.000000,0.000000,0.000000
Q10,63,0,1,0,0.000000,0.000000,0.000000,0.000000
Q10,66,0,1,0,0.000000,0.000000,0.000000,0.000000
Q10,67,0,1,0,0.000000,0.000000,0.000000,0.000000
Q10,64,0,1,0,0.000000,0.000000,0.000000,0.000000
Q10,68,0,1,0,0.000000,0.000000,0.000000,0.000000
Q10,65,0,1,0,0.000000,0.000000,0.000000,0.000000
Q10,71,0,1,0,0.000000,0.000000,0.000000,0.000000
Q10,70,0,1,0,0.000000,0.000000,0.000000,0.000000
Q10,74,0,1,0,0.000000,0.000000,0.000000,0.000000
Q10,69,0,1,0,0.000000,0.000000,0.000000,0.000000
Q10,73,0,1,0,0.000000,0.000000,0.000000,0.000000
Q10,58,0,1,0,0.000000,0.000000,0.000000,0.000000
Q10,72,0,1,0,0.000000,0.000000,0.000000,0.000000
Q10,76,0,1,0,0.000000,0.000000,0.000000,0.000000
Q10,79,0,1,0,0.000000,0.000000,0.000000,0.000000
Q10,78,0,1,0,0.000000,0.000000,0.000000,0.000000
Q10,77,0,1,0,0.000000,0.000000,0.000000,0.000000
Q10,80,0,1,0,0.000000,0.000000,0.000000,0.000000
Q10,81,0,1,0,0.000000,0.000000,0.000000,0.000000
Q10,75,0,1,0,0.000000,0.000000,0.000000,0.000000
Q10,83,0,1,0,0.000000,0.000000,0.000000,0.000000
Q10,85,0,1,0,0.000000,0.000000,0.000000,0.000000
Q10,86,0,1,0,0.000000,0.000000,0.000000,0.000000
Q10,87,0,1,0,0.000000,0.000000,0.000000,0.000000
Q10,84,0,1,0,0.000000,0.000000,0.000000,0.000000
Q10,82,0,1,0,0.000000,0.000000,0.000000,0.000000
Q10,88,0,1,0,0.000000,0.000000,0.000000,0.000000
Q10,92,0,1,0,0.000000,0.000000,0.000000,0.000000
Q10,89,0,1,0,0.000000,0.000000,0.000000,0.000000
Q10,90,0,1,0,0.000000,0.000000,0.000000,0.000000
Q10,91,0,1,0,0.000000,0.000000,0.000000,0.000000
Q10,97,0,1,0,0.000000,0.000000,0.000000,0.000000
Q10,96,0,1,0,0.000000,0.000000,0.000000,0.000000
Q10,98,0,1,0,0.000000,0.000000,0.000000,0.000000
Q10,94,0,1,0,0.000000,0.000000,0.000000,0.000000
Q10,95,0,1,0,0.000000,0.000000,0.000000,0.000000
Q11,2,0,5,0,0.000000,0.000000,0.000000,0.000000
Q10,100,0,1,0,0.000000,0.000000,0.000000,0.000000
Q10,99,0,1,0,0.000000,0.000000,0.000000,0.000000
Q11,4,0,5,0,0.000000,0.000000,0.000000,0.000000
Q10,93,0,1,0,0.000000,0.000000,0.000000,0.000000
Q11,3,0,5,0,0.000000,0.000000,0.000000,0.000000
Q11,5,0,5,0,0.000000,0.000000,0.000000,0.000000
Q11,6,0,5,0,0.000000,0.000000,0.000000,0.000000
Q11,8,0,5,0,0.000000,0.000000,0.000000,0.000000
Q11,7,0,5,0,0.000000,0.000000,0.000000,0.000000
Q11,1,0,5,0,0.000000,0.000000,0.000000,0.000000
Q11,9,0,5,0,0.000000,0.000000,0.000000,0.000000
Q11,11,0,5,0,0.000000,0.000000,0.000000,0.000000
Q11,14,0,5,0,0.000000,0.000000,0.000000,0.000000
Q11,16,0,5,0,0.000000,0.000000,0.000000,0.000000
Q11,17,0,5,0,0.000000,0.000000,0.000000,0.000000
Q11,12,0,5,0,0.000000,0.000000,0.000000,0.000000
Q11,13,0,5,0,0.000000,0.000000,0.000000,0.000000
Q11,18,0,5,0,0.000000,0.000000,0.000000,0.000000
Q11,10,0,5,0,0.000000,0.000000,0.000000,0.000000
Q11,15,0,5,0,0.000000,0.000000,0.000000,0.000000
Q11,22,0,5,0,0.000000,0.000000,0.000000,0.000000
Q11,20,0,5,0,0.000000,0.000000,0.000000,0.000000
Q11,19,0,5,0,0.000000,0.000000,0.000000,0.000000
Q11,21,0,5,0,0.000000,0.000000,0.000000,0.000000
Q11,23,0,5,0,0.000000,0.000000,0.000000,0.000000
Q11,25,0,5,0,0.000000,0.000000,0.000000,0.000000
Q11,26,0,5,0,0.000000,0.000000,0.000000,0.000000
Q11,24,0,5,0,0.000000,0.000000,0.000000,0.000000
Q11,33,0,5,0,0.000000,0.000000,0.000000,0.000000
Q11,31,0,5,0,0.000000,0.000000,0.000000,0.000000
Q11,30,0,5,0,0.000000,0.000000,0.000000,0.000000
Q11,32,0,5,0,0.000000,0.000000,0.000000,0.000000
Q11,27,0,5,0,0.000000,0.000000,0.000000,0.000000
Q11,28,0,5,0,0.000000,0.000000,0.000000,0.000000
Q11,34,0,5,0,0.000000,0.000000,0.000000,0.000000
Q11,35,0,5,0,0.000000,0.000000,0.000000,0.000000
Q11,37,0,5,0,0.000000,0.000000,0.000000,0.000000
Q11,36,0,5,0,0.000000,0.000000,0.000000,0.000000
Q11,38,0,5,0,0.000000,0.000000,0.000000,0.000000
Q11,40,0,5,0,0.000000,0.000000,0.000000,0.000000
Q11,43,0,5,0,0.000000,0.000000,0.000000,0.000000
Q11,41,0,5,0,0.000000,0.000000,0.000000,0.000000
Q11,42,0,5,0,0.000000,0.000000,0.000000,0.000000
Q11,29,0,5,0,0.000000,0.000000,0.000000,0.000000
Q11,45,0,5,0,0.000000,0.000000,0.000000,0.000000
Q11,51,0,5,0,0.000000,0.000000,0.000000,0.000000
Q11,49,0,5,0,0.000000,0.000000,0.000000,0.000000
Q11,44,0,5,0,0.000000,0.000000,0.000000,0.000000
Q11,48,0,5,0,0.000000,0.000000,0.000000,0.000000
Q11,53,0,5,0,0.000000,0.000000,0.000000,0.000000
Q11,50,0,5,0,0.000000,0.000000,0.000000,0.000000
Q11,46,0,5,0,0.000000,0.000000,0.000000,0.000000
Q11,47,0,5,0,0.000000,0.000000,0.000000,0.000000
Q11,39,0,5,0,0.000000,0.000000,0.000000,0.000000
Q11,55,0,5,0,0.000000,0.000000,0.000000,0.000000
Q11,54,0,5,0,0.000000,0.000000,0.000000,0.000000
Q11,52,0,5,0,0.000000,0.000000,0.000000,0.000000
Q11,57,0,5,0,0.000000,0.000000,0.000000,0.000000
Q11,60,0,5,0,0.000000,0.000000,0.000000,0.000000
Q11,58,0,5,0,0.000000,0.000000,0.000000,0.000000
Q11,62,0,5,0,0.000000,0.000000,0.000000,0.000000
Q11,59,0,5,0,0.000000,0.000000,0.000000,0.000000
Q11,56,0,5,0,0.000000,0.000000,0.000000,0.000000
Q11,64,0,5,0,0.000000,0.000000,0.000000,0.000000
Q11,61,0,5,0,0.000000,0.000000,0.000000,0.000000
Q11,63,0,5,0,0.000000,0.000000,0.000000,0.000000
Q11,66,0,5,0,0.000000,0.000000,0.000000,0.000000
Q11,65,0,5,0,0.000000,0.000000,0.000000,0.000000
Q11,67,0,5,0,0.000000,0.000000,0.000000,0.000000
Q11,71,0,5,0,0.000000,0.000000,0.000000,0.000000
Q11,68,0,5,0,0.000000,0.000000,0.000000,0.000000
Q11,69,0,5,0,0.000000,0.000000,0.000000,0.000000
Q11,75,0,5,0,0.000000,0.000000,0.000000,0.000000
Q11,72,0,5,0,0.000000,0.000000,0.000000,0.000000
Q11,70,0,5,0,0.000000,0.000000,0.000000,0.000000
Q11,77,0,5,0,0.000000,0.000000,0.000000,0.000000
Q11,73,0,5,0,0.000000,0.000000,0.000000,0.000000
Q11,79,0,5,0,0.000000,0.000000,0.000000,0.000000
Q11,74,0,5,0,0.000000,0.000000,0.000000,0.000000
Q11,78,0,5,0,0.000000,0.000000,0.000000,0.000000
Q11,82,0,5,0,0.000000,0.000000,0.000000,0.000000
Q11,76,0,5,0,0.000000,0.000000,0.000000,0.000000
Q11,83,0,5,0,0.000000,0.000000,0.000000,0.000000
Q11,80,0,5,0,0.000000,0.000000,0.000000,0.000000
Q11,84,0,5,0,0.000000,0.000000,0.000000,0.000000
Q11,86,0,5,0,0.000000,0.000000,0.000000,0.000000
Q11,85,0,5,0,0.000000,0.000000,0.000000,0.000000
Q11,87,0,5,0,0.000000,0.000000,0.000000,0.000000
Q11,81,0,5,0,0.000000,0.000000,0.000000,0.000000
Q11,88,0,5,0,0.000000,0.000000,0.000000,0.000000
Q11,89,0,5,0,0.000000,0.000000,0.000000,0.000000
Q11,90,0,5,0,0.000000,0.000000,0.000000,0.000000
Q11,93,0,5,0,0.000000,0.000000,0.000000,0.000000
Q11,97,0,5,0,0.000000,0.000000,0.000000,0.000000
Q11,98,0,5,0,0.000000,0.000000,0.000000,0.000000
Q11,95,0,5,0,0.000000,0.000000,0.000000,0.000000
Q11,99,0,5,0,0.000000,0.000000,0.000000,0.000000
Q11,94,0,5,0,0.000000,0.000000,0.000000,0.000000
Q12,1,0,1,0,0.000000,0.000000,0.000000,0.000000
Q11,91,0,5,0,0.000000,0.000000,0.000000,0.000000
Q11,100,0,5,0,0.000000,0.000000,0.000000,0.000000
Q12,2,0,1,0,0.000000,0.000000,0.000000,0.000000
Q12,4,0,1,0,0.000000,0.000000,0.000000,0.000000
Q12,5,0,1,0,0.000000,0.000000,0.000000,0.000000
Q12,7,0,1,0,0.000000,0.000000,0.000000,0.000000
Q12,9,0,1,0,0.000000,0.000000,0.000000,0.000000
Q12,6,1,1,0,0.000000,0.000000,0.000000,0.000000
Q12,3,0,1,0,0.000000,0.000000,0.000000,0.000000
Q12,8,0,1,0,0.000000,0.000000,0.000000,0.000000
Q12,12,0,1,0,0.000000,0.000000,0.000000,0.000000
Q11,92,0,5,0,0.000000,0.000000,0.000000,0.000000
Q12,11,0,1,0,0.000000,0.000000,0.000000,0.000000
Q12,16,0,1,0,0.000000,0.000000,0.000000,0.000000
Q12,18,0,1,0,0.000000,0.000000,0.000000,0.000000
Q12,15,0,1,0,0.000000,0.000000,0.000000,0.000000
Q12,10,0,1,0,0.000000,0.000000,0.000000,0.000000
Q12,13,0,1,0,0.000000,0.000000,0.000000,0.000000
Q12,17,0,1,0,0.000000,0.000000,0.000000,0.000000
Q12,21,0,1,0,0.000000,0.000000,0.000000,0.000000
Q12,14,0,1,0,0.000000,0.000000,0.000000,0.000000
Q12,22,0,1,0,0.000000,0.000000,0.000000,0.000000
Q11,96,0,5,0,0.000000,0.000000,0.000000,0.000000
Q12,23,0,1,0,0.000000,0.000000,0.000000,0.000000
Q12,27,0,1,0,0.000000,0.000000,0.000000,0.000000
Q12,29,0,1,0,0.000000,0.000000,0.000000,0.000000
Q12,26,0,1,0,0.000000,0.000000,0.000000,0.000000
Q12,32,0,1,0,0.000000,0.000000,0.000000,0.000000
Q12,25,0,1,0,0.000000,0.000000,0.000000,0.000000
Q12,31,0,1,0,0.000000,0.000000,0.000000,0.000000
Q12,30,0,1,0,0.000000,0.000000,0.000000,0.000000
Q12,24,0,1,0,0.000000,0.000000,0.000000,0.000000
Q12,19,0,1,0,0.000000,0.000000,0.000000,0.000000
Q12,20,0,1,0,0.000000,0.000000,0.000000,0.000000
Q12,34,0,1,0,0.000000,0.000000,0.000000,0.000000
Q12,37,0,1,0,0.000000,0.000000,0.000000,0.000000
Q12,36,0,1,0,0.000000,0.000000,0.000000,0.000000
Q12,38,0,1,0,0.000000,0.000000,0.000000,0.000000
Q12,33,0,1,0,0.000000,0.000000,0.000000,0.000000
Q12,35,1,1,0,0.000000,0.000000,0.000000,0.000000
Q12,40,0,1,0,0.000000,0.000000,0.000000,0.000000
Q12,42,0,1,0,0.000000,0.000000,0.000000,0.000000
Q12,39,0,1,0,0.000000,0.000000,0.000000,0.000000
Q12,41,0,1,0,0.000000,0.000000,0.000000,0.000000
Q12,43,0,1,0,0.000000,0.000000,0.000000,0.000000
Q12,45,0,1,0,0.000000,0.000000,0.000000,0.000000
Q12,44,0,1,0,0.000000,0.000000,0.000000,0.000000
Q12,46,0,1,0,0.000000,0.000000,0.000000,0.000000
Q12,47,0,1,0,0.000000,0.000000,0.000000,0.000000
Q12,48,0,1,0,0.000000,0.000000,0.000000,0.000000
Q12,50,0,1,0,0.000000,0.000000,0.000000,0.000000
Q12,52,0,1,0,0.000000,0.000000,0.000000,0.000000
Q12,54,0,1,0,0.000000,0.000000,0.000000,0.000000
Q12,49,0,1,0,0.000000,0.000000,0.000000,0.000000
Q12,56,0,1,0,0.000000,0.000000,0.000000,0.000000
Q12,55,0,1,0,0.000000,0.000000,0.000000,0.000000
Q12,51,0,1,0,0.000000,0.000000,0.000000,0.000000
Q12,53,1,1,0,0.000000,0.000000,0.000000,0.000000
Q12,28,0,1,0,0.000000,0.000000,0.000000,0.000000
Q12,59,0,1,0,0.000000,0.000000,0.000000,0.000000
Q12,61,0,1,0,0.000000,0.000000,0.000000,0.000000
Q12,60,0,1,0,0.000000,0.000000,0.000000,0.000000
Q12,62,0,1,0,0.000000,0.000000,0.000000,0.000000
Q12,64,0,1,0,0.000000,0.000000,0.000000,0.000000
Q12,57,0,1,0,0.000000,0.000000,0.000000,0.000000
Q12,63,0,1,0,0.000000,0.000000,0.000000,0.000000
Q12,66,0,1,0,0.000000,0.000000,0.000000,0.000000
Q12,68,0,1,0,0.000000,0.000000,0.000000,0.000000
Q12,58,0,1,0,0.000000,0.000000,0.000000,0.000000
Q12,70,0,1,0,0.000000,0.000000,0.000000,0.000000
Q12,69,0,1,0,0.000000,0.000000,0.000000,0.000000
Q12,67,0,1,0,0.000000,0.000000,0.000000,0.000000
Q12,65,0,1,0,0.000000,0.000000,0.000000,0.000000
Q12,73,0,1,0,0.000000,0.000000,0.000000,0.000000
Q12,74,0,1,0,0.000000,0.000000,0.000000,0.000000
Q12,72,0,1,0,0.000000,0.000000,0.000000,0.000000
Q12,75,0,1,0,0.000000,0.000000,0.000000,0.000000
Q12,78,0,1,0,0.000000,0.000000,0.000000,0.000000
Q12,79,0,1,0,0.000000,0.000000,0.000000,0.000000
Q12,77,0,1,0,0.000000,0.000000,0.000000,0.000000
Q12,81,0,1,0,0.000000,0.000000,0.000000,0.000000
Q12,80,0,1,0,0.000000,0.000000,0.000000,0.000000
Q12,71,0,1,0,0.000000,0.000000,0.000000,0.000000
Q12,76,0,1,0,0.000000,0.000000,0.000000,0.000000
Q12,82,1,1,0,0.000000,0.000000,0.000000,0.000000
Q12,84,0,1,0,0.000000,0.000000,0.000000,0.000000
Q12,86,0,1,0,0.000000,0.000000,0.000000,0.000000
Q12,85,0,1,0,0.000000,0.000000,0.000000,0.000000
Q12,88,0,1,0,0.000000,0.000000,0.000000,0.000000
Q12,87,0,1,0,0.000000,0.000000,0.000000,0.000000
Q12,92,0,1,0,0.000000,0.000000,0.000000,0.000000
Q12,89,0,1,0,0.000000,0.000000,0.000000,0.000000
Q12,93,0,1,0,0.000000,0.000000,0.000000,0.000000
Q12,91,0,1,0,0.000000,0.000000,0.000000,0.000000
Q12,90,0,1,0,0.000000,0.000000,0.000000,0.000000
Q12,94,0,1,0,0.000000,0.000000,0.000000,0.000000
Q12,95,0,1,0,0.000000,0.000000,0.000000,0.000000
Q12,96,0,1,0,0.000000,0.000000,0.000000,0.000000
Q12,99,0,1,0,0.000000,0.000000,0.000000,0.000000
Q12,83,0,1,0,0.000000,0.000000,0.000000,0.000000
Q13,1,0,1,0,0.000000,0.000000,0.000000,0.000000
Q12,100,0,1,0,0.000000,0.000000,0.000000,0.000000
Q13,3,0,1,0,0.000000,0.000000,0.000000,0.000000
Q13,2,0,1,0,0.000000,0.000000,0.000000,0.000000
Q12,98,0,1,0,0.000000,0.000000,0.000000,0.000000
Q13,4,0,1,0,0.000000,0.000000,0.000000,0.000000
Q13,6,0,1,0,0.000000,0.000000,0.000000,0.000000
Q13,5,0,1,0,0.000000,0.000000,0.000000,0.000000
Q12,97,1,1,0,0.000000,0.000000,0.000000,0.000000
Q13,7,0,1,0,0.000000,0.000000,0.000000,0.000000
Q13,8,0,1,0,0.000000,0.000000,0.000000,0.000000
Q13,11,0,1,0,0.000000,0.000000,0.000000,0.000000
Q13,13,0,1,0,0.000000,0.000000,0.000000,0.000000
Q13,9,0,1,0,0.000000,0.000000,0.000000,0.000000
Q13,12,0,1,0,0.000000,0.000000,0.000000,0.000000
Q13,10,0,1,0,0.000000,0.000000,0.000000,0.000000
Q13,14,0,1,0,0.000000,0.000000,0.000000,0.000000
Q13,15,0,1,0,0.000000,0.000000,0.000000,0.000000
Q13,16,0,1,0,0.000000,0.000000,0.000000,0.000000
Q13,18,0,1,0,0.000000,0.000000,0.000000,0.000000
Q13,17,0,1,0,0.000000,0.000000,0.000000,0.000000
Q13,20,0,1,0,0.000000,0.000000,0.000000,0.000000
Q13,23,0,1,0,0.000000,0.000000,0.000000,0.000000
Q13,22,0,1,0,0.000000,0.000000,0.000000,0.000000
Q13,21,0,1,0,0.000000,0.000000,0.000000,0.000000
Q13,27,0,1,0,0.000000,0.000000,0.000000,0.000000
Q13,30,0,1,0,0.000000,0.000000,0.000000,0.000000
Q13,26,0,1,0,0.000000,0.000000,0.000000,0.000000
Q13,25,0,1,0,0.000000,0.000000,0.000000,0.000000
Q13,29,0,1,0,0.000000,0.000000,0.000000,0.000000
Q13,28,0,1,0,0.000000,0.000000,0.000000,0.000000
Q13,33,0,1,0,0.000000,0.000000,0.000000,0.000000
Q13,34,0,1,0,0.000000,0.000000,0.000000,0.000000
Q13,19,0,1,0,0.000000,0.000000,0.000000,0.000000
Q13,32,0,1,0,0.000000,0.000000,0.000000,0.000000
Q13,24,0,1,0,0.000000,0.000000,0.000000,0.000000
Q13,31,0,1,0,0.000000,0.000000,0.000000,0.000000
Q13,38,0,1,0,0.000000,0.000000,0.000000,0.000000
Q13,40,0,1,0,0.000000,0.000000,0.000000,0.000000
Q13,36,0,1,0,0.000000,0.000000,0.000000,0.000000
Q13,39,0,1,0,0.000000,0.000000,0.000000,0.000000
Q13,35,0,1,0,0.000000,0.000000,0.000000,0.000000
Q13,45,0,1,0,0.000000,0.000000,0.000000,0.000000
Q13,43,0,1,0,0.000000,0.000000,0.000000,0.000000
Q13,37,0,1,0,0.000000,0.000000,0.000000,0.000000
Q13,42,0,1,0,0.000000,0.000000,0.000000,0.000000
Q13,44,0,1,0,0.000000,0.000000,0.000000,0.000000
Q13,49,0,1,0,0.000000,0.000000,0.000000,0.000000
Q13,46,0,1,0,0.000000,0.000000,0.000000,0.000000
Q13,41,0,1,0,0.000000,0.000000,0.000000,0.000000
Q13,47,0,1,0,0.000000,0.000000,0.000000,0.000000
Q13,52,0,1,0,0.000000,0.000000,0.000000,0.000000
Q13,48,0,1,0,0.000000,0.000000,0.000000,0.000000
Q13,51,0,1,0,0.000000,0.000000,0.000000,0.000000
Q13,54,0,1,0,0.000000,0.000000,0.000000,0.000000
Q13,55,0,1,0,0.000000,0.000000,0.000000,0.000000
Q13,56,0,1,0,0.000000,0.000000,0.000000,0.000000
Q13,50,0,1,0,0.000000,0.000000,0.000000,0.000000
Q13,53,0,1,0,0.000000,0.000000,0.000000,0.000000
Q13,60,0,1,0,0.000000,0.000000,0.000000,0.000000
Q13,57,0,1,0,0.000000,0.000000,0.000000,0.000000
Q13,59,0,1,0,0.000000,0.000000,0.000000,0.000000
Q13,64,0,1,0,0.000000,0.000000,0.000000,0.000000
Q13,61,0,1,0,0.000000,0.000000,0.000000,0.000000
Q13,58,0,1,0,0.000000,0.000000,0.000000,0.000000
Q13,65,0,1,0,0.000000,0.000000,0.000000,0.000000
Q13,67,0,1,0,0.000000,0.000000,0.000000,0.000000
Q13,66,0,1,0,0.000000,0.000000,0.000000,0.000000
Q13,62,0,1,0,0.000000,0.000000,0.000000,0.000000
Q13,63,0,1,0,0.000000,0.000000,0.000000,0.000000
Q13,68,0,1,0,0.000000,0.000000,0.000000,0.000000
Q13,69,0,1,0,0.000000,0.000000,0.000000,0.000000
Q13,70,0,1,0,0.000000,0.000000,0.000000,0.000000
Q13,74,0,1,0,0.000000,0.000000,0.000000,0.000000
Q13,76,0,1,0,0.000000,0.000000,0.000000,0.000000
Q13,73,0,1,0,0.000000,0.000000,0.000000,0.000000
Q13,72,0,1,0,0.000000,0.000000,0.000000,0.000000
Q13,75,0,1,0,0.000000,0.000000,0.000000,0.000000
Q13,71,0,1,0,0.000000,0.000000,0.000000,0.000000
Q13,78,0,1,0,0.000000,0.000000,0.000000,0.000000
Q13,80,0,1,0,0.000000,0.000000,0.000000,0.000000
Q13,77,0,1,0,0.000000,0.000000,0.000000,0.000000
Q13,79,0,1,0,0.000000,0.000000,0.000000,0.000000
Q13,85,0,1,0,0.000000,0.000000,0.000000,0.000000
Q13,84,0,1,0,0.000000,0.000000,0.000000,0.000000
Q13,82,0,1,0,0.000000,0.000000,0.000000,0.000000
Q13,83,0,1,0,0.000000,0.000000,0.000000,0.000000
Q13,87,0,1,0,0.000000,0.000000,0.000000,0.000000
Q13,88,0,1,0,0.000000,0.000000,0.000000,0.000000
Q13,91,0,1,0,0.000000,0.000000,0.000000,0.000000
Q13,81,0,1,0,0.000000,0.000000,0.000000,0.000000
Q13,89,0,1,0,0.000000,0.000000,0.000000,0.000000
Q13,92,0,1,0,0.000000,0.000000,0.000000,0.000000
Q13,86,0,1,0,0.000000,0.000000,0.000000,0.000000
Q13,90,0,1,0,0.000000,0.000000,0.000000,0.000000
Q13,93,0,1,0,0.000000,0.000000,0.000000,0.000000
Q13,96,0,1,0,0.000000,0.000000,0.000000,0.000000
Q13,95,0,1,0,0.000000,0.000000,0.000000,0.000000
Q13,97,0,1,0,0.000000,0.000000,0.000000,0.000000
Q13,94,0,1,0,0.000000,0.000000,0.000000,0.000000
Q13,98,0,1,0,0.000000,0.000000,0.000000,0.000000
Q13,100,0,1,0,0.000000,0.000000,0.000000,0.000000
Q14,1,0,6,0,0.000000,0.000000,0.000000,0.000000
Q14,3,0,6,0,0.000000,0.000000,0.000000,0.000000
Q14,4,0,6,0,0.000000,0.000000,0.000000,0.000000
Q14,6,0,6,0,0.000000,0.000000,0.000000,0.000000
Q14,5,0,6,0,0.000000,0.000000,0.000000,0.000000
Q13,99,0,1,0,0.000000,0.000000,0.000000,0.000000
Q14,7,0,6,0,0.000000,0.000000,0.000000,0.000000
Q14,10,0,6,0,0.000000,0.000000,0.000000,0.000000
Q14,9,0,6,0,0.000000,0.000000,0.000000,0.000000
Q14,12,0,6,0,0.000000,0.000000,0.000000,0.000000
Q14,11,0,6,0,0.000000,0.000000,0.000000,0.000000
Q14,15,0,6,0,0.000000,0.000000,0.000000,0.000000
Q14,17,0,6,0,0.000000,0.000000,0.000000,0.000000
Q14,14,0,6,0,0.000000,0.000000,0.000000,0.000000
Q14,16,0,6,0,0.000000,0.000000,0.000000,0.000000
Q14,18,0,6,0,0.000000,0.000000,0.000000,0.000000
Q14,22,0,6,0,0.000000,0.000000,0.000000,0.000000
Q14,20,0,6,0,0.000000,0.000000,0.000000,0.000000
Q14,2,0,6,0,0.000000,0.000000,0.000000,0.000000
Q14,21,0,6,0,0.000000,0.000000,0.000000,0.000000
Q14,19,0,6,0,0.000000,0.000000,0.000000,0.000000
Q14,13,0,6,0,0.000000,0.000000,0.000000,0.000000
Q14,8,0,6,0,0.000000,0.000000,0.000000,0.000000
Q14,23,0,6,0,0.000000,0.000000,0.000000,0.000000
Q14,25,0,6,0,0.000000,0.000000,0.000000,0.000000
Q14,26,0,6,0,0.000000,0.000000,0.000000,0.000000
Q14,28,0,6,0,0.000000,0.000000,0.000000,0.000000
Q14,24,0,6,0,0.000000,0.000000,0.000000,0.000000
Q14,31,0,6,0,0.000000,0.000000,0.000000,0.000000
Q14,32,0,6,0,0.000000,0.000000,0.000000,0.000000
Q14,29,0,6,0,0.000000,0.000000,0.000000,0.000000
Q14,36,0,6,0,0.000000,0.000000,0.000000,0.000000
Q14,37,0,6,0,0.000000,0.000000,0.000000,0.000000
Q14,33,0,6,0,0.000000,0.000000,0.000000,0.000000
Q14,34,0,6,0,0.000000,0.000000,0.000000,0.000000
Q14,40,0,6,0,0.000000,0.000000,0.000000,0.000000
Q14,35,0,6,0,0.000000,0.000000,0.000000,0.000000
Q14,38,0,6,0,0.000000,0.000000,0.000000,0.000000
Q14,41,0,6,0,0.000000,0.000000,0.000000,0.000000
Q14,39,0,6,0,0.000000,0.000000,0.000000,0.000000
Q14,43,0,6,0,0.000000,0.000000,0.000000,0.000000
Q14,42,0,6,0,0.000000,0.000000,0.000000,0.000000
Q14,46,0,6,0,0.000000,0.000000,0.000000,0.000000
Q14,30,0,6,0,0.000000,0.000000,0.000000,0.000000
Q14,45,0,6,0,0.000000,0.000000,0.000000,0.000000
Q14,44,0,6,0,0.000000,0.000000,0.000000,0.000000
Q14,47,0,6,0,0.000000,0.000000,0.000000,0.000000
Q14,27,0,6,0,0.000000,0.000000,0.000000,0.000000
Q14,50,0,6,0,0.000000,0.000000,0.000000,0.000000
Q14,48,0,6,0,0.000000,0.000000,0.000000,0.000000
Q14,52,0,6,0,0.000000,0.000000,0.000000,0.000000
Q14,51,0,6,0,0.000000,0.000000,0.000000,0.000000
Q14,53,0,6,0,0.000000,0.000000,0.000000,0.000000
Q14,56,0,6,0,0.000000,0.000000,0.000000,0.000000
Q14,49,0,6,0,0.000000,0.000000,0.000000,0.000000
Q14,54,0,6,0,0.000000,0.000000,0.000000,0.000000
Q14,59,0,6,0,0.000000,0.000000,0.000000,0.000000
Q14,57,0,6,0,0.000000,0.000000,0.000000,0.000000
Q14,58,0,6,0,0.000000,0.000000,0.000000,0.000000
Q14,63,0,6,0,0.000000,0.000000,0.000000,0.000000
Q14,61,0,6,0,0.000000,0.000000,0.000000,0.000000
Q14,62,0,6,0,0.000000,0.000000,0.000000,0.000000
Q14,60,0,6,0,0.000000,0.000000,0.000000,0.000000
Q14,64,0,6,0,0.000000,0.000000,0.000000,0.000000
Q14,66,0,6,0,0.000000,0.000000,0.000000,0.000000
Q14,68,0,6,0,0.000000,0.000000,0.000000,0.000000
Q14,65,0,6,0,0.000000,0.000000,0.000000,0.000000
Q14,67,0,6,0,0.000000,0.000000,0.000000,0.000000
Q14,69,0,6,0,0.000000,0.000000,0.000000,0.000000
Q14,70,0,6,0,0.000000,0.000000,0.000000,0.000000
Q14,72,0,6,0,0.000000,0.000000,0.000000,0.000000
Q14,73,0,6,0,0.000000,0.000000,0.000000,0.000000
Q14,74,0,6,0,0.000000,0.000000,0.000000,0.000000
Q14,55,0,6,0,0.000000,0.000000,0.000000,0.000000
Q14,75,0,6,0,0.000000,0.000000,0.000000,0.000000
Q14,78,0,6,0,0.000000,0.000000,0.000000,0.000000
Q14,71,0,6,0,0.000000,0.000000,0.000000,0.000000
Q14,76,0,6,0,0.000000,0.000000,0.000000,0.000000
Q14,79,0,6,0,0.000000,0.000000,0.000000,0.000000
Q14,81,0,6,0,0.000000,0.000000,0.000000,0.000000
Q14,77,0,6,0,0.000000,0.000000,0.000000,0.000000
Q14,82,0,6,0,0.000000,0.000000,0.000000,0.000000
Q14,84,0,6,0,0.000000,0.000000,0.000000,0.000000
Q14,80,0,6,0,0.000000,0.000000,0.000000,0.000000
Q14,85,0,6,0,0.000000,0.000000,0.000000,0.000000
Q14,83,0,6,0,0.000000,0.000000,0.000000,0.000000
Q14,87,0,6,0,0.000000,0.000000,0.000000,0.000000
Q14,86,0,6,0,0.000000,0.000000,0.000000,0.000000
Q14,88,0,6,0,0.000000,0.000000,0.000000,0.000000
Q14,90,0,6,0,0.000000,0.000000,0.000000,0.000000
Q14,89,0,6,0,0.000000,0.000000,0.000000,0.000000
Q14,93,0,6,0,0.000000,0.000000,0.000000,0.000000
Q14,97,0,6,0,0.000000,0.000000,0.000000,0.000000
Q14,100,0,6,0,0.000000,0.000000,0.000000,0.000000
Q14,94,0,6,0,0.000000,0.000000,0.000000,0.000000
Q14,96,0,6,0,0.000000,0.000000,0.000000,0.000000
Q14,99,0,6,0,0.000000,0.000000,0.000000,0.000000
Q14,91,0,6,0,0.000000,0.000000,0.000000,0.000000
Q14,95,0,6,0,0.000000,0.000000,0.000000,0.000000
Q14,92,0,6,0,0.000000,0.000000,0.000000,0.000000
Q14,98,0,6,0,0.000000,0.000000,0.000000,0.000000
Q15,1,1,2,0,0.000000,0.000000,0.000000,0.000000
Q15,2,2,2,0,0.000000,0.000000,0.000000,0.000000
Q15,3,1,2,0,0.000000,0.000000,0.000000,0.000000
Q15,5,1,2,0,0.000000,0.000000,0.000000,0.000000
Q15,4,2,2,1,0.333333,0.500000,0.500000,0.500000
Q15,7,1,2,0,0.000000,0.000000,0.000000,0.000000
Q15,9,1,2,0,0.000000,0.000000,0.000000,0.000000
Q15,6,1,2,0,0.000000,0.000000,0.000000,0.000000
Q15,10,1,2,0,0.000000,0.000000,0.000000,0.000000
Q15,8,1,2,0,0.000000,0.000000,0.000000,0.000000
Q15,11,1,2,0,0.000000,0.000000,0.000000,0.000000
Q15,16,1,2,0,0.000000,0.000000,0.000000,0.000000
Q15,12,1,2,0,0.000000,0.000000,0.000000,0.000000
Q15,14,1,2,0,0.000000,0.000000,0.000000,0.000000
Q15,20,1,2,0,0.000000,0.000000,0.000000,0.000000
Q15,15,1,2,0,0.000000,0.000000,0.000000,0.000000
Q15,19,1,2,0,0.000000,0.000000,0.000000,0.000000
Q15,17,2,2,1,0.333333,0.500000,0.500000,0.500000
Q15,18,2,2,1,0.333333,0.500000,0.500000,0.500000
Q15,13,1,2,0,0.000000,0.000000,0.000000,0.000000
Q15,21,2,2,1,0.333333,0.500000,0.500000,0.500000
Q15,23,1,2,0,0.000000,0.000000,0.000000,0.000000
Q15,26,1,2,0,0.000000,0.000000,0.000000,0.000000
Q15,25,1,2,0,0.000000,0.000000,0.000000,0.000000
Q15,22,2,2,1,0.333333,0.500000,0.500000,0.500000
Q15,31,1,2,0,0.000000,0.000000,0.000000,0.000000
Q15,27,1,2,0,0.000000,0.000000,0.000000,0.000000
Q15,30,1,2,0,0.000000,0.000000,0.000000,0.000000
Q15,32,1,2,0,0.000000,0.000000,0.000000,0.000000
Q15,24,2,2,1,0.333333,0.500000,0.500000,0.500000
Q15,33,1,2,0,0.000000,0.000000,0.000000,0.000000
Q15,36,1,2,0,0.000000,0.000000,0.000000,0.000000
Q15,35,1,2,0,0.000000,0.000000,0.000000,0.000000
Q15,29,1,2,0,0.000000,0.000000,0.000000,0.000000
Q15,37,1,2,0,0.000000,0.000000,0.000000,0.000000
Q15,39,2,2,1,0.333333,0.500000,0.500000,0.500000
Q15,42,1,2,0,0.000000,0.000000,0.000000,0.000000
Q15,43,1,2,0,0.000000,0.000000,0.000000,0.000000
Q15,28,1,2,0,0.000000,0.000000,0.000000,0.000000
Q15,41,1,2,0,0.000000,0.000000,0.000000,0.000000
Q15,38,1,2,0,0.000000,0.000000,0.000000,0.000000
Q15,34,1,2,0,0.000000,0.000000,0.000000,0.000000
Q15,45,1,2,0,0.000000,0.000000,0.000000,0.000000
Q15,47,1,2,0,0.000000,0.000000,0.000000,0.000000
Q15,46,1,2,0,0.000000,0.000000,0.000000,0.000000
Q15,44,2,2,1,0.333333,0.500000,0.500000,0.500000
Q15,48,1,2,0,0.000000,0.000000,0.000000,0.000000
Q15,49,1,2,0,0.000000,0.000000,0.000000,0.000000
Q15,50,1,2,0,0.000000,0.000000,0.000000,0.000000
Q15,40,2,2,1,0.333333,0.500000,0.500000,0.500000
Q15,52,1,2,0,0.000000,0.000000,0.000000,0.000000
Q15,53,1,2,0,0.000000,0.000000,0.000000,0.000000
Q15,54,1,2,0,0.000000,0.000000,0.000000,0.000000
Q15,55,1,2,0,0.000000,0.000000,0.000000,0.000000
Q15,51,2,2,0,0.000000,0.000000,0.000000,0.000000
Q15,56,1,2,0,0.000000,0.000000,0.000000,0.000000
Q15,57,1,2,0,0.000000,0.000000,0.000000,0.000000
Q15,60,1,2,0,0.000000,0.000000,0.000000,0.000000
Q15,58,1,2,0,0.000000,0.000000,0.000000,0.000000
Q15,61,1,2,0,0.000000,0.000000,0.000000,0.000000
Q15,59,2,2,1,0.333333,0.500000,0.500000,0.500000
Q15,68,1,2,0,0.000000,0.000000,0.000000,0.000000
Q15,65,1,2,0,0.000000,0.000000,0.000000,0.000000
Q15,63,2,2,1,0.333333,0.500000,0.500000,0.500000
Q15,66,1,2,0,0.000000,0.000000,0.000000,0.000000
Q15,64,2,2,1,0.333333,0.500000,0.500000,0.500000
Q15,67,2,2,1,0.333333,0.500000,0.500000,0.500000
Q15,69,1,2,0,0.000000,0.000000,0.000000,0.000000
Q15,62,1,2,0,0.000000,0.000000,0.000000,0.000000
Q15,70,1,2,0,0.000000,0.000000,0.000000,0.000000
Q15,72,1,2,0,0.000000,0.000000,0.000000,0.000000
Q15,73,1,2,0,0.000000,0.000000,0.000000,0.000000
Q15,71,1,2,0,0.000000,0.000000,0.000000,0.000000
Q15,74,2,2,1,0.333333,0.500000,0.500000,0.500000
Q15,79,1,2,0,0.000000,0.000000,0.000000,0.000000
Q15,76,2,2,1,0.333333,0.500000,0.500000,0.500000
Q15,77,1,2,0,0.000000,0.000000,0.000000,0.000000
Q15,75,1,2,0,0.000000,0.000000,0.000000,0.000000
Q15,78,2,2,1,0.333333,0.500000,0.500000,0.500000
Q15,80,2,2,1,0.333333,0.500000,0.500000,0.500000
Q15,81,2,2,1,0.333333,0.500000,0.500000,0.500000
Q15,84,1,2,0,0.000000,0.000000,0.000000,0.000000
Q15,82,2,2,0,0.000000,0.000000,0.000000,0.000000
Q15,83,1,2,0,0.000000,0.000000,0.000000,0.000000
Q15,86,1,2,0,0.000000,0.000000,0.000000,0.000000
Q15,87,1,2,0,0.000000,0.000000,0.000000,0.000000
Q15,88,1,2,0,0.000000,0.000000,0.000000,0.000000
Q15,89,1,2,0,0.000000,0.000000,0.000000,0.000000
Q15,92,1,2,0,0.000000,0.000000,0.000000,0.000000
Q15,94,1,2,0,0.000000,0.000000,0.000000,0.000000
Q15,93,1,2,0,0.000000,0.000000,0.000000,0.000000
Q15,91,2,2,1,0.333333,0.500000,0.500000,0.500000
Q15,95,1,2,0,0.000000,0.000000,0.000000,0.000000
Q15,90,1,2,0,0.000000,0.000000,0.000000,0.000000
Q15,96,2,2,1,0.333333,0.500000,0.500000,0.500000
Q15,98,1,2,0,0.000000,0.000000,0.000000,0.000000
Q16,1,0,1,0,0.000000,0.000000,0.000000,0.000000
Q16,5,0,1,0,0.000000,0.000000,0.000000,0.000000
Q15,85,1,2,0,0.000000,0.000000,0.000000,0.000000
Q15,99,1,2,0,0.000000,0.000000,0.000000,0.000000
Q15,100,1,2,0,0.000000,0.000000,0.000000,0.000000
Q16,3,0,1,0,0.000000,0.000000,0.000000,0.000000
Q16,2,1,1,0,0.000000,0.000000,0.000000,0.000000
Q16,4,1,1,0,0.000000,0.000000,0.000000,0.000000
Q15,97,1,2,0,0.000000,0.000000,0.000000,0.000000
Q16,7,0,1,0,0.000000,0.000000,0.000000,0.000000
Q16,6,0,1,0,0.000000,0.000000,0.000000,0.000000
Q16,9,0,1,0,0.000000,0.000000,0.000000,0.000000
Q16,11,0,1,0,0.000000,0.000000,0.000000,0.000000
Q16,14,0,1,0,0.000000,0.000000,0.000000,0.000000
Q16,13,0,1,0,0.000000,0.000000,0.000000,0.000000
Q16,10,1,1,0,0.000000,0.000000,0.000000,0.000000
Q16,12,1,1,0,0.000000,0.000000,0.000000,0.000000
Q16,18,0,1,0,0.000000,0.000000,0.000000,0.000000
Q16,16,0,1,0,0.000000,0.000000,0.000000,0.000000
Q16,15,0,1,0,0.000000,0.000000,0.000000,0.000000
Q16,17,1,1,0,0.000000,0.000000,0.000000,0.000000
Q16,19,1,1,0,0.000000,0.000000,0.000000,0.000000
Q16,21,0,1,0,0.000000,0.000000,0.000000,0.000000
Q16,20,0,1,0,0.000000,0.000000,0.000000,0.000000
Q16,23,0,1,0,0.000000,0.000000,0.000000,0.000000
Q16,8,1,1,0,0.000000,0.000000,0.000000,0.000000
Q16,22,1,1,0,0.000000,0.000000,0.000000,0.000000
Q16,25,1,1,0,0.000000,0.000000,0.000000,0.000000
Q16,31,0,1,0,0.000000,0.000000,0.000000,0.000000
Q16,27,1,1,0,0.000000,0.000000,0.000000,0.000000
Q16,26,0,1,0,0.000000,0.000000,0.000000,0.000000
Q16,30,0,1,0,0.000000,0.000000,0.000000,0.000000
Q16,28,0,1,0,0.000000,0.000000,0.000000,0.000000
Q16,24,0,1,0,0.000000,0.000000,0.000000,0.000000
Q16,33,1,1,0,0.000000,0.000000,0.000000,0.000000
Q16,32,1,1,0,0.000000,0.000000,0.000000,0.000000
Q16,29,1,1,0,0.000000,0.000000,0.000000,0.000000
Q16,35,0,1,0,0.000000,0.000000,0.000000,0.000000
Q16,37,0,1,0,0.000000,0.000000,0.000000,0.000000
Q16,36,0,1,0,0.000000,0.000000,0.000000,0.000000
Q16,38,0,1,0,0.000000,0.000000,0.000000,0.000000
Q16,34,0,1,0,0.000000,0.000000,0.000000,0.000000
Q16,40,1,1,0,0.000000,0.000000,0.000000,0.000000
Q16,45,0,1,0,0.000000,0.000000,0.000000,0.000000
Q16,39,1,1,0,0.000000,0.000000,0.000000,0.000000
Q16,44,0,1,0,0.000000,0.000000,0.000000,0.000000
Q16,48,0,1,0,0.000000,0.000000,0.000000,0.000000
Q16,42,1,1,0,0.000000,0.000000,0.000000,0.000000
Q16,47,0,1,0,0.000000,0.000000,0.000000,0.000000
Q16,46,1,1,1,1.000000,1.000000,1.000000,1.000000
Q16,41,1,1,0,0.000000,0.000000,0.000000,0.000000
Q16,51,0,1,0,0.000000,0.000000,0.000000,0.000000
Q16,43,0,1,0,0.000000,0.000000,0.000000,0.000000
Q16,54,0,1,0,0.000000,0.000000,0.000000,0.000000
Q16,52,0,1,0,0.000000,0.000000,0.000000,0.000000
Q16,49,1,1,0,0.000000,0.000000,0.000000,0.000000
Q16,50,1,1,0,0.000000,0.000000,0.000000,0.000000
Q16,58,0,1,0,0.000000,0.000000,0.000000,0.000000
Q16,57,0,1,0,0.000000,0.000000,0.000000,0.000000
Q16,55,0,1,0,0.000000,0.000000,0.000000,0.000000
Q16,59,0,1,0,0.000000,0.000000,0.000000,0.000000
Q16,56,0,1,0,0.000000,0.000000,0.000000,0.000000
Q16,53,0,1,0,0.000000,0.000000,0.000000,0.000000
Q16,60,0,1,0,0.000000,0.000000,0.000000,0.000000
Q16,62,0,1,0,0.000000,0.000000,0.000000,0.000000
Q16,61,0,1,0,0.000000,0.000000,0.000000,0.000000
Q16,64,0,1,0,0.000000,0.000000,0.000000,0.000000
Q16,63,0,1,0,0.000000,0.000000,0.000000,0.000000
Q16,65,0,1,0,0.000000,0.000000,0.000000,0.000000
Q16,68,0,1,0,0.000000,0.000000,0.000000,0.000000
Q16,71,0,1,0,0.000000,0.000000,0.000000,0.000000
Q16,67,1,1,0,0.000000,0.000000,0.000000,0.000000
Q16,72,0,1,0,0.000000,0.000000,0.000000,0.000000
Q16,66,1,1,0,0.000000,0.000000,0.000000,0.000000
Q16,76,0,1,0,0.000000,0.000000,0.000000,0.000000
Q16,74,0,1,0,0.000000,0.000000,0.000000,0.000000
Q16,77,0,1,0,0.000000,0.000000,0.000000,0.000000
Q16,73,0,1,0,0.000000,0.000000,0.000000,0.000000
Q16,69,2,1,0,0.000000,0.000000,0.000000,0.000000
Q16,82,0,1,0,0.000000,0.000000,0.000000,0.000000
Q16,70,2,1,0,0.000000,0.000000,0.000000,0.000000
Q16,80,0,1,0,0.000000,0.000000,0.000000,0.000000
Q16,85,0,1,0,0.000000,0.000000,0.000000,0.000000
Q16,79,0,1,0,0.000000,0.000000,0.000000,0.000000
Q16,81,1,1,0,0.000000,0.000000,0.000000,0.000000
Q16,87,0,1,0,0.000000,0.000000,0.000000,0.000000
Q16,86,0,1,0,0.000000,0.000000,0.000000,0.000000
Q16,84,1,1,0,0.000000,0.000000,0.000000,0.000000
Q16,88,0,1,0,0.000000,0.000000,0.000000,0.000000
Q16,75,0,1,0,0.000000,0.000000,0.000000,0.000000
Q16,83,1,1,0,0.000000,0.000000,0.000000,0.000000
Q16,92,0,1,0,0.000000,0.000000,0.000000,0.000000
Q16,78,0,1,0,0.000000,0.000000,0.000000,0.000000
Q16,93,0,1,0,0.000000,0.000000,0.000000,0.000000
Q16,91,0,1,0,0.000000,0.000000,0.000000,0.000000
Q16,89,1,1,0,0.000000,0.000000,0.000000,0.000000
Q16,98,0,1,0,0.000000,0.000000,0.000000,0.000000
Q16,90,1,1,0,0.000000,0.000000,0.000000,0.000000
Q16,96,0,1,0,0.000000,0.000000,0.000000,0.000000
Q16,94,1,1,0,0.000000,0.000000,0.000000,0.000000
Q16,99,0,1,0,0.000000,0.000000,0.000000,0.000000
Q17,4,0,1,0,0.000000,0.000000,0.000000,0.000000
Q17,3,0,1,0,0.000000,0.000000,0.000000,0.000000
Q16,97,1,1,0,0.000000,0.000000,0.000000,0.000000
Q17,2,0,1,0,0.000000,0.000000,0.000000,0.000000
Q17,1,0,1,0,0.000000,0.000000,0.000000,0.000000
Q17,5,0,1,0,0.000000,0.000000,0.000000,0.000000
Q17,7,0,1,0,0.000000,0.000000,0.000000,0.000000
Q16,100,1,1,0,0.000000,0.000000,0.000000,0.000000
Q17,8,0,1,0,0.000000,0.000000,0.000000,0.000000
Q17,10,0,1,0,0.000000,0.000000,0.000000,0.000000
Q17,16,0,1,0,0.000000,0.000000,0.000000,0.000000
Q17,15,0,1,0,0.000000,0.000000,0.000000,0.000000
Q17,11,0,1,0,0.000000,0.000000,0.000000,0.000000
Q17,17,0,1,0,0.000000,0.000000,0.000000,0.000000
Q17,12,0,1,0,0.000000,0.000000,0.000000,0.000000
Q17,9,0,1,0,0.000000,0.000000,0.000000,0.000000
Q17,14,0,1,0,0.000000,0.000000,0.000000,0.000000
Q17,18,0,1,0,0.000000,0.000000,0.000000,0.000000
Q17,6,0,1,0,0.000000,0.000000,0.000000,0.000000
Q17,13,0,1,0,0.000000,0.000000,0.000000,0.000000
Q17,19,0,1,0,0.000000,0.000000,0.000000,0.000000
Q17,22,0,1,0,0.000000,0.000000,0.000000,0.000000
Q17,23,0,1,0,0.000000,0.000000,0.000000,0.000000
Q16,95,1,1,0,0.000000,0.000000,0.000000,0.000000
Q17,20,0,1,0,0.000000,0.000000,0.000000,0.000000
Q17,28,0,1,0,0.000000,0.000000,0.000000,0.000000
Q17,27,0,1,0,0.000000,0.000000,0.000000,0.000000
Q17,21,0,1,0,0.000000,0.000000,0.000000,0.000000
Q17,26,0,1,0,0.000000,0.000000,0.000000,0.000000
Q17,29,0,1,0,0.000000,0.000000,0.000000,0.000000
Q17,30,0,1,0,0.000000,0.000000,0.000000,0.000000
Q17,32,0,1,0,0.000000,0.000000,0.000000,0.000000
Q17,34,0,1,0,0.000000,0.000000,0.000000,0.000000
Q17,24,1,1,0,0.000000,0.000000,0.000000,0.000000
Q17,31,0,1,0,0.000000,0.000000,0.000000,0.000000
Q17,35,0,1,0,0.000000,0.000000,0.000000,0.000000
Q17,37,0,1,0,0.000000,0.000000,0.000000,0.000000
Q17,36,0,1,0,0.000000,0.000000,0.000000,0.000000
Q17,40,0,1,0,0.000000,0.000000,0.000000,0.000000
Q17,25,0,1,0,0.000000,0.000000,0.000000,0.000000
Q17,33,0,1,0,0.000000,0.000000,0.000000,0.000000
Q17,46,0,1,0,0.000000,0.000000,0.000000,0.000000
Q17,41,0,1,0,0.000000,0.000000,0.000000,0.000000
Q17,44,0,1,0,0.000000,0.000000,0.000000,0.000000
Q17,42,0,1,0,0.000000,0.000000,0.000000,0.000000
Q17,43,0,1,0,0.000000,0.000000,0.000000,0.000000
Q17,48,0,1,0,0.000000,0.000000,0.000000,0.000000
Q17,38,0,1,0,0.000000,0.000000,0.000000,0.000000
Q17,47,1,1,0,0.000000,0.000000,0.000000,0.000000
Q17,50,0,1,0,0.000000,0.000000,0.000000,0.000000
Q17,49,0,1,0,0.000000,0.000000,0.000000,0.000000
Q17,53,0,1,0,0.000000,0.000000,0.000000,0.000000
Q17,52,0,1,0,0.000000,0.000000,0.000000,0.000000
Q17,54,0,1,0,0.000000,0.000000,0.000000,0.000000
Q17,55,0,1,0,0.000000,0.000000,0.000000,0.000000
Q17,56,0,1,0,0.000000,0.000000,0.000000,0.000000
Q17,39,0,1,0,0.000000,0.000000,0.000000,0.000000
Q17,57,0,1,0,0.000000,0.000000,0.000000,0.000000
Q17,58,0,1,0,0.000000,0.000000,0.000000,0.000000
Q17,59,0,1,0,0.000000,0.000000,0.000000,0.000000
Q17,51,1,1,0,0.000000,0.000000,0.000000,0.000000
Q17,62,0,1,0,0.000000,0.000000,0.000000,0.000000
Q17,61,0,1,0,0.000000,0.000000,0.000000,0.000000
Q17,66,0,1,0,0.000000,0.000000,0.000000,0.000000
Q17,64,0,1,0,0.000000,0.000000,0.000000,0.000000
Q17,65,1,1,0,0.000000,0.000000,0.000000,0.000000
Q17,69,0,1,0,0.000000,0.000000,0.000000,0.000000
Q17,60,0,1,0,0.000000,0.000000,0.000000,0.000000
Q17,67,0,1,0,0.000000,0.000000,0.000000,0.000000
Q17,68,0,1,0,0.000000,0.000000,0.000000,0.000000
Q17,70,0,1,0,0.000000,0.000000,0.000000,0.000000
Q17,71,0,1,0,0.000000,0.000000,0.000000,0.000000
Q17,45,0,1,0,0.000000,0.000000,0.000000,0.000000
Q17,72,0,1,0,0.000000,0.000000,0.000000,0.000000
Q17,74,0,1,0,0.000000,0.000000,0.000000,0.000000
Q17,73,0,1,0,0.000000,0.000000,0.000000,0.000000
Q17,76,0,1,0,0.000000,0.000000,0.000000,0.000000
Q17,63,0,1,0,0.000000,0.000000,0.000000,0.000000
Q17,77,0,1,0,0.000000,0.000000,0.000000,0.000000
Q17,79,0,1,0,0.000000,0.000000,0.000000,0.000000
Q17,80,0,1,0,0.000000,0.000000,0.000000,0.000000
Q17,78,1,1,0,0.000000,0.000000,0.000000,0.000000
Q17,81,0,1,0,0.000000,0.000000,0.000000,0.000000
Q17,84,0,1,0,0.000000,0.000000,0.000000,0.000000
Q17,75,0,1,0,0.000000,0.000000,0.000000,0.000000
Q17,83,0,1,0,0.000000,0.000000,0.000000,0.000000
Q17,87,0,1,0,0.000000,0.000000,0.000000,0.000000
Q17,85,1,1,0,0.000000,0.000000,0.000000,0.000000
Q17,89,0,1,0,0.000000,0.000000,0.000000,0.000000
Q17,88,0,1,0,0.000000,0.000000,0.000000,0.000000
Q17,92,0,1,0,0.000000,0.000000,0.000000,0.000000
Q17,90,1,1,0,0.000000,0.000000,0.000000,0.000000
Q17,95,0,1,0,0.000000,0.000000,0.000000,0.000000
Q17,96,0,1,0,0.000000,0.000000,0.000000,0.000000
Q17,91,1,1,0,0.000000,0.000000,0.000000,0.000000
Q17,86,0,1,0,0.000000,0.000000,0.000000,0.000000
Q17,93,0,1,0,0.000000,0.000000,0.000000,0.000000
Q17,94,1,1,0,0.000000,0.000000,0.000000,0.000000
Q17,97,0,1,0,0.000000,0.000000,0.000000,0.000000
Q17,98,0,1,0,0.000000,0.000000,0.000000,0.000000
Q18,1,0,1,0,0.000000,0.000000,0.000000,0.000000
Q17,100,0,1,0,0.000000,0.000000,0.000000,0.000000
Q18,3,0,1,0,0.000000,0.000000,0.000000,0.000000
Q18,4,0,1,0,0.000000,0.000000,0.000000,0.000000
Q17,99,0,1,0,0.000000,0.000000,0.000000,0.000000
Q18,5,0,1,0,0.000000,0.000000,0.000000,0.000000
Q18,6,0,1,0,0.000000,0.000000,0.000000,0.000000
Q18,2,0,1,0,0.000000,0.000000,0.000000,0.000000
Q17,82,1,1,0,0.000000,0.000000,0.000000,0.000000
Q18,8,0,1,0,0.000000,0.000000,0.000000,0.000000
Q18,7,0,1,0,0.000000,0.000000,0.000000,0.000000
Q18,9,0,1,0,0.000000,0.000000,0.000000,0.000000
Q18,13,0,1,0,0.000000,0.000000,0.000000,0.000000
Q18,11,0,1,0,0.000000,0.000000,0.000000,0.000000
Q18,16,0,1,0,0.000000,0.000000,0.000000,0.000000
Q18,14,0,1,0,0.000000,0.000000,0.000000,0.000000
Q18,18,0,1,0,0.000000,0.000000,0.000000,0.000000
Q18,10,0,1,0,0.000000,0.000000,0.000000,0.000000
Q18,21,0,1,0,0.000000,0.000000,0.000000,0.000000
Q18,20,0,1,0,0.000000,0.000000,0.000000,0.000000
Q18,12,0,1,0,0.000000,0.000000,0.000000,0.000000
Q18,15,0,1,0,0.000000,0.000000,0.000000,0.000000
Q18,17,0,1,0,0.000000,0.000000,0.000000,0.000000
Q18,22,0,1,0,0.000000,0.000000,0.000000,0.000000
Q18,19,0,1,0,0.000000,0.000000,0.000000,0.000000
Q18,23,0,1,0,0.000000,0.000000,0.000000,0.000000
Q18,27,0,1,0,0.000000,0.000000,0.000000,0.000000
Q18,26,0,1,0,0.000000,0.000000,0.000000,0.000000
Q18,25,0,1,0,0.000000,0.000000,0.000000,0.000000
Q18,28,0,1,0,0.000000,0.000000,0.000000,0.000000
Q18,31,0,1,0,0.000000,0.000000,0.000000,0.000000
Q18,29,0,1,0,0.000000,0.000000,0.000000,0.000000
Q18,32,0,1,0,0.000000,0.000000,0.000000,0.000000
Q18,30,0,1,0,0.000000,0.000000,0.000000,0.000000
Q18,35,0,1,0,0.000000,0.000000,0.000000,0.000000
Q18,38,0,1,0,0.000000,0.000000,0.000000,0.000000
Q18,37,0,1,0,0.000000,0.000000,0.000000,0.000000
Q18,33,0,1,0,0.000000,0.000000,0.000000,0.000000
Q18,36,0,1,0,0.000000,0.000000,0.000000,0.000000
Q18,24,0,1,0,0.000000,0.000000,0.000000,0.000000
Q18,42,0,1,0,0.000000,0.000000,0.000000,0.000000
Q18,41,0,1,0,0.000000,0.000000,0.000000,0.000000
Q18,40,0,1,0,0.000000,0.000000,0.000000,0.000000
Q18,46,0,1,0,0.000000,0.000000,0.000000,0.000000
Q18,47,0,1,0,0.000000,0.000000,0.000000,0.000000
Q18,44,0,1,0,0.000000,0.000000,0.000000,0.000000
Q18,39,0,1,0,0.000000,0.000000,0.000000,0.000000
Q18,52,0,1,0,0.000000,0.000000,0.000000,0.000000
Q18,50,0,1,0,0.000000,0.000000,0.000000,0.000000
Q18,48,0,1,0,0.000000,0.000000,0.000000,0.000000
Q18,49,0,1,0,0.000000,0.000000,0.000000,0.000000
Q18,51,0,1,0,0.000000,0.000000,0.000000,0.000000
Q18,34,0,1,0,0.000000,0.000000,0.000000,0.000000
Q18,43,0,1,0,0.000000,0.000000,0.000000,0.000000
Q18,45,0,1,0,0.000000,0.000000,0.000000,0.000000
Q18,54,0,1,0,0.000000,0.000000,0.000000,0.000000
Q18,56,0,1,0,0.000000,0.000000,0.000000,0.000000
Q18,53,0,1,0,0.000000,0.000000,0.000000,0.000000
Q18,62,0,1,0,0.000000,0.000000,0.000000,0.000000
Q18,65,0,1,0,0.000000,0.000000,0.000000,0.000000
Q18,57,0,1,0,0.000000,0.000000,0.000000,0.000000
Q18,58,0,1,0,0.000000,0.000000,0.000000,0.000000
Q18,61,0,1,0,0.000000,0.000000,0.000000,0.000000
Q18,64,0,1,0,0.000000,0.000000,0.000000,0.000000
Q18,63,0,1,0,0.000000,0.000000,0.000000,0.000000
Q18,67,0,1,0,0.000000,0.000000,0.000000,0.000000
Q18,66,0,1,0,0.000000,0.000000,0.000000,0.000000
Q18,60,0,1,0,0.000000,0.000000,0.000000,0.000000
Q18,59,0,1,0,0.000000,0.000000,0.000000,0.000000
Q18,70,0,1,0,0.000000,0.000000,0.000000,0.000000
Q18,68,0,1,0,0.000000,0.000000,0.000000,0.000000
Q18,69,0,1,0,0.000000,0.000000,0.000000,0.000000
Q18,72,0,1,0,0.000000,0.000000,0.000000,0.000000
Q18,74,0,1,0,0.000000,0.000000,0.000000,0.000000
Q18,75,0,1,0,0.000000,0.000000,0.000000,0.000000
Q18,73,0,1,0,0.000000,0.000000,0.000000,0.000000
Q18,76,0,1,0,0.000000,0.000000,0.000000,0.000000
Q18,71,0,1,0,0.000000,0.000000,0.000000,0.000000
Q18,77,0,1,0,0.000000,0.000000,0.000000,0.000000
Q18,79,0,1,0,0.000000,0.000000,0.000000,0.000000
Q18,78,0,1,0,0.000000,0.000000,0.000000,0.000000
Q18,80,0,1,0,0.000000,0.000000,0.000000,0.000000
Q18,82,0,1,0,0.000000,0.000000,0.000000,0.000000
Q18,83,0,1,0,0.000000,0.000000,0.000000,0.000000
Q18,81,0,1,0,0.000000,0.000000,0.000000,0.000000
Q18,85,0,1,0,0.000000,0.000000,0.000000,0.000000
Q18,84,0,1,0,0.000000,0.000000,0.000000,0.000000
Q18,86,0,1,0,0.000000,0.000000,0.000000,0.000000
Q18,88,0,1,0,0.000000,0.000000,0.000000,0.000000
Q18,92,0,1,0,0.000000,0.000000,0.000000,0.000000
Q18,90,0,1,0,0.000000,0.000000,0.000000,0.000000
Q18,91,0,1,0,0.000000,0.000000,0.000000,0.000000
Q18,93,0,1,0,0.000000,0.000000,0.000000,0.000000
Q18,94,0,1,0,0.000000,0.000000,0.000000,0.000000
Q18,89,0,1,0,0.000000,0.000000,0.000000,0.000000
Q18,87,0,1,0,0.000000,0.000000,0.000000,0.000000
Q18,96,0,1,0,0.000000,0.000000,0.000000,0.000000
Q18,95,0,1,0,0.000000,0.000000,0.000000,0.000000
Q18,99,0,1,0,0.000000,0.000000,0.000000,0.000000
Q19,2,0,1,0,0.000000,0.000000,0.000000,0.000000
Q18,98,0,1,0,0.000000,0.000000,0.000000,0.000000
Q19,1,0,1,0,0.000000,0.000000,0.000000,0.000000
Q19,3,0,1,0,0.000000,0.000000,0.000000,0.000000
Q19,4,0,1,0,0.000000,0.000000,0.000000,0.000000
Q19,5,0,1,0,0.000000,0.000000,0.000000,0.000000
Q19,6,0,1,0,0.000000,0.000000,0.000000,0.000000
Q18,97,0,1,0,0.000000,0.000000,0.000000,0.000000
Q18,55,0,1,0,0.000000,0.000000,0.000000,0.000000
Q19,8,0,1,0,0.000000,0.000000,0.000000,0.000000
Q19,9,0,1,0,0.000000,0.000000,0.000000,0.000000
Q19,10,0,1,0,0.000000,0.000000,0.000000,0.000000
Q19,13,0,1,0,0.000000,0.000000,0.000000,0.000000
Q19,12,0,1,0,0.000000,0.000000,0.000000,0.000000
Q19,11,0,1,0,0.000000,0.000000,0.000000,0.000000
Q19,14,0,1,0,0.000000,0.000000,0.000000,0.000000
Q19,15,0,1,0,0.000000,0.000000,0.000000,0.000000
Q19,7,0,1,0,0.000000,0.000000,0.000000,0.000000
Q19,18,0,1,0,0.000000,0.000000,0.000000,0.000000
Q19,20,0,1,0,0.000000,0.000000,0.000000,0.000000
Q19,17,0,1,0,0.000000,0.000000,0.000000,0.000000
Q19,16,0,1,0,0.000000,0.000000,0.000000,0.000000
Q18,100,0,1,0,0.000000,0.000000,0.000000,0.000000
Q19,19,0,1,0,0.000000,0.000000,0.000000,0.000000
Q19,22,0,1,0,0.000000,0.000000,0.000000,0.000000
Q19,24,0,1,0,0.000000,0.000000,0.000000,0.000000
Q19,25,0,1,0,0.000000,0.000000,0.000000,0.000000
Q19,21,0,1,0,0.000000,0.000000,0.000000,0.000000
Q19,30,0,1,0,0.000000,0.000000,0.000000,0.000000
Q19,23,0,1,0,0.000000,0.000000,0.000000,0.000000
Q19,28,0,1,0,0.000000,0.000000,0.000000,0.000000
Q19,26,0,1,0,0.000000,0.000000,0.000000,0.000000
Q19,29,0,1,0,0.000000,0.000000,0.000000,0.000000
Q19,32,0,1,0,0.000000,0.000000,0.000000,0.000000
Q19,27,0,1,0,0.000000,0.000000,0.000000,0.000000
Q19,34,0,1,0,0.000000,0.000000,0.000000,0.000000
Q19,33,0,1,0,0.000000,0.000000,0.000000,0.000000
Q19,31,0,1,0,0.000000,0.000000,0.000000,0.000000
Q19,35,0,1,0,0.000000,0.000000,0.000000,0.000000
Q19,40,0,1,0,0.000000,0.000000,0.000000,0.000000
Q19,41,0,1,0,0.000000,0.000000,0.000000,0.000000
Q19,42,0,1,0,0.000000,0.000000,0.000000,0.000000
Q19,36,0,1,0,0.000000,0.000000,0.000000,0.000000
Q19,43,0,1,0,0.000000,0.000000,0.000000,0.000000
Q19,37,0,1,0,0.000000,0.000000,0.000000,0.000000
Q19,39,0,1,0,0.000000,0.000000,0.000000,0.000000
Q19,45,0,1,0,0.000000,0.000000,0.000000,0.000000
Q19,38,0,1,0,0.000000,0.000000,0.000000,0.000000
Q19,46,0,1,0,0.000000,0.000000,0.000000,0.000000
Q19,44,0,1,0,0.000000,0.000000,0.000000,0.000000
Q19,48,0,1,0,0.000000,0.000000,0.000000,0.000000
Q19,47,0,1,0,0.000000,0.000000,0.000000,0.000000
Q19,52,0,1,0,0.000000,0.000000,0.000000,0.000000
Q19,53,0,1,0,0.000000,0.000000,0.000000,0.000000
Q19,54,0,1,0,0.000000,0.000000,0.000000,0.000000
Q19,50,0,1,0,0.000000,0.000000,0.000000,0.000000
Q19,58,0,1,0,0.000000,0.000000,0.000000,0.000000
Q19,51,0,1,0,0.000000,0.000000,0.000000,0.000000
Q19,55,0,1,0,0.000000,0.000000,0.000000,0.000000
Q19,57,0,1,0,0.000000,0.000000,0.000000,0.000000
Q19,60,0,1,0,0.000000,0.000000,0.000000,0.000000
Q19,59,0,1,0,0.000000,0.000000,0.000000,0.000000
Q19,49,1,1,1,1.000000,1.000000,1.000000,1.000000
Q19,56,0,1,0,0.000000,0.000000,0.000000,0.000000
Q19,63,0,1,0,0.000000,0.000000,0.000000,0.000000
Q19,65,0,1,0,0.000000,0.000000,0.000000,0.000000
Q19,67,0,1,0,0.000000,0.000000,0.000000,0.000000
Q19,62,0,1,0,0.000000,0.000000,0.000000,0.000000
Q19,68,0,1,0,0.000000,0.000000,0.000000,0.000000
Q19,66,0,1,0,0.000000,0.000000,0.000000,0.000000
Q19,61,0,1,0,0.000000,0.000000,0.000000,0.000000
Q19,64,0,1,0,0.000000,0.000000,0.000000,0.000000
Q19,71,0,1,0,0.000000,0.000000,0.000000,0.000000
Q19,72,0,1,0,0.000000,0.000000,0.000000,0.000000
Q19,74,0,1,0,0.000000,0.000000,0.000000,0.000000
Q19,69,0,1,0,0.000000,0.000000,0.000000,0.000000
Q19,75,0,1,0,0.000000,0.000000,0.000000,0.000000
Q19,78,0,1,0,0.000000,0.000000,0.000000,0.000000
Q19,73,0,1,0,0.000000,0.000000,0.000000,0.000000
Q19,77,0,1,0,0.000000,0.000000,0.000000,0.000000
Q19,79,0,1,0,0.000000,0.000000,0.000000,0.000000
Q19,82,0,1,0,0.000000,0.000000,0.000000,0.000000
Q19,81,0,1,0,0.000000,0.000000,0.000000,0.000000
Q19,70,0,1,0,0.000000,0.000000,0.000000,0.000000
Q19,84,0,1,0,0.000000,0.000000,0.000000,0.000000
Q19,83,0,1,0,0.000000,0.000000,0.000000,0.000000
Q19,87,0,1,0,0.000000,0.000000,0.000000,0.000000
Q19,86,0,1,0,0.000000,0.000000,0.000000,0.000000
Q19,85,0,1,0,0.000000,0.000000,0.000000,0.000000
Q19,76,0,1,0,0.000000,0.000000,0.000000,0.000000
Q19,89,0,1,0,0.000000,0.000000,0.000000,0.000000
Q19,90,0,1,0,0.000000,0.000000,0.000000,0.000000
Q19,88,0,1,0,0.000000,0.000000,0.000000,0.000000
Q19,92,0,1,0,0.000000,0.000000,0.000000,0.000000
Q19,91,0,1,0,0.000000,0.000000,0.000000,0.000000
Q19,98,0,1,0,0.000000,0.000000,0.000000,0.000000
Q19,80,0,1,0,0.000000,0.000000,0.000000,0.000000
Q20,2,0,1,0,0.000000,0.000000,0.000000,0.000000
Q19,93,0,1,0,0.000000,0.000000,0.000000,0.000000
Q20,6,0,1,0,0.000000,0.000000,0.000000,0.000000
Q19,100,0,1,0,0.000000,0.000000,0.000000,0.000000
Q20,3,0,1,0,0.000000,0.000000,0.000000,0.000000
Q19,99,0,1,0,0.000000,0.000000,0.000000,0.000000
Q20,1,1,1,0,0.000000,0.000000,0.000000,0.000000
Q20,4,0,1,0,0.000000,0.000000,0.000000,0.000000
Q20,9,0,1,0,0.000000,0.000000,0.000000,0.000000
Q19,94,0,1,0,0.000000,0.000000,0.000000,0.000000
Q20,8,0,1,0,0.000000,0.000000,0.000000,0.000000
Q19,95,0,1,0,0.000000,0.000000,0.000000,0.000000
Q19,96,0,1,0,0.000000,0.000000,0.000000,0.000000
Q19,97,0,1,0,0.000000,0.000000,0.000000,0.000000
Q20,7,0,1,0,0.000000,0.000000,0.000000,0.000000
Q20,5,0,1,0,0.000000,0.000000,0.000000,0.000000
Q20,11,0,1,0,0.000000,0.000000,0.000000,0.000000
Q20,10,0,1,0,0.000000,0.000000,0.000000,0.000000
Q20,12,0,1,0,0.000000,0.000000,0.000000,0.000000
Q20,17,0,1,0,0.000000,0.000000,0.000000,0.000000
Q20,15,0,1,0,0.000000,0.000000,0.000000,0.000000
Q20,13,0,1,0,0.000000,0.000000,0.000000,0.000000
Q20,16,0,1,0,0.000000,0.000000,0.000000,0.000000
Q20,21,0,1,0,0.000000,0.000000,0.000000,0.000000
Q20,22,0,1,0,0.000000,0.000000,0.000000,0.000000
Q20,20,0,1,0,0.000000,0.000000,0.000000,0.000000
Q20,19,0,1,0,0.000000,0.000000,0.000000,0.000000
Q20,18,0,1,0,0.000000,0.000000,0.000000,0.000000
Q20,24,0,1,0,0.000000,0.000000,0.000000,0.000000
Q20,14,0,1,0,0.000000,0.000000,0.000000,0.000000
Q20,26,0,1,0,0.000000,0.000000,0.000000,0.000000
Q20,27,0,1,0,0.000000,0.000000,0.000000,0.000000
Q20,31,0,1,0,0.000000,0.000000,0.000000,0.000000
Q20,30,0,1,0,0.000000,0.000000,0.000000,0.000000
Q20,28,0,1,0,0.000000,0.000000,0.000000,0.000000
Q20,33,0,1,0,0.000000,0.000000,0.000000,0.000000
Q20,29,0,1,0,0.000000,0.000000,0.000000,0.000000
Q20,39,0,1,0,0.000000,0.000000,0.000000,0.000000
Q20,32,0,1,0,0.000000,0.000000,0.000000,0.000000
Q20,23,0,1,0,0.000000,0.000000,0.000000,0.000000
Q20,25,0,1,0,0.000000,0.000000,0.000000,0.000000
Q20,42,0,1,0,0.000000,0.000000,0.000000,0.000000
Q20,36,0,1,0,0.000000,0.000000,0.000000,0.000000
Q20,40,0,1,0,0.000000,0.000000,0.000000,0.000000
Q20,46,0,1,0,0.000000,0.000000,0.000000,0.000000
Q20,38,0,1,0,0.000000,0.000000,0.000000,0.000000
Q20,41,0,1,0,0.000000,0.000000,0.000000,0.000000
Q20,47,0,1,0,0.000000,0.000000,0.000000,0.000000
Q20,48,0,1,0,0.000000,0.000000,0.000000,0.000000
Q20,49,0,1,0,0.000000,0.000000,0.000000,0.000000
Q20,43,0,1,0,0.000000,0.000000,0.000000,0.000000
Q20,35,0,1,0,0.000000,0.000000,0.000000,0.000000
Q20,45,0,1,0,0.000000,0.000000,0.000000,0.000000
Q20,51,0,1,0,0.000000,0.000000,0.000000,0.000000
Q20,53,0,1,0,0.000000,0.000000,0.000000,0.000000
Q20,52,0,1,0,0.000000,0.000000,0.000000,0.000000
Q20,34,0,1,0,0.000000,0.000000,0.000000,0.000000
Q20,37,0,1,0,0.000000,0.000000,0.000000,0.000000
Q20,54,0,1,0,0.000000,0.000000,0.000000,0.000000
Q20,55,0,1,0,0.000000,0.000000,0.000000,0.000000
Q20,44,0,1,0,0.000000,0.000000,0.000000,0.000000
Q20,58,0,1,0,0.000000,0.000000,0.000000,0.000000
Q20,50,0,1,0,0.000000,0.000000,0.000000,0.000000
Q20,59,0,1,0,0.000000,0.000000,0.000000,0.000000
Q20,60,0,1,0,0.000000,0.000000,0.000000,0.000000
Q20,56,0,1,0,0.000000,0.000000,0.000000,0.000000
Q20,62,0,1,0,0.000000,0.000000,0.000000,0.000000
Q20,61,0,1,0,0.000000,0.000000,0.000000,0.000000
Q20,67,0,1,0,0.000000,0.000000,0.000000,0.000000
Q20,64,0,1,0,0.000000,0.000000,0.000000,0.000000
Q20,72,0,1,0,0.000000,0.000000,0.000000,0.000000
Q20,74,0,1,0,0.000000,0.000000,0.000000,0.000000
Q20,75,0,1,0,0.000000,0.000000,0.000000,0.000000
Q20,68,0,1,0,0.000000,0.000000,0.000000,0.000000
Q20,66,0,1,0,0.000000,0.000000,0.000000,0.000000
Q20,71,0,1,0,0.000000,0.000000,0.000000,0.000000
Q20,76,0,1,0,0.000000,0.000000,0.000000,0.000000
Q20,69,0,1,0,0.000000,0.000000,0.000000,0.000000
Q20,73,0,1,0,0.000000,0.000000,0.000000,0.000000
Q20,70,0,1,0,0.000000,0.000000,0.000000,0.000000
Q20,57,2,1,0,0.000000,0.000000,0.000000,0.000000
Q20,80,0,1,0,0.000000,0.000000,0.000000,0.000000
Q20,81,0,1,0,0.000000,0.000000,0.000000,0.000000
Q20,65,0,1,0,0.000000,0.000000,0.000000,0.000000
Q20,82,0,1,0,0.000000,0.000000,0.000000,0.000000
Q20,77,0,1,0,0.000000,0.000000,0.000000,0.000000
Q20,78,0,1,0,0.000000,0.000000,0.000000,0.000000
Q20,63,0,1,0,0.000000,0.000000,0.000000,0.000000
Q20,83,0,1,0,0.000000,0.000000,0.000000,0.000000
Q20,88,0,1,0,0.000000,0.000000,0.000000,0.000000
Q20,85,0,1,0,0.000000,0.000000,0.000000,0.000000
Q20,79,0,1,0,0.000000,0.000000,0.000000,0.000000
Q20,89,0,1,0,0.000000,0.000000,0.000000,0.000000
Q20,84,0,1,0,0.000000,0.000000,0.000000,0.000000
Q20,91,0,1,0,0.000000,0.000000,0.000000,0.000000
Q20,90,0,1,0,0.000000,0.000000,0.000000,0.000000
Q20,87,0,1,0,0.000000,0.000000,0.000000,0.000000
Q20,95,2,1,0,0.000000,0.000000,0.000000,0.000000
Q20,94,0,1,0,0.000000,0.000000,0.000000,0.000000
Q20,86,0,1,0,0.000000,0.000000,0.000000,0.000000
Q20,96,0,1,0,0.000000,0.000000,0.000000,0.000000
Q20,97,0,1,0,0.000000,0.000000,0.000000,0.000000
Q20,100,0,1,0,0.000000,0.000000,0.000000,0.000000
Q21,2,1,2,0,0.000000,0.000000,0.000000,0.000000
Q20,98,0,1,0,0.000000,0.000000,0.000000,0.000000
Q20,99,0,1,0,0.000000,0.000000,0.000000,0.000000
Q20,93,0,1,0,0.000000,0.000000,0.000000,0.000000
Q20,92,0,1,0,0.000000,0.000000,0.000000,0.000000
Q21,3,1,2,0,0.000000,0.000000,0.000000,0.000000
Q21,1,1,2,0,0.000000,0.000000,0.000000,0.000000
Q21,5,1,2,0,0.000000,0.000000,0.000000,0.000000
Q21,8,1,2,0,0.000000,0.000000,0.000000,0.000000
Q21,4,1,2,0,0.000000,0.000000,0.000000,0.000000
Q21,7,1,2,0,0.000000,0.000000,0.000000,0.000000
Q21,6,1,2,0,0.000000,0.000000,0.000000,0.000000
Q21,9,1,2,0,0.000000,0.000000,0.000000,0.000000
Q21,15,1,2,0,0.000000,0.000000,0.000000,0.000000
Q21,13,1,2,0,0.000000,0.000000,0.000000,0.000000
Q21,11,1,2,0,0.000000,0.000000,0.000000,0.000000
Q21,10,2,2,0,0.000000,0.000000,0.000000,0.000000
Q21,12,1,2,0,0.000000,0.000000,0.000000,0.000000
Q21,16,1,2,0,0.000000,0.000000,0.000000,0.000000
Q21,17,1,2,0,0.000000,0.000000,0.000000,0.000000
Q21,21,1,2,0,0.000000,0.000000,0.000000,0.000000
Q21,18,1,2,0,0.000000,0.000000,0.000000,0.000000
Q21,26,1,2,0,0.000000,0.000000,0.000000,0.000000
Q21,22,2,2,1,0.333333,0.500000,0.500000,0.500000
Q21,14,1,2,0,0.000000,0.000000,0.000000,0.000000
Q21,29,1,2,0,0.000000,0.000000,0.000000,0.000000
Q21,30,1,2,0,0.000000,0.000000,0.000000,0.000000
Q21,20,1,2,0,0.000000,0.000000,0.000000,0.000000
Q21,24,1,2,0,0.000000,0.000000,0.000000,0.000000
Q21,31,1,2,0,0.000000,0.000000,0.000000,0.000000
Q21,33,1,2,0,0.000000,0.000000,0.000000,0.000000
Q21,28,1,2,0,0.000000,0.000000,0.000000,0.000000
Q21,25,1,2,0,0.000000,0.000000,0.000000,0.000000
Q21,27,2,2,1,0.333333,0.500000,0.500000,0.500000
Q21,23,2,2,1,0.333333,0.500000,0.500000,0.500000
Q21,19,2,2,0,0.000000,0.000000,0.000000,0.000000
Q21,32,2,2,1,0.333333,0.500000,0.500000,0.500000
Q21,34,1,2,0,0.000000,0.000000,0.000000,0.000000
Q21,35,1,2,0,0.000000,0.000000,0.000000,0.000000
Q21,36,1,2,0,0.000000,0.000000,0.000000,0.000000
Q21,37,1,2,0,0.000000,0.000000,0.000000,0.000000
Q21,40,1,2,0,0.000000,0.000000,0.000000,0.000000
Q21,38,1,2,0,0.000000,0.000000,0.000000,0.000000
Q21,45,1,2,0,0.000000,0.000000,0.000000,0.000000
Q21,41,1,2,0,0.000000,0.000000,0.000000,0.000000
Q21,46,1,2,0,0.000000,0.000000,0.000000,0.000000
Q21,43,1,2,0,0.000000,0.000000,0.000000,0.000000
Q21,48,1,2,0,0.000000,0.000000,0.000000,0.000000
Q21,47,1,2,0,0.000000,0.000000,0.000000,0.000000
Q21,42,1,2,0,0.000000,0.000000,0.000000,0.000000
Q21,44,2,2,1,0.333333,0.500000,0.500000,0.500000
Q21,39,1,2,0,0.000000,0.000000,0.000000,0.000000
Q21,49,1,2,0,0.000000,0.000000,0.000000,0.000000
Q21,50,1,2,0,0.000000,0.000000,0.000000,0.000000
Q21,51,1,2,0,0.000000,0.000000,0.000000,0.000000
Q21,52,1,2,0,0.000000,0.000000,0.000000,0.000000
Q21,53,1,2,0,0.000000,0.000000,0.000000,0.000000
Q21,57,1,2,0,0.000000,0.000000,0.000000,0.000000
Q21,58,1,2,0,0.000000,0.000000,0.000000,0.000000
Q21,61,1,2,0,0.000000,0.000000,0.000000,0.000000
Q21,55,1,2,0,0.000000,0.000000,0.000000,0.000000
Q21,63,1,2,0,0.000000,0.000000,0.000000,0.000000
Q21,59,2,2,0,0.000000,0.000000,0.000000,0.000000
Q21,65,1,2,0,0.000000,0.000000,0.000000,0.000000
Q21,67,1,2,0,0.000000,0.000000,0.000000,0.000000
Q21,66,2,2,1,0.333333,0.500000,0.500000,0.500000
Q21,68,1,2,0,0.000000,0.000000,0.000000,0.000000
Q21,60,1,2,0,0.000000,0.000000,0.000000,0.000000
Q21,56,2,2,1,0.333333,0.500000,0.500000,0.500000
Q21,62,1,2,0,0.000000,0.000000,0.000000,0.000000
Q21,64,1,2,0,0.000000,0.000000,0.000000,0.000000
Q21,72,1,2,0,0.000000,0.000000,0.000000,0.000000
Q21,75,1,2,0,0.000000,0.000000,0.000000,0.000000
Q21,71,1,2,0,0.000000,0.000000,0.000000,0.000000
Q21,69,1,2,0,0.000000,0.000000,0.000000,0.000000
Q21,54,1,2,0,0.000000,0.000000,0.000000,0.000000
Q21,76,1,2,0,0.000000,0.000000,0.000000,0.000000
Q21,78,1,2,0,0.000000,0.000000,0.000000,0.000000
Q21,70,2,2,1,0.333333,0.500000,0.500000,0.500000
Q21,74,1,2,0,0.000000,0.000000,0.000000,0.000000
Q21,77,1,2,0,0.000000,0.000000,0.000000,0.000000
Q21,73,1,2,0,0.000000,0.000000,0.000000,0.000000
Q21,82,1,2,0,0.000000,0.000000,0.000000,0.000000
Q21,83,1,2,0,0.000000,0.000000,0.000000,0.000000
Q21,81,1,2,0,0.000000,0.000000,0.000000,0.000000
Q21,80,2,2,0,0.000000,0.000000,0.000000,0.000000
Q21,79,1,2,0,0.000000,0.000000,0.000000,0.000000
Q21,85,1,2,0,0.000000,0.000000,0.000000,0.000000
Q21,87,1,2,0,0.000000,0.000000,0.000000,0.000000
Q21,89,1,2,0,0.000000,0.000000,0.000000,0.000000
Q21,86,2,2,0,0.000000,0.000000,0.000000,0.000000
Q21,88,1,2,0,0.000000,0.000000,0.000000,0.000000
Q21,94,1,2,0,0.000000,0.000000,0.000000,0.000000
Q21,84,1,2,0,0.000000,0.000000,0.000000,0.000000
Q21,92,1,2,0,0.000000,0.000000,0.000000,0.000000
Q21,90,2,2,1,0.333333,0.500000,0.500000,0.500000
Q21,95,1,2,0,0.000000,0.000000,0.000000,0.000000
Q21,96,1,2,0,0.000000,0.000000,0.000000,0.000000
Q21,97,1,2,0,0.000000,0.000000,0.000000,0.000000
Q21,98,1,2,0,0.000000,0.000000,0.000000,0.000000
Q21,93,2,2,1,0.333333,0.500000,0.500000,0.500000
Q21,100,1,2,0,0.000000,0.000000,0.000000,0.000000
Q21,91,1,2,0,0.000000,0.000000,0.000000,0.000000
Q22,2,1,1,0,0.000000,0.000000,0.000000,0.000000
Q22,8,1,1,0,0.000000,0.000000,0.000000,0.000000
Q22,5,1,1,0,0.000000,0.000000,0.000000,0.000000
Q22,9,1,1,0,0.000000,0.000000,0.000000,0.000000
Q22,10,1,1,0,0.000000,0.000000,0.000000,0.000000
Q22,1,1,1,0,0.000000,0.000000,0.000000,0.000000
Q22,7,1,1,0,0.000000,0.000000,0.000000,0.000000
Q21,99,2,2,1,0.333333,0.500000,0.500000,0.500000
Q22,11,1,1,0,0.000000,0.000000,0.000000,0.000000
Q22,14,1,1,0,0.000000,0.000000,0.000000,0.000000
Q22,6,1,1,0,0.000000,0.000000,0.000000,0.000000
Q22,17,1,1,0,0.000000,0.000000,0.000000,0.000000
Q22,19,1,1,0,0.000000,0.000000,0.000000,0.000000
Q22,12,2,1,0,0.000000,0.000000,0.000000,0.000000
Q22,20,1,1,0,0.000000,0.000000,0.000000,0.000000
Q22,15,2,1,0,0.000000,0.000000,0.000000,0.000000
Q22,16,1,1,0,0.000000,0.000000,0.000000,0.000000
Q22,22,1,1,0,0.000000,0.000000,0.000000,0.000000
Q22,4,1,1,0,0.000000,0.000000,0.000000,0.000000
Q22,21,1,1,0,0.000000,0.000000,0.000000,0.000000
Q22,23,1,1,0,0.000000,0.000000,0.000000,0.000000
Q22,24,1,1,0,0.000000,0.000000,0.000000,0.000000
Q22,18,1,1,0,0.000000,0.000000,0.000000,0.000000
Q22,28,1,1,0,0.000000,0.000000,0.000000,0.000000
Q22,26,1,1,0,0.000000,0.000000,0.000000,0.000000
Q22,25,1,1,0,0.000000,0.000000,0.000000,0.000000
Q22,27,1,1,0,0.000000,0.000000,0.000000,0.000000
Q22,30,1,1,0,0.000000,0.000000,0.000000,0.000000
Q22,29,1,1,0,0.000000,0.000000,0.000000,0.000000
Q22,32,1,1,0,0.000000,0.000000,0.000000,0.000000
Q22,34,1,1,0,0.000000,0.000000,0.000000,0.000000
Q22,33,1,1,0,0.000000,0.000000,0.000000,0.000000
Q22,31,2,1,0,0.000000,0.000000,0.000000,0.000000
Q22,38,1,1,0,0.000000,0.000000,0.000000,0.000000
Q22,36,1,1,0,0.000000,0.000000,0.000000,0.000000
Q22,40,1,1,0,0.000000,0.000000,0.000000,0.000000
Q22,35,2,1,0,0.000000,0.000000,0.000000,0.000000
Q22,42,1,1,0,0.000000,0.000000,0.000000,0.000000
Q22,41,2,1,0,0.000000,0.000000,0.000000,0.000000
Q22,3,1,1,0,0.000000,0.000000,0.000000,0.000000
Q22,44,1,1,0,0.000000,0.000000,0.000000,0.000000
Q22,45,1,1,0,0.000000,0.000000,0.000000,0.000000
Q22,48,1,1,0,0.000000,0.000000,0.000000,0.000000
Q22,47,1,1,0,0.000000,0.000000,0.000000,0.000000
Q22,43,2,1,0,0.000000,0.000000,0.000000,0.000000
Q22,49,1,1,0,0.000000,0.000000,0.000000,0.000000
Q22,46,1,1,0,0.000000,0.000000,0.000000,0.000000
Q22,51,1,1,0,0.000000,0.000000,0.000000,0.000000
Q22,53,1,1,0,0.000000,0.000000,0.000000,0.000000
Q22,13,1,1,0,0.000000,0.000000,0.000000,0.000000
Q22,55,1,1,0,0.000000,0.000000,0.000000,0.000000
Q22,50,2,1,0,0.000000,0.000000,0.000000,0.000000
Q22,52,1,1,0,0.000000,0.000000,0.000000,0.000000
Q22,57,1,1,0,0.000000,0.000000,0.000000,0.000000
Q22,58,1,1,0,0.000000,0.000000,0.000000,0.000000
Q22,37,1,1,0,0.000000,0.000000,0.000000,0.000000
Q22,54,1,1,0,0.000000,0.000000,0.000000,0.000000
Q22,56,2,1,0,0.000000,0.000000,0.000000,0.000000
Q22,59,2,1,0,0.000000,0.000000,0.000000,0.000000
Q22,62,1,1,0,0.000000,0.000000,0.000000,0.000000
Q22,39,2,1,0,0.000000,0.000000,0.000000,0.000000
Q22,63,1,1,0,0.000000,0.000000,0.000000,0.000000
Q22,64,1,1,0,0.000000,0.000000,0.000000,0.000000
Q22,61,2,1,0,0.000000,0.000000,0.000000,0.000000
Q22,65,2,1,0,0.000000,0.000000,0.000000,0.000000
Q22,66,1,1,0,0.000000,0.000000,0.000000,0.000000
Q22,60,1,1,0,0.000000,0.000000,0.000000,0.000000
Q22,67,1,1,0,0.000000,0.000000,0.000000,0.000000
Q22,68,1,1,0,0.000000,0.000000,0.000000,0.000000
Q22,69,1,1,0,0.000000,0.000000,0.000000,0.000000
Q22,70,1,1,0,0.000000,0.000000,0.000000,0.000000
Q22,71,1,1,0,0.000000,0.000000,0.000000,0.000000
Q22,72,1,1,0,0.000000,0.000000,0.000000,0.000000
Q22,74,1,1,0,0.000000,0.000000,0.000000,0.000000
Q22,76,1,1,0,0.000000,0.000000,0.000000,0.000000
Q22,78,1,1,0,0.000000,0.000000,0.000000,0.000000
Q22,73,2,1,0,0.000000,0.000000,0.000000,0.000000
Q22,79,1,1,0,0.000000,0.000000,0.000000,0.000000
Q22,75,1,1,0,0.000000,0.000000,0.000000,0.000000
Q22,81,1,1,0,0.000000,0.000000,0.000000,0.000000
Q22,80,1,1,0,0.000000,0.000000,0.000000,0.000000
Q22,83,1,1,0,0.000000,0.000000,0.000000,0.000000
Q22,86,1,1,0,0.000000,0.000000,0.000000,0.000000
Q22,77,2,1,0,0.000000,0.000000,0.000000,0.000000
Q22,82,2,1,0,0.000000,0.000000,0.000000,0.000000
Q22,88,1,1,0,0.000000,0.000000,0.000000,0.000000
Q22,87,1,1,0,0.000000,0.000000,0.000000,0.000000
Q22,89,1,1,0,0.000000,0.000000,0.000000,0.000000
Q22,85,1,1,0,0.000000,0.000000,0.000000,0.000000
Q22,90,1,1,0,0.000000,0.000000,0.000000,0.000000
Q22,91,1,1,0,0.000000,0.000000,0.000000,0.000000
Q22,84,1,1,0,0.000000,0.000000,0.000000,0.000000
Q22,92,1,1,0,0.000000,0.000000,0.000000,0.000000
Q22,97,1,1,0,0.000000,0.000000,0.000000,0.000000
Q23,1,0,1,0,0.000000,0.000000,0.000000,0.000000
Q22,100,1,1,0,0.000000,0.000000,0.000000,0.000000
Q22,96,2,1,0,0.000000,0.000000,0.000000,0.000000
Q23,3,0,1,0,0.000000,0.000000,0.000000,0.000000
Q22,95,2,1,0,0.000000,0.000000,0.000000,0.000000
Q22,98,1,1,0,0.000000,0.000000,0.000000,0.000000
Q23,2,0,1,0,0.000000,0.000000,0.000000,0.000000
Q22,93,2,1,0,0.000000,0.000000,0.000000,0.000000
Q22,94,1,1,0,0.000000,0.000000,0.000000,0.000000
Q22,99,1,1,0,0.000000,0.000000,0.000000,0.000000
Q23,4,0,1,0,0.000000,0.000000,0.000000,0.000000
Q23,9,0,1,0,0.000000,0.000000,0.000000,0.000000
Q23,6,0,1,0,0.000000,0.000000,0.000000,0.000000
Q23,5,0,1,0,0.000000,0.000000,0.000000,0.000000
Q23,10,0,1,0,0.000000,0.000000,0.000000,0.000000
Q23,12,0,1,0,0.000000,0.000000,0.000000,0.000000
Q23,13,0,1,0,0.000000,0.000000,0.000000,0.000000
Q23,11,0,1,0,0.000000,0.000000,0.000000,0.000000
Q23,15,0,1,0,0.000000,0.000000,0.000000,0.000000
Q23,16,0,1,0,0.000000,0.000000,0.000000,0.000000
Q23,14,0,1,0,0.000000,0.000000,0.000000,0.000000
Q23,18,0,1,0,0.000000,0.000000,0.000000,0.000000
Q23,20,0,1,0,0.000000,0.000000,0.000000,0.000000
Q23,19,0,1,0,0.000000,0.000000,0.000000,0.000000
Q23,23,0,1,0,0.000000,0.000000,0.000000,0.000000
Q23,22,0,1,0,0.000000,0.000000,0.000000,0.000000
Q23,27,0,1,0,0.000000,0.000000,0.000000,0.000000
Q23,26,0,1,0,0.000000,0.000000,0.000000,0.000000
Q23,24,0,1,0,0.000000,0.000000,0.000000,0.000000
Q23,31,0,1,0,0.000000,0.000000,0.000000,0.000000
Q23,30,0,1,0,0.000000,0.000000,0.000000,0.000000
Q23,7,0,1,0,0.000000,0.000000,0.000000,0.000000
Q23,25,0,1,0,0.000000,0.000000,0.000000,0.000000
Q23,28,0,1,0,0.000000,0.000000,0.000000,0.000000
Q23,8,0,1,0,0.000000,0.000000,0.000000,0.000000
Q23,29,0,1,0,0.000000,0.000000,0.000000,0.000000
Q23,21,0,1,0,0.000000,0.000000,0.000000,0.000000
Q23,32,0,1,0,0.000000,0.000000,0.000000,0.000000
Q23,34,0,1,0,0.000000,0.000000,0.000000,0.000000
Q23,33,0,1,0,0.000000,0.000000,0.000000,0.000000
Q23,35,0,1,0,0.000000,0.000000,0.000000,0.000000
Q23,41,0,1,0,0.000000,0.000000,0.000000,0.000000
Q23,40,0,1,0,0.000000,0.000000,0.000000,0.000000
Q23,44,0,1,0,0.000000,0.000000,0.000000,0.000000
Q23,38,0,1,0,0.000000,0.000000,0.000000,0.000000
Q23,17,0,1,0,0.000000,0.000000,0.000000,0.000000
Q23,46,0,1,0,0.000000,0.000000,0.000000,0.000000
Q23,48,0,1,0,0.000000,0.000000,0.000000,0.000000
Q23,49,0,1,0,0.000000,0.000000,0.000000,0.000000
Q23,50,0,1,0,0.000000,0.000000,0.000000,0.000000
Q23,42,0,1,0,0.000000,0.000000,0.000000,0.000000
Q23,47,0,1,0,0.000000,0.000000,0.000000,0.000000
Q23,45,0,1,0,0.000000,0.000000,0.000000,0.000000
Q23,52,0,1,0,0.000000,0.000000,0.000000,0.000000
Q23,51,0,1,0,0.000000,0.000000,0.000000,0.000000
Q23,57,0,1,0,0.000000,0.000000,0.000000,0.000000
Q23,54,0,1,0,0.000000,0.000000,0.000000,0.000000
Q23,36,0,1,0,0.000000,0.000000,0.000000,0.000000
Q23,58,0,1,0,0.000000,0.000000,0.000000,0.000000
Q23,55,0,1,0,0.000000,0.000000,0.000000,0.000000
Q23,39,0,1,0,0.000000,0.000000,0.000000,0.000000
Q23,60,0,1,0,0.000000,0.000000,0.000000,0.000000
Q23,59,0,1,0,0.000000,0.000000,0.000000,0.000000
Q23,56,0,1,0,0.000000,0.000000,0.000000,0.000000
Q23,43,0,1,0,0.000000,0.000000,0.000000,0.000000
Q23,61,0,1,0,0.000000,0.000000,0.000000,0.000000
Q23,64,0,1,0,0.000000,0.000000,0.000000,0.000000
Q23,63,0,1,0,0.000000,0.000000,0.000000,0.000000
Q23,53,0,1,0,0.000000,0.000000,0.000000,0.000000
Q23,62,0,1,0,0.000000,0.000000,0.000000,0.000000
Q23,70,0,1,0,0.000000,0.000000,0.000000,0.000000
Q23,68,0,1,0,0.000000,0.000000,0.000000,0.000000
Q23,71,0,1,0,0.000000,0.000000,0.000000,0.000000
Q23,67,0,1,0,0.000000,0.000000,0.000000,0.000000
Q23,73,0,1,0,0.000000,0.000000,0.000000,0.000000
Q23,37,0,1,0,0.000000,0.000000,0.000000,0.000000
Q23,78,0,1,0,0.000000,0.000000,0.000000,0.000000
Q23,66,0,1,0,0.000000,0.000000,0.000000,0.000000
Q23,72,0,1,0,0.000000,0.000000,0.000000,0.000000
Q23,80,0,1,0,0.000000,0.000000,0.000000,0.000000
Q23,74,0,1,0,0.000000,0.000000,0.000000,0.000000
Q23,77,0,1,0,0.000000,0.000000,0.000000,0.000000
Q23,81,0,1,0,0.000000,0.000000,0.000000,0.000000
Q23,75,0,1,0,0.000000,0.000000,0.000000,0.000000
Q23,83,0,1,0,0.000000,0.000000,0.000000,0.000000
Q23,76,0,1,0,0.000000,0.000000,0.000000,0.000000
Q23,65,0,1,0,0.000000,0.000000,0.000000,0.000000
Q23,82,0,1,0,0.000000,0.000000,0.000000,0.000000
Q23,79,0,1,0,0.000000,0.000000,0.000000,0.000000
Q23,85,0,1,0,0.000000,0.000000,0.000000,0.000000
Q23,69,0,1,0,0.000000,0.000000,0.000000,0.000000
Q23,86,0,1,0,0.000000,0.000000,0.000000,0.000000
Q23,87,0,1,0,0.000000,0.000000,0.000000,0.000000
Q23,91,0,1,0,0.000000,0.000000,0.000000,0.000000
Q23,88,0,1,0,0.000000,0.000000,0.000000,0.000000
Q23,92,0,1,0,0.000000,0.000000,0.000000,0.000000
Q23,90,0,1,0,0.000000,0.000000,0.000000,0.000000
Q23,89,0,1,0,0.000000,0.000000,0.000000,0.000000
Q23,93,0,1,0,0.000000,0.000000,0.000000,0.000000
Q23,95,0,1,0,0.000000,0.000000,0.000000,0.000000
Q23,96,0,1,0,0.000000,0.000000,0.000000,0.000000
Q23,94,0,1,0,0.000000,0.000000,0.000000,0.000000
Q23,84,0,1,0,0.000000,0.000000,0.000000,0.000000
Q23,97,0,1,0,0.000000,0.000000,0.000000,0.000000
Q23,100,0,1,0,0.000000,0.000000,0.000000,0.000000
Q24,3,0,8,0,0.000000,0.000000,0.000000,0.000000
Q24,1,0,8,0,0.000000,0.000000,0.000000,0.000000
Q24,5,0,8,0,0.000000,0.000000,0.000000,0.000000
Q24,10,0,8,0,0.000000,0.000000,0.000000,0.000000
Q24,2,0,8,0,0.000000,0.000000,0.000000,0.000000
Q24,8,0,8,0,0.000000,0.000000,0.000000,0.000000
Q24,9,0,8,0,0.000000,0.000000,0.000000,0.000000
Q24,11,0,8,0,0.000000,0.000000,0.000000,0.000000
Q24,6,0,8,0,0.000000,0.000000,0.000000,0.000000
Q23,99,0,1,0,0.000000,0.000000,0.000000,0.000000
Q24,4,0,8,0,0.000000,0.000000,0.000000,0.000000
Q24,16,0,8,0,0.000000,0.000000,0.000000,0.000000
Q24,18,0,8,0,0.000000,0.000000,0.000000,0.000000
Q24,14,0,8,0,0.000000,0.000000,0.000000,0.000000
Q23,98,0,1,0,0.000000,0.000000,0.000000,0.000000
Q24,12,0,8,0,0.000000,0.000000,0.000000,0.000000
Q24,13,0,8,0,0.000000,0.000000,0.000000,0.000000
Q24,15,0,8,0,0.000000,0.000000,0.000000,0.000000
Q24,23,0,8,0,0.000000,0.000000,0.000000,0.000000
Q24,17,1,8,0,0.000000,0.000000,0.000000,0.000000
Q24,21,0,8,0,0.000000,0.000000,0.000000,0.000000
Q24,22,0,8,0,0.000000,0.000000,0.000000,0.000000
Q24,7,0,8,0,0.000000,0.000000,0.000000,0.000000
Q24,19,0,8,0,0.000000,0.000000,0.000000,0.000000
Q24,26,0,8,0,0.000000,0.000000,0.000000,0.000000
Q24,24,0,8,0,0.000000,0.000000,0.000000,0.000000
Q24,28,0,8,0,0.000000,0.000000,0.000000,0.000000
Q24,25,0,8,0,0.000000,0.000000,0.000000,0.000000
Q24,20,1,8,0,0.000000,0.000000,0.000000,0.000000
Q24,32,0,8,0,0.000000,0.000000,0.000000,0.000000
Q24,29,1,8,1,0.125000,1.000000,0.125000,0.222222
Q24,38,0,8,0,0.000000,0.000000,0.000000,0.000000
Q24,34,0,8,0,0.000000,0.000000,0.000000,0.000000
Q24,39,0,8,0,0.000000,0.000000,0.000000,0.000000
Q24,33,1,8,0,0.000000,0.000000,0.000000,0.000000
Q24,35,1,8,1,0.125000,1.000000,0.125000,0.222222
Q24,31,0,8,0,0.000000,0.000000,0.000000,0.000000
Q24,41,0,8,0,0.000000,0.000000,0.000000,0.000000
Q24,44,0,8,0,0.000000,0.000000,0.000000,0.000000
Q24,46,0,8,0,0.000000,0.000000,0.000000,0.000000
Q24,47,0,8,0,0.000000,0.000000,0.000000,0.000000
Q24,36,1,8,1,0.125000,1.000000,0.125000,0.222222
Q24,30,0,8,0,0.000000,0.000000,0.000000,0.000000
Q24,42,0,8,0,0.000000,0.000000,0.000000,0.000000
Q24,49,0,8,0,0.000000,0.000000,0.000000,0.000000
Q24,51,0,8,0,0.000000,0.000000,0.000000,0.000000
Q24,45,0,8,0,0.000000,0.000000,0.000000,0.000000
Q24,43,1,8,0,0.000000,0.000000,0.000000,0.000000
Q24,53,0,8,0,0.000000,0.000000,0.000000,0.000000
Q24,52,0,8,0,0.000000,0.000000,0.000000,0.000000
Q24,54,0,8,0,0.000000,0.000000,0.000000,0.000000
Q24,27,0,8,0,0.000000,0.000000,0.000000,0.000000
Q24,50,0,8,0,0.000000,0.000000,0.000000,0.000000
Q24,48,1,8,1,0.125000,1.000000,0.125000,0.222222
Q24,40,0,8,0,0.000000,0.000000,0.000000,0.000000
Q24,58,0,8,0,0.000000,0.000000,0.000000,0.000000
Q24,60,0,8,0,0.000000,0.000000,0.000000,0.000000
Q24,37,1,8,1,0.125000,1.000000,0.125000,0.222222
Q24,63,0,8,0,0.000000,0.000000,0.000000,0.000000
Q24,55,0,8,0,0.000000,0.000000,0.000000,0.000000
Q24,65,0,8,0,0.000000,0.000000,0.000000,0.000000
Q24,67,0,8,0,0.000000,0.000000,0.000000,0.000000
Q24,62,1,8,0,0.000000,0.000000,0.000000,0.000000
Q24,61,0,8,0,0.000000,0.000000,0.000000,0.000000
Q24,57,0,8,0,0.000000,0.000000,0.000000,0.000000
Q24,59,1,8,0,0.000000,0.000000,0.000000,0.000000
Q24,70,0,8,0,0.000000,0.000000,0.000000,0.000000
Q24,72,0,8,0,0.000000,0.000000,0.000000,0.000000
Q24,66,0,8,0,0.000000,0.000000,0.000000,0.000000
Q24,64,0,8,0,0.000000,0.000000,0.000000,0.000000
Q24,56,0,8,0,0.000000,0.000000,0.000000,0.000000
Q24,74,0,8,0,0.000000,0.000000,0.000000,0.000000
Q24,73,0,8,0,0.000000,0.000000,0.000000,0.000000
Q24,77,0,8,0,0.000000,0.000000,0.000000,0.000000
Q24,75,1,8,0,0.000000,0.000000,0.000000,0.000000
Q24,82,0,8,0,0.000000,0.000000,0.000000,0.000000
Q24,81,0,8,0,0.000000,0.000000,0.000000,0.000000
Q24,76,0,8,0,0.000000,0.000000,0.000000,0.000000
Q24,80,0,8,0,0.000000,0.000000,0.000000,0.000000
Q24,78,1,8,1,0.125000,1.000000,0.125000,0.222222
Q24,69,0,8,0,0.000000,0.000000,0.000000,0.000000
Q24,71,0,8,0,0.000000,0.000000,0.000000,0.000000
Q24,85,0,8,0,0.000000,0.000000,0.000000,0.000000
Q24,84,0,8,0,0.000000,0.000000,0.000000,0.000000
Q24,87,0,8,0,0.000000,0.000000,0.000000,0.000000
Q24,86,0,8,0,0.000000,0.000000,0.000000,0.000000
Q24,91,0,8,0,0.000000,0.000000,0.000000,0.000000
Q24,68,0,8,0,0.000000,0.000000,0.000000,0.000000
Q24,90,0,8,0,0.000000,0.000000,0.000000,0.000000
Q24,89,1,8,1,0.125000,1.000000,0.125000,0.222222
Q24,88,1,8,0,0.000000,0.000000,0.000000,0.000000
Q24,95,0,8,0,0.000000,0.000000,0.000000,0.000000
Q24,94,0,8,0,0.000000,0.000000,0.000000,0.000000
Q24,99,0,8,0,0.000000,0.000000,0.000000,0.000000
Q24,96,0,8,0,0.000000,0.000000,0.000000,0.000000
Q25,1,1,4,0,0.000000,0.000000,0.000000,0.000000
Q24,92,0,8,0,0.000000,0.000000,0.000000,0.000000
Q24,79,0,8,0,0.000000,0.000000,0.000000,0.000000
Q25,5,1,4,0,0.000000,0.000000,0.000000,0.000000
Q24,83,0,8,0,0.000000,0.000000,0.000000,0.000000
Q25,4,2,4,1,0.200000,0.500000,0.250000,0.333333
Q25,3,1,4,0,0.000000,0.000000,0.000000,0.000000
Q24,97,0,8,0,0.000000,0.000000,0.000000,0.000000
Q24,100,1,8,0,0.000000,0.000000,0.000000,0.000000
Q24,98,1,8,1,0.125000,1.000000,0.125000,0.222222
Q25,6,1,4,0,0.000000,0.000000,0.000000,0.000000
Q25,7,1,4,0,0.000000,0.000000,0.000000,0.000000
Q25,2,2,4,0,0.000000,0.000000,0.000000,0.000000
Q25,11,1,4,0,0.000000,0.000000,0.000000,0.000000
Q25,10,1,4,0,0.000000,0.000000,0.000000,0.000000
Q25,16,1,4,0,0.000000,0.000000,0.000000,0.000000
Q25,14,1,4,0,0.000000,0.000000,0.000000,0.000000
Q25,9,1,4,0,0.000000,0.000000,0.000000,0.000000
Q24,93,0,8,0,0.000000,0.000000,0.000000,0.000000
Q25,8,1,4,0,0.000000,0.000000,0.000000,0.000000
Q25,15,1,4,0,0.000000,0.000000,0.000000,0.000000
Q25,12,1,4,0,0.000000,0.000000,0.000000,0.000000
Q25,13,2,4,1,0.200000,0.500000,0.250000,0.333333
Q25,19,1,4,0,0.000000,0.000000,0.000000,0.000000
Q25,17,1,4,0,0.000000,0.000000,0.000000,0.000000
Q25,20,2,4,0,0.000000,0.000000,0.000000,0.000000
Q25,22,2,4,0,0.000000,0.000000,0.000000,0.000000
Q25,24,1,4,0,0.000000,0.000000,0.000000,0.000000
Q25,25,2,4,1,0.200000,0.500000,0.250000,0.333333
Q25,28,1,4,0,0.000000,0.000000,0.000000,0.000000
Q25,21,1,4,0,0.000000,0.000000,0.000000,0.000000
Q25,23,1,4,0,0.000000,0.000000,0.000000,0.000000
Q25,26,1,4,0,0.000000,0.000000,0.000000,0.000000
Q25,27,1,4,0,0.000000,0.000000,0.000000,0.000000
Q25,30,2,4,1,0.200000,0.500000,0.250000,0.333333
Q25,29,1,4,0,0.000000,0.000000,0.000000,0.000000
Q25,31,1,4,0,0.000000,0.000000,0.000000,0.000000
Q25,33,1,4,0,0.000000,0.000000,0.000000,0.000000
Q25,35,1,4,0,0.000000,0.000000,0.000000,0.000000
Q25,18,1,4,0,0.000000,0.000000,0.000000,0.000000
Q25,32,1,4,0,0.000000,0.000000,0.000000,0.000000
Q25,38,1,4,0,0.000000,0.000000,0.000000,0.000000
Q25,34,1,4,0,0.000000,0.000000,0.000000,0.000000
Q25,39,1,4,0,0.000000,0.000000,0.000000,0.000000
Q25,40,1,4,0,0.000000,0.000000,0.000000,0.000000
Q25,37,1,4,0,0.000000,0.000000,0.000000,0.000000
Q25,42,1,4,0,0.000000,0.000000,0.000000,0.000000
Q25,43,2,4,1,0.200000,0.500000,0.250000,0.333333
Q25,46,1,4,0,0.000000,0.000000,0.000000,0.000000
Q25,44,1,4,0,0.000000,0.000000,0.000000,0.000000
Q25,41,1,4,0,0.000000,0.000000,0.000000,0.000000
Q25,47,1,4,0,0.000000,0.000000,0.000000,0.000000
Q25,45,1,4,0,0.000000,0.000000,0.000000,0.000000
Q25,52,1,4,0,0.000000,0.000000,0.000000,0.000000
Q25,36,2,4,1,0.200000,0.500000,0.250000,0.333333
Q25,51,1,4,0,0.000000,0.000000,0.000000,0.000000
Q25,48,1,4,0,0.000000,0.000000,0.000000,0.000000
Q25,53,1,4,0,0.000000,0.000000,0.000000,0.000000
Q25,50,2,4,0,0.000000,0.000000,0.000000,0.000000
Q25,56,1,4,0,0.000000,0.000000,0.000000,0.000000
Q25,55,1,4,0,0.000000,0.000000,0.000000,0.000000
Q25,49,2,4,1,0.200000,0.500000,0.250000,0.333333
Q25,54,1,4,0,0.000000,0.000000,0.000000,0.000000
Q25,58,1,4,0,0.000000,0.000000,0.000000,0.000000
Q25,57,1,4,0,0.000000,0.000000,0.000000,0.000000
Q25,60,1,4,0,0.000000,0.000000,0.000000,0.000000
Q25,63,1,4,0,0.000000,0.000000,0.000000,0.000000
Q25,59,2,4,0,0.000000,0.000000,0.000000,0.000000
Q25,66,1,4,0,0.000000,0.000000,0.000000,0.000000
Q25,65,1,4,0,0.000000,0.000000,0.000000,0.000000
Q25,68,1,4,0,0.000000,0.000000,0.000000,0.000000
Q25,62,2,4,1,0.200000,0.500000,0.250000,0.333333
Q25,69,1,4,0,0.000000,0.000000,0.000000,0.000000
Q25,67,2,4,1,0.200000,0.500000,0.250000,0.333333
Q25,70,1,4,0,0.000000,0.000000,0.000000,0.000000
Q25,64,2,4,1,0.200000,0.500000,0.250000,0.333333
Q25,72,1,4,0,0.000000,0.000000,0.000000,0.000000
Q25,76,1,4,0,0.000000,0.000000,0.000000,0.000000
Q25,74,1,4,0,0.000000,0.000000,0.000000,0.000000
Q25,61,1,4,0,0.000000,0.000000,0.000000,0.000000
Q25,78,1,4,0,0.000000,0.000000,0.000000,0.000000
Q25,71,2,4,1,0.200000,0.500000,0.250000,0.333333
Q25,75,2,4,1,0.200000,0.500000,0.250000,0.333333
Q25,77,1,4,0,0.000000,0.000000,0.000000,0.000000
Q25,80,1,4,0,0.000000,0.000000,0.000000,0.000000
Q25,82,1,4,0,0.000000,0.000000,0.000000,0.000000
Q25,81,1,4,0,0.000000,0.000000,0.000000,0.000000
Q25,79,2,4,0,0.000000,0.000000,0.000000,0.000000
Q25,86,1,4,0,0.000000,0.000000,0.000000,0.000000
Q25,73,2,4,1,0.200000,0.500000,0.250000,0.333333
Q25,88,1,4,0,0.000000,0.000000,0.000000,0.000000
Q25,83,2,4,0,0.000000,0.000000,0.000000,0.000000
Q25,87,1,4,0,0.000000,0.000000,0.000000,0.000000
Q25,90,1,4,0,0.000000,0.000000,0.000000,0.000000
Q25,89,1,4,0,0.000000,0.000000,0.000000,0.000000
Q25,84,1,4,0,0.000000,0.000000,0.000000,0.000000
Q25,91,1,4,0,0.000000,0.000000,0.000000,0.000000
Q25,92,1,4,0,0.000000,0.000000,0.000000,0.000000
Q25,93,1,4,0,0.000000,0.000000,0.000000,0.000000
Q25,85,1,4,0,0.000000,0.000000,0.000000,0.000000
Q25,96,1,4,0,0.000000,0.000000,0.000000,0.000000
Q26,1,0,4,0,0.000000,0.000000,0.000000,0.000000
Q25,95,2,4,1,0.200000,0.500000,0.250000,0.333333
Q26,3,0,4,0,0.000000,0.000000,0.000000,0.000000
Q25,94,2,4,1,0.200000,0.500000,0.250000,0.333333
Q26,4,0,4,0,0.000000,0.000000,0.000000,0.000000
Q26,2,0,4,0,0.000000,0.000000,0.000000,0.000000
Q25,100,2,4,1,0.200000,0.500000,0.250000,0.333333
Q25,97,1,4,0,0.000000,0.000000,0.000000,0.000000
Q25,99,1,4,0,0.000000,0.000000,0.000000,0.000000
Q25,98,1,4,0,0.000000,0.000000,0.000000,0.000000
Q26,6,0,4,0,0.000000,0.000000,0.000000,0.000000
Q26,7,0,4,0,0.000000,0.000000,0.000000,0.000000
Q26,5,1,4,0,0.000000,0.000000,0.000000,0.000000
Q26,8,0,4,0,0.000000,0.000000,0.000000,0.000000
Q26,11,0,4,0,0.000000,0.000000,0.000000,0.000000
Q26,13,0,4,0,0.000000,0.000000,0.000000,0.000000
Q26,10,0,4,0,0.000000,0.000000,0.000000,0.000000
Q26,9,1,4,0,0.000000,0.000000,0.000000,0.000000
Q26,14,0,4,0,0.000000,0.000000,0.000000,0.000000
Q26,16,1,4,0,0.000000,0.000000,0.000000,0.000000
Q26,15,0,4,0,0.000000,0.000000,0.000000,0.000000
Q26,19,1,4,0,0.000000,0.000000,0.000000,0.000000
Q26,20,0,4,0,0.000000,0.000000,0.000000,0.000000
Q26,12,0,4,0,0.000000,0.000000,0.000000,0.000000
Q26,18,0,4,0,0.000000,0.000000,0.000000,0.000000
Q26,24,0,4,0,0.000000,0.000000,0.000000,0.000000
Q26,26,0,4,0,0.000000,0.000000,0.000000,0.000000
Q26,28,0,4,0,0.000000,0.000000,0.000000,0.000000
Q26,17,0,4,0,0.000000,0.000000,0.000000,0.000000
Q26,31,0,4,0,0.000000,0.000000,0.000000,0.000000
Q26,23,0,4,0,0.000000,0.000000,0.000000,0.000000
Q26,30,0,4,0,0.000000,0.000000,0.000000,0.000000
Q26,29,0,4,0,0.000000,0.000000,0.000000,0.000000
Q26,34,0,4,0,0.000000,0.000000,0.000000,0.000000
Q26,35,0,4,0,0.000000,0.000000,0.000000,0.000000
Q26,37,0,4,0,0.000000,0.000000,0.000000,0.000000
Q26,38,0,4,0,0.000000,0.000000,0.000000,0.000000
Q26,39,0,4,0,0.000000,0.000000,0.000000,0.000000
Q26,27,0,4,0,0.000000,0.000000,0.000000,0.000000
Q26,21,0,4,0,0.000000,0.000000,0.000000,0.000000
Q26,40,0,4,0,0.000000,0.000000,0.000000,0.000000
Q26,41,0,4,0,0.000000,0.000000,0.000000,0.000000
Q26,43,0,4,0,0.000000,0.000000,0.000000,0.000000
Q26,33,0,4,0,0.000000,0.000000,0.000000,0.000000
Q26,32,0,4,0,0.000000,0.000000,0.000000,0.000000
Q26,45,0,4,0,0.000000,0.000000,0.000000,0.000000
Q26,47,0,4,0,0.000000,0.000000,0.000000,0.000000
Q26,46,0,4,0,0.000000,0.000000,0.000000,0.000000
Q26,36,0,4,0,0.000000,0.000000,0.000000,0.000000
Q26,25,0,4,0,0.000000,0.000000,0.000000,0.000000
Q26,49,0,4,0,0.000000,0.000000,0.000000,0.000000
Q26,48,0,4,0,0.000000,0.000000,0.000000,0.000000
Q26,51,0,4,0,0.000000,0.000000,0.000000,0.000000
Q26,55,0,4,0,0.000000,0.000000,0.000000,0.000000
Q26,42,0,4,0,0.000000,0.000000,0.000000,0.000000
Q26,50,0,4,0,0.000000,0.000000,0.000000,0.000000
Q26,58,0,4,0,0.000000,0.000000,0.000000,0.000000
Q26,60,0,4,0,0.000000,0.000000,0.000000,0.000000
Q26,52,0,4,0,0.000000,0.000000,0.000000,0.000000
Q26,44,0,4,0,0.000000,0.000000,0.000000,0.000000
Q26,53,0,4,0,0.000000,0.000000,0.000000,0.000000
Q26,56,0,4,0,0.000000,0.000000,0.000000,0.000000
Q26,22,0,4,0,0.000000,0.000000,0.000000,0.000000
Q26,62,0,4,0,0.000000,0.000000,0.000000,0.000000
Q26,59,0,4,0,0.000000,0.000000,0.000000,0.000000
Q26,54,0,4,0,0.000000,0.000000,0.000000,0.000000
Q26,63,0,4,0,0.000000,0.000000,0.000000,0.000000
Q26,57,0,4,0,0.000000,0.000000,0.000000,0.000000
Q26,64,0,4,0,0.000000,0.000000,0.000000,0.000000
Q26,66,0,4,0,0.000000,0.000000,0.000000,0.000000
Q26,70,0,4,0,0.000000,0.000000,0.000000,0.000000
Q26,69,0,4,0,0.000000,0.000000,0.000000,0.000000
Q26,61,0,4,0,0.000000,0.000000,0.000000,0.000000
Q26,68,0,4,0,0.000000,0.000000,0.000000,0.000000
Q26,71,0,4,0,0.000000,0.000000,0.000000,0.000000
Q26,67,0,4,0,0.000000,0.000000,0.000000,0.000000
Q26,76,0,4,0,0.000000,0.000000,0.000000,0.000000
Q26,75,0,4,0,0.000000,0.000000,0.000000,0.000000
Q26,74,1,4,0,0.000000,0.000000,0.000000,0.000000
Q26,72,0,4,0,0.000000,0.000000,0.000000,0.000000
Q26,82,0,4,0,0.000000,0.000000,0.000000,0.000000
Q26,77,1,4,0,0.000000,0.000000,0.000000,0.000000
Q26,83,0,4,0,0.000000,0.000000,0.000000,0.000000
Q26,79,0,4,0,0.000000,0.000000,0.000000,0.000000
Q26,73,0,4,0,0.000000,0.000000,0.000000,0.000000
Q26,87,0,4,0,0.000000,0.000000,0.000000,0.000000
Q26,85,0,4,0,0.000000,0.000000,0.000000,0.000000
Q26,65,0,4,0,0.000000,0.000000,0.000000,0.000000
Q26,89,0,4,0,0.000000,0.000000,0.000000,0.000000
Q26,90,0,4,0,0.000000,0.000000,0.000000,0.000000
Q26,86,0,4,0,0.000000,0.000000,0.000000,0.000000
Q26,92,1,4,0,0.000000,0.000000,0.000000,0.000000
Q26,88,0,4,0,0.000000,0.000000,0.000000,0.000000
Q26,78,0,4,0,0.000000,0.000000,0.000000,0.000000
Q26,94,1,4,0,0.000000,0.000000,0.000000,0.000000
Q26,95,0,4,0,0.000000,0.000000,0.000000,0.000000
Q26,80,0,4,0,0.000000,0.000000,0.000000,0.000000
Q26,97,0,4,0,0.000000,0.000000,0.000000,0.000000
Q26,91,0,4,0,0.000000,0.000000,0.000000,0.000000
Q26,93,0,4,0,0.000000,0.000000,0.000000,0.000000
Q26,81,0,4,0,0.000000,0.000000,0.000000,0.000000
Q26,100,0,4,0,0.000000,0.000000,0.000000,0.000000
Q26,99,0,4,0,0.000000,0.000000,0.000000,0.000000
Q26,98,0,4,0,0.000000,0.000000,0.000000,0.000000
Q27,2,0,2,0,0.000000,0.000000,0.000000,0.000000
Q27,4,0,2,0,0.000000,0.000000,0.000000,0.000000
Q27,3,0,2,0,0.000000,0.000000,0.000000,0.000000
Q27,5,0,2,0,0.000000,0.000000,0.000000,0.000000
Q26,96,0,4,0,0.000000,0.000000,0.000000,0.000000
Q26,84,0,4,0,0.000000,0.000000,0.000000,0.000000
Q27,6,0,2,0,0.000000,0.000000,0.000000,0.000000
Q27,10,0,2,0,0.000000,0.000000,0.000000,0.000000
Q27,7,0,2,0,0.000000,0.000000,0.000000,0.000000
Q27,13,0,2,0,0.000000,0.000000,0.000000,0.000000
Q27,15,0,2,0,0.000000,0.000000,0.000000,0.000000
Q27,16,0,2,0,0.000000,0.000000,0.000000,0.000000
Q27,17,0,2,0,0.000000,0.000000,0.000000,0.000000
Q27,1,0,2,0,0.000000,0.000000,0.000000,0.000000
Q27,11,0,2,0,0.000000,0.000000,0.000000,0.000000
Q27,9,0,2,0,0.000000,0.000000,0.000000,0.000000
Q27,24,0,2,0,0.000000,0.000000,0.000000,0.000000
Q27,25,0,2,0,0.000000,0.000000,0.000000,0.000000
Q27,19,0,2,0,0.000000,0.000000,0.000000,0.000000
Q27,14,0,2,0,0.000000,0.000000,0.000000,0.000000
Q27,22,0,2,0,0.000000,0.000000,0.000000,0.000000
Q27,26,0,2,0,0.000000,0.000000,0.000000,0.000000
Q27,12,0,2,0,0.000000,0.000000,0.000000,0.000000
Q27,29,0,2,0,0.000000,0.000000,0.000000,0.000000
Q27,21,0,2,0,0.000000,0.000000,0.000000,0.000000
Q27,28,0,2,0,0.000000,0.000000,0.000000,0.000000
Q27,23,0,2,0,0.000000,0.000000,0.000000,0.000000
Q27,30,0,2,0,0.000000,0.000000,0.000000,0.000000
Q27,27,0,2,0,0.000000,0.000000,0.000000,0.000000
Q27,8,0,2,0,0.000000,0.000000,0.000000,0.000000
Q27,31,0,2,0,0.000000,0.000000,0.000000,0.000000
Q27,36,0,2,0,0.000000,0.000000,0.000000,0.000000
Q27,34,0,2,0,0.000000,0.000000,0.000000,0.000000
Q27,37,0,2,0,0.000000,0.000000,0.000000,0.000000
Q27,20,0,2,0,0.000000,0.000000,0.000000,0.000000
Q27,35,0,2,0,0.000000,0.000000,0.000000,0.000000
Q27,40,0,2,0,0.000000,0.000000,0.000000,0.000000
Q27,39,0,2,0,0.000000,0.000000,0.000000,0.000000
Q27,41,0,2,0,0.000000,0.000000,0.000000,0.000000
Q27,43,0,2,0,0.000000,0.000000,0.000000,0.000000
Q27,33,0,2,0,0.000000,0.000000,0.000000,0.000000
Q27,42,0,2,0,0.000000,0.000000,0.000000,0.000000
Q27,47,0,2,0,0.000000,0.000000,0.000000,0.000000
Q27,44,0,2,0,0.000000,0.000000,0.000000,0.000000
Q27,49,0,2,0,0.000000,0.000000,0.000000,0.000000
Q27,51,0,2,0,0.000000,0.000000,0.000000,0.000000
Q27,52,0,2,0,0.000000,0.000000,0.000000,0.000000
Q27,38,0,2,0,0.000000,0.000000,0.000000,0.000000
Q27,48,0,2,0,0.000000,0.000000,0.000000,0.000000
Q27,32,0,2,0,0.000000,0.000000,0.000000,0.000000
Q27,54,0,2,0,0.000000,0.000000,0.000000,0.000000
Q27,57,0,2,0,0.000000,0.000000,0.000000,0.000000
Q27,58,0,2,0,0.000000,0.000000,0.000000,0.000000
Q27,46,0,2,0,0.000000,0.000000,0.000000,0.000000
Q27,55,0,2,0,0.000000,0.000000,0.000000,0.000000
Q27,56,0,2,0,0.000000,0.000000,0.000000,0.000000
Q27,50,0,2,0,0.000000,0.000000,0.000000,0.000000
Q27,61,0,2,0,0.000000,0.000000,0.000000,0.000000
Q27,60,0,2,0,0.000000,0.000000,0.000000,0.000000
Q27,65,0,2,0,0.000000,0.000000,0.000000,0.000000
Q27,62,0,2,0,0.000000,0.000000,0.000000,0.000000
Q27,63,0,2,0,0.000000,0.000000,0.000000,0.000000
Q27,64,0,2,0,0.000000,0.000000,0.000000,0.000000
Q27,45,0,2,0,0.000000,0.000000,0.000000,0.000000
Q27,67,0,2,0,0.000000,0.000000,0.000000,0.000000
Q27,66,0,2,0,0.000000,0.000000,0.000000,0.000000
Q27,68,0,2,0,0.000000,0.000000,0.000000,0.000000
Q27,59,0,2,0,0.000000,0.000000,0.000000,0.000000
Q27,69,0,2,0,0.000000,0.000000,0.000000,0.000000
Q27,71,0,2,0,0.000000,0.000000,0.000000,0.000000
Q27,72,0,2,0,0.000000,0.000000,0.000000,0.000000
Q27,53,0,2,0,0.000000,0.000000,0.000000,0.000000
Q27,78,0,2,0,0.000000,0.000000,0.000000,0.000000
Q27,82,0,2,0,0.000000,0.000000,0.000000,0.000000
Q27,74,0,2,0,0.000000,0.000000,0.000000,0.000000
Q27,83,0,2,0,0.000000,0.000000,0.000000,0.000000
Q27,80,0,2,0,0.000000,0.000000,0.000000,0.000000
Q27,81,0,2,0,0.000000,0.000000,0.000000,0.000000
Q27,84,0,2,0,0.000000,0.000000,0.000000,0.000000
Q27,79,0,2,0,0.000000,0.000000,0.000000,0.000000
Q27,85,0,2,0,0.000000,0.000000,0.000000,0.000000
Q27,75,0,2,0,0.000000,0.000000,0.000000,0.000000
Q27,87,0,2,0,0.000000,0.000000,0.000000,0.000000
Q27,86,0,2,0,0.000000,0.000000,0.000000,0.000000
Q27,70,0,2,0,0.000000,0.000000,0.000000,0.000000
Q27,73,0,2,0,0.000000,0.000000,0.000000,0.000000
Q27,88,0,2,0,0.000000,0.000000,0.000000,0.000000
Q27,89,0,2,0,0.000000,0.000000,0.000000,0.000000
Q27,92,0,2,0,0.000000,0.000000,0.000000,0.000000
Q27,77,0,2,0,0.000000,0.000000,0.000000,0.000000
Q27,90,0,2,0,0.000000,0.000000,0.000000,0.000000
Q27,76,0,2,0,0.000000,0.000000,0.000000,0.000000
Q27,91,0,2,0,0.000000,0.000000,0.000000,0.000000
Q27,94,0,2,0,0.000000,0.000000,0.000000,0.000000
Q27,95,0,2,0,0.000000,0.000000,0.000000,0.000000
Q27,96,0,2,0,0.000000,0.000000,0.000000,0.000000
Q27,93,0,2,0,0.000000,0.000000,0.000000,0.000000
Q27,98,0,2,0,0.000000,0.000000,0.000000,0.000000
Q27,97,0,2,0,0.000000,0.000000,0.000000,0.000000
Q27,99,0,2,0,0.000000,0.000000,0.000000,0.000000
Q27,100,0,2,0,0.000000,0.000000,0.000000,0.000000
Q28,2,0,1,0,0.000000,0.000000,0.000000,0.000000
Q28,3,0,1,0,0.000000,0.000000,0.000000,0.000000
Q28,1,0,1,0,0.000000,0.000000,0.000000,0.000000
Q28,4,0,1,0,0.000000,0.000000,0.000000,0.000000
Q28,6,0,1,0,0.000000,0.000000,0.000000,0.000000
Q28,5,0,1,0,0.000000,0.000000,0.000000,0.000000
Q28,10,0,1,0,0.000000,0.000000,0.000000,0.000000
Q28,9,0,1,0,0.000000,0.000000,0.000000,0.000000
Q28,8,1,1,0,0.000000,0.000000,0.000000,0.000000
Q28,12,0,1,0,0.000000,0.000000,0.000000,0.000000
Q28,11,0,1,0,0.000000,0.000000,0.000000,0.000000
Q28,13,0,1,0,0.000000,0.000000,0.000000,0.000000
Q28,19,0,1,0,0.000000,0.000000,0.000000,0.000000
Q28,17,0,1,0,0.000000,0.000000,0.000000,0.000000
Q28,23,0,1,0,0.000000,0.000000,0.000000,0.000000
Q28,20,0,1,0,0.000000,0.000000,0.000000,0.000000
Q28,22,0,1,0,0.000000,0.000000,0.000000,0.000000
Q28,24,0,1,0,0.000000,0.000000,0.000000,0.000000
Q28,25,0,1,0,0.000000,0.000000,0.000000,0.000000
Q28,7,1,1,0,0.000000,0.000000,0.000000,0.000000
Q28,21,0,1,0,0.000000,0.000000,0.000000,0.000000
Q28,18,0,1,0,0.000000,0.000000,0.000000,0.000000
Q28,26,0,1,0,0.000000,0.000000,0.000000,0.000000
Q28,15,0,1,0,0.000000,0.000000,0.000000,0.000000
Q28,16,0,1,0,0.000000,0.000000,0.000000,0.000000
Q28,14,0,1,0,0.000000,0.000000,0.000000,0.000000
Q28,28,0,1,0,0.000000,0.000000,0.000000,0.000000
Q28,30,0,1,0,0.000000,0.000000,0.000000,0.000000
Q28,29,0,1,0,0.000000,0.000000,0.000000,0.000000
Q28,33,0,1,0,0.000000,0.000000,0.000000,0.000000
Q28,35,0,1,0,0.000000,0.000000,0.000000,0.000000
Q28,32,0,1,0,0.000000,0.000000,0.000000,0.000000
Q28,27,2,1,0,0.000000,0.000000,0.000000,0.000000
Q28,37,0,1,0,0.000000,0.000000,0.000000,0.000000
Q28,38,0,1,0,0.000000,0.000000,0.000000,0.000000
Q28,40,0,1,0,0.000000,0.000000,0.000000,0.000000
Q28,41,0,1,0,0.000000,0.000000,0.000000,0.000000
Q28,31,0,1,0,0.000000,0.000000,0.000000,0.000000
Q28,44,0,1,0,0.000000,0.000000,0.000000,0.000000
Q28,36,2,1,0,0.000000,0.000000,0.000000,0.000000
Q28,39,1,1,1,1.000000,1.000000,1.000000,1.000000
Q28,42,0,1,0,0.000000,0.000000,0.000000,0.000000
Q28,46,0,1,0,0.000000,0.000000,0.000000,0.000000
Q28,47,0,1,0,0.000000,0.000000,0.000000,0.000000
Q28,48,0,1,0,0.000000,0.000000,0.000000,0.000000
Q28,49,0,1,0,0.000000,0.000000,0.000000,0.000000
Q28,43,2,1,0,0.000000,0.000000,0.000000,0.000000
Q28,34,0,1,0,0.000000,0.000000,0.000000,0.000000
Q28,45,0,1,0,0.000000,0.000000,0.000000,0.000000
Q28,52,0,1,0,0.000000,0.000000,0.000000,0.000000
Q28,55,0,1,0,0.000000,0.000000,0.000000,0.000000
Q28,50,0,1,0,0.000000,0.000000,0.000000,0.000000
Q28,53,0,1,0,0.000000,0.000000,0.000000,0.000000
Q27,18,0,2,0,0.000000,0.000000,0.000000,0.000000
Q28,56,0,1,0,0.000000,0.000000,0.000000,0.000000
Q28,61,0,1,0,0.000000,0.000000,0.000000,0.000000
Q28,51,0,1,0,0.000000,0.000000,0.000000,0.000000
Q28,58,0,1,0,0.000000,0.000000,0.000000,0.000000
Q28,62,0,1,0,0.000000,0.000000,0.000000,0.000000
Q28,60,1,1,0,0.000000,0.000000,0.000000,0.000000
Q28,54,0,1,0,0.000000,0.000000,0.000000,0.000000
Q28,67,0,1,0,0.000000,0.000000,0.000000,0.000000
Q28,64,1,1,0,0.000000,0.000000,0.000000,0.000000
Q28,74,0,1,0,0.000000,0.000000,0.000000,0.000000
Q28,66,0,1,0,0.000000,0.000000,0.000000,0.000000
Q28,68,0,1,0,0.000000,0.000000,0.000000,0.000000
Q28,69,0,1,0,0.000000,0.000000,0.000000,0.000000
Q28,73,0,1,0,0.000000,0.000000,0.000000,0.000000
Q28,57,0,1,0,0.000000,0.000000,0.000000,0.000000
Q28,70,0,1,0,0.000000,0.000000,0.000000,0.000000
Q28,72,1,1,0,0.000000,0.000000,0.000000,0.000000
Q28,75,0,1,0,0.000000,0.000000,0.000000,0.000000
Q28,77,0,1,0,0.000000,0.000000,0.000000,0.000000
Q28,76,0,1,0,0.000000,0.000000,0.000000,0.000000
Q28,71,0,1,0,0.000000,0.000000,0.000000,0.000000
Q28,78,0,1,0,0.000000,0.000000,0.000000,0.000000
Q28,59,0,1,0,0.000000,0.000000,0.000000,0.000000
Q28,80,0,1,0,0.000000,0.000000,0.000000,0.000000
Q28,63,0,1,0,0.000000,0.000000,0.000000,0.000000
Q28,79,0,1,0,0.000000,0.000000,0.000000,0.000000
Q28,65,0,1,0,0.000000,0.000000,0.000000,0.000000
Q28,85,0,1,0,0.000000,0.000000,0.000000,0.000000
Q28,82,0,1,0,0.000000,0.000000,0.000000,0.000000
Q28,84,1,1,0,0.000000,0.000000,0.000000,0.000000
Q28,81,0,1,0,0.000000,0.000000,0.000000,0.000000
Q28,86,0,1,0,0.000000,0.000000,0.000000,0.000000
Q28,91,0,1,0,0.000000,0.000000,0.000000,0.000000
Q28,88,0,1,0,0.000000,0.000000,0.000000,0.000000
Q28,90,0,1,0,0.000000,0.000000,0.000000,0.000000
Q28,87,0,1,0,0.000000,0.000000,0.000000,0.000000
Q28,89,0,1,0,0.000000,0.000000,0.000000,0.000000
Q28,97,0,1,0,0.000000,0.000000,0.000000,0.000000
Q28,83,1,1,0,0.000000,0.000000,0.000000,0.000000
Q28,100,0,1,0,0.000000,0.000000,0.000000,0.000000
Q28,99,0,1,0,0.000000,0.000000,0.000000,0.000000
Q28,94,1,1,0,0.000000,0.000000,0.000000,0.000000
Q28,93,0,1,0,0.000000,0.000000,0.000000,0.000000
Q28,92,0,1,0,0.000000,0.000000,0.000000,0.000000
Q29,1,1,1,0,0.000000,0.000000,0.000000,0.000000
Q29,4,1,1,0,0.000000,0.000000,0.000000,0.000000
Q29,6,2,1,0,0.000000,0.000000,0.000000,0.000000
Q29,8,1,1,0,0.000000,0.000000,0.000000,0.000000
Q29,2,1,1,0,0.000000,0.000000,0.000000,0.000000
Q29,10,1,1,0,0.000000,0.000000,0.000000,0.000000
Q29,5,1,1,0,0.000000,0.000000,0.000000,0.000000
Q28,95,0,1,0,0.000000,0.000000,0.000000,0.000000
Q29,9,1,1,0,0.000000,0.000000,0.000000,0.000000
Q28,96,0,1,0,0.000000,0.000000,0.000000,0.000000
Q29,11,2,1,0,0.000000,0.000000,0.000000,0.000000
Q29,12,1,1,0,0.000000,0.000000,0.000000,0.000000
Q29,7,2,1,0,0.000000,0.000000,0.000000,0.000000
Q29,13,1,1,0,0.000000,0.000000,0.000000,0.000000
Q29,14,1,1,0,0.000000,0.000000,0.000000,0.000000
Q28,98,0,1,0,0.000000,0.000000,0.000000,0.000000
Q29,15,1,1,0,0.000000,0.000000,0.000000,0.000000
Q29,16,1,1,0,0.000000,0.000000,0.000000,0.000000
Q29,3,1,1,0,0.000000,0.000000,0.000000,0.000000
Q29,18,1,1,0,0.000000,0.000000,0.000000,0.000000
Q29,17,1,1,0,0.000000,0.000000,0.000000,0.000000
Q29,21,1,1,0,0.000000,0.000000,0.000000,0.000000
Q29,20,1,1,0,0.000000,0.000000,0.000000,0.000000
Q29,22,1,1,0,0.000000,0.000000,0.000000,0.000000
Q29,24,1,1,0,0.000000,0.000000,0.000000,0.000000
Q29,23,1,1,0,0.000000,0.000000,0.000000,0.000000
Q29,19,1,1,0,0.000000,0.000000,0.000000,0.000000
Q29,28,1,1,0,0.000000,0.000000,0.000000,0.000000
Q29,26,1,1,0,0.000000,0.000000,0.000000,0.000000
Q29,25,1,1,0,0.000000,0.000000,0.000000,0.000000
Q29,27,1,1,0,0.000000,0.000000,0.000000,0.000000
Q29,29,1,1,0,0.000000,0.000000,0.000000,0.000000
Q29,33,1,1,0,0.000000,0.000000,0.000000,0.000000
Q29,30,2,1,0,0.000000,0.000000,0.000000,0.000000
Q29,31,2,1,0,0.000000,0.000000,0.000000,0.000000
Q29,36,1,1,0,0.000000,0.000000,0.000000,0.000000
Q29,38,1,1,0,0.000000,0.000000,0.000000,0.000000
Q29,32,1,1,0,0.000000,0.000000,0.000000,0.000000
Q29,40,1,1,0,0.000000,0.000000,0.000000,0.000000
Q29,34,2,1,0,0.000000,0.000000,0.000000,0.000000
Q29,39,2,1,0,0.000000,0.000000,0.000000,0.000000
Q29,41,1,1,0,0.000000,0.000000,0.000000,0.000000
Q29,35,1,1,0,0.000000,0.000000,0.000000,0.000000
Q29,43,1,1,0,0.000000,0.000000,0.000000,0.000000
Q29,42,1,1,0,0.000000,0.000000,0.000000,0.000000
Q29,37,1,1,0,0.000000,0.000000,0.000000,0.000000
Q29,44,2,1,0,0.000000,0.000000,0.000000,0.000000
Q29,46,1,1,0,0.000000,0.000000,0.000000,0.000000
Q29,49,1,1,0,0.000000,0.000000,0.000000,0.000000
Q29,45,2,1,0,0.000000,0.000000,0.000000,0.000000
Q29,47,1,1,0,0.000000,0.000000,0.000000,0.000000
Q29,48,1,1,0,0.000000,0.000000,0.000000,0.000000
Q29,50,1,1,0,0.000000,0.000000,0.000000,0.000000
Q29,52,1,1,0,0.000000,0.000000,0.000000,0.000000
Q29,51,1,1,0,0.000000,0.000000,0.000000,0.000000
Q29,55,1,1,0,0.000000,0.000000,0.000000,0.000000
Q29,59,1,1,0,0.000000,0.000000,0.000000,0.000000
Q29,54,2,1,0,0.000000,0.000000,0.000000,0.000000
Q29,56,1,1,0,0.000000,0.000000,0.000000,0.000000
Q29,61,1,1,0,0.000000,0.000000,0.000000,0.000000
Q29,62,1,1,0,0.000000,0.000000,0.000000,0.000000
Q29,60,2,1,0,0.000000,0.000000,0.000000,0.000000
Q29,53,2,1,0,0.000000,0.000000,0.000000,0.000000
Q29,63,1,1,0,0.000000,0.000000,0.000000,0.000000
Q29,58,1,1,0,0.000000,0.000000,0.000000,0.000000
Q29,69,1,1,0,0.000000,0.000000,0.000000,0.000000
Q29,66,1,1,0,0.000000,0.000000,0.000000,0.000000
Q29,57,1,1,0,0.000000,0.000000,0.000000,0.000000
Q29,72,1,1,0,0.000000,0.000000,0.000000,0.000000
Q29,70,1,1,0,0.000000,0.000000,0.000000,0.000000
Q29,67,1,1,0,0.000000,0.000000,0.000000,0.000000
Q29,71,2,1,0,0.000000,0.000000,0.000000,0.000000
Q29,68,1,1,0,0.000000,0.000000,0.000000,0.000000
Q29,74,1,1,0,0.000000,0.000000,0.000000,0.000000
Q29,75,1,1,0,0.000000,0.000000,0.000000,0.000000
Q29,77,1,1,0,0.000000,0.000000,0.000000,0.000000
Q29,78,1,1,0,0.000000,0.000000,0.000000,0.000000
Q29,65,1,1,0,0.000000,0.000000,0.000000,0.000000
Q29,81,1,1,0,0.000000,0.000000,0.000000,0.000000
Q29,79,1,1,0,0.000000,0.000000,0.000000,0.000000
Q29,73,2,1,0,0.000000,0.000000,0.000000,0.000000
Q29,80,1,1,0,0.000000,0.000000,0.000000,0.000000
Q29,64,1,1,0,0.000000,0.000000,0.000000,0.000000
Q29,83,1,1,0,0.000000,0.000000,0.000000,0.000000
Q29,87,1,1,0,0.000000,0.000000,0.000000,0.000000
Q29,85,1,1,0,0.000000,0.000000,0.000000,0.000000
Q29,82,1,1,0,0.000000,0.000000,0.000000,0.000000
Q29,86,1,1,0,0.000000,0.000000,0.000000,0.000000
Q29,88,1,1,0,0.000000,0.000000,0.000000,0.000000
Q29,76,1,1,0,0.000000,0.000000,0.000000,0.000000
Q29,89,1,1,0,0.000000,0.000000,0.000000,0.000000
Q29,90,1,1,0,0.000000,0.000000,0.000000,0.000000
Q29,84,1,1,0,0.000000,0.000000,0.000000,0.000000
Q29,91,1,1,0,0.000000,0.000000,0.000000,0.000000
Q29,92,2,1,0,0.000000,0.000000,0.000000,0.000000
Q29,95,1,1,0,0.000000,0.000000,0.000000,0.000000
Q29,94,1,1,0,0.000000,0.000000,0.000000,0.000000
Q29,98,1,1,0,0.000000,0.000000,0.000000,0.000000
Q29,96,1,1,0,0.000000,0.000000,0.000000,0.000000
Q29,97,1,1,0,0.000000,0.000000,0.000000,0.000000
Q29,93,1,1,0,0.000000,0.000000,0.000000,0.000000
Q30,2,0,2,0,0.000000,0.000000,0.000000,0.000000
Q29,99,2,1,0,0.000000,0.000000,0.000000,0.000000
Q30,9,1,2,0,0.000000,0.000000,0.000000,0.000000
Q30,3,1,2,0,0.000000,0.000000,0.000000,0.000000
Q30,1,1,2,0,0.000000,0.000000,0.000000,0.000000
Q30,10,1,2,0,0.000000,0.000000,0.000000,0.000000
Q30,4,1,2,0,0.000000,0.000000,0.000000,0.000000
Q30,8,1,2,0,0.000000,0.000000,0.000000,0.000000
Q30,5,1,2,0,0.000000,0.000000,0.000000,0.000000
Q30,6,1,2,0,0.000000,0.000000,0.000000,0.000000
Q30,13,1,2,0,0.000000,0.000000,0.000000,0.000000
Q30,12,1,2,0,0.000000,0.000000,0.000000,0.000000
Q30,11,1,2,0,0.000000,0.000000,0.000000,0.000000
Q30,16,1,2,0,0.000000,0.000000,0.000000,0.000000
Q30,7,1,2,0,0.000000,0.000000,0.000000,0.000000
Q30,17,0,2,0,0.000000,0.000000,0.000000,0.000000
Q30,14,2,2,1,0.333333,0.500000,0.500000,0.500000
Q29,100,1,1,0,0.000000,0.000000,0.000000,0.000000
Q30,15,1,2,0,0.000000,0.000000,0.000000,0.000000
Q30,22,0,2,0,0.000000,0.000000,0.000000,0.000000
Q30,19,0,2,0,0.000000,0.000000,0.000000,0.000000
Q30,21,1,2,0,0.000000,0.000000,0.000000,0.000000
Q30,23,1,2,0,0.000000,0.000000,0.000000,0.000000
Q30,18,2,2,1,0.333333,0.500000,0.500000,0.500000
Q30,20,1,2,0,0.000000,0.000000,0.000000,0.000000
Q30,28,1,2,0,0.000000,0.000000,0.000000,0.000000
Q30,24,1,2,0,0.000000,0.000000,0.000000,0.000000
Q30,25,2,2,1,0.333333,0.500000,0.500000,0.500000
Q30,26,2,2,1,0.333333,0.500000,0.500000,0.500000
Q30,29,1,2,0,0.000000,0.000000,0.000000,0.000000
Q30,31,1,2,0,0.000000,0.000000,0.000000,0.000000
Q30,32,1,2,0,0.000000,0.000000,0.000000,0.000000
Q30,27,1,2,0,0.000000,0.000000,0.000000,0.000000
Q30,33,1,2,0,0.000000,0.000000,0.000000,0.000000
Q30,34,1,2,0,0.000000,0.000000,0.000000,0.000000
Q30,35,1,2,0,0.000000,0.000000,0.000000,0.000000
Q30,37,1,2,0,0.000000,0.000000,0.000000,0.000000
Q30,40,1,2,0,0.000000,0.000000,0.000000,0.000000
Q30,39,1,2,0,0.000000,0.000000,0.000000,0.000000
Q30,44,0,2,0,0.000000,0.000000,0.000000,0.000000
Q30,42,1,2,0,0.000000,0.000000,0.000000,0.000000
Q30,43,1,2,0,0.000000,0.000000,0.000000,0.000000
Q30,36,2,2,1,0.333333,0.500000,0.500000,0.500000
Q30,30,1,2,0,0.000000,0.000000,0.000000,0.000000
Q30,38,0,2,0,0.000000,0.000000,0.000000,0.000000
Q30,47,2,2,1,0.333333,0.500000,0.500000,0.500000
Q30,48,1,2,0,0.000000,0.000000,0.000000,0.000000
Q30,53,1,2,0,0.000000,0.000000,0.000000,0.000000
Q30,52,1,2,0,0.000000,0.000000,0.000000,0.000000
Q30,41,0,2,0,0.000000,0.000000,0.000000,0.000000
Q30,46,1,2,0,0.000000,0.000000,0.000000,0.000000
Q30,51,1,2,0,0.000000,0.000000,0.000000,0.000000
Q30,49,2,2,1,0.333333,0.500000,0.500000,0.500000
Q30,54,1,2,0,0.000000,0.000000,0.000000,0.000000
Q30,55,1,2,0,0.000000,0.000000,0.000000,0.000000
Q30,50,1,2,0,0.000000,0.000000,0.000000,0.000000
Q30,62,1,2,0,0.000000,0.000000,0.000000,0.000000
Q30,45,2,2,1,0.333333,0.500000,0.500000,0.500000
Q30,60,1,2,0,0.000000,0.000000,0.000000,0.000000
Q30,58,1,2,0,0.000000,0.000000,0.000000,0.000000
Q30,61,1,2,0,0.000000,0.000000,0.000000,0.000000
Q30,59,1,2,0,0.000000,0.000000,0.000000,0.000000
Q30,57,2,2,1,0.333333,0.500000,0.500000,0.500000
Q30,56,1,2,0,0.000000,0.000000,0.000000,0.000000
Q30,63,1,2,0,0.000000,0.000000,0.000000,0.000000
Q30,64,2,2,1,0.333333,0.500000,0.500000,0.500000
Q30,65,2,2,1,0.333333,0.500000,0.500000,0.500000
Q30,66,1,2,0,0.000000,0.000000,0.000000,0.000000
Q30,72,0,2,0,0.000000,0.000000,0.000000,0.000000
Q30,68,1,2,0,0.000000,0.000000,0.000000,0.000000
Q30,75,1,2,0,0.000000,0.000000,0.000000,0.000000
Q30,67,1,2,0,0.000000,0.000000,0.000000,0.000000
Q30,69,1,2,0,0.000000,0.000000,0.000000,0.000000
Q30,70,2,2,1,0.333333,0.500000,0.500000,0.500000
Q30,80,1,2,0,0.000000,0.000000,0.000000,0.000000
Q30,76,1,2,0,0.000000,0.000000,0.000000,0.000000
Q30,71,2,2,1,0.333333,0.500000,0.500000,0.500000
Q30,79,1,2,0,0.000000,0.000000,0.000000,0.000000
Q30,73,1,2,0,0.000000,0.000000,0.000000,0.000000
Q30,81,1,2,0,0.000000,0.000000,0.000000,0.000000
Q30,82,2,2,1,0.333333,0.500000,0.500000,0.500000
Q30,74,1,2,1,0.500000,1.000000,0.500000,0.666667
Q30,86,1,2,0,0.000000,0.000000,0.000000,0.000000
Q30,77,1,2,0,0.000000,0.000000,0.000000,0.000000
Q30,83,2,2,1,0.333333,0.500000,0.500000,0.500000
Q30,87,1,2,0,0.000000,0.000000,0.000000,0.000000
Q30,88,1,2,0,0.000000,0.000000,0.000000,0.000000
Q30,84,2,2,0,0.000000,0.000000,0.000000,0.000000
Q30,85,2,2,1,0.333333,0.500000,0.500000,0.500000
Q30,78,1,2,0,0.000000,0.000000,0.000000,0.000000
Q30,92,1,2,0,0.000000,0.000000,0.000000,0.000000
Q30,93,1,2,0,0.000000,0.000000,0.000000,0.000000
Q30,94,1,2,0,0.000000,0.000000,0.000000,0.000000
Q30,91,1,2,0,0.000000,0.000000,0.000000,0.000000
Q30,89,1,2,0,0.000000,0.000000,0.000000,0.000000
Q30,96,1,2,0,0.000000,0.000000,0.000000,0.000000
Q30,99,1,2,0,0.000000,0.000000,0.000000,0.000000
Q31,3,0,2,0,0.000000,0.000000,0.000000,0.000000
Q30,100,1,2,0,0.000000,0.000000,0.000000,0.000000
Q30,97,2,2,1,0.333333,0.500000,0.500000,0.500000
Q31,2,0,2,0,0.000000,0.000000,0.000000,0.000000
Q30,98,1,2,0,0.000000,0.000000,0.000000,0.000000
Q30,90,1,2,0,0.000000,0.000000,0.000000,0.000000
Q31,7,0,2,0,0.000000,0.000000,0.000000,0.000000
Q31,1,0,2,0,0.000000,0.000000,0.000000,0.000000
Q31,6,0,2,0,0.000000,0.000000,0.000000,0.000000
Q31,11,0,2,0,0.000000,0.000000,0.000000,0.000000
Q31,12,0,2,0,0.000000,0.000000,0.000000,0.000000
Q30,95,2,2,1,0.333333,0.500000,0.500000,0.500000
Q31,4,0,2,0,0.000000,0.000000,0.000000,0.000000
Q31,14,0,2,0,0.000000,0.000000,0.000000,0.000000
Q31,9,0,2,0,0.000000,0.000000,0.000000,0.000000
Q31,18,0,2,0,0.000000,0.000000,0.000000,0.000000
Q31,19,0,2,0,0.000000,0.000000,0.000000,0.000000
Q31,17,0,2,0,0.000000,0.000000,0.000000,0.000000
Q31,10,0,2,0,0.000000,0.000000,0.000000,0.000000
Q31,13,0,2,0,0.000000,0.000000,0.000000,0.000000
Q31,20,0,2,0,0.000000,0.000000,0.000000,0.000000
Q31,21,0,2,0,0.000000,0.000000,0.000000,0.000000
Q31,5,0,2,0,0.000000,0.000000,0.000000,0.000000
Q31,23,0,2,0,0.000000,0.000000,0.000000,0.000000
Q31,24,0,2,0,0.000000,0.000000,0.000000,0.000000
Q31,26,0,2,0,0.000000,0.000000,0.000000,0.000000
Q31,8,0,2,0,0.000000,0.000000,0.000000,0.000000
Q31,28,0,2,0,0.000000,0.000000,0.000000,0.000000
Q31,29,0,2,0,0.000000,0.000000,0.000000,0.000000
Q31,16,0,2,0,0.000000,0.000000,0.000000,0.000000
Q31,22,0,2,0,0.000000,0.000000,0.000000,0.000000
Q31,15,0,2,0,0.000000,0.000000,0.000000,0.000000
Q31,30,0,2,0,0.000000,0.000000,0.000000,0.000000
Q31,34,0,2,0,0.000000,0.000000,0.000000,0.000000
Q31,33,0,2,0,0.000000,0.000000,0.000000,0.000000
Q31,37,0,2,0,0.000000,0.000000,0.000000,0.000000
Q31,36,0,2,0,0.000000,0.000000,0.000000,0.000000
Q31,25,0,2,0,0.000000,0.000000,0.000000,0.000000
Q31,35,0,2,0,0.000000,0.000000,0.000000,0.000000
Q31,40,0,2,0,0.000000,0.000000,0.000000,0.000000
Q31,38,0,2,0,0.000000,0.000000,0.000000,0.000000
Q31,41,0,2,0,0.000000,0.000000,0.000000,0.000000
Q31,32,0,2,0,0.000000,0.000000,0.000000,0.000000
Q31,39,0,2,0,0.000000,0.000000,0.000000,0.000000
Q31,48,0,2,0,0.000000,0.000000,0.000000,0.000000
Q31,44,0,2,0,0.000000,0.000000,0.000000,0.000000
Q31,45,0,2,0,0.000000,0.000000,0.000000,0.000000
Q31,50,0,2,0,0.000000,0.000000,0.000000,0.000000
Q31,52,0,2,0,0.000000,0.000000,0.000000,0.000000
Q31,43,0,2,0,0.000000,0.000000,0.000000,0.000000
Q31,49,0,2,0,0.000000,0.000000,0.000000,0.000000
Q31,47,0,2,0,0.000000,0.000000,0.000000,0.000000
Q31,42,0,2,0,0.000000,0.000000,0.000000,0.000000
Q31,54,0,2,0,0.000000,0.000000,0.000000,0.000000
Q31,53,0,2,0,0.000000,0.000000,0.000000,0.000000
Q31,55,0,2,0,0.000000,0.000000,0.000000,0.000000
Q31,46,0,2,0,0.000000,0.000000,0.000000,0.000000
Q31,51,0,2,0,0.000000,0.000000,0.000000,0.000000
Q31,59,0,2,0,0.000000,0.000000,0.000000,0.000000
Q31,56,0,2,0,0.000000,0.000000,0.000000,0.000000
Q31,58,0,2,0,0.000000,0.000000,0.000000,0.000000
Q31,27,0,2,0,0.000000,0.000000,0.000000,0.000000
Q31,60,0,2,0,0.000000,0.000000,0.000000,0.000000
Q31,61,0,2,0,0.000000,0.000000,0.000000,0.000000
Q31,31,0,2,0,0.000000,0.000000,0.000000,0.000000
Q31,62,0,2,0,0.000000,0.000000,0.000000,0.000000
Q31,64,0,2,0,0.000000,0.000000,0.000000,0.000000
Q31,66,0,2,0,0.000000,0.000000,0.000000,0.000000
Q31,57,0,2,0,0.000000,0.000000,0.000000,0.000000
Q31,70,0,2,0,0.000000,0.000000,0.000000,0.000000
Q31,68,0,2,0,0.000000,0.000000,0.000000,0.000000
Q31,63,0,2,0,0.000000,0.000000,0.000000,0.000000
Q31,74,0,2,0,0.000000,0.000000,0.000000,0.000000
Q31,77,0,2,0,0.000000,0.000000,0.000000,0.000000
Q31,65,0,2,0,0.000000,0.000000,0.000000,0.000000
Q31,72,0,2,0,0.000000,0.000000,0.000000,0.000000
Q31,67,0,2,0,0.000000,0.000000,0.000000,0.000000
Q31,78,0,2,0,0.000000,0.000000,0.000000,0.000000
Q31,73,0,2,0,0.000000,0.000000,0.000000,0.000000
Q31,81,0,2,0,0.000000,0.000000,0.000000,0.000000
Q31,71,0,2,0,0.000000,0.000000,0.000000,0.000000
Q31,79,0,2,0,0.000000,0.000000,0.000000,0.000000
Q31,80,0,2,0,0.000000,0.000000,0.000000,0.000000
Q31,76,0,2,0,0.000000,0.000000,0.000000,0.000000
Q31,83,0,2,0,0.000000,0.000000,0.000000,0.000000
Q31,88,0,2,0,0.000000,0.000000,0.000000,0.000000
Q31,89,0,2,0,0.000000,0.000000,0.000000,0.000000
Q31,87,0,2,0,0.000000,0.000000,0.000000,0.000000
Q31,90,0,2,0,0.000000,0.000000,0.000000,0.000000
Q31,86,0,2,0,0.000000,0.000000,0.000000,0.000000
Q31,69,0,2,0,0.000000,0.000000,0.000000,0.000000
Q31,91,0,2,0,0.000000,0.000000,0.000000,0.000000
Q31,82,0,2,0,0.000000,0.000000,0.000000,0.000000
Q31,85,0,2,0,0.000000,0.000000,0.000000,0.000000
Q31,84,0,2,0,0.000000,0.000000,0.000000,0.000000
Q31,94,0,2,0,0.000000,0.000000,0.000000,0.000000
Q31,92,0,2,0,0.000000,0.000000,0.000000,0.000000
Q31,99,0,2,0,0.000000,0.000000,0.000000,0.000000
Q31,100,0,2,0,0.000000,0.000000,0.000000,0.000000
Q31,96,0,2,0,0.000000,0.000000,0.000000,0.000000
Q31,98,0,2,0,0.000000,0.000000,0.000000,0.000000
Q31,93,0,2,0,0.000000,0.000000,0.000000,0.000000
Q32,2,1,1,0,0.000000,0.000000,0.000000,0.000000
Q31,97,0,2,0,0.000000,0.000000,0.000000,0.000000
Q32,1,1,1,0,0.000000,0.000000,0.000000,0.000000
Q31,75,0,2,0,0.000000,0.000000,0.000000,0.000000
Q32,4,1,1,0,0.000000,0.000000,0.000000,0.000000
Q31,95,0,2,0,0.000000,0.000000,0.000000,0.000000
Q32,3,1,1,0,0.000000,0.000000,0.000000,0.000000
Q32,9,1,1,0,0.000000,0.000000,0.000000,0.000000
Q32,16,1,1,0,0.000000,0.000000,0.000000,0.000000
Q32,13,2,1,0,0.000000,0.000000,0.000000,0.000000
Q32,5,1,1,0,0.000000,0.000000,0.000000,0.000000
Q32,11,1,1,0,0.000000,0.000000,0.000000,0.000000
Q32,17,1,1,0,0.000000,0.000000,0.000000,0.000000
Q32,10,1,1,0,0.000000,0.000000,0.000000,0.000000
Q32,14,1,1,0,0.000000,0.000000,0.000000,0.000000
Q32,12,1,1,0,0.000000,0.000000,0.000000,0.000000
Q32,15,1,1,0,0.000000,0.000000,0.000000,0.000000
Q32,19,1,1,0,0.000000,0.000000,0.000000,0.000000
Q32,7,1,1,0,0.000000,0.000000,0.000000,0.000000
Q32,20,1,1,0,0.000000,0.000000,0.000000,0.000000
Q32,18,1,1,0,0.000000,0.000000,0.000000,0.000000
Q32,6,1,1,0,0.000000,0.000000,0.000000,0.000000
Q32,22,2,1,0,0.000000,0.000000,0.000000,0.000000
Q32,24,1,1,0,0.000000,0.000000,0.000000,0.000000
Q32,8,1,1,0,0.000000,0.000000,0.000000,0.000000
Q32,21,1,1,0,0.000000,0.000000,0.000000,0.000000
Q32,29,1,1,0,0.000000,0.000000,0.000000,0.000000
Q32,25,1,1,0,0.000000,0.000000,0.000000,0.000000
Q32,26,2,1,0,0.000000,0.000000,0.000000,0.000000
Q32,23,2,1,0,0.000000,0.000000,0.000000,0.000000
Q32,30,1,1,0,0.000000,0.000000,0.000000,0.000000
Q32,27,2,1,0,0.000000,0.000000,0.000000,0.000000
Q32,32,1,1,0,0.000000,0.000000,0.000000,0.000000
Q32,33,1,1,0,0.000000,0.000000,0.000000,0.000000
Q32,34,1,1,0,0.000000,0.000000,0.000000,0.000000
Q32,37,1,1,0,0.000000,0.000000,0.000000,0.000000
Q32,28,1,1,0,0.000000,0.000000,0.000000,0.000000
Q32,38,1,1,0,0.000000,0.000000,0.000000,0.000000
Q32,39,1,1,0,0.000000,0.000000,0.000000,0.000000
Q32,36,2,1,0,0.000000,0.000000,0.000000,0.000000
Q32,35,2,1,0,0.000000,0.000000,0.000000,0.000000
Q32,40,1,1,0,0.000000,0.000000,0.000000,0.000000
Q32,31,1,1,0,0.000000,0.000000,0.000000,0.000000
Q32,43,1,1,0,0.000000,0.000000,0.000000,0.000000
Q32,41,1,1,0,0.000000,0.000000,0.000000,0.000000
Q32,42,1,1,0,0.000000,0.000000,0.000000,0.000000
Q32,46,1,1,0,0.000000,0.000000,0.000000,0.000000
Q32,49,1,1,0,0.000000,0.000000,0.000000,0.000000
Q32,48,1,1,0,0.000000,0.000000,0.000000,0.000000
Q32,45,1,1,0,0.000000,0.000000,0.000000,0.000000
Q32,51,1,1,0,0.000000,0.000000,0.000000,0.000000
Q32,52,1,1,0,0.000000,0.000000,0.000000,0.000000
Q32,53,1,1,0,0.000000,0.000000,0.000000,0.000000
Q32,47,2,1,0,0.000000,0.000000,0.000000,0.000000
Q32,55,1,1,0,0.000000,0.000000,0.000000,0.000000
Q32,44,2,1,0,0.000000,0.000000,0.000000,0.000000
Q32,54,1,1,0,0.000000,0.000000,0.000000,0.000000
Q32,56,1,1,0,0.000000,0.000000,0.000000,0.000000
Q32,58,1,1,0,0.000000,0.000000,0.000000,0.000000
Q32,60,1,1,0,0.000000,0.000000,0.000000,0.000000
Q32,59,2,1,0,0.000000,0.000000,0.000000,0.000000
Q32,61,1,1,0,0.000000,0.000000,0.000000,0.000000
Q32,63,1,1,0,0.000000,0.000000,0.000000,0.000000
Q32,50,1,1,0,0.000000,0.000000,0.000000,0.000000
Q32,57,1,1,0,0.000000,0.000000,0.000000,0.000000
Q32,66,1,1,0,0.000000,0.000000,0.000000,0.000000
Q32,65,1,1,0,0.000000,0.000000,0.000000,0.000000
Q32,64,2,1,0,0.000000,0.000000,0.000000,0.000000
Q32,67,1,1,0,0.000000,0.000000,0.000000,0.000000
Q32,68,1,1,0,0.000000,0.000000,0.000000,0.000000
Q32,69,1,1,0,0.000000,0.000000,0.000000,0.000000
Q32,73,1,1,0,0.000000,0.000000,0.000000,0.000000
Q32,76,1,1,0,0.000000,0.000000,0.000000,0.000000
Q32,77,1,1,0,0.000000,0.000000,0.000000,0.000000
Q32,74,1,1,0,0.000000,0.000000,0.000000,0.000000
Q32,62,1,1,0,0.000000,0.000000,0.000000,0.000000
Q32,70,1,1,0,0.000000,0.000000,0.000000,0.000000
Q32,80,1,1,0,0.000000,0.000000,0.000000,0.000000
Q32,71,2,1,0,0.000000,0.000000,0.000000,0.000000
Q32,78,2,1,0,0.000000,0.000000,0.000000,0.000000
Q32,75,2,1,0,0.000000,0.000000,0.000000,0.000000
Q32,79,2,1,0,0.000000,0.000000,0.000000,0.000000
Q32,81,1,1,0,0.000000,0.000000,0.000000,0.000000
Q32,84,1,1,0,0.000000,0.000000,0.000000,0.000000
Q32,86,1,1,0,0.000000,0.000000,0.000000,0.000000
Q32,87,1,1,0,0.000000,0.000000,0.000000,0.000000
Q32,83,1,1,0,0.000000,0.000000,0.000000,0.000000
Q32,82,1,1,0,0.000000,0.000000,0.000000,0.000000
Q32,89,1,1,0,0.000000,0.000000,0.000000,0.000000
Q32,85,1,1,0,0.000000,0.000000,0.000000,0.000000
Q32,91,1,1,0,0.000000,0.000000,0.000000,0.000000
Q32,92,1,1,0,0.000000,0.000000,0.000000,0.000000
Q32,88,1,1,0,0.000000,0.000000,0.000000,0.000000
Q32,90,2,1,0,0.000000,0.000000,0.000000,0.000000
Q32,95,1,1,0,0.000000,0.000000,0.000000,0.000000
Q32,72,2,1,0,0.000000,0.000000,0.000000,0.000000
Q32,97,1,1,0,0.000000,0.000000,0.000000,0.000000
Q32,99,1,1,0,0.000000,0.000000,0.000000,0.000000
Q32,98,1,1,0,0.000000,0.000000,0.000000,0.000000
Q32,93,2,1,0,0.000000,0.000000,0.000000,0.000000
Q32,96,2,1,0,0.000000,0.000000,0.000000,0.000000
Q32,100,1,1,0,0.000000,0.000000,0.000000,0.000000
Q33,2,1,5,0,0.000000,0.000000,0.000000,0.000000
Q33,3,1,5,0,0.000000,0.000000,0.000000,0.000000
Q32,94,1,1,0,0.000000,0.000000,0.000000,0.000000
Q33,5,1,5,0,0.000000,0.000000,0.000000,0.000000
Q33,4,1,5,0,0.000000,0.000000,0.000000,0.000000
Q33,8,1,5,0,0.000000,0.000000,0.000000,0.000000
Q33,6,1,5,0,0.000000,0.000000,0.000000,0.000000
Q33,9,1,5,0,0.000000,0.000000,0.000000,0.000000
Q33,12,1,5,0,0.000000,0.000000,0.000000,0.000000
Q33,7,2,5,1,0.166667,0.500000,0.200000,0.285714
Q33,13,1,5,0,0.000000,0.000000,0.000000,0.000000
Q33,1,1,5,0,0.000000,0.000000,0.000000,0.000000
Q33,10,2,5,1,0.166667,0.500000,0.200000,0.285714
Q33,15,1,5,0,0.000000,0.000000,0.000000,0.000000
Q33,16,1,5,0,0.000000,0.000000,0.000000,0.000000
Q33,18,1,5,0,0.000000,0.000000,0.000000,0.000000
Q33,20,1,5,0,0.000000,0.000000,0.000000,0.000000
Q33,22,1,5,0,0.000000,0.000000,0.000000,0.000000
Q33,17,2,5,1,0.166667,0.500000,0.200000,0.285714
Q33,19,2,5,0,0.000000,0.000000,0.000000,0.000000
Q33,11,1,5,0,0.000000,0.000000,0.000000,0.000000
Q33,25,1,5,0,0.000000,0.000000,0.000000,0.000000
Q33,21,2,5,1,0.166667,0.500000,0.200000,0.285714
Q33,26,1,5,0,0.000000,0.000000,0.000000,0.000000
Q33,27,1,5,0,0.000000,0.000000,0.000000,0.000000
Q33,28,1,5,0,0.000000,0.000000,0.000000,0.000000
Q33,23,2,5,1,0.166667,0.500000,0.200000,0.285714
Q33,31,1,5,0,0.000000,0.000000,0.000000,0.000000
Q33,29,2,5,1,0.166667,0.500000,0.200000,0.285714
Q33,33,1,5,0,0.000000,0.000000,0.000000,0.000000
Q33,32,1,5,0,0.000000,0.000000,0.000000,0.000000
Q33,14,1,5,0,0.000000,0.000000,0.000000,0.000000
Q33,30,2,5,1,0.166667,0.500000,0.200000,0.285714
Q33,24,1,5,0,0.000000,0.000000,0.000000,0.000000
Q33,34,1,5,0,0.000000,0.000000,0.000000,0.000000
Q33,37,1,5,0,0.000000,0.000000,0.000000,0.000000
Q33,39,1,5,0,0.000000,0.000000,0.000000,0.000000
Q33,36,1,5,0,0.000000,0.000000,0.000000,0.000000
Q33,43,1,5,0,0.000000,0.000000,0.000000,0.000000
Q33,41,1,5,0,0.000000,0.000000,0.000000,0.000000
Q33,40,1,5,0,0.000000,0.000000,0.000000,0.000000
Q33,35,1,5,0,0.000000,0.000000,0.000000,0.000000
Q33,46,1,5,0,0.000000,0.000000,0.000000,0.000000
Q33,42,1,5,0,0.000000,0.000000,0.000000,0.000000
Q33,48,1,5,0,0.000000,0.000000,0.000000,0.000000
Q33,38,1,5,0,0.000000,0.000000,0.000000,0.000000
Q33,44,1,5,0,0.000000,0.000000,0.000000,0.000000
Q33,49,1,5,0,0.000000,0.000000,0.000000,0.000000
Q33,50,1,5,0,0.000000,0.000000,0.000000,0.000000
Q33,45,1,5,0,0.000000,0.000000,0.000000,0.000000
Q33,51,1,5,0,0.000000,0.000000,0.000000,0.000000
Q33,47,1,5,0,0.000000,0.000000,0.000000,0.000000
Q33,53,1,5,0,0.000000,0.000000,0.000000,0.000000
Q33,55,1,5,0,0.000000,0.000000,0.000000,0.000000
Q33,56,1,5,0,0.000000,0.000000,0.000000,0.000000
Q33,54,1,5,0,0.000000,0.000000,0.000000,0.000000
Q33,57,1,5,0,0.000000,0.000000,0.000000,0.000000
Q33,62,1,5,0,0.000000,0.000000,0.000000,0.000000
Q33,61,1,5,0,0.000000,0.000000,0.000000,0.000000
Q33,58,1,5,0,0.000000,0.000000,0.000000,0.000000
Q33,60,1,5,0,0.000000,0.000000,0.000000,0.000000
Q33,64,1,5,0,0.000000,0.000000,0.000000,0.000000
Q33,63,2,5,1,0.166667,0.500000,0.200000,0.285714
Q33,59,1,5,0,0.000000,0.000000,0.000000,0.000000
Q33,66,1,5,0,0.000000,0.000000,0.000000,0.000000
Q33,67,1,5,0,0.000000,0.000000,0.000000,0.000000
Q33,52,1,5,0,0.000000,0.000000,0.000000,0.000000
Q33,69,1,5,0,0.000000,0.000000,0.000000,0.000000
Q33,70,1,5,0,0.000000,0.000000,0.000000,0.000000
Q33,71,1,5,0,0.000000,0.000000,0.000000,0.000000
Q33,72,1,5,0,0.000000,0.000000,0.000000,0.000000
Q33,76,1,5,0,0.000000,0.000000,0.000000,0.000000
Q33,75,1,5,0,0.000000,0.000000,0.000000,0.000000
Q33,65,1,5,0,0.000000,0.000000,0.000000,0.000000
Q33,77,1,5,0,0.000000,0.000000,0.000000,0.000000
Q33,74,2,5,1,0.166667,0.500000,0.200000,0.285714
Q33,68,1,5,0,0.000000,0.000000,0.000000,0.000000
Q33,78,1,5,0,0.000000,0.000000,0.000000,0.000000
Q33,80,1,5,0,0.000000,0.000000,0.000000,0.000000
Q33,85,1,5,0,0.000000,0.000000,0.000000,0.000000
Q33,73,1,5,0,0.000000,0.000000,0.000000,0.000000
Q33,83,1,5,0,0.000000,0.000000,0.000000,0.000000
Q33,86,1,5,0,0.000000,0.000000,0.000000,0.000000
Q33,81,2,5,1,0.166667,0.500000,0.200000,0.285714
Q33,84,2,5,0,0.000000,0.000000,0.000000,0.000000
Q33,79,1,5,0,0.000000,0.000000,0.000000,0.000000
Q33,88,1,5,0,0.000000,0.000000,0.000000,0.000000
Q33,89,1,5,0,0.000000,0.000000,0.000000,0.000000
Q33,82,1,5,0,0.000000,0.000000,0.000000,0.000000
Q33,90,1,5,0,0.000000,0.000000,0.000000,0.000000
Q33,91,1,5,0,0.000000,0.000000,0.000000,0.000000
Q33,95,1,5,0,0.000000,0.000000,0.000000,0.000000
Q33,94,1,5,0,0.000000,0.000000,0.000000,0.000000
Q33,97,1,5,0,0.000000,0.000000,0.000000,0.000000
Q33,93,1,5,0,0.000000,0.000000,0.000000,0.000000
Q33,92,2,5,1,0.166667,0.500000,0.200000,0.285714
Q34,1,0,3,0,0.000000,0.000000,0.000000,0.000000
Q34,2,0,3,0,0.000000,0.000000,0.000000,0.000000
Q33,100,1,5,0,0.000000,0.000000,0.000000,0.000000
Q33,87,2,5,1,0.166667,0.500000,0.200000,0.285714
Q34,3,0,3,0,0.000000,0.000000,0.000000,0.000000
Q33,98,2,5,0,0.000000,0.000000,0.000000,0.000000
Q34,4,0,3,0,0.000000,0.000000,0.000000,0.000000
Q34,7,0,3,0,0.000000,0.000000,0.000000,0.000000
Q34,11,0,3,0,0.000000,0.000000,0.000000,0.000000
Q34,9,0,3,0,0.000000,0.000000,0.000000,0.000000
Q34,8,0,3,0,0.000000,0.000000,0.000000,0.000000
Q34,13,0,3,0,0.000000,0.000000,0.000000,0.000000
Q34,14,0,3,0,0.000000,0.000000,0.000000,0.000000
Q34,12,0,3,0,0.000000,0.000000,0.000000,0.000000
Q34,5,0,3,0,0.000000,0.000000,0.000000,0.000000
Q34,6,0,3,0,0.000000,0.000000,0.000000,0.000000
Q34,17,0,3,0,0.000000,0.000000,0.000000,0.000000
Q34,19,0,3,0,0.000000,0.000000,0.000000,0.000000
Q33,99,2,5,0,0.000000,0.000000,0.000000,0.000000
Q34,22,0,3,0,0.000000,0.000000,0.000000,0.000000
Q34,10,0,3,0,0.000000,0.000000,0.000000,0.000000
Q34,18,0,3,0,0.000000,0.000000,0.000000,0.000000
Q34,15,0,3,0,0.000000,0.000000,0.000000,0.000000
Q34,27,0,3,0,0.000000,0.000000,0.000000,0.000000
Q34,16,0,3,0,0.000000,0.000000,0.000000,0.000000
Q34,23,0,3,0,0.000000,0.000000,0.000000,0.000000
Q34,29,0,3,0,0.000000,0.000000,0.000000,0.000000
Q34,28,0,3,0,0.000000,0.000000,0.000000,0.000000
Q34,30,0,3,0,0.000000,0.000000,0.000000,0.000000
Q34,26,0,3,0,0.000000,0.000000,0.000000,0.000000
Q34,24,0,3,0,0.000000,0.000000,0.000000,0.000000
Q34,25,0,3,0,0.000000,0.000000,0.000000,0.000000
Q34,31,0,3,0,0.000000,0.000000,0.000000,0.000000
Q34,32,0,3,0,0.000000,0.000000,0.000000,0.000000
Q34,21,0,3,0,0.000000,0.000000,0.000000,0.000000
Q34,35,0,3,0,0.000000,0.000000,0.000000,0.000000
Q33,96,1,5,0,0.000000,0.000000,0.000000,0.000000
Q34,36,0,3,0,0.000000,0.000000,0.000000,0.000000
Q34,38,0,3,0,0.000000,0.000000,0.000000,0.000000
Q34,33,0,3,0,0.000000,0.000000,0.000000,0.000000
Q34,39,0,3,0,0.000000,0.000000,0.000000,0.000000
Q34,42,0,3,0,0.000000,0.000000,0.000000,0.000000
Q34,41,0,3,0,0.000000,0.000000,0.000000,0.000000
Q34,20,0,3,0,0.000000,0.000000,0.000000,0.000000
Q34,37,0,3,0,0.000000,0.000000,0.000000,0.000000
Q34,43,0,3,0,0.000000,0.000000,0.000000,0.000000
Q34,34,0,3,0,0.000000,0.000000,0.000000,0.000000
Q34,46,0,3,0,0.000000,0.000000,0.000000,0.000000
Q34,45,0,3,0,0.000000,0.000000,0.000000,0.000000
Q34,48,0,3,0,0.000000,0.000000,0.000000,0.000000
Q34,50,0,3,0,0.000000,0.000000,0.000000,0.000000
Q34,53,0,3,0,0.000000,0.000000,0.000000,0.000000
Q34,47,0,3,0,0.000000,0.000000,0.000000,0.000000
Q34,49,0,3,0,0.000000,0.000000,0.000000,0.000000
Q34,57,0,3,0,0.000000,0.000000,0.000000,0.000000
Q34,58,0,3,0,0.000000,0.000000,0.000000,0.000000
Q34,40,0,3,0,0.000000,0.000000,0.000000,0.000000
Q34,61,0,3,0,0.000000,0.000000,0.000000,0.000000
Q34,55,0,3,0,0.000000,0.000000,0.000000,0.000000
Q34,60,0,3,0,0.000000,0.000000,0.000000,0.000000
Q34,59,0,3,0,0.000000,0.000000,0.000000,0.000000
Q34,56,0,3,0,0.000000,0.000000,0.000000,0.000000
Q34,63,0,3,0,0.000000,0.000000,0.000000,0.000000
Q34,64,0,3,0,0.000000,0.000000,0.000000,0.000000
Q34,51,0,3,0,0.000000,0.000000,0.000000,0.000000
Q34,62,0,3,0,0.000000,0.000000,0.000000,0.000000
Q34,54,0,3,0,0.000000,0.000000,0.000000,0.000000
Q34,67,0,3,0,0.000000,0.000000,0.000000,0.000000
Q34,52,0,3,0,0.000000,0.000000,0.000000,0.000000
Q34,66,0,3,0,0.000000,0.000000,0.000000,0.000000
Q34,68,0,3,0,0.000000,0.000000,0.000000,0.000000
Q34,65,0,3,0,0.000000,0.000000,0.000000,0.000000
Q34,44,0,3,0,0.000000,0.000000,0.000000,0.000000
Q34,71,0,3,0,0.000000,0.000000,0.000000,0.000000
Q34,70,0,3,0,0.000000,0.000000,0.000000,0.000000
Q34,73,0,3,0,0.000000,0.000000,0.000000,0.000000
Q34,69,0,3,0,0.000000,0.000000,0.000000,0.000000
Q34,72,0,3,0,0.000000,0.000000,0.000000,0.000000
Q34,76,0,3,0,0.000000,0.000000,0.000000,0.000000
Q34,77,0,3,0,0.000000,0.000000,0.000000,0.000000
Q34,79,0,3,0,0.000000,0.000000,0.000000,0.000000
Q34,74,0,3,0,0.000000,0.000000,0.000000,0.000000
Q34,82,0,3,0,0.000000,0.000000,0.000000,0.000000
Q34,81,0,3,0,0.000000,0.000000,0.000000,0.000000
Q34,83,0,3,0,0.000000,0.000000,0.000000,0.000000
Q34,86,0,3,0,0.000000,0.000000,0.000000,0.000000
Q34,78,0,3,0,0.000000,0.000000,0.000000,0.000000
Q34,92,0,3,0,0.000000,0.000000,0.000000,0.000000
Q34,88,0,3,0,0.000000,0.000000,0.000000,0.000000
Q34,94,0,3,0,0.000000,0.000000,0.000000,0.000000
Q34,90,0,3,0,0.000000,0.000000,0.000000,0.000000
Q34,84,0,3,0,0.000000,0.000000,0.000000,0.000000
Q34,95,0,3,0,0.000000,0.000000,0.000000,0.000000
Q34,87,0,3,0,0.000000,0.000000,0.000000,0.000000
Q34,89,0,3,0,0.000000,0.000000,0.000000,0.000000
Q34,91,0,3,0,0.000000,0.000000,0.000000,0.000000
Q34,85,0,3,0,0.000000,0.000000,0.000000,0.000000
Q34,99,0,3,0,0.000000,0.000000,0.000000,0.000000
Q34,96,0,3,0,0.000000,0.000000,0.000000,0.000000
Q34,100,0,3,0,0.000000,0.000000,0.000000,0.000000
Q34,97,0,3,0,0.000000,0.000000,0.000000,0.000000
Q34,93,0,3,0,0.000000,0.000000,0.000000,0.000000
Q34,80,0,3,0,0.000000,0.000000,0.000000,0.000000
Q35,1,0,2,0,0.000000,0.000000,0.000000,0.000000
Q34,75,0,3,0,0.000000,0.000000,0.000000,0.000000
Q34,98,0,3,0,0.000000,0.000000,0.000000,0.000000
Q35,2,0,2,0,0.000000,0.000000,0.000000,0.000000
Q35,3,0,2,0,0.000000,0.000000,0.000000,0.000000
Q35,7,0,2,0,0.000000,0.000000,0.000000,0.000000
Q35,6,0,2,0,0.000000,0.000000,0.000000,0.000000
Q35,8,0,2,0,0.000000,0.000000,0.000000,0.000000
Q35,10,0,2,0,0.000000,0.000000,0.000000,0.000000
Q35,4,0,2,0,0.000000,0.000000,0.000000,0.000000
Q35,5,0,2,0,0.000000,0.000000,0.000000,0.000000
Q35,9,0,2,0,0.000000,0.000000,0.000000,0.000000
Q35,14,0,2,0,0.000000,0.000000,0.000000,0.000000
Q35,12,0,2,0,0.000000,0.000000,0.000000,0.000000
Q35,11,0,2,0,0.000000,0.000000,0.000000,0.000000
Q35,13,0,2,0,0.000000,0.000000,0.000000,0.000000
Q35,16,0,2,0,0.000000,0.000000,0.000000,0.000000
Q35,23,0,2,0,0.000000,0.000000,0.000000,0.000000
Q35,20,0,2,0,0.000000,0.000000,0.000000,0.000000
Q35,25,0,2,0,0.000000,0.000000,0.000000,0.000000
Q35,22,0,2,0,0.000000,0.000000,0.000000,0.000000
Q35,17,0,2,0,0.000000,0.000000,0.000000,0.000000
Q35,27,0,2,0,0.000000,0.000000,0.000000,0.000000
Q35,19,0,2,0,0.000000,0.000000,0.000000,0.000000
Q35,18,0,2,0,0.000000,0.000000,0.000000,0.000000
Q35,30,0,2,0,0.000000,0.000000,0.000000,0.000000
Q35,28,0,2,0,0.000000,0.000000,0.000000,0.000000
Q35,31,0,2,0,0.000000,0.000000,0.000000,0.000000
Q35,26,0,2,0,0.000000,0.000000,0.000000,0.000000
Q35,29,0,2,0,0.000000,0.000000,0.000000,0.000000
Q35,32,0,2,0,0.000000,0.000000,0.000000,0.000000
Q35,24,0,2,0,0.000000,0.000000,0.000000,0.000000
Q35,15,0,2,0,0.000000,0.000000,0.000000,0.000000
Q35,35,0,2,0,0.000000,0.000000,0.000000,0.000000
Q35,33,0,2,0,0.000000,0.000000,0.000000,0.000000
Q35,38,0,2,0,0.000000,0.000000,0.000000,0.000000
Q35,36,0,2,0,0.000000,0.000000,0.000000,0.000000
Q35,21,0,2,0,0.000000,0.000000,0.000000,0.000000
Q35,39,0,2,0,0.000000,0.000000,0.000000,0.000000
Q35,37,0,2,0,0.000000,0.000000,0.000000,0.000000
Q35,34,0,2,0,0.000000,0.000000,0.000000,0.000000
Q35,43,0,2,0,0.000000,0.000000,0.000000,0.000000
Q35,42,0,2,0,0.000000,0.000000,0.000000,0.000000
Q35,40,0,2,0,0.000000,0.000000,0.000000,0.000000
Q35,41,0,2,0,0.000000,0.000000,0.000000,0.000000
Q35,47,0,2,0,0.000000,0.000000,0.000000,0.000000
Q35,45,0,2,0,0.000000,0.000000,0.000000,0.000000
Q35,46,0,2,0,0.000000,0.000000,0.000000,0.000000
Q35,50,0,2,0,0.000000,0.000000,0.000000,0.000000
Q35,48,0,2,0,0.000000,0.000000,0.000000,0.000000
Q35,58,0,2,0,0.000000,0.000000,0.000000,0.000000
Q35,44,0,2,0,0.000000,0.000000,0.000000,0.000000
Q35,59,0,2,0,0.000000,0.000000,0.000000,0.000000
Q35,49,0,2,0,0.000000,0.000000,0.000000,0.000000
Q35,55,0,2,0,0.000000,0.000000,0.000000,0.000000
Q35,54,0,2,0,0.000000,0.000000,0.000000,0.000000
Q35,52,0,2,0,0.000000,0.000000,0.000000,0.000000
Q35,61,0,2,0,0.000000,0.000000,0.000000,0.000000
Q35,63,0,2,0,0.000000,0.000000,0.000000,0.000000
Q35,56,0,2,0,0.000000,0.000000,0.000000,0.000000
Q35,64,0,2,0,0.000000,0.000000,0.000000,0.000000
Q35,62,0,2,0,0.000000,0.000000,0.000000,0.000000
Q35,53,0,2,0,0.000000,0.000000,0.000000,0.000000
Q35,57,0,2,0,0.000000,0.000000,0.000000,0.000000
Q35,60,0,2,0,0.000000,0.000000,0.000000,0.000000
Q35,65,0,2,0,0.000000,0.000000,0.000000,0.000000
Q35,68,0,2,0,0.000000,0.000000,0.000000,0.000000
Q35,66,0,2,0,0.000000,0.000000,0.000000,0.000000
Q35,69,0,2,0,0.000000,0.000000,0.000000,0.000000
Q35,70,0,2,0,0.000000,0.000000,0.000000,0.000000
Q35,78,0,2,0,0.000000,0.000000,0.000000,0.000000
Q35,77,0,2,0,0.000000,0.000000,0.000000,0.000000
Q35,67,0,2,0,0.000000,0.000000,0.000000,0.000000
Q35,73,0,2,0,0.000000,0.000000,0.000000,0.000000
Q35,79,0,2,0,0.000000,0.000000,0.000000,0.000000
Q35,74,0,2,0,0.000000,0.000000,0.000000,0.000000
Q35,83,0,2,0,0.000000,0.000000,0.000000,0.000000
Q35,84,0,2,0,0.000000,0.000000,0.000000,0.000000
Q35,86,0,2,0,0.000000,0.000000,0.000000,0.000000
Q35,51,0,2,0,0.000000,0.000000,0.000000,0.000000
Q35,81,0,2,0,0.000000,0.000000,0.000000,0.000000
Q35,87,0,2,0,0.000000,0.000000,0.000000,0.000000
Q35,85,0,2,0,0.000000,0.000000,0.000000,0.000000
Q35,72,0,2,0,0.000000,0.000000,0.000000,0.000000
Q35,88,0,2,0,0.000000,0.000000,0.000000,0.000000
Q35,71,0,2,0,0.000000,0.000000,0.000000,0.000000
Q35,80,0,2,0,0.000000,0.000000,0.000000,0.000000
Q35,89,0,2,0,0.000000,0.000000,0.000000,0.000000
Q35,90,0,2,0,0.000000,0.000000,0.000000,0.000000
Q35,92,0,2,0,0.000000,0.000000,0.000000,0.000000
Q35,91,0,2,0,0.000000,0.000000,0.000000,0.000000
Q35,75,0,2,0,0.000000,0.000000,0.000000,0.000000
Q35,93,0,2,0,0.000000,0.000000,0.000000,0.000000
Q35,96,0,2,0,0.000000,0.000000,0.000000,0.000000
Q35,94,0,2,0,0.000000,0.000000,0.000000,0.000000
Q35,82,0,2,0,0.000000,0.000000,0.000000,0.000000
Q35,95,0,2,0,0.000000,0.000000,0.000000,0.000000
Q35,97,0,2,0,0.000000,0.000000,0.000000,0.000000
Q35,99,0,2,0,0.000000,0.000000,0.000000,0.000000
Q35,76,0,2,0,0.000000,0.000000,0.000000,0.000000
Q35,100,0,2,0,0.000000,0.000000,0.000000,0.000000
Q36,1,1,2,0,0.000000,0.000000,0.000000,0.000000
Q35,98,0,2,0,0.000000,0.000000,0.000000,0.000000
Q36,2,1,2,0,0.000000,0.000000,0.000000,0.000000
Q36,4,1,2,0,0.000000,0.000000,0.000000,0.000000
Q36,6,1,2,0,0.000000,0.000000,0.000000,0.000000
Q36,5,2,2,1,0.333333,0.500000,0.500000,0.500000
Q36,7,1,2,0,0.000000,0.000000,0.000000,0.000000
Q36,12,1,2,0,0.000000,0.000000,0.000000,0.000000
Q36,16,1,2,0,0.000000,0.000000,0.000000,0.000000
Q36,17,1,2,0,0.000000,0.000000,0.000000,0.000000
Q36,10,1,2,0,0.000000,0.000000,0.000000,0.000000
Q36,11,1,2,0,0.000000,0.000000,0.000000,0.000000
Q36,19,1,2,0,0.000000,0.000000,0.000000,0.000000
Q36,8,1,2,0,0.000000,0.000000,0.000000,0.000000
Q36,14,1,2,0,0.000000,0.000000,0.000000,0.000000
Q36,15,1,2,0,0.000000,0.000000,0.000000,0.000000
Q36,13,2,2,1,0.333333,0.500000,0.500000,0.500000
Q36,18,2,2,1,0.333333,0.500000,0.500000,0.500000
Q36,22,1,2,0,0.000000,0.000000,0.000000,0.000000
Q36,3,1,2,0,0.000000,0.000000,0.000000,0.000000
Q36,24,1,2,0,0.000000,0.000000,0.000000,0.000000
Q36,20,2,2,1,0.333333,0.500000,0.500000,0.500000
Q36,21,1,2,0,0.000000,0.000000,0.000000,0.000000
Q36,23,1,2,0,0.000000,0.000000,0.000000,0.000000
Q36,26,1,2,0,0.000000,0.000000,0.000000,0.000000
Q36,25,1,2,0,0.000000,0.000000,0.000000,0.000000
Q36,9,1,2,0,0.000000,0.000000,0.000000,0.000000
Q36,27,1,2,0,0.000000,0.000000,0.000000,0.000000
Q36,29,1,2,0,0.000000,0.000000,0.000000,0.000000
Q36,31,1,2,0,0.000000,0.000000,0.000000,0.000000
Q36,30,1,2,0,0.000000,0.000000,0.000000,0.000000
Q36,28,1,2,0,0.000000,0.000000,0.000000,0.000000
Q36,35,1,2,0,0.000000,0.000000,0.000000,0.000000
Q36,37,1,2,0,0.000000,0.000000,0.000000,0.000000
Q36,32,2,2,1,0.333333,0.500000,0.500000,0.500000
Q36,39,1,2,0,0.000000,0.000000,0.000000,0.000000
Q36,34,2,2,1,0.333333,0.500000,0.500000,0.500000
Q36,33,1,2,0,0.000000,0.000000,0.000000,0.000000
Q36,38,1,2,0,0.000000,0.000000,0.000000,0.000000
Q36,43,1,2,0,0.000000,0.000000,0.000000,0.000000
Q36,42,2,2,1,0.333333,0.500000,0.500000,0.500000
Q36,40,1,2,0,0.000000,0.000000,0.000000,0.000000
Q36,49,1,2,0,0.000000,0.000000,0.000000,0.000000
Q36,36,1,2,0,0.000000,0.000000,0.000000,0.000000
Q36,45,1,2,0,0.000000,0.000000,0.000000,0.000000
Q36,50,1,2,0,0.000000,0.000000,0.000000,0.000000
Q36,47,1,2,0,0.000000,0.000000,0.000000,0.000000
Q36,48,1,2,0,0.000000,0.000000,0.000000,0.000000
Q36,51,1,2,0,0.000000,0.000000,0.000000,0.000000
Q36,55,1,2,0,0.000000,0.000000,0.000000,0.000000
Q36,54,1,2,0,0.000000,0.000000,0.000000,0.000000
Q36,56,1,2,0,0.000000,0.000000,0.000000,0.000000
Q36,57,1,2,0,0.000000,0.000000,0.000000,0.000000
Q36,53,1,2,0,0.000000,0.000000,0.000000,0.000000
Q36,46,1,2,0,0.000000,0.000000,0.000000,0.000000
Q36,58,1,2,0,0.000000,0.000000,0.000000,0.000000
Q36,52,1,2,0,0.000000,0.000000,0.000000,0.000000
Q36,59,1,2,0,0.000000,0.000000,0.000000,0.000000
Q36,60,1,2,0,0.000000,0.000000,0.000000,0.000000
Q36,44,2,2,1,0.333333,0.500000,0.500000,0.500000
Q36,64,1,2,0,0.000000,0.000000,0.000000,0.000000
Q36,61,1,2,0,0.000000,0.000000,0.000000,0.000000
Q36,65,1,2,0,0.000000,0.000000,0.000000,0.000000
Q36,63,2,2,1,0.333333,0.500000,0.500000,0.500000
Q36,62,1,2,0,0.000000,0.000000,0.000000,0.000000
Q36,67,1,2,0,0.000000,0.000000,0.000000,0.000000
Q36,69,1,2,0,0.000000,0.000000,0.000000,0.000000
Q36,41,1,2,0,0.000000,0.000000,0.000000,0.000000
Q36,72,1,2,0,0.000000,0.000000,0.000000,0.000000
Q36,71,1,2,0,0.000000,0.000000,0.000000,0.000000
Q36,68,1,2,0,0.000000,0.000000,0.000000,0.000000
Q36,70,1,2,0,0.000000,0.000000,0.000000,0.000000
Q36,66,2,2,1,0.333333,0.500000,0.500000,0.500000
Q36,73,1,2,0,0.000000,0.000000,0.000000,0.000000
Q36,76,1,2,0,0.000000,0.000000,0.000000,0.000000
Q36,74,2,2,1,0.333333,0.500000,0.500000,0.500000
Q36,77,1,2,0,0.000000,0.000000,0.000000,0.000000
Q36,78,1,2,0,0.000000,0.000000,0.000000,0.000000
Q36,75,2,2,1,0.333333,0.500000,0.500000,0.500000
Q36,79,1,2,0,0.000000,0.000000,0.000000,0.000000
Q36,83,1,2,0,0.000000,0.000000,0.000000,0.000000
Q36,81,1,2,0,0.000000,0.000000,0.000000,0.000000
Q36,82,1,2,0,0.000000,0.000000,0.000000,0.000000
Q36,80,2,2,1,0.333333,0.500000,0.500000,0.500000
Q36,85,1,2,0,0.000000,0.000000,0.000000,0.000000
Q36,87,1,2,0,0.000000,0.000000,0.000000,0.000000
Q36,86,1,2,0,0.000000,0.000000,0.000000,0.000000
Q36,84,1,2,0,0.000000,0.000000,0.000000,0.000000
Q36,89,1,2,0,0.000000,0.000000,0.000000,0.000000
Q36,88,1,2,0,0.000000,0.000000,0.000000,0.000000
Q36,90,1,2,0,0.000000,0.000000,0.000000,0.000000
Q36,91,1,2,0,0.000000,0.000000,0.000000,0.000000
Q36,93,1,2,0,0.000000,0.000000,0.000000,0.000000
Q36,94,1,2,0,0.000000,0.000000,0.000000,0.000000
Q36,92,2,2,1,0.333333,0.500000,0.500000,0.500000
Q36,96,1,2,0,0.000000,0.000000,0.000000,0.000000
Q36,97,1,2,0,0.000000,0.000000,0.000000,0.000000
Q37,2,0,2,0,0.000000,0.000000,0.000000,0.000000
Q36,99,1,2,0,0.000000,0.000000,0.000000,0.000000
Q37,1,0,2,0,0.000000,0.000000,0.000000,0.000000
Q37,8,0,2,0,0.000000,0.000000,0.000000,0.000000
Q37,4,0,2,0,0.000000,0.000000,0.000000,0.000000
Q37,6,0,2,0,0.000000,0.000000,0.000000,0.000000
Q36,98,1,2,0,0.000000,0.000000,0.000000,0.000000
Q37,10,0,2,0,0.000000,0.000000,0.000000,0.000000
Q37,3,0,2,0,0.000000,0.000000,0.000000,0.000000
Q37,5,0,2,0,0.000000,0.000000,0.000000,0.000000
Q37,13,0,2,0,0.000000,0.000000,0.000000,0.000000
Q37,11,0,2,0,0.000000,0.000000,0.000000,0.000000
Q37,15,0,2,0,0.000000,0.000000,0.000000,0.000000
Q37,7,0,2,0,0.000000,0.000000,0.000000,0.000000
Q37,12,0,2,0,0.000000,0.000000,0.000000,0.000000
Q37,9,0,2,0,0.000000,0.000000,0.000000,0.000000
Q37,17,0,2,0,0.000000,0.000000,0.000000,0.000000
Q37,16,0,2,0,0.000000,0.000000,0.000000,0.000000
Q37,18,0,2,0,0.000000,0.000000,0.000000,0.000000
Q37,21,0,2,0,0.000000,0.000000,0.000000,0.000000
Q37,19,0,2,0,0.000000,0.000000,0.000000,0.000000
Q37,20,0,2,0,0.000000,0.000000,0.000000,0.000000
Q37,23,0,2,0,0.000000,0.000000,0.000000,0.000000
Q36,95,1,2,0,0.000000,0.000000,0.000000,0.000000
Q37,14,0,2,0,0.000000,0.000000,0.000000,0.000000
Q37,26,0,2,0,0.000000,0.000000,0.000000,0.000000
Q36,100,1,2,0,0.000000,0.000000,0.000000,0.000000
Q37,30,0,2,0,0.000000,0.000000,0.000000,0.000000
Q37,29,0,2,0,0.000000,0.000000,0.000000,0.000000
Q37,28,0,2,0,0.000000,0.000000,0.000000,0.000000
Q37,35,0,2,0,0.000000,0.000000,0.000000,0.000000
Q37,27,0,2,0,0.000000,0.000000,0.000000,0.000000
Q37,24,0,2,0,0.000000,0.000000,0.000000,0.000000
Q37,34,0,2,0,0.000000,0.000000,0.000000,0.000000
Q37,25,0,2,0,0.000000,0.000000,0.000000,0.000000
Q37,37,0,2,0,0.000000,0.000000,0.000000,0.000000
Q37,32,0,2,0,0.000000,0.000000,0.000000,0.000000
Q37,31,0,2,0,0.000000,0.000000,0.000000,0.000000
Q37,39,0,2,0,0.000000,0.000000,0.000000,0.000000
Q37,40,0,2,0,0.000000,0.000000,0.000000,0.000000
Q37,43,0,2,0,0.000000,0.000000,0.000000,0.000000
Q37,22,0,2,0,0.000000,0.000000,0.000000,0.000000
Q37,33,0,2,0,0.000000,0.000000,0.000000,0.000000
Q37,45,0,2,0,0.000000,0.000000,0.000000,0.000000
Q37,46,0,2,0,0.000000,0.000000,0.000000,0.000000
Q37,44,0,2,0,0.000000,0.000000,0.000000,0.000000
Q37,38,0,2,0,0.000000,0.000000,0.000000,0.000000
Q37,47,0,2,0,0.000000,0.000000,0.000000,0.000000
Q37,50,0,2,0,0.000000,0.000000,0.000000,0.000000
Q37,42,0,2,0,0.000000,0.000000,0.000000,0.000000
Q37,41,0,2,0,0.000000,0.000000,0.000000,0.000000
Q37,48,0,2,0,0.000000,0.000000,0.000000,0.000000
Q37,49,0,2,0,0.000000,0.000000,0.000000,0.000000
Q37,52,0,2,0,0.000000,0.000000,0.000000,0.000000
Q37,53,0,2,0,0.000000,0.000000,0.000000,0.000000
Q37,51,0,2,0,0.000000,0.000000,0.000000,0.000000
Q37,57,0,2,0,0.000000,0.000000,0.000000,0.000000
Q37,64,0,2,0,0.000000,0.000000,0.000000,0.000000
Q37,56,0,2,0,0.000000,0.000000,0.000000,0.000000
Q37,60,0,2,0,0.000000,0.000000,0.000000,0.000000
Q37,55,0,2,0,0.000000,0.000000,0.000000,0.000000
Q37,36,0,2,0,0.000000,0.000000,0.000000,0.000000
Q37,66,0,2,0,0.000000,0.000000,0.000000,0.000000
Q37,59,0,2,0,0.000000,0.000000,0.000000,0.000000
Q37,61,0,2,0,0.000000,0.000000,0.000000,0.000000
Q37,67,0,2,0,0.000000,0.000000,0.000000,0.000000
Q37,65,0,2,0,0.000000,0.000000,0.000000,0.000000
Q37,69,0,2,0,0.000000,0.000000,0.000000,0.000000
Q37,62,0,2,0,0.000000,0.000000,0.000000,0.000000
Q37,70,0,2,0,0.000000,0.000000,0.000000,0.000000
Q37,54,0,2,0,0.000000,0.000000,0.000000,0.000000
Q37,63,0,2,0,0.000000,0.000000,0.000000,0.000000
Q37,75,0,2,0,0.000000,0.000000,0.000000,0.000000
Q37,58,0,2,0,0.000000,0.000000,0.000000,0.000000
Q37,72,0,2,0,0.000000,0.000000,0.000000,0.000000
Q37,74,0,2,0,0.000000,0.000000,0.000000,0.000000
Q37,68,0,2,0,0.000000,0.000000,0.000000,0.000000
Q37,76,0,2,0,0.000000,0.000000,0.000000,0.000000
Q37,71,0,2,0,0.000000,0.000000,0.000000,0.000000
Q37,77,0,2,0,0.000000,0.000000,0.000000,0.000000
Q37,80,0,2,0,0.000000,0.000000,0.000000,0.000000
Q37,79,0,2,0,0.000000,0.000000,0.000000,0.000000
Q37,73,0,2,0,0.000000,0.000000,0.000000,0.000000
Q37,81,0,2,0,0.000000,0.000000,0.000000,0.000000
Q37,82,0,2,0,0.000000,0.000000,0.000000,0.000000
Q37,86,0,2,0,0.000000,0.000000,0.000000,0.000000
Q37,85,0,2,0,0.000000,0.000000,0.000000,0.000000
Q37,83,0,2,0,0.000000,0.000000,0.000000,0.000000
Q37,78,0,2,0,0.000000,0.000000,0.000000,0.000000
Q37,88,0,2,0,0.000000,0.000000,0.000000,0.000000
Q37,96,0,2,0,0.000000,0.000000,0.000000,0.000000
Q37,98,0,2,0,0.000000,0.000000,0.000000,0.000000
Q37,97,0,2,0,0.000000,0.000000,0.000000,0.000000
Q37,92,0,2,0,0.000000,0.000000,0.000000,0.000000
Q37,93,0,2,0,0.000000,0.000000,0.000000,0.000000
Q37,94,0,2,0,0.000000,0.000000,0.000000,0.000000
Q37,87,0,2,0,0.000000,0.000000,0.000000,0.000000
Q38,3,0,1,0,0.000000,0.000000,0.000000,0.000000
Q38,4,0,1,0,0.000000,0.000000,0.000000,0.000000
Q37,99,0,2,0,0.000000,0.000000,0.000000,0.000000
Q38,2,0,1,0,0.000000,0.000000,0.000000,0.000000
Q38,5,0,1,0,0.000000,0.000000,0.000000,0.000000
Q37,89,0,2,0,0.000000,0.000000,0.000000,0.000000
Q37,100,0,2,0,0.000000,0.000000,0.000000,0.000000
Q38,6,0,1,0,0.000000,0.000000,0.000000,0.000000
Q38,1,0,1,0,0.000000,0.000000,0.000000,0.000000
Q37,90,0,2,0,0.000000,0.000000,0.000000,0.000000
Q37,91,0,2,0,0.000000,0.000000,0.000000,0.000000
Q37,95,0,2,0,0.000000,0.000000,0.000000,0.000000
Q38,9,0,1,0,0.000000,0.000000,0.000000,0.000000
Q38,11,0,1,0,0.000000,0.000000,0.000000,0.000000
Q37,84,0,2,0,0.000000,0.000000,0.000000,0.000000
Q38,12,0,1,0,0.000000,0.000000,0.000000,0.000000
Q38,8,0,1,0,0.000000,0.000000,0.000000,0.000000
Q38,10,0,1,0,0.000000,0.000000,0.000000,0.000000
Q38,13,0,1,0,0.000000,0.000000,0.000000,0.000000
Q38,19,0,1,0,0.000000,0.000000,0.000000,0.000000
Q38,17,0,1,0,0.000000,0.000000,0.000000,0.000000
Q38,20,0,1,0,0.000000,0.000000,0.000000,0.000000
Q38,24,0,1,0,0.000000,0.000000,0.000000,0.000000
Q38,22,0,1,0,0.000000,0.000000,0.000000,0.000000
Q38,23,0,1,0,0.000000,0.000000,0.000000,0.000000
Q38,18,0,1,0,0.000000,0.000000,0.000000,0.000000
Q38,7,0,1,0,0.000000,0.000000,0.000000,0.000000
Q38,14,0,1,0,0.000000,0.000000,0.000000,0.000000
Q38,16,0,1,0,0.000000,0.000000,0.000000,0.000000
Q38,29,0,1,0,0.000000,0.000000,0.000000,0.000000
Q38,21,0,1,0,0.000000,0.000000,0.000000,0.000000
Q38,28,0,1,0,0.000000,0.000000,0.000000,0.000000
Q38,31,0,1,0,0.000000,0.000000,0.000000,0.000000
Q38,32,0,1,0,0.000000,0.000000,0.000000,0.000000
Q38,26,0,1,0,0.000000,0.000000,0.000000,0.000000
Q38,25,0,1,0,0.000000,0.000000,0.000000,0.000000
Q38,30,1,1,0,0.000000,0.000000,0.000000,0.000000
Q38,34,0,1,0,0.000000,0.000000,0.000000,0.000000
Q38,15,0,1,0,0.000000,0.000000,0.000000,0.000000
Q38,33,0,1,0,0.000000,0.000000,0.000000,0.000000
Q38,35,0,1,0,0.000000,0.000000,0.000000,0.000000
Q38,27,0,1,0,0.000000,0.000000,0.000000,0.000000
Q38,41,0,1,0,0.000000,0.000000,0.000000,0.000000
Q38,36,0,1,0,0.000000,0.000000,0.000000,0.000000
Q38,38,0,1,0,0.000000,0.000000,0.000000,0.000000
Q38,40,0,1,0,0.000000,0.000000,0.000000,0.000000
Q38,44,0,1,0,0.000000,0.000000,0.000000,0.000000
Q38,39,0,1,0,0.000000,0.000000,0.000000,0.000000
Q38,42,0,1,0,0.000000,0.000000,0.000000,0.000000
Q38,50,0,1,0,0.000000,0.000000,0.000000,0.000000
Q38,37,1,1,0,0.000000,0.000000,0.000000,0.000000
Q38,53,0,1,0,0.000000,0.000000,0.000000,0.000000
Q38,54,0,1,0,0.000000,0.000000,0.000000,0.000000
Q38,52,0,1,0,0.000000,0.000000,0.000000,0.000000
Q38,49,0,1,0,0.000000,0.000000,0.000000,0.000000
Q38,51,0,1,0,0.000000,0.000000,0.000000,0.000000
Q38,48,1,1,0,0.000000,0.000000,0.000000,0.000000
Q38,46,0,1,0,0.000000,0.000000,0.000000,0.000000
Q38,47,1,1,0,0.000000,0.000000,0.000000,0.000000
Q38,55,0,1,0,0.000000,0.000000,0.000000,0.000000
Q38,56,1,1,0,0.000000,0.000000,0.000000,0.000000
Q38,45,0,1,0,0.000000,0.000000,0.000000,0.000000
Q38,43,0,1,0,0.000000,0.000000,0.000000,0.000000
Q38,57,0,1,0,0.000000,0.000000,0.000000,0.000000
Q38,58,0,1,0,0.000000,0.000000,0.000000,0.000000
Q38,59,0,1,0,0.000000,0.000000,0.000000,0.000000
Q38,60,0,1,0,0.000000,0.000000,0.000000,0.000000
Q38,62,0,1,0,0.000000,0.000000,0.000000,0.000000
Q38,61,0,1,0,0.000000,0.000000,0.000000,0.000000
Q38,63,0,1,0,0.000000,0.000000,0.000000,0.000000
Q38,68,0,1,0,0.000000,0.000000,0.000000,0.000000
Q38,69,0,1,0,0.000000,0.000000,0.000000,0.000000
Q38,70,0,1,0,0.000000,0.000000,0.000000,0.000000
Q38,66,0,1,0,0.000000,0.000000,0.000000,0.000000
Q38,71,0,1,0,0.000000,0.000000,0.000000,0.000000
Q38,65,0,1,0,0.000000,0.000000,0.000000,0.000000
Q38,67,0,1,0,0.000000,0.000000,0.000000,0.000000
Q38,72,0,1,0,0.000000,0.000000,0.000000,0.000000
Q38,77,0,1,0,0.000000,0.000000,0.000000,0.000000
Q38,73,0,1,0,0.000000,0.000000,0.000000,0.000000
Q38,64,0,1,0,0.000000,0.000000,0.000000,0.000000
Q38,79,0,1,0,0.000000,0.000000,0.000000,0.000000
Q38,80,0,1,0,0.000000,0.000000,0.000000,0.000000
Q38,78,0,1,0,0.000000,0.000000,0.000000,0.000000
Q38,82,0,1,0,0.000000,0.000000,0.000000,0.000000
Q38,83,0,1,0,0.000000,0.000000,0.000000,0.000000
Q38,85,0,1,0,0.000000,0.000000,0.000000,0.000000
Q38,75,1,1,0,0.000000,0.000000,0.000000,0.000000
Q38,81,0,1,0,0.000000,0.000000,0.000000,0.000000
Q38,88,0,1,0,0.000000,0.000000,0.000000,0.000000
Q38,90,1,1,0,0.000000,0.000000,0.000000,0.000000
Q38,92,0,1,0,0.000000,0.000000,0.000000,0.000000
Q38,87,0,1,0,0.000000,0.000000,0.000000,0.000000
Q38,91,0,1,0,0.000000,0.000000,0.000000,0.000000
Q38,84,0,1,0,0.000000,0.000000,0.000000,0.000000
Q38,95,0,1,0,0.000000,0.000000,0.000000,0.000000
Q38,86,0,1,0,0.000000,0.000000,0.000000,0.000000
Q38,96,1,1,0,0.000000,0.000000,0.000000,0.000000
Q38,94,0,1,0,0.000000,0.000000,0.000000,0.000000
Q38,98,0,1,0,0.000000,0.000000,0.000000,0.000000
Q38,97,0,1,0,0.000000,0.000000,0.000000,0.000000
Q38,99,0,1,0,0.000000,0.000000,0.000000,0.000000
Q38,93,0,1,0,0.000000,0.000000,0.000000,0.000000
Q39,1,0,1,0,0.000000,0.000000,0.000000,0.000000
Q39,3,0,1,0,0.000000,0.000000,0.000000,0.000000
Q39,5,0,1,0,0.000000,0.000000,0.000000,0.000000
Q39,4,0,1,0,0.000000,0.000000,0.000000,0.000000
Q39,2,0,1,0,0.000000,0.000000,0.000000,0.000000
Q38,76,0,1,0,0.000000,0.000000,0.000000,0.000000
Q38,74,0,1,0,0.000000,0.000000,0.000000,0.000000
Q39,6,0,1,0,0.000000,0.000000,0.000000,0.000000
Q39,7,0,1,0,0.000000,0.000000,0.000000,0.000000
Q39,9,0,1,0,0.000000,0.000000,0.000000,0.000000
Q39,8,0,1,0,0.000000,0.000000,0.000000,0.000000
Q39,11,0,1,0,0.000000,0.000000,0.000000,0.000000
Q38,89,0,1,0,0.000000,0.000000,0.000000,0.000000
Q39,12,0,1,0,0.000000,0.000000,0.000000,0.000000
Q39,10,0,1,0,0.000000,0.000000,0.000000,0.000000
Q39,15,0,1,0,0.000000,0.000000,0.000000,0.000000
Q39,17,0,1,0,0.000000,0.000000,0.000000,0.000000
Q39,14,0,1,0,0.000000,0.000000,0.000000,0.000000
Q38,100,0,1,0,0.000000,0.000000,0.000000,0.000000
Q39,23,0,1,0,0.000000,0.000000,0.000000,0.000000
Q39,26,0,1,0,0.000000,0.000000,0.000000,0.000000
Q39,27,0,1,0,0.000000,0.000000,0.000000,0.000000
Q39,21,0,1,0,0.000000,0.000000,0.000000,0.000000
Q39,16,0,1,0,0.000000,0.000000,0.000000,0.000000
Q39,24,0,1,0,0.000000,0.000000,0.000000,0.000000
Q39,22,0,1,0,0.000000,0.000000,0.000000,0.000000
Q39,28,0,1,0,0.000000,0.000000,0.000000,0.000000
Q39,20,0,1,0,0.000000,0.000000,0.000000,0.000000
Q39,29,0,1,0,0.000000,0.000000,0.000000,0.000000
Q39,30,0,1,0,0.000000,0.000000,0.000000,0.000000
Q39,31,0,1,0,0.000000,0.000000,0.000000,0.000000
Q39,34,0,1,0,0.000000,0.000000,0.000000,0.000000
Q39,32,0,1,0,0.000000,0.000000,0.000000,0.000000
Q39,35,0,1,0,0.000000,0.000000,0.000000,0.000000
Q39,25,0,1,0,0.000000,0.000000,0.000000,0.000000
Q39,19,0,1,0,0.000000,0.000000,0.000000,0.000000
Q39,39,0,1,0,0.000000,0.000000,0.000000,0.000000
Q39,38,0,1,0,0.000000,0.000000,0.000000,0.000000
Q39,18,0,1,0,0.000000,0.000000,0.000000,0.000000
Q39,33,0,1,0,0.000000,0.000000,0.000000,0.000000
Q39,43,0,1,0,0.000000,0.000000,0.000000,0.000000
Q39,41,0,1,0,0.000000,0.000000,0.000000,0.000000
Q39,42,0,1,0,0.000000,0.000000,0.000000,0.000000
Q39,44,0,1,0,0.000000,0.000000,0.000000,0.000000
Q39,37,0,1,0,0.000000,0.000000,0.000000,0.000000
Q39,40,0,1,0,0.000000,0.000000,0.000000,0.000000
Q39,45,0,1,0,0.000000,0.000000,0.000000,0.000000
Q39,47,0,1,0,0.000000,0.000000,0.000000,0.000000
Q39,50,0,1,0,0.000000,0.000000,0.000000,0.000000
Q39,48,0,1,0,0.000000,0.000000,0.000000,0.000000
Q39,49,0,1,0,0.000000,0.000000,0.000000,0.000000
Q39,13,0,1,0,0.000000,0.000000,0.000000,0.000000
Q39,51,0,1,0,0.000000,0.000000,0.000000,0.000000
Q39,46,0,1,0,0.000000,0.000000,0.000000,0.000000
Q39,52,0,1,0,0.000000,0.000000,0.000000,0.000000
Q39,57,0,1,0,0.000000,0.000000,0.000000,0.000000
Q39,55,0,1,0,0.000000,0.000000,0.000000,0.000000
Q39,59,0,1,0,0.000000,0.000000,0.000000,0.000000
Q39,58,0,1,0,0.000000,0.000000,0.000000,0.000000
Q39,62,0,1,0,0.000000,0.000000,0.000000,0.000000
Q39,63,0,1,0,0.000000,0.000000,0.000000,0.000000
Q39,60,0,1,0,0.000000,0.000000,0.000000,0.000000
Q39,53,0,1,0,0.000000,0.000000,0.000000,0.000000
Q39,65,0,1,0,0.000000,0.000000,0.000000,0.000000
Q39,36,0,1,0,0.000000,0.000000,0.000000,0.000000
Q39,54,0,1,0,0.000000,0.000000,0.000000,0.000000
Q39,66,0,1,0,0.000000,0.000000,0.000000,0.000000
Q39,68,0,1,0,0.000000,0.000000,0.000000,0.000000
Q39,56,0,1,0,0.000000,0.000000,0.000000,0.000000
Q39,70,0,1,0,0.000000,0.000000,0.000000,0.000000
Q39,71,0,1,0,0.000000,0.000000,0.000000,0.000000
Q39,72,0,1,0,0.000000,0.000000,0.000000,0.000000
Q39,67,0,1,0,0.000000,0.000000,0.000000,0.000000
Q39,69,0,1,0,0.000000,0.000000,0.000000,0.000000
Q39,75,0,1,0,0.000000,0.000000,0.000000,0.000000
Q39,61,0,1,0,0.000000,0.000000,0.000000,0.000000
Q39,74,0,1,0,0.000000,0.000000,0.000000,0.000000
Q39,77,0,1,0,0.000000,0.000000,0.000000,0.000000
Q39,79,0,1,0,0.000000,0.000000,0.000000,0.000000
Q39,80,0,1,0,0.000000,0.000000,0.000000,0.000000
Q39,78,0,1,0,0.000000,0.000000,0.000000,0.000000
Q39,82,0,1,0,0.000000,0.000000,0.000000,0.000000
Q39,76,0,1,0,0.000000,0.000000,0.000000,0.000000
Q39,73,0,1,0,0.000000,0.000000,0.000000,0.000000
Q39,84,0,1,0,0.000000,0.000000,0.000000,0.000000
Q39,90,0,1,0,0.000000,0.000000,0.000000,0.000000
Q39,88,0,1,0,0.000000,0.000000,0.000000,0.000000
Q39,87,0,1,0,0.000000,0.000000,0.000000,0.000000
Q39,89,0,1,0,0.000000,0.000000,0.000000,0.000000
Q39,64,0,1,0,0.000000,0.000000,0.000000,0.000000
Q39,86,0,1,0,0.000000,0.000000,0.000000,0.000000
Q39,92,0,1,0,0.000000,0.000000,0.000000,0.000000
Q39,94,0,1,0,0.000000,0.000000,0.000000,0.000000
Q39,93,0,1,0,0.000000,0.000000,0.000000,0.000000
Q39,91,0,1,0,0.000000,0.000000,0.000000,0.000000
Q39,96,0,1,0,0.000000,0.000000,0.000000,0.000000
Q40,1,1,2,0,0.000000,0.000000,0.000000,0.000000
Q39,97,0,1,0,0.000000,0.000000,0.000000,0.000000
Q39,95,0,1,0,0.000000,0.000000,0.000000,0.000000
Q39,98,0,1,0,0.000000,0.000000,0.000000,0.000000
Q39,99,0,1,0,0.000000,0.000000,0.000000,0.000000
Q39,81,0,1,0,0.000000,0.000000,0.000000,0.000000
Q39,83,0,1,0,0.000000,0.000000,0.000000,0.000000
Q39,85,0,1,0,0.000000,0.000000,0.000000,0.000000
Q40,4,1,2,0,0.000000,0.000000,0.000000,0.000000
Q40,5,1,2,0,0.000000,0.000000,0.000000,0.000000
Q39,100,0,1,0,0.000000,0.000000,0.000000,0.000000
Q40,6,1,2,0,0.000000,0.000000,0.000000,0.000000
Q40,3,1,2,0,0.000000,0.000000,0.000000,0.000000
Q40,9,1,2,0,0.000000,0.000000,0.000000,0.000000
Q40,10,1,2,0,0.000000,0.000000,0.000000,0.000000
Q40,8,1,2,0,0.000000,0.000000,0.000000,0.000000
Q40,14,1,2,0,0.000000,0.000000,0.000000,0.000000
Q40,2,1,2,0,0.000000,0.000000,0.000000,0.000000
Q40,7,2,2,1,0.333333,0.500000,0.500000,0.500000
Q40,15,1,2,0,0.000000,0.000000,0.000000,0.000000
Q40,12,2,2,1,0.333333,0.500000,0.500000,0.500000
Q40,11,1,2,0,0.000000,0.000000,0.000000,0.000000
Q40,13,2,2,1,0.333333,0.500000,0.500000,0.500000
Q40,18,1,2,0,0.000000,0.000000,0.000000,0.000000
Q40,16,1,2,0,0.000000,0.000000,0.000000,0.000000
Q40,22,1,2,0,0.000000,0.000000,0.000000,0.000000
Q40,23,1,2,0,0.000000,0.000000,0.000000,0.000000
Q40,25,1,2,0,0.000000,0.000000,0.000000,0.000000
Q40,24,1,2,0,0.000000,0.000000,0.000000,0.000000
Q40,20,1,2,0,0.000000,0.000000,0.000000,0.000000
Q40,21,1,2,0,0.000000,0.000000,0.000000,0.000000
Q40,17,1,2,0,0.000000,0.000000,0.000000,0.000000
Q40,28,1,2,0,0.000000,0.000000,0.000000,0.000000
Q40,27,1,2,0,0.000000,0.000000,0.000000,0.000000
Q40,29,1,2,0,0.000000,0.000000,0.000000,0.000000
Q40,26,1,2,0,0.000000,0.000000,0.000000,0.000000
Q40,19,1,2,0,0.000000,0.000000,0.000000,0.000000
Q40,32,0,2,0,0.000000,0.000000,0.000000,0.000000
Q40,30,1,2,0,0.000000,0.000000,0.000000,0.000000
Q40,35,1,2,0,0.000000,0.000000,0.000000,0.000000
Q40,31,2,2,0,0.000000,0.000000,0.000000,0.000000
Q40,36,1,2,0,0.000000,0.000000,0.000000,0.000000
Q40,33,1,2,0,0.000000,0.000000,0.000000,0.000000
Q40,40,1,2,0,0.000000,0.000000,0.000000,0.000000
Q40,38,1,2,0,0.000000,0.000000,0.000000,0.000000
Q40,44,1,2,0,0.000000,0.000000,0.000000,0.000000
Q40,41,2,2,1,0.333333,0.500000,0.500000,0.500000
Q40,37,1,2,0,0.000000,0.000000,0.000000,0.000000
Q40,45,1,2,0,0.000000,0.000000,0.000000,0.000000
Q40,34,1,2,0,0.000000,0.000000,0.000000,0.000000
Q40,39,2,2,1,0.333333,0.500000,0.500000,0.500000
Q40,42,1,2,0,0.000000,0.000000,0.000000,0.000000
Q40,47,1,2,0,0.000000,0.000000,0.000000,0.000000
Q40,48,1,2,0,0.000000,0.000000,0.000000,0.000000
Q40,51,1,2,0,0.000000,0.000000,0.000000,0.000000
Q40,50,1,2,0,0.000000,0.000000,0.000000,0.000000
Q40,49,2,2,1,0.333333,0.500000,0.500000,0.500000
Q40,53,1,2,0,0.000000,0.000000,0.000000,0.000000
Q40,46,2,2,1,0.333333,0.500000,0.500000,0.500000
Q40,52,2,2,0,0.000000,0.000000,0.000000,0.000000
Q40,58,1,2,0,0.000000,0.000000,0.000000,0.000000
Q40,57,1,2,0,0.000000,0.000000,0.000000,0.000000
Q40,55,2,2,1,0.333333,0.500000,0.500000,0.500000
Q40,54,1,2,0,0.000000,0.000000,0.000000,0.000000
Q40,60,1,2,0,0.000000,0.000000,0.000000,0.000000
Q40,63,1,2,0,0.000000,0.000000,0.000000,0.000000
Q40,61,1,2,0,0.000000,0.000000,0.000000,0.000000
Q40,43,1,2,0,0.000000,0.000000,0.000000,0.000000
Q40,56,1,2,0,0.000000,0.000000,0.000000,0.000000
Q40,62,2,2,1,0.333333,0.500000,0.500000,0.500000
Q40,66,1,2,0,0.000000,0.000000,0.000000,0.000000
Q40,64,2,2,1,0.333333,0.500000,0.500000,0.500000
Q40,68,1,2,0,0.000000,0.000000,0.000000,0.000000
Q40,70,1,2,0,0.000000,0.000000,0.000000,0.000000
Q40,67,2,2,1,0.333333,0.500000,0.500000,0.500000
Q40,69,1,2,0,0.000000,0.000000,0.000000,0.000000
Q40,71,1,2,0,0.000000,0.000000,0.000000,0.000000
Q40,72,1,2,0,0.000000,0.000000,0.000000,0.000000
Q40,73,1,2,0,0.000000,0.000000,0.000000,0.000000
Q40,59,2,2,1,0.333333,0.500000,0.500000,0.500000
Q40,75,1,2,0,0.000000,0.000000,0.000000,0.000000
Q40,65,1,2,0,0.000000,0.000000,0.000000,0.000000
Q40,74,1,2,0,0.000000,0.000000,0.000000,0.000000
Q40,77,1,2,0,0.000000,0.000000,0.000000,0.000000
Q40,78,1,2,0,0.000000,0.000000,0.000000,0.000000
Q40,79,1,2,0,0.000000,0.000000,0.000000,0.000000
Q40,81,1,2,0,0.000000,0.000000,0.000000,0.000000
Q40,82,1,2,0,0.000000,0.000000,0.000000,0.000000
Q40,76,1,2,0,0.000000,0.000000,0.000000,0.000000
Q40,80,1,2,0,0.000000,0.000000,0.000000,0.000000
Q40,84,1,2,0,0.000000,0.000000,0.000000,0.000000
Q40,85,1,2,0,0.000000,0.000000,0.000000,0.000000
Q40,87,1,2,0,0.000000,0.000000,0.000000,0.000000
Q40,86,1,2,0,0.000000,0.000000,0.000000,0.000000
Q40,83,2,2,0,0.000000,0.000000,0.000000,0.000000
Q40,88,1,2,0,0.000000,0.000000,0.000000,0.000000
Q40,90,1,2,0,0.000000,0.000000,0.000000,0.000000
Q40,91,1,2,0,0.000000,0.000000,0.000000,0.000000
Q40,89,1,2,0,0.000000,0.000000,0.000000,0.000000
Q40,97,1,2,0,0.000000,0.000000,0.000000,0.000000
Q40,93,1,2,0,0.000000,0.000000,0.000000,0.000000
Q40,94,1,2,0,0.000000,0.000000,0.000000,0.000000
Q40,96,1,2,0,0.000000,0.000000,0.000000,0.000000
Q40,95,1,2,0,0.000000,0.000000,0.000000,0.000000
Q41,2,0,1,0,0.000000,0.000000,0.000000,0.000000
Q41,1,0,1,0,0.000000,0.000000,0.000000,0.000000
Q40,99,1,2,0,0.000000,0.000000,0.000000,0.000000
Q41,3,0,1,0,0.000000,0.000000,0.000000,0.000000
Q41,5,0,1,0,0.000000,0.000000,0.000000,0.000000
Q40,92,1,2,0,0.000000,0.000000,0.000000,0.000000
Q40,100,1,2,0,0.000000,0.000000,0.000000,0.000000
Q40,98,1,2,0,0.000000,0.000000,0.000000,0.000000
Q41,9,0,1,0,0.000000,0.000000,0.000000,0.000000
Q41,10,0,1,0,0.000000,0.000000,0.000000,0.000000
Q41,8,0,1,0,0.000000,0.000000,0.000000,0.000000
Q41,6,0,1,0,0.000000,0.000000,0.000000,0.000000
Q41,4,0,1,0,0.000000,0.000000,0.000000,0.000000
Q41,19,0,1,0,0.000000,0.000000,0.000000,0.000000
Q41,11,0,1,0,0.000000,0.000000,0.000000,0.000000
Q41,14,1,1,0,0.000000,0.000000,0.000000,0.000000
Q41,22,0,1,0,0.000000,0.000000,0.000000,0.000000
Q41,15,0,1,0,0.000000,0.000000,0.000000,0.000000
Q41,17,0,1,0,0.000000,0.000000,0.000000,0.000000
Q41,18,0,1,0,0.000000,0.000000,0.000000,0.000000
Q41,20,0,1,0,0.000000,0.000000,0.000000,0.000000
Q41,12,0,1,0,0.000000,0.000000,0.000000,0.000000
Q41,13,0,1,0,0.000000,0.000000,0.000000,0.000000
Q41,21,0,1,0,0.000000,0.000000,0.000000,0.000000
Q41,16,0,1,0,0.000000,0.000000,0.000000,0.000000
Q41,23,0,1,0,0.000000,0.000000,0.000000,0.000000
Q41,25,0,1,0,0.000000,0.000000,0.000000,0.000000
Q41,26,0,1,0,0.000000,0.000000,0.000000,0.000000
Q41,24,0,1,0,0.000000,0.000000,0.000000,0.000000
Q41,28,0,1,0,0.000000,0.000000,0.000000,0.000000
Q41,27,0,1,0,0.000000,0.000000,0.000000,0.000000
Q41,31,0,1,0,0.000000,0.000000,0.000000,0.000000
Q41,30,0,1,0,0.000000,0.000000,0.000000,0.000000
Q41,7,0,1,0,0.000000,0.000000,0.000000,0.000000
Q41,29,0,1,0,0.000000,0.000000,0.000000,0.000000
Q41,34,0,1,0,0.000000,0.000000,0.000000,0.000000
Q41,32,0,1,0,0.000000,0.000000,0.000000,0.000000
Q41,42,0,1,0,0.000000,0.000000,0.000000,0.000000
Q41,40,0,1,0,0.000000,0.000000,0.000000,0.000000
Q41,33,0,1,0,0.000000,0.000000,0.000000,0.000000
Q41,38,0,1,0,0.000000,0.000000,0.000000,0.000000
Q41,46,0,1,0,0.000000,0.000000,0.000000,0.000000
Q41,45,0,1,0,0.000000,0.000000,0.000000,0.000000
Q41,39,0,1,0,0.000000,0.000000,0.000000,0.000000
Q41,43,0,1,0,0.000000,0.000000,0.000000,0.000000
Q41,44,0,1,0,0.000000,0.000000,0.000000,0.000000
Q41,41,0,1,0,0.000000,0.000000,0.000000,0.000000
Q41,48,0,1,0,0.000000,0.000000,0.000000,0.000000
Q41,49,0,1,0,0.000000,0.000000,0.000000,0.000000
Q41,51,0,1,0,0.000000,0.000000,0.000000,0.000000
Q41,36,0,1,0,0.000000,0.000000,0.000000,0.000000
Q41,50,0,1,0,0.000000,0.000000,0.000000,0.000000
Q41,47,0,1,0,0.000000,0.000000,0.000000,0.000000
Q41,54,0,1,0,0.000000,0.000000,0.000000,0.000000
Q41,52,0,1,0,0.000000,0.000000,0.000000,0.000000
Q41,53,0,1,0,0.000000,0.000000,0.000000,0.000000
Q41,56,0,1,0,0.000000,0.000000,0.000000,0.000000
Q41,57,0,1,0,0.000000,0.000000,0.000000,0.000000
Q41,55,0,1,0,0.000000,0.000000,0.000000,0.000000
Q41,37,0,1,0,0.000000,0.000000,0.000000,0.000000
Q41,60,0,1,0,0.000000,0.000000,0.000000,0.000000
Q41,61,0,1,0,0.000000,0.000000,0.000000,0.000000
Q41,59,0,1,0,0.000000,0.000000,0.000000,0.000000
Q41,64,0,1,0,0.000000,0.000000,0.000000,0.000000
Q41,65,0,1,0,0.000000,0.000000,0.000000,0.000000
Q41,66,0,1,0,0.000000,0.000000,0.000000,0.000000
Q41,67,0,1,0,0.000000,0.000000,0.000000,0.000000
Q41,71,0,1,0,0.000000,0.000000,0.000000,0.000000
Q41,70,0,1,0,0.000000,0.000000,0.000000,0.000000
Q41,63,0,1,0,0.000000,0.000000,0.000000,0.000000
Q41,58,0,1,0,0.000000,0.000000,0.000000,0.000000
Q41,62,0,1,0,0.000000,0.000000,0.000000,0.000000
Q41,68,0,1,0,0.000000,0.000000,0.000000,0.000000
Q41,72,0,1,0,0.000000,0.000000,0.000000,0.000000
Q41,74,0,1,0,0.000000,0.000000,0.000000,0.000000
Q41,73,0,1,0,0.000000,0.000000,0.000000,0.000000
Q41,79,0,1,0,0.000000,0.000000,0.000000,0.000000
Q41,77,0,1,0,0.000000,0.000000,0.000000,0.000000
Q41,78,0,1,0,0.000000,0.000000,0.000000,0.000000
Q41,81,0,1,0,0.000000,0.000000,0.000000,0.000000
Q41,80,0,1,0,0.000000,0.000000,0.000000,0.000000
Q41,35,0,1,0,0.000000,0.000000,0.000000,0.000000
Q41,84,0,1,0,0.000000,0.000000,0.000000,0.000000
Q41,82,0,1,0,0.000000,0.000000,0.000000,0.000000
Q41,86,0,1,0,0.000000,0.000000,0.000000,0.000000
Q41,75,0,1,0,0.000000,0.000000,0.000000,0.000000
Q41,83,0,1,0,0.000000,0.000000,0.000000,0.000000
Q41,88,0,1,0,0.000000,0.000000,0.000000,0.000000
Q41,89,0,1,0,0.000000,0.000000,0.000000,0.000000
Q41,76,0,1,0,0.000000,0.000000,0.000000,0.000000
Q41,69,0,1,0,0.000000,0.000000,0.000000,0.000000
Q41,87,0,1,0,0.000000,0.000000,0.000000,0.000000
Q41,91,0,1,0,0.000000,0.000000,0.000000,0.000000
Q41,93,0,1,0,0.000000,0.000000,0.000000,0.000000
Q41,98,0,1,0,0.000000,0.000000,0.000000,0.000000
Q42,1,0,1,0,0.000000,0.000000,0.000000,0.000000
Q41,99,0,1,0,0.000000,0.000000,0.000000,0.000000
Q41,97,0,1,0,0.000000,0.000000,0.000000,0.000000
Q41,90,0,1,0,0.000000,0.000000,0.000000,0.000000
Q41,95,0,1,0,0.000000,0.000000,0.000000,0.000000
Q42,2,0,1,0,0.000000,0.000000,0.000000,0.000000
Q41,96,0,1,0,0.000000,0.000000,0.000000,0.000000
Q42,5,0,1,0,0.000000,0.000000,0.000000,0.000000
Q42,7,0,1,0,0.000000,0.000000,0.000000,0.000000
Q42,3,0,1,0,0.000000,0.000000,0.000000,0.000000
Q41,92,0,1,0,0.000000,0.000000,0.000000,0.000000
Q42,8,0,1,0,0.000000,0.000000,0.000000,0.000000
Q41,85,0,1,0,0.000000,0.000000,0.000000,0.000000
Q42,9,0,1,0,0.000000,0.000000,0.000000,0.000000
Q42,12,0,1,0,0.000000,0.000000,0.000000,0.000000
Q42,11,0,1,0,0.000000,0.000000,0.000000,0.000000
Q42,13,0,1,0,0.000000,0.000000,0.000000,0.000000
Q42,4,0,1,0,0.000000,0.000000,0.000000,0.000000
Q41,100,0,1,0,0.000000,0.000000,0.000000,0.000000
Q42,6,0,1,0,0.000000,0.000000,0.000000,0.000000
Q41,94,0,1,0,0.000000,0.000000,0.000000,0.000000
Q42,16,0,1,0,0.000000,0.000000,0.000000,0.000000
Q42,15,1,1,0,0.000000,0.000000,0.000000,0.000000
Q42,18,0,1,0,0.000000,0.000000,0.000000,0.000000
Q42,17,0,1,0,0.000000,0.000000,0.000000,0.000000
Q42,19,0,1,0,0.000000,0.000000,0.000000,0.000000
Q42,20,0,1,0,0.000000,0.000000,0.000000,0.000000
Q42,21,0,1,0,0.000000,0.000000,0.000000,0.000000
Q42,26,0,1,0,0.000000,0.000000,0.000000,0.000000
Q42,14,0,1,0,0.000000,0.000000,0.000000,0.000000
Q42,10,1,1,0,0.000000,0.000000,0.000000,0.000000
Q42,22,0,1,0,0.000000,0.000000,0.000000,0.000000
Q42,23,0,1,0,0.000000,0.000000,0.000000,0.000000
Q42,29,0,1,0,0.000000,0.000000,0.000000,0.000000
Q42,28,0,1,0,0.000000,0.000000,0.000000,0.000000
Q42,30,0,1,0,0.000000,0.000000,0.000000,0.000000
Q42,31,0,1,0,0.000000,0.000000,0.000000,0.000000
Q42,32,0,1,0,0.000000,0.000000,0.000000,0.000000
Q42,34,0,1,0,0.000000,0.000000,0.000000,0.000000
Q42,35,0,1,0,0.000000,0.000000,0.000000,0.000000
Q42,36,0,1,0,0.000000,0.000000,0.000000,0.000000
Q42,38,0,1,0,0.000000,0.000000,0.000000,0.000000
Q42,37,0,1,0,0.000000,0.000000,0.000000,0.000000
Q42,40,0,1,0,0.000000,0.000000,0.000000,0.000000
Q42,25,0,1,0,0.000000,0.000000,0.000000,0.000000
Q42,24,0,1,0,0.000000,0.000000,0.000000,0.000000
Q42,33,0,1,0,0.000000,0.000000,0.000000,0.000000
Q42,41,0,1,0,0.000000,0.000000,0.000000,0.000000
Q42,27,0,1,0,0.000000,0.000000,0.000000,0.000000
Q42,43,0,1,0,0.000000,0.000000,0.000000,0.000000
Q42,42,0,1,0,0.000000,0.000000,0.000000,0.000000
Q42,39,0,1,0,0.000000,0.000000,0.000000,0.000000
Q42,44,1,1,0,0.000000,0.000000,0.000000,0.000000
Q42,45,0,1,0,0.000000,0.000000,0.000000,0.000000
Q42,48,0,1,0,0.000000,0.000000,0.000000,0.000000
Q42,46,0,1,0,0.000000,0.000000,0.000000,0.000000
Q42,47,0,1,0,0.000000,0.000000,0.000000,0.000000
Q42,55,0,1,0,0.000000,0.000000,0.000000,0.000000
Q42,50,0,1,0,0.000000,0.000000,0.000000,0.000000
Q42,51,0,1,0,0.000000,0.000000,0.000000,0.000000
Q42,57,0,1,0,0.000000,0.000000,0.000000,0.000000
Q42,54,0,1,0,0.000000,0.000000,0.000000,0.000000
Q42,56,0,1,0,0.000000,0.000000,0.000000,0.000000
Q42,58,0,1,0,0.000000,0.000000,0.000000,0.000000
Q42,61,1,1,0,0.000000,0.000000,0.000000,0.000000
Q42,60,0,1,0,0.000000,0.000000,0.000000,0.000000
Q42,65,0,1,0,0.000000,0.000000,0.000000,0.000000
Q42,59,1,1,0,0.000000,0.000000,0.000000,0.000000
Q42,66,0,1,0,0.000000,0.000000,0.000000,0.000000
Q42,62,0,1,0,0.000000,0.000000,0.000000,0.000000
Q42,49,0,1,0,0.000000,0.000000,0.000000,0.000000
Q42,67,0,1,0,0.000000,0.000000,0.000000,0.000000
Q42,52,0,1,0,0.000000,0.000000,0.000000,0.000000
Q42,68,0,1,0,0.000000,0.000000,0.000000,0.000000
Q42,70,0,1,0,0.000000,0.000000,0.000000,0.000000
Q42,64,0,1,0,0.000000,0.000000,0.000000,0.000000
Q42,71,0,1,0,0.000000,0.000000,0.000000,0.000000
Q42,72,0,1,0,0.000000,0.000000,0.000000,0.000000
Q42,73,0,1,0,0.000000,0.000000,0.000000,0.000000
Q42,69,0,1,0,0.000000,0.000000,0.000000,0.000000
Q42,63,2,1,0,0.000000,0.000000,0.000000,0.000000
Q42,53,0,1,0,0.000000,0.000000,0.000000,0.000000
Q42,79,0,1,0,0.000000,0.000000,0.000000,0.000000
Q42,78,0,1,0,0.000000,0.000000,0.000000,0.000000
Q42,77,0,1,0,0.000000,0.000000,0.000000,0.000000
Q42,74,0,1,0,0.000000,0.000000,0.000000,0.000000
Q42,80,0,1,0,0.000000,0.000000,0.000000,0.000000
Q42,81,0,1,0,0.000000,0.000000,0.000000,0.000000
Q42,83,0,1,0,0.000000,0.000000,0.000000,0.000000
Q42,89,1,1,0,0.000000,0.000000,0.000000,0.000000
Q42,92,0,1,0,0.000000,0.000000,0.000000,0.000000
Q42,84,0,1,0,0.000000,0.000000,0.000000,0.000000
Q42,85,0,1,0,0.000000,0.000000,0.000000,0.000000
Q42,86,0,1,0,0.000000,0.000000,0.000000,0.000000
Q42,87,1,1,0,0.000000,0.000000,0.000000,0.000000
Q42,93,0,1,0,0.000000,0.000000,0.000000,0.000000
Q42,76,0,1,0,0.000000,0.000000,0.000000,0.000000
Q42,96,0,1,0,0.000000,0.000000,0.000000,0.000000
Q42,91,0,1,0,0.000000,0.000000,0.000000,0.000000
Q42,82,1,1,0,0.000000,0.000000,0.000000,0.000000
Q42,75,0,1,0,0.000000,0.000000,0.000000,0.000000
Q42,99,0,1,0,0.000000,0.000000,0.000000,0.000000
Q42,98,0,1,0,0.000000,0.000000,0.000000,0.000000
Q42,97,0,1,0,0.000000,0.000000,0.000000,0.000000
Q42,88,0,1,0,0.000000,0.000000,0.000000,0.000000
Q42,90,0,1,0,0.000000,0.000000,0.000000,0.000000
Q42,94,0,1,0,0.000000,0.000000,0.000000,0.000000
Q42,95,1,1,0,0.000000,0.000000,0.000000,0.000000
Q43,1,0,1,0,0.000000,0.000000,0.000000,0.000000
Q43,3,0,1,0,0.000000,0.000000,0.000000,0.000000
Q43,7,0,1,0,0.000000,0.000000,0.000000,0.000000
Q43,8,0,1,0,0.000000,0.000000,0.000000,0.000000
Q43,4,1,1,0,0.000000,0.000000,0.000000,0.000000
Q43,5,2,1,0,0.000000,0.000000,0.000000,0.000000
Q42,100,0,1,0,0.000000,0.000000,0.000000,0.000000
Q43,2,0,1,0,0.000000,0.000000,0.000000,0.000000
Q43,10,0,1,0,0.000000,0.000000,0.000000,0.000000
Q43,13,0,1,0,0.000000,0.000000,0.000000,0.000000
Q43,15,0,1,0,0.000000,0.000000,0.000000,0.000000
Q43,18,0,1,0,0.000000,0.000000,0.000000,0.000000
Q43,17,0,1,0,0.000000,0.000000,0.000000,0.000000
Q43,16,0,1,0,0.000000,0.000000,0.000000,0.000000
Q43,14,0,1,0,0.000000,0.000000,0.000000,0.000000
Q43,12,0,1,0,0.000000,0.000000,0.000000,0.000000
Q43,20,0,1,0,0.000000,0.000000,0.000000,0.000000
Q43,9,0,1,0,0.000000,0.000000,0.000000,0.000000
Q43,6,0,1,0,0.000000,0.000000,0.000000,0.000000
Q43,22,0,1,0,0.000000,0.000000,0.000000,0.000000
Q43,23,0,1,0,0.000000,0.000000,0.000000,0.000000
Q43,25,0,1,0,0.000000,0.000000,0.000000,0.000000
Q43,27,0,1,0,0.000000,0.000000,0.000000,0.000000
Q43,29,0,1,0,0.000000,0.000000,0.000000,0.000000
Q43,26,0,1,0,0.000000,0.000000,0.000000,0.000000
Q43,19,0,1,0,0.000000,0.000000,0.000000,0.000000
Q43,28,0,1,0,0.000000,0.000000,0.000000,0.000000
Q43,24,0,1,0,0.000000,0.000000,0.000000,0.000000
Q43,21,0,1,0,0.000000,0.000000,0.000000,0.000000
Q43,11,1,1,0,0.000000,0.000000,0.000000,0.000000
Q43,30,0,1,0,0.000000,0.000000,0.000000,0.000000
Q43,31,0,1,0,0.000000,0.000000,0.000000,0.000000
Q43,38,0,1,0,0.000000,0.000000,0.000000,0.000000
Q43,37,0,1,0,0.000000,0.000000,0.000000,0.000000
Q43,41,0,1,0,0.000000,0.000000,0.000000,0.000000
Q43,40,0,1,0,0.000000,0.000000,0.000000,0.000000
Q43,39,0,1,0,0.000000,0.000000,0.000000,0.000000
Q43,35,0,1,0,0.000000,0.000000,0.000000,0.000000
Q43,43,0,1,0,0.000000,0.000000,0.000000,0.000000
Q43,42,0,1,0,0.000000,0.000000,0.000000,0.000000
Q43,44,0,1,0,0.000000,0.000000,0.000000,0.000000
Q43,45,0,1,0,0.000000,0.000000,0.000000,0.000000
Q43,46,0,1,0,0.000000,0.000000,0.000000,0.000000
Q43,49,0,1,0,0.000000,0.000000,0.000000,0.000000
Q43,34,0,1,0,0.000000,0.000000,0.000000,0.000000
Q43,53,0,1,0,0.000000,0.000000,0.000000,0.000000
Q43,48,0,1,0,0.000000,0.000000,0.000000,0.000000
Q43,50,0,1,0,0.000000,0.000000,0.000000,0.000000
Q43,36,0,1,0,0.000000,0.000000,0.000000,0.000000
Q43,51,0,1,0,0.000000,0.000000,0.000000,0.000000
Q43,47,0,1,0,0.000000,0.000000,0.000000,0.000000
Q43,32,0,1,0,0.000000,0.000000,0.000000,0.000000
Q43,56,0,1,0,0.000000,0.000000,0.000000,0.000000
Q43,59,0,1,0,0.000000,0.000000,0.000000,0.000000
Q43,61,0,1,0,0.000000,0.000000,0.000000,0.000000
Q43,52,0,1,0,0.000000,0.000000,0.000000,0.000000
Q43,54,0,1,0,0.000000,0.000000,0.000000,0.000000
Q43,60,0,1,0,0.000000,0.000000,0.000000,0.000000
Q43,62,0,1,0,0.000000,0.000000,0.000000,0.000000
Q43,55,2,1,0,0.000000,0.000000,0.000000,0.000000
Q43,57,0,1,0,0.000000,0.000000,0.000000,0.000000
Q43,63,0,1,0,0.000000,0.000000,0.000000,0.000000
Q43,66,0,1,0,0.000000,0.000000,0.000000,0.000000
Q43,64,0,1,0,0.000000,0.000000,0.000000,0.000000
Q43,69,1,1,0,0.000000,0.000000,0.000000,0.000000
Q43,71,0,1,0,0.000000,0.000000,0.000000,0.000000
Q43,75,0,1,0,0.000000,0.000000,0.000000,0.000000
Q43,72,0,1,0,0.000000,0.000000,0.000000,0.000000
Q43,65,0,1,0,0.000000,0.000000,0.000000,0.000000
Q43,70,0,1,0,0.000000,0.000000,0.000000,0.000000
Q43,33,0,1,0,0.000000,0.000000,0.000000,0.000000
Q43,76,0,1,0,0.000000,0.000000,0.000000,0.000000
Q43,67,0,1,0,0.000000,0.000000,0.000000,0.000000
Q43,73,0,1,0,0.000000,0.000000,0.000000,0.000000
Q43,68,0,1,0,0.000000,0.000000,0.000000,0.000000
Q43,74,0,1,0,0.000000,0.000000,0.000000,0.000000
Q43,79,0,1,0,0.000000,0.000000,0.000000,0.000000
Q43,78,0,1,0,0.000000,0.000000,0.000000,0.000000
Q43,81,0,1,0,0.000000,0.000000,0.000000,0.000000
Q43,80,0,1,0,0.000000,0.000000,0.000000,0.000000
Q43,82,0,1,0,0.000000,0.000000,0.000000,0.000000
Q43,77,0,1,0,0.000000,0.000000,0.000000,0.000000
Q43,58,0,1,0,0.000000,0.000000,0.000000,0.000000
Q43,89,0,1,0,0.000000,0.000000,0.000000,0.000000
Q43,84,0,1,0,0.000000,0.000000,0.000000,0.000000
Q43,83,2,1,0,0.000000,0.000000,0.000000,0.000000
Q43,90,0,1,0,0.000000,0.000000,0.000000,0.000000
Q43,91,0,1,0,0.000000,0.000000,0.000000,0.000000
Q43,87,0,1,0,0.000000,0.000000,0.000000,0.000000
Q43,99,0,1,0,0.000000,0.000000,0.000000,0.000000
Q43,100,0,1,0,0.000000,0.000000,0.000000,0.000000
Q43,94,0,1,0,0.000000,0.000000,0.000000,0.000000
Q43,93,0,1,0,0.000000,0.000000,0.000000,0.000000
Q43,98,0,1,0,0.000000,0.000000,0.000000,0.000000
Q43,97,0,1,0,0.000000,0.000000,0.000000,0.000000
Q43,85,0,1,0,0.000000,0.000000,0.000000,0.000000
Q43,96,0,1,0,0.000000,0.000000,0.000000,0.000000
Q43,92,0,1,0,0.000000,0.000000,0.000000,0.000000
Q43,95,0,1,0,0.000000,0.000000,0.000000,0.000000
Q43,88,0,1,0,0.000000,0.000000,0.000000,0.000000
Q44,1,2,1,0,0.000000,0.000000,0.000000,0.000000
Q43,86,0,1,0,0.000000,0.000000,0.000000,0.000000
Q44,7,0,1,0,0.000000,0.000000,0.000000,0.000000
Q44,3,1,1,0,0.000000,0.000000,0.000000,0.000000
Q44,6,1,1,0,0.000000,0.000000,0.000000,0.000000
Q44,2,1,1,0,0.000000,0.000000,0.000000,0.000000
Q44,4,1,1,0,0.000000,0.000000,0.000000,0.000000
Q44,5,1,1,0,0.000000,0.000000,0.000000,0.000000
Q44,8,1,1,0,0.000000,0.000000,0.000000,0.000000
Q44,9,1,1,0,0.000000,0.000000,0.000000,0.000000
Q44,10,1,1,0,0.000000,0.000000,0.000000,0.000000
Q44,11,1,1,0,0.000000,0.000000,0.000000,0.000000
Q44,12,1,1,0,0.000000,0.000000,0.000000,0.000000
Q44,14,2,1,0,0.000000,0.000000,0.000000,0.000000
Q44,24,1,1,0,0.000000,0.000000,0.000000,0.000000
Q44,23,1,1,0,0.000000,0.000000,0.000000,0.000000
Q44,13,1,1,0,0.000000,0.000000,0.000000,0.000000
Q44,22,1,1,0,0.000000,0.000000,0.000000,0.000000
Q44,18,1,1,0,0.000000,0.000000,0.000000,0.000000
Q44,20,1,1,0,0.000000,0.000000,0.000000,0.000000
Q44,25,1,1,0,0.000000,0.000000,0.000000,0.000000
Q44,17,2,1,0,0.000000,0.000000,0.000000,0.000000
Q44,19,1,1,0,0.000000,0.000000,0.000000,0.000000
Q44,27,1,1,0,0.000000,0.000000,0.000000,0.000000
Q44,21,1,1,0,0.000000,0.000000,0.000000,0.000000
Q44,26,1,1,0,0.000000,0.000000,0.000000,0.000000
Q44,29,1,1,0,0.000000,0.000000,0.000000,0.000000
Q44,28,1,1,0,0.000000,0.000000,0.000000,0.000000
Q44,32,1,1,0,0.000000,0.000000,0.000000,0.000000
Q44,30,1,1,0,0.000000,0.000000,0.000000,0.000000
Q44,31,1,1,0,0.000000,0.000000,0.000000,0.000000
Q44,16,1,1,0,0.000000,0.000000,0.000000,0.000000
Q44,35,1,1,0,0.000000,0.000000,0.000000,0.000000
Q44,33,1,1,0,0.000000,0.000000,0.000000,0.000000
Q44,34,1,1,0,0.000000,0.000000,0.000000,0.000000
Q44,15,2,1,0,0.000000,0.000000,0.000000,0.000000
Q44,36,1,1,0,0.000000,0.000000,0.000000,0.000000
Q44,37,1,1,0,0.000000,0.000000,0.000000,0.000000
Q44,38,2,1,0,0.000000,0.000000,0.000000,0.000000
Q44,43,1,1,0,0.000000,0.000000,0.000000,0.000000
Q44,42,1,1,0,0.000000,0.000000,0.000000,0.000000
Q44,39,1,1,0,0.000000,0.000000,0.000000,0.000000
Q44,40,1,1,0,0.000000,0.000000,0.000000,0.000000
Q44,41,2,1,0,0.000000,0.000000,0.000000,0.000000
Q44,44,1,1,0,0.000000,0.000000,0.000000,0.000000
Q44,47,1,1,0,0.000000,0.000000,0.000000,0.000000
Q44,48,1,1,0,0.000000,0.000000,0.000000,0.000000
Q44,51,1,1,0,0.000000,0.000000,0.000000,0.000000
Q44,45,1,1,0,0.000000,0.000000,0.000000,0.000000
Q44,49,2,1,0,0.000000,0.000000,0.000000,0.000000
Q44,46,1,1,0,0.000000,0.000000,0.000000,0.000000
Q44,50,1,1,0,0.000000,0.000000,0.000000,0.000000
Q44,53,2,1,0,0.000000,0.000000,0.000000,0.000000
Q44,56,1,1,0,0.000000,0.000000,0.000000,0.000000
Q44,52,1,1,0,0.000000,0.000000,0.000000,0.000000
Q44,54,1,1,0,0.000000,0.000000,0.000000,0.000000
Q44,55,1,1,0,0.000000,0.000000,0.000000,0.000000
Q44,61,1,1,0,0.000000,0.000000,0.000000,0.000000
Q44,60,1,1,0,0.000000,0.000000,0.000000,0.000000
Q44,64,1,1,0,0.000000,0.000000,0.000000,0.000000
Q44,65,1,1,0,0.000000,0.000000,0.000000,0.000000
Q44,58,2,1,0,0.000000,0.000000,0.000000,0.000000
Q44,59,1,1,0,0.000000,0.000000,0.000000,0.000000
Q44,57,1,1,0,0.000000,0.000000,0.000000,0.000000
Q44,62,2,1,0,0.000000,0.000000,0.000000,0.000000
Q44,66,2,1,0,0.000000,0.000000,0.000000,0.000000
Q44,68,1,1,0,0.000000,0.000000,0.000000,0.000000
Q44,67,1,1,0,0.000000,0.000000,0.000000,0.000000
Q44,63,1,1,0,0.000000,0.000000,0.000000,0.000000
Q44,71,1,1,0,0.000000,0.000000,0.000000,0.000000
Q44,70,1,1,0,0.000000,0.000000,0.000000,0.000000
Q44,69,1,1,0,0.000000,0.000000,0.000000,0.000000
Q44,72,1,1,0,0.000000,0.000000,0.000000,0.000000
Q44,74,1,1,0,0.000000,0.000000,0.000000,0.000000
Q44,76,1,1,0,0.000000,0.000000,0.000000,0.000000
Q44,77,1,1,0,0.000000,0.000000,0.000000,0.000000
Q44,73,1,1,0,0.000000,0.000000,0.000000,0.000000
Q44,75,1,1,0,0.000000,0.000000,0.000000,0.000000
Q44,79,1,1,0,0.000000,0.000000,0.000000,0.000000
Q44,80,1,1,0,0.000000,0.000000,0.000000,0.000000
Q44,78,1,1,0,0.000000,0.000000,0.000000,0.000000
Q44,81,1,1,0,0.000000,0.000000,0.000000,0.000000
Q44,83,1,1,0,0.000000,0.000000,0.000000,0.000000
Q44,82,1,1,0,0.000000,0.000000,0.000000,0.000000
Q44,84,1,1,0,0.000000,0.000000,0.000000,0.000000
Q44,86,1,1,0,0.000000,0.000000,0.000000,0.000000
Q44,85,2,1,0,0.000000,0.000000,0.000000,0.000000
Q44,87,1,1,0,0.000000,0.000000,0.000000,0.000000
Q44,90,1,1,0,0.000000,0.000000,0.000000,0.000000
Q44,88,2,1,0,0.000000,0.000000,0.000000,0.000000
Q44,89,2,1,0,0.000000,0.000000,0.000000,0.000000
Q44,93,1,1,0,0.000000,0.000000,0.000000,0.000000
Q44,92,1,1,0,0.000000,0.000000,0.000000,0.000000
Q44,95,1,1,0,0.000000,0.000000,0.000000,0.000000
Q44,98,1,1,0,0.000000,0.000000,0.000000,0.000000
Q44,91,1,1,0,0.000000,0.000000,0.000000,0.000000
Q44,97,1,1,0,0.000000,0.000000,0.000000,0.000000
Q45,1,0,2,0,0.000000,0.000000,0.000000,0.000000
Q44,94,2,1,0,0.000000,0.000000,0.000000,0.000000
Q45,3,0,2,0,0.000000,0.000000,0.000000,0.000000
Q45,2,0,2,0,0.000000,0.000000,0.000000,0.000000
Q44,99,1,1,0,0.000000,0.000000,0.000000,0.000000
Q44,96,2,1,0,0.000000,0.000000,0.000000,0.000000
Q44,100,1,1,0,0.000000,0.000000,0.000000,0.000000
Q45,8,0,2,0,0.000000,0.000000,0.000000,0.000000
Q45,6,0,2,0,0.000000,0.000000,0.000000,0.000000
Q45,13,0,2,0,0.000000,0.000000,0.000000,0.000000
Q45,9,0,2,0,0.000000,0.000000,0.000000,0.000000
Q45,14,0,2,0,0.000000,0.000000,0.000000,0.000000
Q45,12,0,2,0,0.000000,0.000000,0.000000,0.000000
Q45,5,0,2,0,0.000000,0.000000,0.000000,0.000000
Q45,11,0,2,0,0.000000,0.000000,0.000000,0.000000
Q45,7,0,2,0,0.000000,0.000000,0.000000,0.000000
Q45,16,0,2,0,0.000000,0.000000,0.000000,0.000000
Q45,17,0,2,0,0.000000,0.000000,0.000000,0.000000
Q45,19,0,2,0,0.000000,0.000000,0.000000,0.000000
Q45,15,0,2,0,0.000000,0.000000,0.000000,0.000000
Q45,20,0,2,0,0.000000,0.000000,0.000000,0.000000
Q45,21,0,2,0,0.000000,0.000000,0.000000,0.000000
Q45,23,0,2,0,0.000000,0.000000,0.000000,0.000000
Q45,10,0,2,0,0.000000,0.000000,0.000000,0.000000
Q45,4,0,2,0,0.000000,0.000000,0.000000,0.000000
Q45,27,0,2,0,0.000000,0.000000,0.000000,0.000000
Q45,22,0,2,0,0.000000,0.000000,0.000000,0.000000
Q45,32,0,2,0,0.000000,0.000000,0.000000,0.000000
Q45,33,0,2,0,0.000000,0.000000,0.000000,0.000000
Q45,18,0,2,0,0.000000,0.000000,0.000000,0.000000
Q45,25,0,2,0,0.000000,0.000000,0.000000,0.000000
Q45,28,0,2,0,0.000000,0.000000,0.000000,0.000000
Q45,26,0,2,0,0.000000,0.000000,0.000000,0.000000
Q45,34,0,2,0,0.000000,0.000000,0.000000,0.000000
Q45,31,0,2,0,0.000000,0.000000,0.000000,0.000000
Q45,35,0,2,0,0.000000,0.000000,0.000000,0.000000
Q45,29,0,2,0,0.000000,0.000000,0.000000,0.000000
Q45,37,0,2,0,0.000000,0.000000,0.000000,0.000000
Q45,38,0,2,0,0.000000,0.000000,0.000000,0.000000
Q45,36,0,2,0,0.000000,0.000000,0.000000,0.000000
Q45,40,0,2,0,0.000000,0.000000,0.000000,0.000000
Q45,30,0,2,0,0.000000,0.000000,0.000000,0.000000
Q45,24,0,2,0,0.000000,0.000000,0.000000,0.000000
Q45,45,0,2,0,0.000000,0.000000,0.000000,0.000000
Q45,48,0,2,0,0.000000,0.000000,0.000000,0.000000
Q45,46,0,2,0,0.000000,0.000000,0.000000,0.000000
Q45,47,0,2,0,0.000000,0.000000,0.000000,0.000000
Q45,42,1,2,0,0.000000,0.000000,0.000000,0.000000
Q45,44,0,2,0,0.000000,0.000000,0.000000,0.000000
Q45,43,0,2,0,0.000000,0.000000,0.000000,0.000000
Q45,55,0,2,0,0.000000,0.000000,0.000000,0.000000
Q45,39,0,2,0,0.000000,0.000000,0.000000,0.000000
Q45,52,0,2,0,0.000000,0.000000,0.000000,0.000000
Q45,53,0,2,0,0.000000,0.000000,0.000000,0.000000
Q45,54,0,2,0,0.000000,0.000000,0.000000,0.000000
Q45,56,0,2,0,0.000000,0.000000,0.000000,0.000000
Q45,57,0,2,0,0.000000,0.000000,0.000000,0.000000
Q45,60,0,2,0,0.000000,0.000000,0.000000,0.000000
Q45,58,0,2,0,0.000000,0.000000,0.000000,0.000000
Q45,63,0,2,0,0.000000,0.000000,0.000000,0.000000
Q45,41,0,2,0,0.000000,0.000000,0.000000,0.000000
Q45,59,0,2,0,0.000000,0.000000,0.000000,0.000000
Q45,61,0,2,0,0.000000,0.000000,0.000000,0.000000
Q45,64,0,2,0,0.000000,0.000000,0.000000,0.000000
Q45,65,0,2,0,0.000000,0.000000,0.000000,0.000000
Q45,67,0,2,0,0.000000,0.000000,0.000000,0.000000
Q45,62,0,2,0,0.000000,0.000000,0.000000,0.000000
Q45,69,0,2,0,0.000000,0.000000,0.000000,0.000000
Q45,68,0,2,0,0.000000,0.000000,0.000000,0.000000
Q45,70,0,2,0,0.000000,0.000000,0.000000,0.000000
Q45,72,0,2,0,0.000000,0.000000,0.000000,0.000000
Q45,71,0,2,0,0.000000,0.000000,0.000000,0.000000
Q45,66,0,2,0,0.000000,0.000000,0.000000,0.000000
Q45,74,0,2,0,0.000000,0.000000,0.000000,0.000000
Q45,73,0,2,0,0.000000,0.000000,0.000000,0.000000
Q45,76,0,2,0,0.000000,0.000000,0.000000,0.000000
Q45,75,0,2,0,0.000000,0.000000,0.000000,0.000000
Q45,78,0,2,0,0.000000,0.000000,0.000000,0.000000
Q45,77,0,2,0,0.000000,0.000000,0.000000,0.000000
Q45,79,0,2,0,0.000000,0.000000,0.000000,0.000000
Q45,51,0,2,0,0.000000,0.000000,0.000000,0.000000
Q45,81,0,2,0,0.000000,0.000000,0.000000,0.000000
Q45,49,0,2,0,0.000000,0.000000,0.000000,0.000000
Q45,84,0,2,0,0.000000,0.000000,0.000000,0.000000
Q45,50,0,2,0,0.000000,0.000000,0.000000,0.000000
Q45,88,0,2,0,0.000000,0.000000,0.000000,0.000000
Q45,82,0,2,0,0.000000,0.000000,0.000000,0.000000
Q45,80,0,2,0,0.000000,0.000000,0.000000,0.000000
Q45,90,0,2,0,0.000000,0.000000,0.000000,0.000000
Q45,89,0,2,0,0.000000,0.000000,0.000000,0.000000
Q45,96,0,2,0,0.000000,0.000000,0.000000,0.000000
Q45,91,0,2,0,0.000000,0.000000,0.000000,0.000000
Q45,86,0,2,0,0.000000,0.000000,0.000000,0.000000
Q45,87,0,2,0,0.000000,0.000000,0.000000,0.000000
Q45,92,0,2,0,0.000000,0.000000,0.000000,0.000000
Q45,99,0,2,0,0.000000,0.000000,0.000000,0.000000
Q45,94,0,2,0,0.000000,0.000000,0.000000,0.000000
Q45,100,0,2,0,0.000000,0.000000,0.000000,0.000000
Q45,98,0,2,0,0.000000,0.000000,0.000000,0.000000
Q45,97,0,2,0,0.000000,0.000000,0.000000,0.000000
Q45,93,0,2,0,0.000000,0.000000,0.000000,0.000000
Q46,2,0,1,0,0.000000,0.000000,0.000000,0.000000
Q45,95,0,2,0,0.000000,0.000000,0.000000,0.000000
Q45,85,0,2,0,0.000000,0.000000,0.000000,0.000000
Q46,4,0,1,0,0.000000,0.000000,0.000000,0.000000
Q46,5,0,1,0,0.000000,0.000000,0.000000,0.000000
Q46,1,1,1,0,0.000000,0.000000,0.000000,0.000000
Q46,3,0,1,0,0.000000,0.000000,0.000000,0.000000
Q45,83,0,2,0,0.000000,0.000000,0.000000,0.000000
Q46,8,0,1,0,0.000000,0.000000,0.000000,0.000000
Q46,6,0,1,0,0.000000,0.000000,0.000000,0.000000
Q46,11,0,1,0,0.000000,0.000000,0.000000,0.000000
Q46,12,0,1,0,0.000000,0.000000,0.000000,0.000000
Q46,14,0,1,0,0.000000,0.000000,0.000000,0.000000
Q46,7,0,1,0,0.000000,0.000000,0.000000,0.000000
Q46,17,1,1,0,0.000000,0.000000,0.000000,0.000000
Q46,20,0,1,0,0.000000,0.000000,0.000000,0.000000
Q46,22,0,1,0,0.000000,0.000000,0.000000,0.000000
Q46,19,1,1,0,0.000000,0.000000,0.000000,0.000000
Q46,23,0,1,0,0.000000,0.000000,0.000000,0.000000
Q46,18,0,1,0,0.000000,0.000000,0.000000,0.000000
Q46,25,0,1,0,0.000000,0.000000,0.000000,0.000000
Q46,13,0,1,0,0.000000,0.000000,0.000000,0.000000
Q46,21,0,1,0,0.000000,0.000000,0.000000,0.000000
Q46,27,0,1,0,0.000000,0.000000,0.000000,0.000000
Q46,26,1,1,0,0.000000,0.000000,0.000000,0.000000
Q46,29,0,1,0,0.000000,0.000000,0.000000,0.000000
Q46,24,0,1,0,0.000000,0.000000,0.000000,0.000000
Q46,31,1,1,0,0.000000,0.000000,0.000000,0.000000
Q46,32,0,1,0,0.000000,0.000000,0.000000,0.000000
Q46,9,0,1,0,0.000000,0.000000,0.000000,0.000000
Q46,15,0,1,0,0.000000,0.000000,0.000000,0.000000
Q46,28,1,1,0,0.000000,0.000000,0.000000,0.000000
Q46,16,0,1,0,0.000000,0.000000,0.000000,0.000000
Q46,34,0,1,0,0.000000,0.000000,0.000000,0.000000
Q46,33,0,1,0,0.000000,0.000000,0.000000,0.000000
Q46,36,0,1,0,0.000000,0.000000,0.000000,0.000000
Q46,10,0,1,0,0.000000,0.000000,0.000000,0.000000
Q46,35,0,1,0,0.000000,0.000000,0.000000,0.000000
Q46,40,0,1,0,0.000000,0.000000,0.000000,0.000000
Q46,38,1,1,0,0.000000,0.000000,0.000000,0.000000
Q46,39,1,1,0,0.000000,0.000000,0.000000,0.000000
Q46,43,0,1,0,0.000000,0.000000,0.000000,0.000000
Q46,46,0,1,0,0.000000,0.000000,0.000000,0.000000
Q46,30,0,1,0,0.000000,0.000000,0.000000,0.000000
Q46,48,0,1,0,0.000000,0.000000,0.000000,0.000000
Q46,37,0,1,0,0.000000,0.000000,0.000000,0.000000
Q46,49,0,1,0,0.000000,0.000000,0.000000,0.000000
Q46,41,0,1,0,0.000000,0.000000,0.000000,0.000000
Q46,45,0,1,0,0.000000,0.000000,0.000000,0.000000
Q46,51,0,1,0,0.000000,0.000000,0.000000,0.000000
Q46,52,0,1,0,0.000000,0.000000,0.000000,0.000000
Q46,44,0,1,0,0.000000,0.000000,0.000000,0.000000
Q46,50,0,1,0,0.000000,0.000000,0.000000,0.000000
Q46,42,0,1,0,0.000000,0.000000,0.000000,0.000000
Q46,54,0,1,0,0.000000,0.000000,0.000000,0.000000
Q46,53,1,1,0,0.000000,0.000000,0.000000,0.000000
Q46,57,0,1,0,0.000000,0.000000,0.000000,0.000000
Q46,56,1,1,0,0.000000,0.000000,0.000000,0.000000
Q46,47,0,1,0,0.000000,0.000000,0.000000,0.000000
Q46,60,0,1,0,0.000000,0.000000,0.000000,0.000000
Q46,61,0,1,0,0.000000,0.000000,0.000000,0.000000
Q46,55,0,1,0,0.000000,0.000000,0.000000,0.000000
Q46,59,1,1,0,0.000000,0.000000,0.000000,0.000000
Q46,62,0,1,0,0.000000,0.000000,0.000000,0.000000
Q46,72,0,1,0,0.000000,0.000000,0.000000,0.000000
Q46,63,0,1,0,0.000000,0.000000,0.000000,0.000000
Q46,68,0,1,0,0.000000,0.000000,0.000000,0.000000
Q46,69,0,1,0,0.000000,0.000000,0.000000,0.000000
Q46,71,0,1,0,0.000000,0.000000,0.000000,0.000000
Q46,67,0,1,0,0.000000,0.000000,0.000000,0.000000
Q46,70,0,1,0,0.000000,0.000000,0.000000,0.000000
Q46,75,0,1,0,0.000000,0.000000,0.000000,0.000000
Q46,58,0,1,0,0.000000,0.000000,0.000000,0.000000
Q46,65,0,1,0,0.000000,0.000000,0.000000,0.000000
Q46,77,0,1,0,0.000000,0.000000,0.000000,0.000000
Q46,74,0,1,0,0.000000,0.000000,0.000000,0.000000
Q46,80,0,1,0,0.000000,0.000000,0.000000,0.000000
Q46,64,0,1,0,0.000000,0.000000,0.000000,0.000000
Q46,79,0,1,0,0.000000,0.000000,0.000000,0.000000
Q46,82,0,1,0,0.000000,0.000000,0.000000,0.000000
Q46,78,0,1,0,0.000000,0.000000,0.000000,0.000000
Q46,84,0,1,0,0.000000,0.000000,0.000000,0.000000
Q46,81,0,1,0,0.000000,0.000000,0.000000,0.000000
Q46,76,0,1,0,0.000000,0.000000,0.000000,0.000000
Q46,66,0,1,0,0.000000,0.000000,0.000000,0.000000
Q46,87,0,1,0,0.000000,0.000000,0.000000,0.000000
Q46,85,1,1,0,0.000000,0.000000,0.000000,0.000000
Q46,89,0,1,0,0.000000,0.000000,0.000000,0.000000
Q46,86,0,1,0,0.000000,0.000000,0.000000,0.000000
Q46,88,0,1,0,0.000000,0.000000,0.000000,0.000000
Q46,90,0,1,0,0.000000,0.000000,0.000000,0.000000
Q46,73,0,1,0,0.000000,0.000000,0.000000,0.000000
Q46,93,1,1,0,0.000000,0.000000,0.000000,0.000000
Q46,95,0,1,0,0.000000,0.000000,0.000000,0.000000
Q46,91,0,1,0,0.000000,0.000000,0.000000,0.000000
Q47,2,0,1,0,0.000000,0.000000,0.000000,0.000000
Q46,96,0,1,0,0.000000,0.000000,0.000000,0.000000
Q46,98,0,1,0,0.000000,0.000000,0.000000,0.000000
Q46,97,0,1,0,0.000000,0.000000,0.000000,0.000000
Q46,94,0,1,0,0.000000,0.000000,0.000000,0.000000
Q47,3,0,1,0,0.000000,0.000000,0.000000,0.000000
Q47,4,0,1,0,0.000000,0.000000,0.000000,0.000000
Q47,7,0,1,0,0.000000,0.000000,0.000000,0.000000
Q47,5,0,1,0,0.000000,0.000000,0.000000,0.000000
Q47,6,0,1,0,0.000000,0.000000,0.000000,0.000000
Q46,100,0,1,0,0.000000,0.000000,0.000000,0.000000
Q47,9,0,1,0,0.000000,0.000000,0.000000,0.000000
Q47,8,0,1,0,0.000000,0.000000,0.000000,0.000000
Q46,99,0,1,0,0.000000,0.000000,0.000000,0.000000
Q47,10,0,1,0,0.000000,0.000000,0.000000,0.000000
Q47,11,0,1,0,0.000000,0.000000,0.000000,0.000000
Q47,12,0,1,0,0.000000,0.000000,0.000000,0.000000
Q47,15,0,1,0,0.000000,0.000000,0.000000,0.000000
Q47,16,0,1,0,0.000000,0.000000,0.000000,0.000000
Q47,17,0,1,0,0.000000,0.000000,0.000000,0.000000
Q46,92,0,1,0,0.000000,0.000000,0.000000,0.000000
Q46,83,0,1,0,0.000000,0.000000,0.000000,0.000000
Q47,20,0,1,0,0.000000,0.000000,0.000000,0.000000
Q47,21,0,1,0,0.000000,0.000000,0.000000,0.000000
Q47,23,0,1,0,0.000000,0.000000,0.000000,0.000000
Q47,13,0,1,0,0.000000,0.000000,0.000000,0.000000
Q47,26,0,1,0,0.000000,0.000000,0.000000,0.000000
Q47,1,0,1,0,0.000000,0.000000,0.000000,0.000000
Q47,27,0,1,0,0.000000,0.000000,0.000000,0.000000
Q47,28,0,1,0,0.000000,0.000000,0.000000,0.000000
Q47,24,0,1,0,0.000000,0.000000,0.000000,0.000000
Q47,14,0,1,0,0.000000,0.000000,0.000000,0.000000
Q47,25,0,1,0,0.000000,0.000000,0.000000,0.000000
Q47,35,0,1,0,0.000000,0.000000,0.000000,0.000000
Q47,19,0,1,0,0.000000,0.000000,0.000000,0.000000
Q47,31,0,1,0,0.000000,0.000000,0.000000,0.000000
Q47,38,0,1,0,0.000000,0.000000,0.000000,0.000000
Q47,29,1,1,0,0.000000,0.000000,0.000000,0.000000
Q47,37,0,1,0,0.000000,0.000000,0.000000,0.000000
Q47,36,0,1,0,0.000000,0.000000,0.000000,0.000000
Q47,33,0,1,0,0.000000,0.000000,0.000000,0.000000
Q47,32,0,1,0,0.000000,0.000000,0.000000,0.000000
Q47,34,0,1,0,0.000000,0.000000,0.000000,0.000000
Q47,22,0,1,0,0.000000,0.000000,0.000000,0.000000
Q47,39,0,1,0,0.000000,0.000000,0.000000,0.000000
Q47,40,0,1,0,0.000000,0.000000,0.000000,0.000000
Q47,30,0,1,0,0.000000,0.000000,0.000000,0.000000
Q47,41,0,1,0,0.000000,0.000000,0.000000,0.000000
Q47,43,0,1,0,0.000000,0.000000,0.000000,0.000000
Q47,44,0,1,0,0.000000,0.000000,0.000000,0.000000
Q47,48,0,1,0,0.000000,0.000000,0.000000,0.000000
Q47,42,0,1,0,0.000000,0.000000,0.000000,0.000000
Q47,18,0,1,0,0.000000,0.000000,0.000000,0.000000
Q47,49,0,1,0,0.000000,0.000000,0.000000,0.000000
Q47,50,0,1,0,0.000000,0.000000,0.000000,0.000000
Q47,45,0,1,0,0.000000,0.000000,0.000000,0.000000
Q47,52,0,1,0,0.000000,0.000000,0.000000,0.000000
Q47,46,0,1,0,0.000000,0.000000,0.000000,0.000000
Q47,51,0,1,0,0.000000,0.000000,0.000000,0.000000
Q47,56,0,1,0,0.000000,0.000000,0.000000,0.000000
Q47,53,0,1,0,0.000000,0.000000,0.000000,0.000000
Q47,59,0,1,0,0.000000,0.000000,0.000000,0.000000
Q47,60,0,1,0,0.000000,0.000000,0.000000,0.000000
Q47,55,0,1,0,0.000000,0.000000,0.000000,0.000000
Q47,63,0,1,0,0.000000,0.000000,0.000000,0.000000
Q47,47,0,1,0,0.000000,0.000000,0.000000,0.000000
Q47,62,0,1,0,0.000000,0.000000,0.000000,0.000000
Q47,65,0,1,0,0.000000,0.000000,0.000000,0.000000
Q47,66,0,1,0,0.000000,0.000000,0.000000,0.000000
Q47,70,0,1,0,0.000000,0.000000,0.000000,0.000000
Q47,68,0,1,0,0.000000,0.000000,0.000000,0.000000
Q47,61,0,1,0,0.000000,0.000000,0.000000,0.000000
Q47,72,0,1,0,0.000000,0.000000,0.000000,0.000000
Q47,54,0,1,0,0.000000,0.000000,0.000000,0.000000
Q47,67,0,1,0,0.000000,0.000000,0.000000,0.000000
Q47,69,0,1,0,0.000000,0.000000,0.000000,0.000000
Q47,57,0,1,0,0.000000,0.000000,0.000000,0.000000
Q47,58,0,1,0,0.000000,0.000000,0.000000,0.000000
Q47,73,0,1,0,0.000000,0.000000,0.000000,0.000000
Q47,64,0,1,0,0.000000,0.000000,0.000000,0.000000
Q47,74,0,1,0,0.000000,0.000000,0.000000,0.000000
Q47,75,0,1,0,0.000000,0.000000,0.000000,0.000000
Q47,76,0,1,0,0.000000,0.000000,0.000000,0.000000
Q47,80,0,1,0,0.000000,0.000000,0.000000,0.000000
Q47,79,0,1,0,0.000000,0.000000,0.000000,0.000000
Q47,71,0,1,0,0.000000,0.000000,0.000000,0.000000
Q47,82,0,1,0,0.000000,0.000000,0.000000,0.000000
Q47,83,0,1,0,0.000000,0.000000,0.000000,0.000000
Q47,81,0,1,0,0.000000,0.000000,0.000000,0.000000
Q47,78,0,1,0,0.000000,0.000000,0.000000,0.000000
Q47,84,0,1,0,0.000000,0.000000,0.000000,0.000000
Q47,77,0,1,0,0.000000,0.000000,0.000000,0.000000
Q47,86,0,1,0,0.000000,0.000000,0.000000,0.000000
Q47,87,0,1,0,0.000000,0.000000,0.000000,0.000000
Q47,90,0,1,0,0.000000,0.000000,0.000000,0.000000
Q47,92,0,1,0,0.000000,0.000000,0.000000,0.000000
Q47,89,0,1,0,0.000000,0.000000,0.000000,0.000000
Q47,93,0,1,0,0.000000,0.000000,0.000000,0.000000
Q47,98,0,1,0,0.000000,0.000000,0.000000,0.000000
Q47,85,0,1,0,0.000000,0.000000,0.000000,0.000000
Q47,94,0,1,0,0.000000,0.000000,0.000000,0.000000
Q47,95,0,1,0,0.000000,0.000000,0.000000,0.000000
Q47,99,0,1,0,0.000000,0.000000,0.000000,0.000000
Q47,97,0,1,0,0.000000,0.000000,0.000000,0.000000
Q48,4,1,2,0,0.000000,0.000000,0.000000,0.000000
Q48,1,1,2,0,0.000000,0.000000,0.000000,0.000000
Q47,91,0,1,0,0.000000,0.000000,0.000000,0.000000
Q48,5,1,2,0,0.000000,0.000000,0.000000,0.000000
Q47,96,0,1,0,0.000000,0.000000,0.000000,0.000000
Q48,3,2,2,0,0.000000,0.000000,0.000000,0.000000
Q48,6,1,2,0,0.000000,0.000000,0.000000,0.000000
Q48,9,1,2,0,0.000000,0.000000,0.000000,0.000000
Q47,100,0,1,0,0.000000,0.000000,0.000000,0.000000
Q48,12,0,2,0,0.000000,0.000000,0.000000,0.000000
Q48,11,1,2,0,0.000000,0.000000,0.000000,0.000000
Q48,8,1,2,0,0.000000,0.000000,0.000000,0.000000
Q48,2,1,2,0,0.000000,0.000000,0.000000,0.000000
Q48,13,1,2,0,0.000000,0.000000,0.000000,0.000000
Q48,7,1,2,0,0.000000,0.000000,0.000000,0.000000
Q47,88,0,1,0,0.000000,0.000000,0.000000,0.000000
Q48,16,2,2,0,0.000000,0.000000,0.000000,0.000000
Q48,10,1,2,0,0.000000,0.000000,0.000000,0.000000
Q48,17,1,2,0,0.000000,0.000000,0.000000,0.000000
Q48,18,1,2,0,0.000000,0.000000,0.000000,0.000000
Q48,14,1,2,0,0.000000,0.000000,0.000000,0.000000
Q48,22,0,2,0,0.000000,0.000000,0.000000,0.000000
Q48,20,1,2,1,0.500000,1.000000,0.500000,0.666667
Q48,19,2,2,1,0.333333,0.500000,0.500000,0.500000
Q48,26,1,2,0,0.000000,0.000000,0.000000,0.000000
Q48,27,1,2,0,0.000000,0.000000,0.000000,0.000000
Q48,28,1,2,0,0.000000,0.000000,0.000000,0.000000
Q48,24,1,2,1,0.500000,1.000000,0.500000,0.666667
Q48,15,2,2,0,0.000000,0.000000,0.000000,0.000000
Q48,33,1,2,0,0.000000,0.000000,0.000000,0.000000
Q48,29,1,2,0,0.000000,0.000000,0.000000,0.000000
Q48,23,1,2,0,0.000000,0.000000,0.000000,0.000000
Q48,31,1,2,0,0.000000,0.000000,0.000000,0.000000
Q48,32,2,2,0,0.000000,0.000000,0.000000,0.000000
Q48,30,0,2,0,0.000000,0.000000,0.000000,0.000000
Q48,37,0,2,0,0.000000,0.000000,0.000000,0.000000
Q48,36,2,2,0,0.000000,0.000000,0.000000,0.000000
Q48,25,1,2,0,0.000000,0.000000,0.000000,0.000000
Q48,38,1,2,0,0.000000,0.000000,0.000000,0.000000
Q48,35,2,2,0,0.000000,0.000000,0.000000,0.000000
Q48,42,0,2,0,0.000000,0.000000,0.000000,0.000000
Q48,40,2,2,1,0.333333,0.500000,0.500000,0.500000
Q48,44,1,2,0,0.000000,0.000000,0.000000,0.000000
Q48,39,1,2,0,0.000000,0.000000,0.000000,0.000000
Q48,43,1,2,0,0.000000,0.000000,0.000000,0.000000
Q48,21,0,2,0,0.000000,0.000000,0.000000,0.000000
Q48,45,2,2,1,0.333333,0.500000,0.500000,0.500000
Q48,48,0,2,0,0.000000,0.000000,0.000000,0.000000
Q48,41,1,2,0,0.000000,0.000000,0.000000,0.000000
Q48,34,1,2,0,0.000000,0.000000,0.000000,0.000000
Q48,52,1,2,0,0.000000,0.000000,0.000000,0.000000
Q48,50,1,2,0,0.000000,0.000000,0.000000,0.000000
Q48,46,1,2,0,0.000000,0.000000,0.000000,0.000000
Q48,57,0,2,0,0.000000,0.000000,0.000000,0.000000
Q48,49,1,2,0,0.000000,0.000000,0.000000,0.000000
Q48,51,1,2,1,0.500000,1.000000,0.500000,0.666667
Q48,54,2,2,0,0.000000,0.000000,0.000000,0.000000
Q48,56,1,2,1,0.500000,1.000000,0.500000,0.666667
Q48,55,2,2,0,0.000000,0.000000,0.000000,0.000000
Q48,47,1,2,0,0.000000,0.000000,0.000000,0.000000
Q48,58,1,2,0,0.000000,0.000000,0.000000,0.000000
Q48,53,1,2,0,0.000000,0.000000,0.000000,0.000000
Q48,64,0,2,0,0.000000,0.000000,0.000000,0.000000
Q48,61,1,2,0,0.000000,0.000000,0.000000,0.000000
Q48,62,1,2,0,0.000000,0.000000,0.000000,0.000000
Q48,59,0,2,0,0.000000,0.000000,0.000000,0.000000
Q48,65,1,2,0,0.000000,0.000000,0.000000,0.000000
Q48,60,1,2,0,0.000000,0.000000,0.000000,0.000000
Q48,70,1,2,0,0.000000,0.000000,0.000000,0.000000
Q48,66,0,2,0,0.000000,0.000000,0.000000,0.000000
Q48,69,1,2,0,0.000000,0.000000,0.000000,0.000000
Q48,67,1,2,0,0.000000,0.000000,0.000000,0.000000
Q48,75,0,2,0,0.000000,0.000000,0.000000,0.000000
Q48,68,2,2,0,0.000000,0.000000,0.000000,0.000000
Q48,71,2,2,0,0.000000,0.000000,0.000000,0.000000
Q48,76,1,2,0,0.000000,0.000000,0.000000,0.000000
Q48,63,1,2,0,0.000000,0.000000,0.000000,0.000000
Q48,77,1,2,0,0.000000,0.000000,0.000000,0.000000
Q48,74,2,2,1,0.333333,0.500000,0.500000,0.500000
Q48,72,2,2,0,0.000000,0.000000,0.000000,0.000000
Q48,79,1,2,1,0.500000,1.000000,0.500000,0.666667
Q48,78,2,2,0,0.000000,0.000000,0.000000,0.000000
Q48,80,1,2,0,0.000000,0.000000,0.000000,0.000000
Q48,81,1,2,0,0.000000,0.000000,0.000000,0.000000
Q48,83,1,2,0,0.000000,0.000000,0.000000,0.000000
Q48,84,1,2,1,0.500000,1.000000,0.500000,0.666667
Q48,86,0,2,0,0.000000,0.000000,0.000000,0.000000
Q48,73,1,2,0,0.000000,0.000000,0.000000,0.000000
Q48,82,2,2,1,0.333333,0.500000,0.500000,0.500000
Q48,87,1,2,0,0.000000,0.000000,0.000000,0.000000
Q48,85,1,2,0,0.000000,0.000000,0.000000,0.000000
Q48,88,1,2,0,0.000000,0.000000,0.000000,0.000000
Q48,92,1,2,0,0.000000,0.000000,0.000000,0.000000
Q48,91,1,2,0,0.000000,0.000000,0.000000,0.000000
Q48,93,1,2,0,0.000000,0.000000,0.000000,0.000000
Q48,95,0,2,0,0.000000,0.000000,0.000000,0.000000
Q48,89,2,2,1,0.333333,0.500000,0.500000,0.500000
Q48,94,2,2,0,0.000000,0.000000,0.000000,0.000000
Q48,97,1,2,0,0.000000,0.000000,0.000000,0.000000
Q48,96,1,2,0,0.000000,0.000000,0.000000,0.000000
Q48,90,2,2,1,0.333333,0.500000,0.500000,0.500000
Q49,1,0,7,0,0.000000,0.000000,0.000000,0.000000
Q49,3,0,7,0,0.000000,0.000000,0.000000,0.000000
Q49,8,0,7,0,0.000000,0.000000,0.000000,0.000000
Q49,5,0,7,0,0.000000,0.000000,0.000000,0.000000
Q49,4,0,7,0,0.000000,0.000000,0.000000,0.000000
Q49,9,0,7,0,0.000000,0.000000,0.000000,0.000000
Q48,99,1,2,0,0.000000,0.000000,0.000000,0.000000
Q49,10,0,7,0,0.000000,0.000000,0.000000,0.000000
Q49,11,0,7,0,0.000000,0.000000,0.000000,0.000000
Q49,2,0,7,0,0.000000,0.000000,0.000000,0.000000
Q49,6,0,7,0,0.000000,0.000000,0.000000,0.000000
Q49,15,0,7,0,0.000000,0.000000,0.000000,0.000000
Q49,14,0,7,0,0.000000,0.000000,0.000000,0.000000
Q49,7,0,7,0,0.000000,0.000000,0.000000,0.000000
Q49,13,0,7,0,0.000000,0.000000,0.000000,0.000000
Q48,98,2,2,0,0.000000,0.000000,0.000000,0.000000
Q49,18,0,7,0,0.000000,0.000000,0.000000,0.000000
Q49,19,0,7,0,0.000000,0.000000,0.000000,0.000000
Q49,20,0,7,0,0.000000,0.000000,0.000000,0.000000
Q48,100,0,2,0,0.000000,0.000000,0.000000,0.000000
Q49,16,0,7,0,0.000000,0.000000,0.000000,0.000000
Q49,12,0,7,0,0.000000,0.000000,0.000000,0.000000
Q49,17,0,7,0,0.000000,0.000000,0.000000,0.000000
Q49,24,0,7,0,0.000000,0.000000,0.000000,0.000000
Q49,30,0,7,0,0.000000,0.000000,0.000000,0.000000
Q49,23,0,7,0,0.000000,0.000000,0.000000,0.000000
Q49,29,0,7,0,0.000000,0.000000,0.000000,0.000000
Q49,32,0,7,0,0.000000,0.000000,0.000000,0.000000
Q49,27,0,7,0,0.000000,0.000000,0.000000,0.000000
Q49,26,0,7,0,0.000000,0.000000,0.000000,0.000000
Q49,33,0,7,0,0.000000,0.000000,0.000000,0.000000
Q49,22,0,7,0,0.000000,0.000000,0.000000,0.000000
Q49,35,0,7,0,0.000000,0.000000,0.000000,0.000000
Q49,34,0,7,0,0.000000,0.000000,0.000000,0.000000
Q49,28,0,7,0,0.000000,0.000000,0.000000,0.000000
Q49,36,0,7,0,0.000000,0.000000,0.000000,0.000000
Q49,38,0,7,0,0.000000,0.000000,0.000000,0.000000
Q49,40,0,7,0,0.000000,0.000000,0.000000,0.000000
Q49,39,0,7,0,0.000000,0.000000,0.000000,0.000000
Q49,25,0,7,0,0.000000,0.000000,0.000000,0.000000
Q49,42,0,7,0,0.000000,0.000000,0.000000,0.000000
Q49,21,0,7,0,0.000000,0.000000,0.000000,0.000000
Q49,44,0,7,0,0.000000,0.000000,0.000000,0.000000
Q49,37,0,7,0,0.000000,0.000000,0.000000,0.000000
Q49,49,0,7,0,0.000000,0.000000,0.000000,0.000000
Q49,41,0,7,0,0.000000,0.000000,0.000000,0.000000
Q49,43,0,7,0,0.000000,0.000000,0.000000,0.000000
Q49,52,0,7,0,0.000000,0.000000,0.000000,0.000000
Q49,48,0,7,0,0.000000,0.000000,0.000000,0.000000
Q49,56,0,7,0,0.000000,0.000000,0.000000,0.000000
Q49,47,0,7,0,0.000000,0.000000,0.000000,0.000000
Q49,31,0,7,0,0.000000,0.000000,0.000000,0.000000
Q49,50,0,7,0,0.000000,0.000000,0.000000,0.000000
Q49,53,0,7,0,0.000000,0.000000,0.000000,0.000000
Q49,57,0,7,0,0.000000,0.000000,0.000000,0.000000
Q49,45,0,7,0,0.000000,0.000000,0.000000,0.000000
Q49,51,0,7,0,0.000000,0.000000,0.000000,0.000000
Q49,60,0,7,0,0.000000,0.000000,0.000000,0.000000
Q49,59,0,7,0,0.000000,0.000000,0.000000,0.000000
Q49,54,0,7,0,0.000000,0.000000,0.000000,0.000000
Q49,62,0,7,0,0.000000,0.000000,0.000000,0.000000
Q49,55,0,7,0,0.000000,0.000000,0.000000,0.000000
Q49,46,0,7,0,0.000000,0.000000,0.000000,0.000000
Q49,64,0,7,0,0.000000,0.000000,0.000000,0.000000
Q49,61,0,7,0,0.000000,0.000000,0.000000,0.000000
Q49,65,0,7,0,0.000000,0.000000,0.000000,0.000000
Q49,63,0,7,0,0.000000,0.000000,0.000000,0.000000
Q49,66,0,7,0,0.000000,0.000000,0.000000,0.000000
Q49,58,0,7,0,0.000000,0.000000,0.000000,0.000000
Q49,69,0,7,0,0.000000,0.000000,0.000000,0.000000
Q49,68,0,7,0,0.000000,0.000000,0.000000,0.000000
Q49,71,0,7,0,0.000000,0.000000,0.000000,0.000000
Q49,74,0,7,0,0.000000,0.000000,0.000000,0.000000
Q49,76,0,7,0,0.000000,0.000000,0.000000,0.000000
Q49,72,0,7,0,0.000000,0.000000,0.000000,0.000000
Q49,75,0,7,0,0.000000,0.000000,0.000000,0.000000
Q49,78,0,7,0,0.000000,0.000000,0.000000,0.000000
Q49,80,0,7,0,0.000000,0.000000,0.000000,0.000000
Q49,70,0,7,0,0.000000,0.000000,0.000000,0.000000
Q49,67,0,7,0,0.000000,0.000000,0.000000,0.000000
Q49,73,0,7,0,0.000000,0.000000,0.000000,0.000000
Q49,82,0,7,0,0.000000,0.000000,0.000000,0.000000
Q49,86,0,7,0,0.000000,0.000000,0.000000,0.000000
Q49,77,0,7,0,0.000000,0.000000,0.000000,0.000000
Q49,87,0,7,0,0.000000,0.000000,0.000000,0.000000
Q49,84,0,7,0,0.000000,0.000000,0.000000,0.000000
Q49,79,0,7,0,0.000000,0.000000,0.000000,0.000000
Q49,92,0,7,0,0.000000,0.000000,0.000000,0.000000
Q49,91,0,7,0,0.000000,0.000000,0.000000,0.000000
Q49,89,0,7,0,0.000000,0.000000,0.000000,0.000000
Q49,93,0,7,0,0.000000,0.000000,0.000000,0.000000
Q49,95,0,7,0,0.000000,0.000000,0.000000,0.000000
Q49,96,0,7,0,0.000000,0.000000,0.000000,0.000000
Q49,88,0,7,0,0.000000,0.000000,0.000000,0.000000
Q49,100,0,7,0,0.000000,0.000000,0.000000,0.000000
Q49,97,0,7,0,0.000000,0.000000,0.000000,0.000000
Q50,1,2,1,0,0.000000,0.000000,0.000000,0.000000
Q49,99,0,7,0,0.000000,0.000000,0.000000,0.000000
Q49,83,0,7,0,0.000000,0.000000,0.000000,0.000000
Q49,98,1,7,0,0.000000,0.000000,0.000000,0.000000
Q49,94,0,7,0,0.000000,0.000000,0.000000,0.000000
Q50,4,1,1,0,0.000000,0.000000,0.000000,0.000000
Q50,3,1,1,0,0.000000,0.000000,0.000000,0.000000
Q50,2,2,1,0,0.000000,0.000000,0.000000,0.000000
Q50,6,1,1,0,0.000000,0.000000,0.000000,0.000000
Q50,5,1,1,0,0.000000,0.000000,0.000000,0.000000
Q49,81,0,7,0,0.000000,0.000000,0.000000,0.000000
Q49,85,0,7,0,0.000000,0.000000,0.000000,0.000000
Q50,7,2,1,0,0.000000,0.000000,0.000000,0.000000
Q50,8,2,1,0,0.000000,0.000000,0.000000,0.000000
Q50,12,1,1,0,0.000000,0.000000,0.000000,0.000000
Q50,11,1,1,0,0.000000,0.000000,0.000000,0.000000
Q50,9,1,1,0,0.000000,0.000000,0.000000,0.000000
Q50,13,1,1,0,0.000000,0.000000,0.000000,0.000000
Q50,18,1,1,0,0.000000,0.000000,0.000000,0.000000
Q50,14,1,1,0,0.000000,0.000000,0.000000,0.000000
Q50,19,1,1,0,0.000000,0.000000,0.000000,0.000000
Q50,17,1,1,0,0.000000,0.000000,0.000000,0.000000
Q50,20,1,1,0,0.000000,0.000000,0.000000,0.000000
Q50,22,1,1,0,0.000000,0.000000,0.000000,0.000000
Q50,23,1,1,0,0.000000,0.000000,0.000000,0.000000
Q50,15,2,1,0,0.000000,0.000000,0.000000,0.000000
Q50,21,2,1,0,0.000000,0.000000,0.000000,0.000000
Q50,16,2,1,0,0.000000,0.000000,0.000000,0.000000
Q50,25,1,1,0,0.000000,0.000000,0.000000,0.000000
Q50,24,1,1,0,0.000000,0.000000,0.000000,0.000000
Q50,27,1,1,0,0.000000,0.000000,0.000000,0.000000
Q49,90,0,7,0,0.000000,0.000000,0.000000,0.000000
Q50,30,1,1,0,0.000000,0.000000,0.000000,0.000000
Q50,28,1,1,0,0.000000,0.000000,0.000000,0.000000
Q50,29,1,1,0,0.000000,0.000000,0.000000,0.000000
Q50,32,1,1,0,0.000000,0.000000,0.000000,0.000000
Q50,33,2,1,0,0.000000,0.000000,0.000000,0.000000
Q50,35,1,1,0,0.000000,0.000000,0.000000,0.000000
Q50,39,1,1,0,0.000000,0.000000,0.000000,0.000000
Q50,34,1,1,0,0.000000,0.000000,0.000000,0.000000
Q50,31,1,1,0,0.000000,0.000000,0.000000,0.000000
Q50,36,2,1,0,0.000000,0.000000,0.000000,0.000000
Q50,37,2,1,0,0.000000,0.000000,0.000000,0.000000
Q50,40,1,1,0,0.000000,0.000000,0.000000,0.000000
Q50,10,1,1,0,0.000000,0.000000,0.000000,0.000000
Q50,26,2,1,0,0.000000,0.000000,0.000000,0.000000
Q50,38,1,1,0,0.000000,0.000000,0.000000,0.000000
Q50,44,1,1,0,0.000000,0.000000,0.000000,0.000000
Q50,43,1,1,0,0.000000,0.000000,0.000000,0.000000
Q50,45,1,1,0,0.000000,0.000000,0.000000,0.000000
Q50,47,1,1,0,0.000000,0.000000,0.000000,0.000000
Q50,48,1,1,0,0.000000,0.000000,0.000000,0.000000
Q50,46,1,1,0,0.000000,0.000000,0.000000,0.000000
Q50,50,2,1,0,0.000000,0.000000,0.000000,0.000000
Q50,42,2,1,0,0.000000,0.000000,0.000000,0.000000
Q50,51,2,1,0,0.000000,0.000000,0.000000,0.000000
Q50,53,2,1,0,0.000000,0.000000,0.000000,0.000000
Q50,56,1,1,0,0.000000,0.000000,0.000000,0.000000
Q50,41,1,1,0,0.000000,0.000000,0.000000,0.000000
Q50,58,1,1,0,0.000000,0.000000,0.000000,0.000000
Q50,55,2,1,0,0.000000,0.000000,0.000000,0.000000
Q50,57,1,1,0,0.000000,0.000000,0.000000,0.000000
Q50,52,1,1,0,0.000000,0.000000,0.000000,0.000000
Q50,60,1,1,0,0.000000,0.000000,0.000000,0.000000
Q50,54,1,1,0,0.000000,0.000000,0.000000,0.000000
Q50,61,1,1,0,0.000000,0.000000,0.000000,0.000000
Q50,62,1,1,0,0.000000,0.000000,0.000000,0.000000
Q50,64,1,1,0,0.000000,0.000000,0.000000,0.000000
Q50,63,1,1,0,0.000000,0.000000,0.000000,0.000000
Q50,49,1,1,0,0.000000,0.000000,0.000000,0.000000
Q50,66,1,1,0,0.000000,0.000000,0.000000,0.000000
Q50,59,2,1,0,0.000000,0.000000,0.000000,0.000000
Q50,67,1,1,0,0.000000,0.000000,0.000000,0.000000
Q50,68,1,1,0,0.000000,0.000000,0.000000,0.000000
Q50,69,1,1,0,0.000000,0.000000,0.000000,0.000000
Q50,71,2,1,0,0.000000,0.000000,0.000000,0.000000
Q50,72,2,1,0,0.000000,0.000000,0.000000,0.000000
Q50,70,2,1,0,0.000000,0.000000,0.000000,0.000000
Q50,73,1,1,0,0.000000,0.000000,0.000000,0.000000
Q50,76,1,1,0,0.000000,0.000000,0.000000,0.000000
Q50,80,1,1,0,0.000000,0.000000,0.000000,0.000000
Q50,79,1,1,0,0.000000,0.000000,0.000000,0.000000
Q50,77,1,1,0,0.000000,0.000000,0.000000,0.000000
Q50,75,1,1,0,0.000000,0.000000,0.000000,0.000000
Q50,78,1,1,0,0.000000,0.000000,0.000000,0.000000
Q50,65,1,1,0,0.000000,0.000000,0.000000,0.000000
Q50,82,1,1,0,0.000000,0.000000,0.000000,0.000000
Q50,81,2,1,0,0.000000,0.000000,0.000000,0.000000
Q50,84,1,1,0,0.000000,0.000000,0.000000,0.000000
Q50,74,1,1,0,0.000000,0.000000,0.000000,0.000000
Q50,86,1,1,0,0.000000,0.000000,0.000000,0.000000
Q50,87,1,1,0,0.000000,0.000000,0.000000,0.000000
Q50,89,1,1,0,0.000000,0.000000,0.000000,0.000000
Q50,85,2,1,0,0.000000,0.000000,0.000000,0.000000
Q50,90,1,1,0,0.000000,0.000000,0.000000,0.000000
Q50,88,2,1,0,0.000000,0.000000,0.000000,0.000000
Q50,94,1,1,0,0.000000,0.000000,0.000000,0.000000
Q50,95,1,1,0,0.000000,0.000000,0.000000,0.000000
Q50,83,1,1,0,0.000000,0.000000,0.000000,0.000000
Q50,92,1,1,0,0.000000,0.000000,0.000000,0.000000
Q50,91,1,1,0,0.000000,0.000000,0.000000,0.000000
Q50,96,1,1,0,0.000000,0.000000,0.000000,0.000000
Q50,98,1,1,0,0.000000,0.000000,0.000000,0.000000
Q50,93,1,1,0,0.000000,0.000000,0.000000,0.000000
Q51,2,0,1,0,0.000000,0.000000,0.000000,0.000000
Q50,100,1,1,0,0.000000,0.000000,0.000000,0.000000
Q51,4,0,1,0,0.000000,0.000000,0.000000,0.000000
Q51,3,0,1,0,0.000000,0.000000,0.000000,0.000000
Q50,99,2,1,0,0.000000,0.000000,0.000000,0.000000
Q51,5,0,1,0,0.000000,0.000000,0.000000,0.000000
Q51,1,0,1,0,0.000000,0.000000,0.000000,0.000000
Q50,97,1,1,0,0.000000,0.000000,0.000000,0.000000
Q51,8,0,1,0,0.000000,0.000000,0.000000,0.000000
Q51,10,0,1,0,0.000000,0.000000,0.000000,0.000000
Q51,9,0,1,0,0.000000,0.000000,0.000000,0.000000
Q51,6,0,1,0,0.000000,0.000000,0.000000,0.000000
Q51,12,0,1,0,0.000000,0.000000,0.000000,0.000000
Q51,11,0,1,0,0.000000,0.000000,0.000000,0.000000
Q51,14,0,1,0,0.000000,0.000000,0.000000,0.000000
Q51,15,0,1,0,0.000000,0.000000,0.000000,0.000000
Q51,13,0,1,0,0.000000,0.000000,0.000000,0.000000
Q51,17,0,1,0,0.000000,0.000000,0.000000,0.000000
Q51,19,0,1,0,0.000000,0.000000,0.000000,0.000000
Q51,20,0,1,0,0.000000,0.000000,0.000000,0.000000
Q51,23,0,1,0,0.000000,0.000000,0.000000,0.000000
Q51,7,0,1,0,0.000000,0.000000,0.000000,0.000000
Q51,18,0,1,0,0.000000,0.000000,0.000000,0.000000
Q51,27,0,1,0,0.000000,0.000000,0.000000,0.000000
Q51,22,0,1,0,0.000000,0.000000,0.000000,0.000000
Q51,28,0,1,0,0.000000,0.000000,0.000000,0.000000
Q51,21,0,1,0,0.000000,0.000000,0.000000,0.000000
Q51,29,0,1,0,0.000000,0.000000,0.000000,0.000000
Q51,26,0,1,0,0.000000,0.000000,0.000000,0.000000
Q51,30,0,1,0,0.000000,0.000000,0.000000,0.000000
Q51,16,0,1,0,0.000000,0.000000,0.000000,0.000000
Q51,25,0,1,0,0.000000,0.000000,0.000000,0.000000
Q51,31,0,1,0,0.000000,0.000000,0.000000,0.000000
Q51,33,0,1,0,0.000000,0.000000,0.000000,0.000000
Q51,24,0,1,0,0.000000,0.000000,0.000000,0.000000
Q51,34,0,1,0,0.000000,0.000000,0.000000,0.000000
Q51,36,0,1,0,0.000000,0.000000,0.000000,0.000000
Q51,35,0,1,0,0.000000,0.000000,0.000000,0.000000
Q51,38,0,1,0,0.000000,0.000000,0.000000,0.000000
Q51,37,0,1,0,0.000000,0.000000,0.000000,0.000000
Q51,42,0,1,0,0.000000,0.000000,0.000000,0.000000
Q51,47,0,1,0,0.000000,0.000000,0.000000,0.000000
Q51,46,0,1,0,0.000000,0.000000,0.000000,0.000000
Q51,44,0,1,0,0.000000,0.000000,0.000000,0.000000
Q51,40,0,1,0,0.000000,0.000000,0.000000,0.000000
Q51,43,0,1,0,0.000000,0.000000,0.000000,0.000000
Q51,48,0,1,0,0.000000,0.000000,0.000000,0.000000
Q51,39,0,1,0,0.000000,0.000000,0.000000,0.000000
Q51,45,0,1,0,0.000000,0.000000,0.000000,0.000000
Q51,50,0,1,0,0.000000,0.000000,0.000000,0.000000
Q51,32,0,1,0,0.000000,0.000000,0.000000,0.000000
Q51,49,0,1,0,0.000000,0.000000,0.000000,0.000000
Q51,55,0,1,0,0.000000,0.000000,0.000000,0.000000
Q51,53,0,1,0,0.000000,0.000000,0.000000,0.000000
Q51,54,0,1,0,0.000000,0.000000,0.000000,0.000000
Q51,56,0,1,0,0.000000,0.000000,0.000000,0.000000
Q51,51,0,1,0,0.000000,0.000000,0.000000,0.000000
Q51,59,0,1,0,0.000000,0.000000,0.000000,0.000000
Q51,61,0,1,0,0.000000,0.000000,0.000000,0.000000
Q51,62,0,1,0,0.000000,0.000000,0.000000,0.000000
Q51,52,0,1,0,0.000000,0.000000,0.000000,0.000000
Q51,58,0,1,0,0.000000,0.000000,0.000000,0.000000
Q51,57,0,1,0,0.000000,0.000000,0.000000,0.000000
Q51,64,0,1,0,0.000000,0.000000,0.000000,0.000000
Q51,65,0,1,0,0.000000,0.000000,0.000000,0.000000
Q51,63,0,1,0,0.000000,0.000000,0.000000,0.000000
Q51,66,0,1,0,0.000000,0.000000,0.000000,0.000000
Q51,67,0,1,0,0.000000,0.000000,0.000000,0.000000
Q51,69,0,1,0,0.000000,0.000000,0.000000,0.000000
Q51,60,0,1,0,0.000000,0.000000,0.000000,0.000000
Q51,41,0,1,0,0.000000,0.000000,0.000000,0.000000
Q51,70,0,1,0,0.000000,0.000000,0.000000,0.000000
Q51,80,0,1,0,0.000000,0.000000,0.000000,0.000000
Q51,74,0,1,0,0.000000,0.000000,0.000000,0.000000
Q51,81,0,1,0,0.000000,0.000000,0.000000,0.000000
Q51,77,0,1,0,0.000000,0.000000,0.000000,0.000000
Q51,79,0,1,0,0.000000,0.000000,0.000000,0.000000
Q51,82,0,1,0,0.000000,0.000000,0.000000,0.000000
Q51,76,0,1,0,0.000000,0.000000,0.000000,0.000000
Q51,83,0,1,0,0.000000,0.000000,0.000000,0.000000
Q51,72,0,1,0,0.000000,0.000000,0.000000,0.000000
Q51,78,0,1,0,0.000000,0.000000,0.000000,0.000000
Q51,86,0,1,0,0.000000,0.000000,0.000000,0.000000
Q51,68,0,1,0,0.000000,0.000000,0.000000,0.000000
Q51,73,0,1,0,0.000000,0.000000,0.000000,0.000000
Q51,89,0,1,0,0.000000,0.000000,0.000000,0.000000
Q51,84,0,1,0,0.000000,0.000000,0.000000,0.000000
Q51,71,0,1,0,0.000000,0.000000,0.000000,0.000000
Q51,90,0,1,0,0.000000,0.000000,0.000000,0.000000
Q51,91,0,1,0,0.000000,0.000000,0.000000,0.000000
Q51,85,0,1,0,0.000000,0.000000,0.000000,0.000000
Q51,94,0,1,0,0.000000,0.000000,0.000000,0.000000
Q51,88,0,1,0,0.000000,0.000000,0.000000,0.000000
Q51,92,0,1,0,0.000000,0.000000,0.000000,0.000000
Q51,95,0,1,0,0.000000,0.000000,0.000000,0.000000
Q51,75,0,1,0,0.000000,0.000000,0.000000,0.000000
Q51,87,0,1,0,0.000000,0.000000,0.000000,0.000000
Q51,93,0,1,0,0.000000,0.000000,0.000000,0.000000
Q51,96,0,1,0,0.000000,0.000000,0.000000,0.000000
Q51,98,0,1,0,0.000000,0.000000,0.000000,0.000000
Q51,100,0,1,0,0.000000,0.000000,0.000000,0.000000
Q51,99,0,1,0,0.000000,0.000000,0.000000,0.000000
Q52,3,1,2,0,0.000000,0.000000,0.000000,0.000000
Q52,1,1,2,0,0.000000,0.000000,0.000000,0.000000
Q52,4,1,2,0,0.000000,0.000000,0.000000,0.000000
Q52,9,0,2,0,0.000000,0.000000,0.000000,0.000000
Q52,2,1,2,0,0.000000,0.000000,0.000000,0.000000
Q52,5,1,2,0,0.000000,0.000000,0.000000,0.000000
Q52,7,1,2,0,0.000000,0.000000,0.000000,0.000000
Q52,8,1,2,0,0.000000,0.000000,0.000000,0.000000
Q51,97,0,1,0,0.000000,0.000000,0.000000,0.000000
Q52,16,1,2,0,0.000000,0.000000,0.000000,0.000000
Q52,12,2,2,1,0.333333,0.500000,0.500000,0.500000
Q52,10,1,2,0,0.000000,0.000000,0.000000,0.000000
Q52,14,1,2,0,0.000000,0.000000,0.000000,0.000000
Q52,19,1,2,0,0.000000,0.000000,0.000000,0.000000
Q52,17,1,2,0,0.000000,0.000000,0.000000,0.000000
Q52,18,1,2,0,0.000000,0.000000,0.000000,0.000000
Q52,15,1,2,0,0.000000,0.000000,0.000000,0.000000
Q52,13,2,2,1,0.333333,0.500000,0.500000,0.500000
Q52,21,1,2,0,0.000000,0.000000,0.000000,0.000000
Q52,22,2,2,1,0.333333,0.500000,0.500000,0.500000
Q52,24,1,2,0,0.000000,0.000000,0.000000,0.000000
Q52,23,1,2,0,0.000000,0.000000,0.000000,0.000000
Q52,6,1,2,0,0.000000,0.000000,0.000000,0.000000
Q52,11,1,2,0,0.000000,0.000000,0.000000,0.000000
Q52,20,1,2,0,0.000000,0.000000,0.000000,0.000000
Q52,26,1,2,0,0.000000,0.000000,0.000000,0.000000
Q52,30,1,2,0,0.000000,0.000000,0.000000,0.000000
Q52,25,1,2,0,0.000000,0.000000,0.000000,0.000000
Q52,27,1,2,0,0.000000,0.000000,0.000000,0.000000
Q52,29,1,2,0,0.000000,0.000000,0.000000,0.000000
Q52,28,1,2,0,0.000000,0.000000,0.000000,0.000000
Q52,32,1,2,0,0.000000,0.000000,0.000000,0.000000
Q52,34,1,2,0,0.000000,0.000000,0.000000,0.000000
Q52,31,1,2,0,0.000000,0.000000,0.000000,0.000000
Q52,33,1,2,0,0.000000,0.000000,0.000000,0.000000
Q52,35,1,2,0,0.000000,0.000000,0.000000,0.000000
Q52,37,1,2,0,0.000000,0.000000,0.000000,0.000000
Q52,36,1,2,0,0.000000,0.000000,0.000000,0.000000
Q52,39,1,2,0,0.000000,0.000000,0.000000,0.000000
Q52,40,1,2,0,0.000000,0.000000,0.000000,0.000000
Q52,42,1,2,0,0.000000,0.000000,0.000000,0.000000
Q52,41,1,2,0,0.000000,0.000000,0.000000,0.000000
Q52,45,1,2,0,0.000000,0.000000,0.000000,0.000000
Q52,48,1,2,0,0.000000,0.000000,0.000000,0.000000
Q52,38,1,2,0,0.000000,0.000000,0.000000,0.000000
Q52,46,1,2,0,0.000000,0.000000,0.000000,0.000000
Q52,43,2,2,1,0.333333,0.500000,0.500000,0.500000
Q52,50,1,2,0,0.000000,0.000000,0.000000,0.000000
Q52,52,1,2,0,0.000000,0.000000,0.000000,0.000000
Q52,49,1,2,0,0.000000,0.000000,0.000000,0.000000
Q52,47,1,2,0,0.000000,0.000000,0.000000,0.000000
Q52,51,1,2,0,0.000000,0.000000,0.000000,0.000000
Q52,44,2,2,1,0.333333,0.500000,0.500000,0.500000
Q52,54,1,2,0,0.000000,0.000000,0.000000,0.000000
Q52,53,2,2,1,0.333333,0.500000,0.500000,0.500000
Q52,55,2,2,1,0.333333,0.500000,0.500000,0.500000
Q52,57,1,2,0,0.000000,0.000000,0.000000,0.000000
Q52,59,1,2,0,0.000000,0.000000,0.000000,0.000000
Q52,61,1,2,0,0.000000,0.000000,0.000000,0.000000
Q52,62,1,2,0,0.000000,0.000000,0.000000,0.000000
Q52,60,1,2,0,0.000000,0.000000,0.000000,0.000000
Q52,56,1,2,0,0.000000,0.000000,0.000000,0.000000
Q52,65,1,2,0,0.000000,0.000000,0.000000,0.000000
Q52,68,1,2,0,0.000000,0.000000,0.000000,0.000000
Q52,67,1,2,0,0.000000,0.000000,0.000000,0.000000
Q52,64,1,2,0,0.000000,0.000000,0.000000,0.000000
Q52,69,1,2,0,0.000000,0.000000,0.000000,0.000000
Q52,71,1,2,0,0.000000,0.000000,0.000000,0.000000
Q52,72,1,2,0,0.000000,0.000000,0.000000,0.000000
Q52,73,1,2,0,0.000000,0.000000,0.000000,0.000000
Q52,70,1,2,0,0.000000,0.000000,0.000000,0.000000
Q52,66,1,2,0,0.000000,0.000000,0.000000,0.000000
Q52,74,1,2,0,0.000000,0.000000,0.000000,0.000000
Q52,76,1,2,0,0.000000,0.000000,0.000000,0.000000
Q52,75,1,2,0,0.000000,0.000000,0.000000,0.000000
Q52,79,1,2,0,0.000000,0.000000,0.000000,0.000000
Q52,77,1,2,0,0.000000,0.000000,0.000000,0.000000
Q52,78,1,2,0,0.000000,0.000000,0.000000,0.000000
Q52,58,1,2,0,0.000000,0.000000,0.000000,0.000000
Q52,80,1,2,0,0.000000,0.000000,0.000000,0.000000
Q52,81,1,2,0,0.000000,0.000000,0.000000,0.000000
Q52,82,1,2,0,0.000000,0.000000,0.000000,0.000000
Q52,84,1,2,0,0.000000,0.000000,0.000000,0.000000
Q52,83,2,2,1,0.333333,0.500000,0.500000,0.500000
Q52,86,1,2,0,0.000000,0.000000,0.000000,0.000000
Q52,90,1,2,0,0.000000,0.000000,0.000000,0.000000
Q52,87,1,2,0,0.000000,0.000000,0.000000,0.000000
Q52,91,2,2,0,0.000000,0.000000,0.000000,0.000000
Q52,63,2,2,0,0.000000,0.000000,0.000000,0.000000
Q52,93,1,2,0,0.000000,0.000000,0.000000,0.000000
Q52,89,1,2,0,0.000000,0.000000,0.000000,0.000000
Q52,95,1,2,0,0.000000,0.000000,0.000000,0.000000
Q52,88,1,2,0,0.000000,0.000000,0.000000,0.000000
Q52,96,1,2,0,0.000000,0.000000,0.000000,0.000000
Q53,1,0,2,0,0.000000,0.000000,0.000000,0.000000
Q52,97,1,2,0,0.000000,0.000000,0.000000,0.000000
Q52,92,2,2,1,0.333333,0.500000,0.500000,0.500000
Q53,3,0,2,0,0.000000,0.000000,0.000000,0.000000
Q52,99,1,2,0,0.000000,0.000000,0.000000,0.000000
Q52,100,1,2,0,0.000000,0.000000,0.000000,0.000000
Q52,94,1,2,0,0.000000,0.000000,0.000000,0.000000
Q53,2,0,2,0,0.000000,0.000000,0.000000,0.000000
Q53,4,0,2,0,0.000000,0.000000,0.000000,0.000000
Q53,5,0,2,0,0.000000,0.000000,0.000000,0.000000
Q53,8,0,2,0,0.000000,0.000000,0.000000,0.000000
Q53,7,0,2,0,0.000000,0.000000,0.000000,0.000000
Q53,9,0,2,0,0.000000,0.000000,0.000000,0.000000
Q53,12,0,2,0,0.000000,0.000000,0.000000,0.000000
Q53,13,0,2,0,0.000000,0.000000,0.000000,0.000000
Q53,11,0,2,0,0.000000,0.000000,0.000000,0.000000
Q53,6,0,2,0,0.000000,0.000000,0.000000,0.000000
Q52,85,1,2,0,0.000000,0.000000,0.000000,0.000000
Q52,98,1,2,0,0.000000,0.000000,0.000000,0.000000
Q53,15,0,2,0,0.000000,0.000000,0.000000,0.000000
Q53,14,0,2,0,0.000000,0.000000,0.000000,0.000000
Q53,10,0,2,0,0.000000,0.000000,0.000000,0.000000
Q53,18,0,2,0,0.000000,0.000000,0.000000,0.000000
Q53,16,0,2,0,0.000000,0.000000,0.000000,0.000000
Q53,19,0,2,0,0.000000,0.000000,0.000000,0.000000
Q53,20,0,2,0,0.000000,0.000000,0.000000,0.000000
Q53,22,0,2,0,0.000000,0.000000,0.000000,0.000000
Q53,31,0,2,0,0.000000,0.000000,0.000000,0.000000
Q53,32,0,2,0,0.000000,0.000000,0.000000,0.000000
Q53,25,0,2,0,0.000000,0.000000,0.000000,0.000000
Q53,24,0,2,0,0.000000,0.000000,0.000000,0.000000
Q53,27,0,2,0,0.000000,0.000000,0.000000,0.000000
Q53,21,0,2,0,0.000000,0.000000,0.000000,0.000000
Q53,33,0,2,0,0.000000,0.000000,0.000000,0.000000
Q53,34,0,2,0,0.000000,0.000000,0.000000,0.000000
Q53,36,0,2,0,0.000000,0.000000,0.000000,0.000000
Q53,35,0,2,0,0.000000,0.000000,0.000000,0.000000
Q53,29,0,2,0,0.000000,0.000000,0.000000,0.000000
Q53,37,0,2,0,0.000000,0.000000,0.000000,0.000000
Q53,28,0,2,0,0.000000,0.000000,0.000000,0.000000
Q53,17,0,2,0,0.000000,0.000000,0.000000,0.000000
Q53,38,0,2,0,0.000000,0.000000,0.000000,0.000000
Q53,39,0,2,0,0.000000,0.000000,0.000000,0.000000
Q53,30,0,2,0,0.000000,0.000000,0.000000,0.000000
Q53,42,0,2,0,0.000000,0.000000,0.000000,0.000000
Q53,41,0,2,0,0.000000,0.000000,0.000000,0.000000
Q53,23,0,2,0,0.000000,0.000000,0.000000,0.000000
Q53,46,0,2,0,0.000000,0.000000,0.000000,0.000000
Q53,47,0,2,0,0.000000,0.000000,0.000000,0.000000
Q53,45,0,2,0,0.000000,0.000000,0.000000,0.000000
Q53,48,0,2,0,0.000000,0.000000,0.000000,0.000000
Q53,50,0,2,0,0.000000,0.000000,0.000000,0.000000
Q53,40,0,2,0,0.000000,0.000000,0.000000,0.000000
Q53,52,0,2,0,0.000000,0.000000,0.000000,0.000000
Q53,57,0,2,0,0.000000,0.000000,0.000000,0.000000
Q53,58,0,2,0,0.000000,0.000000,0.000000,0.000000
Q53,49,0,2,0,0.000000,0.000000,0.000000,0.000000
Q53,59,0,2,0,0.000000,0.000000,0.000000,0.000000
Q53,55,0,2,0,0.000000,0.000000,0.000000,0.000000
Q53,54,0,2,0,0.000000,0.000000,0.000000,0.000000
Q53,43,0,2,0,0.000000,0.000000,0.000000,0.000000
Q53,56,0,2,0,0.000000,0.000000,0.000000,0.000000
Q53,26,0,2,0,0.000000,0.000000,0.000000,0.000000
Q53,51,0,2,0,0.000000,0.000000,0.000000,0.000000
Q53,44,0,2,0,0.000000,0.000000,0.000000,0.000000
Q53,63,0,2,0,0.000000,0.000000,0.000000,0.000000
Q53,62,0,2,0,0.000000,0.000000,0.000000,0.000000
Q53,53,0,2,0,0.000000,0.000000,0.000000,0.000000
Q53,61,0,2,0,0.000000,0.000000,0.000000,0.000000
Q53,65,0,2,0,0.000000,0.000000,0.000000,0.000000
Q53,69,0,2,0,0.000000,0.000000,0.000000,0.000000
Q53,68,0,2,0,0.000000,0.000000,0.000000,0.000000
Q53,70,0,2,0,0.000000,0.000000,0.000000,0.000000
Q53,72,0,2,0,0.000000,0.000000,0.000000,0.000000
Q53,64,0,2,0,0.000000,0.000000,0.000000,0.000000
Q53,75,0,2,0,0.000000,0.000000,0.000000,0.000000
Q53,74,0,2,0,0.000000,0.000000,0.000000,0.000000
Q53,79,0,2,0,0.000000,0.000000,0.000000,0.000000
Q53,67,0,2,0,0.000000,0.000000,0.000000,0.000000
Q53,76,0,2,0,0.000000,0.000000,0.000000,0.000000
Q53,82,0,2,0,0.000000,0.000000,0.000000,0.000000
Q53,80,0,2,0,0.000000,0.000000,0.000000,0.000000
Q53,60,0,2,0,0.000000,0.000000,0.000000,0.000000
Q53,73,0,2,0,0.000000,0.000000,0.000000,0.000000
Q53,81,0,2,0,0.000000,0.000000,0.000000,0.000000
Q53,84,0,2,0,0.000000,0.000000,0.000000,0.000000
Q53,83,0,2,0,0.000000,0.000000,0.000000,0.000000
Q53,87,0,2,0,0.000000,0.000000,0.000000,0.000000
Q53,85,0,2,0,0.000000,0.000000,0.000000,0.000000
Q53,90,0,2,0,0.000000,0.000000,0.000000,0.000000
Q53,78,1,2,0,0.000000,0.000000,0.000000,0.000000
Q53,91,0,2,0,0.000000,0.000000,0.000000,0.000000
Q53,92,0,2,0,0.000000,0.000000,0.000000,0.000000
Q53,96,0,2,0,0.000000,0.000000,0.000000,0.000000
Q53,95,0,2,0,0.000000,0.000000,0.000000,0.000000
Q53,94,0,2,0,0.000000,0.000000,0.000000,0.000000
Q53,97,0,2,0,0.000000,0.000000,0.000000,0.000000
Q53,88,0,2,0,0.000000,0.000000,0.000000,0.000000
Q53,86,0,2,0,0.000000,0.000000,0.000000,0.000000
Q53,99,0,2,0,0.000000,0.000000,0.000000,0.000000
Q53,71,0,2,0,0.000000,0.000000,0.000000,0.000000
Q53,93,0,2,0,0.000000,0.000000,0.000000,0.000000
Q53,98,0,2,0,0.000000,0.000000,0.000000,0.000000
Q53,100,0,2,0,0.000000,0.000000,0.000000,0.000000
Q53,77,0,2,0,0.000000,0.000000,0.000000,0.000000
Q54,3,0,1,0,0.000000,0.000000,0.000000,0.000000
Q54,5,0,1,0,0.000000,0.000000,0.000000,0.000000
Q54,6,0,1,0,0.000000,0.000000,0.000000,0.000000
Q53,89,0,2,0,0.000000,0.000000,0.000000,0.000000
Q54,7,0,1,0,0.000000,0.000000,0.000000,0.000000
Q54,4,1,1,0,0.000000,0.000000,0.000000,0.000000
Q54,10,0,1,0,0.000000,0.000000,0.000000,0.000000
Q54,1,0,1,0,0.000000,0.000000,0.000000,0.000000
Q54,2,0,1,0,0.000000,0.000000,0.000000,0.000000
Q53,66,0,2,0,0.000000,0.000000,0.000000,0.000000
Q54,15,0,1,0,0.000000,0.000000,0.000000,0.000000
Q54,17,0,1,0,0.000000,0.000000,0.000000,0.000000
Q54,19,0,1,0,0.000000,0.000000,0.000000,0.000000
Q54,9,0,1,0,0.000000,0.000000,0.000000,0.000000
Q54,16,1,1,0,0.000000,0.000000,0.000000,0.000000
Q54,8,0,1,0,0.000000,0.000000,0.000000,0.000000
Q54,12,0,1,0,0.000000,0.000000,0.000000,0.000000
Q54,21,0,1,0,0.000000,0.000000,0.000000,0.000000
Q54,11,0,1,0,0.000000,0.000000,0.000000,0.000000
Q54,23,0,1,0,0.000000,0.000000,0.000000,0.000000
Q54,13,0,1,0,0.000000,0.000000,0.000000,0.000000
Q54,22,0,1,0,0.000000,0.000000,0.000000,0.000000
Q54,20,0,1,0,0.000000,0.000000,0.000000,0.000000
Q54,14,0,1,0,0.000000,0.000000,0.000000,0.000000
Q54,18,0,1,0,0.000000,0.000000,0.000000,0.000000
Q54,25,0,1,0,0.000000,0.000000,0.000000,0.000000
Q54,29,0,1,0,0.000000,0.000000,0.000000,0.000000
Q54,28,0,1,0,0.000000,0.000000,0.000000,0.000000
Q54,27,0,1,0,0.000000,0.000000,0.000000,0.000000
Q54,26,0,1,0,0.000000,0.000000,0.000000,0.000000
Q54,33,0,1,0,0.000000,0.000000,0.000000,0.000000
Q54,24,0,1,0,0.000000,0.000000,0.000000,0.000000
Q54,30,0,1,0,0.000000,0.000000,0.000000,0.000000
Q54,32,1,1,0,0.000000,0.000000,0.000000,0.000000
Q54,34,0,1,0,0.000000,0.000000,0.000000,0.000000
Q54,31,0,1,0,0.000000,0.000000,0.000000,0.000000
Q54,35,0,1,0,0.000000,0.000000,0.000000,0.000000
Q54,36,0,1,0,0.000000,0.000000,0.000000,0.000000
Q54,37,0,1,0,0.000000,0.000000,0.000000,0.000000
Q54,40,0,1,0,0.000000,0.000000,0.000000,0.000000
Q54,39,1,1,0,0.000000,0.000000,0.000000,0.000000
Q54,42,0,1,0,0.000000,0.000000,0.000000,0.000000
Q54,44,0,1,0,0.000000,0.000000,0.000000,0.000000
Q54,38,1,1,0,0.000000,0.000000,0.000000,0.000000
Q54,41,0,1,0,0.000000,0.000000,0.000000,0.000000
Q54,51,0,1,0,0.000000,0.000000,0.000000,0.000000
Q54,50,0,1,0,0.000000,0.000000,0.000000,0.000000
Q54,52,0,1,0,0.000000,0.000000,0.000000,0.000000
Q54,53,0,1,0,0.000000,0.000000,0.000000,0.000000
Q54,54,1,1,0,0.000000,0.000000,0.000000,0.000000
Q54,47,0,1,0,0.000000,0.000000,0.000000,0.000000
Q54,56,0,1,0,0.000000,0.000000,0.000000,0.000000
Q54,46,0,1,0,0.000000,0.000000,0.000000,0.000000
Q54,49,0,1,0,0.000000,0.000000,0.000000,0.000000
Q54,57,0,1,0,0.000000,0.000000,0.000000,0.000000
Q54,48,0,1,0,0.000000,0.000000,0.000000,0.000000
Q54,58,0,1,0,0.000000,0.000000,0.000000,0.000000
Q54,43,0,1,0,0.000000,0.000000,0.000000,0.000000
Q54,45,1,1,0,0.000000,0.000000,0.000000,0.000000
Q54,63,0,1,0,0.000000,0.000000,0.000000,0.000000
Q54,55,0,1,0,0.000000,0.000000,0.000000,0.000000
Q54,62,0,1,0,0.000000,0.000000,0.000000,0.000000
Q54,61,0,1,0,0.000000,0.000000,0.000000,0.000000
Q54,59,0,1,0,0.000000,0.000000,0.000000,0.000000
Q54,60,1,1,0,0.000000,0.000000,0.000000,0.000000
Q54,68,0,1,0,0.000000,0.000000,0.000000,0.000000
Q54,67,0,1,0,0.000000,0.000000,0.000000,0.000000
Q54,64,0,1,0,0.000000,0.000000,0.000000,0.000000
Q54,66,1,1,0,0.000000,0.000000,0.000000,0.000000
Q54,69,0,1,0,0.000000,0.000000,0.000000,0.000000
Q54,72,0,1,0,0.000000,0.000000,0.000000,0.000000
Q54,71,0,1,0,0.000000,0.000000,0.000000,0.000000
Q54,73,0,1,0,0.000000,0.000000,0.000000,0.000000
Q54,74,0,1,0,0.000000,0.000000,0.000000,0.000000
Q54,70,0,1,0,0.000000,0.000000,0.000000,0.000000
Q54,79,0,1,0,0.000000,0.000000,0.000000,0.000000
Q54,82,0,1,0,0.000000,0.000000,0.000000,0.000000
Q54,83,0,1,0,0.000000,0.000000,0.000000,0.000000
Q54,65,0,1,0,0.000000,0.000000,0.000000,0.000000
Q54,78,1,1,0,0.000000,0.000000,0.000000,0.000000
Q54,85,0,1,0,0.000000,0.000000,0.000000,0.000000
Q54,75,0,1,0,0.000000,0.000000,0.000000,0.000000
Q54,84,1,1,0,0.000000,0.000000,0.000000,0.000000
Q54,87,0,1,0,0.000000,0.000000,0.000000,0.000000
Q54,80,0,1,0,0.000000,0.000000,0.000000,0.000000
Q54,88,0,1,0,0.000000,0.000000,0.000000,0.000000
Q54,89,0,1,0,0.000000,0.000000,0.000000,0.000000
Q54,93,0,1,0,0.000000,0.000000,0.000000,0.000000
Q54,90,1,1,0,0.000000,0.000000,0.000000,0.000000
Q54,94,0,1,0,0.000000,0.000000,0.000000,0.000000
Q54,95,0,1,0,0.000000,0.000000,0.000000,0.000000
Q54,100,0,1,0,0.000000,0.000000,0.000000,0.000000
Q54,81,0,1,0,0.000000,0.000000,0.000000,0.000000
Q54,86,0,1,0,0.000000,0.000000,0.000000,0.000000
Q54,96,0,1,0,0.000000,0.000000,0.000000,0.000000
Q55,1,1,5,0,0.000000,0.000000,0.000000,0.000000
Q54,77,0,1,0,0.000000,0.000000,0.000000,0.000000
Q55,3,1,5,0,0.000000,0.000000,0.000000,0.000000
Q54,97,0,1,0,0.000000,0.000000,0.000000,0.000000
Q55,2,1,5,0,0.000000,0.000000,0.000000,0.000000
Q54,76,1,1,0,0.000000,0.000000,0.000000,0.000000
Q55,4,1,5,0,0.000000,0.000000,0.000000,0.000000
Q54,91,0,1,0,0.000000,0.000000,0.000000,0.000000
Q55,7,1,5,0,0.000000,0.000000,0.000000,0.000000
Q55,9,1,5,0,0.000000,0.000000,0.000000,0.000000
Q54,98,1,1,0,0.000000,0.000000,0.000000,0.000000
Q55,11,1,5,0,0.000000,0.000000,0.000000,0.000000
Q55,6,1,5,0,0.000000,0.000000,0.000000,0.000000
Q55,12,1,5,0,0.000000,0.000000,0.000000,0.000000
Q55,8,2,5,1,0.166667,0.500000,0.200000,0.285714
Q54,99,0,1,0,0.000000,0.000000,0.000000,0.000000
Q55,10,1,5,0,0.000000,0.000000,0.000000,0.000000
Q55,13,1,5,0,0.000000,0.000000,0.000000,0.000000
Q55,17,0,5,0,0.000000,0.000000,0.000000,0.000000
Q55,16,1,5,0,0.000000,0.000000,0.000000,0.000000
Q55,18,1,5,0,0.000000,0.000000,0.000000,0.000000
Q55,5,1,5,0,0.000000,0.000000,0.000000,0.000000
Q55,20,1,5,0,0.000000,0.000000,0.000000,0.000000
Q55,15,1,5,0,0.000000,0.000000,0.000000,0.000000
Q55,21,1,5,0,0.000000,0.000000,0.000000,0.000000
Q55,14,1,5,0,0.000000,0.000000,0.000000,0.000000
Q55,19,1,5,0,0.000000,0.000000,0.000000,0.000000
Q55,22,1,5,0,0.000000,0.000000,0.000000,0.000000
Q55,27,0,5,0,0.000000,0.000000,0.000000,0.000000
Q55,25,1,5,0,0.000000,0.000000,0.000000,0.000000
Q55,26,1,5,0,0.000000,0.000000,0.000000,0.000000
Q55,28,1,5,0,0.000000,0.000000,0.000000,0.000000
Q55,29,1,5,0,0.000000,0.000000,0.000000,0.000000
Q55,31,1,5,0,0.000000,0.000000,0.000000,0.000000
Q55,35,0,5,0,0.000000,0.000000,0.000000,0.000000
Q55,23,1,5,0,0.000000,0.000000,0.000000,0.000000
Q55,34,1,5,0,0.000000,0.000000,0.000000,0.000000
Q55,36,1,5,0,0.000000,0.000000,0.000000,0.000000
Q55,33,1,5,0,0.000000,0.000000,0.000000,0.000000
Q55,38,1,5,0,0.000000,0.000000,0.000000,0.000000
Q55,24,2,5,1,0.166667,0.500000,0.200000,0.285714
Q55,39,1,5,0,0.000000,0.000000,0.000000,0.000000
Q55,40,1,5,0,0.000000,0.000000,0.000000,0.000000
Q55,32,2,5,1,0.166667,0.500000,0.200000,0.285714
Q55,42,1,5,0,0.000000,0.000000,0.000000,0.000000
Q55,47,1,5,0,0.000000,0.000000,0.000000,0.000000
Q55,44,1,5,0,0.000000,0.000000,0.000000,0.000000
Q55,48,1,5,0,0.000000,0.000000,0.000000,0.000000
Q55,46,2,5,1,0.166667,0.500000,0.200000,0.285714
Q55,30,1,5,0,0.000000,0.000000,0.000000,0.000000
Q55,37,2,5,1,0.166667,0.500000,0.200000,0.285714
Q55,45,2,5,0,0.000000,0.000000,0.000000,0.000000
Q55,41,1,5,0,0.000000,0.000000,0.000000,0.000000
Q55,51,1,5,0,0.000000,0.000000,0.000000,0.000000
Q55,50,1,5,0,0.000000,0.000000,0.000000,0.000000
Q55,43,1,5,0,0.000000,0.000000,0.000000,0.000000
Q54,92,1,1,0,0.000000,0.000000,0.000000,0.000000
Q55,52,1,5,0,0.000000,0.000000,0.000000,0.000000
Q55,57,0,5,0,0.000000,0.000000,0.000000,0.000000
Q55,54,1,5,0,0.000000,0.000000,0.000000,0.000000
Q55,55,1,5,0,0.000000,0.000000,0.000000,0.000000
Q55,53,2,5,0,0.000000,0.000000,0.000000,0.000000
Q55,49,1,5,0,0.000000,0.000000,0.000000,0.000000
Q55,60,0,5,0,0.000000,0.000000,0.000000,0.000000
Q55,56,1,5,0,0.000000,0.000000,0.000000,0.000000
Q55,62,1,5,0,0.000000,0.000000,0.000000,0.000000
Q55,63,1,5,0,0.000000,0.000000,0.000000,0.000000
Q55,59,1,5,0,0.000000,0.000000,0.000000,0.000000
Q55,58,1,5,0,0.000000,0.000000,0.000000,0.000000
Q55,66,1,5,0,0.000000,0.000000,0.000000,0.000000
Q55,64,1,5,0,0.000000,0.000000,0.000000,0.000000
Q55,67,1,5,0,0.000000,0.000000,0.000000,0.000000
Q55,65,2,5,1,0.166667,0.500000,0.200000,0.285714
Q55,68,2,5,1,0.166667,0.500000,0.200000,0.285714
Q55,69,1,5,0,0.000000,0.000000,0.000000,0.000000
Q55,72,1,5,0,0.000000,0.000000,0.000000,0.000000
Q55,76,1,5,0,0.000000,0.000000,0.000000,0.000000
Q55,73,1,5,0,0.000000,0.000000,0.000000,0.000000
Q55,61,1,5,0,0.000000,0.000000,0.000000,0.000000
Q55,70,1,5,0,0.000000,0.000000,0.000000,0.000000
Q55,71,2,5,1,0.166667,0.500000,0.200000,0.285714
Q55,75,1,5,0,0.000000,0.000000,0.000000,0.000000
Q55,74,1,5,0,0.000000,0.000000,0.000000,0.000000
Q55,77,1,5,0,0.000000,0.000000,0.000000,0.000000
Q55,78,1,5,0,0.000000,0.000000,0.000000,0.000000
Q55,80,1,5,0,0.000000,0.000000,0.000000,0.000000
Q55,82,1,5,0,0.000000,0.000000,0.000000,0.000000
Q55,86,1,5,0,0.000000,0.000000,0.000000,0.000000
Q55,83,1,5,0,0.000000,0.000000,0.000000,0.000000
Q55,79,1,5,0,0.000000,0.000000,0.000000,0.000000
Q55,87,2,5,0,0.000000,0.000000,0.000000,0.000000
Q55,90,1,5,0,0.000000,0.000000,0.000000,0.000000
Q55,88,2,5,0,0.000000,0.000000,0.000000,0.000000
Q55,81,2,5,1,0.166667,0.500000,0.200000,0.285714
Q55,85,1,5,0,0.000000,0.000000,0.000000,0.000000
Q55,91,1,5,0,0.000000,0.000000,0.000000,0.000000
Q55,84,2,5,1,0.166667,0.500000,0.200000,0.285714
Q55,94,2,5,1,0.166667,0.500000,0.200000,0.285714
Q55,96,1,5,0,0.000000,0.000000,0.000000,0.000000
Q55,97,1,5,0,0.000000,0.000000,0.000000,0.000000
Q55,92,1,5,0,0.000000,0.000000,0.000000,0.000000
Q55,89,1,5,0,0.000000,0.000000,0.000000,0.000000
Q55,100,1,5,0,0.000000,0.000000,0.000000,0.000000
Q56,1,0,9,0,0.000000,0.000000,0.000000,0.000000
Q55,95,1,5,0,0.000000,0.000000,0.000000,0.000000
Q55,99,1,5,0,0.000000,0.000000,0.000000,0.000000
Q56,2,0,9,0,0.000000,0.000000,0.000000,0.000000
Q56,3,0,9,0,0.000000,0.000000,0.000000,0.000000
Q56,4,0,9,0,0.000000,0.000000,0.000000,0.000000
Q55,93,1,5,0,0.000000,0.000000,0.000000,0.000000
Q56,6,0,9,0,0.000000,0.000000,0.000000,0.000000
Q56,7,0,9,0,0.000000,0.000000,0.000000,0.000000
Q56,11,0,9,0,0.000000,0.000000,0.000000,0.000000
Q56,10,0,9,0,0.000000,0.000000,0.000000,0.000000
Q56,9,0,9,0,0.000000,0.000000,0.000000,0.000000
Q56,5,0,9,0,0.000000,0.000000,0.000000,0.000000
Q56,8,0,9,0,0.000000,0.000000,0.000000,0.000000
Q56,12,0,9,0,0.000000,0.000000,0.000000,0.000000
Q55,98,1,5,0,0.000000,0.000000,0.000000,0.000000
Q56,14,0,9,0,0.000000,0.000000,0.000000,0.000000
Q56,20,0,9,0,0.000000,0.000000,0.000000,0.000000
Q56,19,0,9,0,0.000000,0.000000,0.000000,0.000000
Q56,21,0,9,0,0.000000,0.000000,0.000000,0.000000
Q56,26,0,9,0,0.000000,0.000000,0.000000,0.000000
Q56,23,0,9,0,0.000000,0.000000,0.000000,0.000000
Q56,18,0,9,0,0.000000,0.000000,0.000000,0.000000
Q56,17,0,9,0,0.000000,0.000000,0.000000,0.000000
Q56,22,0,9,0,0.000000,0.000000,0.000000,0.000000
Q56,24,0,9,0,0.000000,0.000000,0.000000,0.000000
Q56,25,0,9,0,0.000000,0.000000,0.000000,0.000000
Q56,15,0,9,0,0.000000,0.000000,0.000000,0.000000
Q56,27,0,9,0,0.000000,0.000000,0.000000,0.000000
Q56,30,0,9,0,0.000000,0.000000,0.000000,0.000000
Q56,31,0,9,0,0.000000,0.000000,0.000000,0.000000
Q56,32,0,9,0,0.000000,0.000000,0.000000,0.000000
Q56,34,0,9,0,0.000000,0.000000,0.000000,0.000000
Q56,33,0,9,0,0.000000,0.000000,0.000000,0.000000
Q56,29,0,9,0,0.000000,0.000000,0.000000,0.000000
Q56,35,0,9,0,0.000000,0.000000,0.000000,0.000000
Q56,16,0,9,0,0.000000,0.000000,0.000000,0.000000
Q56,37,0,9,0,0.000000,0.000000,0.000000,0.000000
Q56,28,0,9,0,0.000000,0.000000,0.000000,0.000000
Q56,38,0,9,0,0.000000,0.000000,0.000000,0.000000
Q56,36,0,9,0,0.000000,0.000000,0.000000,0.000000
Q56,13,0,9,0,0.000000,0.000000,0.000000,0.000000
Q56,41,0,9,0,0.000000,0.000000,0.000000,0.000000
Q56,39,0,9,0,0.000000,0.000000,0.000000,0.000000
Q56,40,0,9,0,0.000000,0.000000,0.000000,0.000000
Q56,45,0,9,0,0.000000,0.000000,0.000000,0.000000
Q56,44,0,9,0,0.000000,0.000000,0.000000,0.000000
Q56,42,0,9,0,0.000000,0.000000,0.000000,0.000000
Q56,43,0,9,0,0.000000,0.000000,0.000000,0.000000
Q56,47,0,9,0,0.000000,0.000000,0.000000,0.000000
Q56,48,0,9,0,0.000000,0.000000,0.000000,0.000000
Q56,46,0,9,0,0.000000,0.000000,0.000000,0.000000
Q56,50,0,9,0,0.000000,0.000000,0.000000,0.000000
Q56,55,0,9,0,0.000000,0.000000,0.000000,0.000000
Q56,57,0,9,0,0.000000,0.000000,0.000000,0.000000
Q56,60,0,9,0,0.000000,0.000000,0.000000,0.000000
Q56,52,0,9,0,0.000000,0.000000,0.000000,0.000000
Q56,61,0,9,0,0.000000,0.000000,0.000000,0.000000
Q56,58,0,9,0,0.000000,0.000000,0.000000,0.000000
Q56,62,0,9,0,0.000000,0.000000,0.000000,0.000000
Q56,49,0,9,0,0.000000,0.000000,0.000000,0.000000
Q56,63,0,9,0,0.000000,0.000000,0.000000,0.000000
Q56,56,0,9,0,0.000000,0.000000,0.000000,0.000000
Q56,54,0,9,0,0.000000,0.000000,0.000000,0.000000
Q56,66,0,9,0,0.000000,0.000000,0.000000,0.000000
Q56,65,0,9,0,0.000000,0.000000,0.000000,0.000000
Q56,59,0,9,0,0.000000,0.000000,0.000000,0.000000
Q56,68,0,9,0,0.000000,0.000000,0.000000,0.000000
Q56,70,0,9,0,0.000000,0.000000,0.000000,0.000000
Q56,71,0,9,0,0.000000,0.000000,0.000000,0.000000
Q56,72,0,9,0,0.000000,0.000000,0.000000,0.000000
Q56,67,0,9,0,0.000000,0.000000,0.000000,0.000000
Q56,74,0,9,0,0.000000,0.000000,0.000000,0.000000
Q56,75,0,9,0,0.000000,0.000000,0.000000,0.000000
Q56,53,0,9,0,0.000000,0.000000,0.000000,0.000000
Q56,64,0,9,0,0.000000,0.000000,0.000000,0.000000
Q56,51,0,9,0,0.000000,0.000000,0.000000,0.000000
Q56,69,0,9,0,0.000000,0.000000,0.000000,0.000000
Q56,77,0,9,0,0.000000,0.000000,0.000000,0.000000
Q56,78,0,9,0,0.000000,0.000000,0.000000,0.000000
Q56,73,0,9,0,0.000000,0.000000,0.000000,0.000000
Q56,76,0,9,0,0.000000,0.000000,0.000000,0.000000
Q56,83,0,9,0,0.000000,0.000000,0.000000,0.000000
Q56,79,0,9,0,0.000000,0.000000,0.000000,0.000000
Q56,89,0,9,0,0.000000,0.000000,0.000000,0.000000
Q56,90,0,9,0,0.000000,0.000000,0.000000,0.000000
Q56,82,0,9,0,0.000000,0.000000,0.000000,0.000000
Q56,84,0,9,0,0.000000,0.000000,0.000000,0.000000
Q56,93,0,9,0,0.000000,0.000000,0.000000,0.000000
Q56,80,0,9,0,0.000000,0.000000,0.000000,0.000000
Q56,94,0,9,0,0.000000,0.000000,0.000000,0.000000
Q56,81,0,9,0,0.000000,0.000000,0.000000,0.000000
Q56,87,0,9,0,0.000000,0.000000,0.000000,0.000000
Q56,88,0,9,0,0.000000,0.000000,0.000000,0.000000
Q56,96,0,9,0,0.000000,0.000000,0.000000,0.000000
Q56,97,0,9,0,0.000000,0.000000,0.000000,0.000000
Q56,98,0,9,0,0.000000,0.000000,0.000000,0.000000
Q56,100,0,9,0,0.000000,0.000000,0.000000,0.000000
Q56,95,0,9,0,0.000000,0.000000,0.000000,0.000000
Q56,99,0,9,0,0.000000,0.000000,0.000000,0.000000
Q56,92,0,9,0,0.000000,0.000000,0.000000,0.000000
Q56,91,0,9,0,0.000000,0.000000,0.000000,0.000000
Q56,85,0,9,0,0.000000,0.000000,0.000000,0.000000
Q57,2,0,2,0,0.000000,0.000000,0.000000,0.000000
Q57,4,0,2,0,0.000000,0.000000,0.000000,0.000000
Q56,86,0,9,0,0.000000,0.000000,0.000000,0.000000
Q57,3,1,2,0,0.000000,0.000000,0.000000,0.000000
Q57,8,0,2,0,0.000000,0.000000,0.000000,0.000000
Q57,7,0,2,0,0.000000,0.000000,0.000000,0.000000
Q57,9,0,2,0,0.000000,0.000000,0.000000,0.000000
Q57,13,0,2,0,0.000000,0.000000,0.000000,0.000000
Q57,6,0,2,0,0.000000,0.000000,0.000000,0.000000
Q57,11,0,2,0,0.000000,0.000000,0.000000,0.000000
Q57,15,0,2,0,0.000000,0.000000,0.000000,0.000000
Q57,5,1,2,0,0.000000,0.000000,0.000000,0.000000
Q57,1,2,2,0,0.000000,0.000000,0.000000,0.000000
Q57,10,0,2,0,0.000000,0.000000,0.000000,0.000000
Q57,23,0,2,0,0.000000,0.000000,0.000000,0.000000
Q57,20,0,2,0,0.000000,0.000000,0.000000,0.000000
Q57,22,0,2,0,0.000000,0.000000,0.000000,0.000000
Q57,17,0,2,0,0.000000,0.000000,0.000000,0.000000
Q57,16,1,2,0,0.000000,0.000000,0.000000,0.000000
Q57,21,0,2,0,0.000000,0.000000,0.000000,0.000000
Q57,25,1,2,0,0.000000,0.000000,0.000000,0.000000
Q57,18,0,2,0,0.000000,0.000000,0.000000,0.000000
Q57,26,0,2,0,0.000000,0.000000,0.000000,0.000000
Q57,28,0,2,0,0.000000,0.000000,0.000000,0.000000
Q57,31,0,2,0,0.000000,0.000000,0.000000,0.000000
Q57,29,0,2,0,0.000000,0.000000,0.000000,0.000000
Q57,30,0,2,0,0.000000,0.000000,0.000000,0.000000
Q57,27,1,2,0,0.000000,0.000000,0.000000,0.000000
Q57,24,2,2,0,0.000000,0.000000,0.000000,0.000000
Q57,12,0,2,0,0.000000,0.000000,0.000000,0.000000
Q57,38,0,2,0,0.000000,0.000000,0.000000,0.000000
Q57,33,0,2,0,0.000000,0.000000,0.000000,0.000000
Q57,36,0,2,0,0.000000,0.000000,0.000000,0.000000
Q57,19,1,2,0,0.000000,0.000000,0.000000,0.000000
Q57,35,2,2,0,0.000000,0.000000,0.000000,0.000000
Q57,37,0,2,0,0.000000,0.000000,0.000000,0.000000
Q57,14,0,2,0,0.000000,0.000000,0.000000,0.000000
Q57,39,1,2,0,0.000000,0.000000,0.000000,0.000000
Q57,42,0,2,0,0.000000,0.000000,0.000000,0.000000
Q57,43,0,2,0,0.000000,0.000000,0.000000,0.000000
Q57,45,0,2,0,0.000000,0.000000,0.000000,0.000000
Q57,40,0,2,0,0.000000,0.000000,0.000000,0.000000
Q57,46,1,2,0,0.000000,0.000000,0.000000,0.000000
Q57,44,0,2,0,0.000000,0.000000,0.000000,0.000000
Q57,47,1,2,0,0.000000,0.000000,0.000000,0.000000
Q57,49,0,2,0,0.000000,0.000000,0.000000,0.000000
Q57,50,1,2,0,0.000000,0.000000,0.000000,0.000000
Q57,41,1,2,0,0.000000,0.000000,0.000000,0.000000
Q57,55,1,2,0,0.000000,0.000000,0.000000,0.000000
Q57,56,1,2,0,0.000000,0.000000,0.000000,0.000000
Q57,54,1,2,0,0.000000,0.000000,0.000000,0.000000
Q57,48,1,2,0,0.000000,0.000000,0.000000,0.000000
Q57,52,0,2,0,0.000000,0.000000,0.000000,0.000000
Q57,59,0,2,0,0.000000,0.000000,0.000000,0.000000
Q57,61,0,2,0,0.000000,0.000000,0.000000,0.000000
Q57,51,0,2,0,0.000000,0.000000,0.000000,0.000000
Q57,58,2,2,0,0.000000,0.000000,0.000000,0.000000
Q57,34,0,2,0,0.000000,0.000000,0.000000,0.000000
Q57,32,2,2,0,0.000000,0.000000,0.000000,0.000000
Q57,65,1,2,0,0.000000,0.000000,0.000000,0.000000
Q57,69,0,2,0,0.000000,0.000000,0.000000,0.000000
Q57,67,1,2,0,0.000000,0.000000,0.000000,0.000000
Q57,53,0,2,0,0.000000,0.000000,0.000000,0.000000
Q57,63,0,2,0,0.000000,0.000000,0.000000,0.000000
Q57,68,0,2,0,0.000000,0.000000,0.000000,0.000000
Q57,64,0,2,0,0.000000,0.000000,0.000000,0.000000
Q57,70,0,2,0,0.000000,0.000000,0.000000,0.000000
Q57,66,1,2,0,0.000000,0.000000,0.000000,0.000000
Q57,71,1,2,0,0.000000,0.000000,0.000000,0.000000
Q57,76,0,2,0,0.000000,0.000000,0.000000,0.000000
Q57,73,1,2,0,0.000000,0.000000,0.000000,0.000000
Q57,74,0,2,0,0.000000,0.000000,0.000000,0.000000
Q57,60,0,2,0,0.000000,0.000000,0.000000,0.000000
Q57,75,1,2,0,0.000000,0.000000,0.000000,0.000000
Q57,62,1,2,1,0.500000,1.000000,0.500000,0.666667
Q57,72,0,2,0,0.000000,0.000000,0.000000,0.000000
Q57,57,3,2,0,0.000000,0.000000,0.000000,0.000000
Q57,80,0,2,0,0.000000,0.000000,0.000000,0.000000
Q57,77,0,2,0,0.000000,0.000000,0.000000,0.000000
Q57,81,1,2,0,0.000000,0.000000,0.000000,0.000000
Q57,84,1,2,0,0.000000,0.000000,0.000000,0.000000
Q57,78,1,2,0,0.000000,0.000000,0.000000,0.000000
Q57,86,0,2,0,0.000000,0.000000,0.000000,0.000000
Q57,83,0,2,0,0.000000,0.000000,0.000000,0.000000
Q57,88,0,2,0,0.000000,0.000000,0.000000,0.000000
Q57,92,0,2,0,0.000000,0.000000,0.000000,0.000000
Q57,85,0,2,0,0.000000,0.000000,0.000000,0.000000
Q57,82,3,2,0,0.000000,0.000000,0.000000,0.000000
Q57,90,1,2,0,0.000000,0.000000,0.000000,0.000000
Q57,93,0,2,0,0.000000,0.000000,0.000000,0.000000
Q57,95,0,2,0,0.000000,0.000000,0.000000,0.000000
Q57,87,2,2,0,0.000000,0.000000,0.000000,0.000000
Q57,79,1,2,0,0.000000,0.000000,0.000000,0.000000
Q57,94,0,2,0,0.000000,0.000000,0.000000,0.000000
Q58,3,0,2,0,0.000000,0.000000,0.000000,0.000000
Q58,2,0,2,0,0.000000,0.000000,0.000000,0.000000
Q58,4,0,2,0,0.000000,0.000000,0.000000,0.000000
Q57,97,0,2,0,0.000000,0.000000,0.000000,0.000000
Q57,96,0,2,0,0.000000,0.000000,0.000000,0.000000
Q57,89,1,2,0,0.000000,0.000000,0.000000,0.000000
Q57,99,0,2,0,0.000000,0.000000,0.000000,0.000000
Q57,98,2,2,1,0.333333,0.500000,0.500000,0.500000
Q58,7,0,2,0,0.000000,0.000000,0.000000,0.000000
Q57,91,1,2,0,0.000000,0.000000,0.000000,0.000000
Q58,1,0,2,0,0.000000,0.000000,0.000000,0.000000
Q58,6,0,2,0,0.000000,0.000000,0.000000,0.000000
Q58,9,0,2,0,0.000000,0.000000,0.000000,0.000000
Q58,8,0,2,0,0.000000,0.000000,0.000000,0.000000
Q57,100,2,2,0,0.000000,0.000000,0.000000,0.000000
Q58,16,0,2,0,0.000000,0.000000,0.000000,0.000000
Q58,14,0,2,0,0.000000,0.000000,0.000000,0.000000
Q58,13,0,2,0,0.000000,0.000000,0.000000,0.000000
Q58,12,0,2,0,0.000000,0.000000,0.000000,0.000000
Q58,10,0,2,0,0.000000,0.000000,0.000000,0.000000
Q58,19,0,2,0,0.000000,0.000000,0.000000,0.000000
Q58,17,0,2,0,0.000000,0.000000,0.000000,0.000000
Q58,11,0,2,0,0.000000,0.000000,0.000000,0.000000
Q58,21,0,2,0,0.000000,0.000000,0.000000,0.000000
Q58,5,0,2,0,0.000000,0.000000,0.000000,0.000000
Q58,15,0,2,0,0.000000,0.000000,0.000000,0.000000
Q58,22,0,2,0,0.000000,0.000000,0.000000,0.000000
Q58,23,0,2,0,0.000000,0.000000,0.000000,0.000000
Q58,25,0,2,0,0.000000,0.000000,0.000000,0.000000
Q58,24,0,2,0,0.000000,0.000000,0.000000,0.000000
Q58,27,0,2,0,0.000000,0.000000,0.000000,0.000000
Q58,32,0,2,0,0.000000,0.000000,0.000000,0.000000
Q58,33,0,2,0,0.000000,0.000000,0.000000,0.000000
Q58,34,0,2,0,0.000000,0.000000,0.000000,0.000000
Q58,26,0,2,0,0.000000,0.000000,0.000000,0.000000
Q58,28,0,2,0,0.000000,0.000000,0.000000,0.000000
Q58,31,0,2,0,0.000000,0.000000,0.000000,0.000000
Q58,18,0,2,0,0.000000,0.000000,0.000000,0.000000
Q58,36,0,2,0,0.000000,0.000000,0.000000,0.000000
Q58,30,0,2,0,0.000000,0.000000,0.000000,0.000000
Q58,37,0,2,0,0.000000,0.000000,0.000000,0.000000
Q58,40,0,2,0,0.000000,0.000000,0.000000,0.000000
Q58,39,0,2,0,0.000000,0.000000,0.000000,0.000000
Q58,29,0,2,0,0.000000,0.000000,0.000000,0.000000
Q58,41,0,2,0,0.000000,0.000000,0.000000,0.000000
Q58,35,0,2,0,0.000000,0.000000,0.000000,0.000000
Q58,38,0,2,0,0.000000,0.000000,0.000000,0.000000
Q58,43,0,2,0,0.000000,0.000000,0.000000,0.000000
Q58,47,0,2,0,0.000000,0.000000,0.000000,0.000000
Q58,44,0,2,0,0.000000,0.000000,0.000000,0.000000
Q58,48,0,2,0,0.000000,0.000000,0.000000,0.000000
Q58,42,0,2,0,0.000000,0.000000,0.000000,0.000000
Q58,50,0,2,0,0.000000,0.000000,0.000000,0.000000
Q58,20,0,2,0,0.000000,0.000000,0.000000,0.000000
Q58,45,0,2,0,0.000000,0.000000,0.000000,0.000000
Q58,51,0,2,0,0.000000,0.000000,0.000000,0.000000
Q58,61,0,2,0,0.000000,0.000000,0.000000,0.000000
Q58,54,0,2,0,0.000000,0.000000,0.000000,0.000000
Q58,49,0,2,0,0.000000,0.000000,0.000000,0.000000
Q58,46,0,2,0,0.000000,0.000000,0.000000,0.000000
Q58,59,0,2,0,0.000000,0.000000,0.000000,0.000000
Q58,58,0,2,0,0.000000,0.000000,0.000000,0.000000
Q58,55,0,2,0,0.000000,0.000000,0.000000,0.000000
Q58,60,0,2,0,0.000000,0.000000,0.000000,0.000000
Q58,56,0,2,0,0.000000,0.000000,0.000000,0.000000
Q58,52,0,2,0,0.000000,0.000000,0.000000,0.000000
Q58,62,0,2,0,0.000000,0.000000,0.000000,0.000000
Q58,63,0,2,0,0.000000,0.000000,0.000000,0.000000
Q58,66,0,2,0,0.000000,0.000000,0.000000,0.000000
Q58,65,0,2,0,0.000000,0.000000,0.000000,0.000000
Q58,53,0,2,0,0.000000,0.000000,0.000000,0.000000
Q58,67,0,2,0,0.000000,0.000000,0.000000,0.000000
Q58,69,0,2,0,0.000000,0.000000,0.000000,0.000000
Q58,64,0,2,0,0.000000,0.000000,0.000000,0.000000
Q58,68,0,2,0,0.000000,0.000000,0.000000,0.000000
Q58,70,0,2,0,0.000000,0.000000,0.000000,0.000000
Q58,71,0,2,0,0.000000,0.000000,0.000000,0.000000
Q58,57,0,2,0,0.000000,0.000000,0.000000,0.000000
Q58,74,0,2,0,0.000000,0.000000,0.000000,0.000000
Q58,76,0,2,0,0.000000,0.000000,0.000000,0.000000
Q58,73,0,2,0,0.000000,0.000000,0.000000,0.000000
Q58,78,0,2,0,0.000000,0.000000,0.000000,0.000000
Q58,80,0,2,0,0.000000,0.000000,0.000000,0.000000
Q58,81,0,2,0,0.000000,0.000000,0.000000,0.000000
Q58,77,0,2,0,0.000000,0.000000,0.000000,0.000000
Q58,82,0,2,0,0.000000,0.000000,0.000000,0.000000
Q58,83,0,2,0,0.000000,0.000000,0.000000,0.000000
Q58,85,0,2,0,0.000000,0.000000,0.000000,0.000000
Q58,88,0,2,0,0.000000,0.000000,0.000000,0.000000
Q58,87,0,2,0,0.000000,0.000000,0.000000,0.000000
Q58,86,0,2,0,0.000000,0.000000,0.000000,0.000000
Q58,75,0,2,0,0.000000,0.000000,0.000000,0.000000
Q58,89,0,2,0,0.000000,0.000000,0.000000,0.000000
Q58,84,0,2,0,0.000000,0.000000,0.000000,0.000000
Q58,72,0,2,0,0.000000,0.000000,0.000000,0.000000
Q58,91,0,2,0,0.000000,0.000000,0.000000,0.000000
Q58,93,0,2,0,0.000000,0.000000,0.000000,0.000000
Q58,94,0,2,0,0.000000,0.000000,0.000000,0.000000
Q58,98,0,2,0,0.000000,0.000000,0.000000,0.000000
Q58,97,0,2,0,0.000000,0.000000,0.000000,0.000000
Q59,2,0,1,0,0.000000,0.000000,0.000000,0.000000
Q58,99,0,2,0,0.000000,0.000000,0.000000,0.000000
Q59,4,0,1,0,0.000000,0.000000,0.000000,0.000000
Q59,7,0,1,0,0.000000,0.000000,0.000000,0.000000
Q59,3,1,1,0,0.000000,0.000000,0.000000,0.000000
Q58,90,0,2,0,0.000000,0.000000,0.000000,0.000000
Q58,100,0,2,0,0.000000,0.000000,0.000000,0.000000
Q59,5,0,1,0,0.000000,0.000000,0.000000,0.000000
Q58,92,0,2,0,0.000000,0.000000,0.000000,0.000000
Q58,96,0,2,0,0.000000,0.000000,0.000000,0.000000
Q58,79,0,2,0,0.000000,0.000000,0.000000,0.000000
Q59,1,0,1,0,0.000000,0.000000,0.000000,0.000000
Q59,8,0,1,0,0.000000,0.000000,0.000000,0.000000
Q59,10,0,1,0,0.000000,0.000000,0.000000,0.000000
Q59,6,0,1,0,0.000000,0.000000,0.000000,0.000000
Q59,9,0,1,0,0.000000,0.000000,0.000000,0.000000
Q59,12,0,1,0,0.000000,0.000000,0.000000,0.000000
Q59,13,0,1,0,0.000000,0.000000,0.000000,0.000000
Q59,11,0,1,0,0.000000,0.000000,0.000000,0.000000
Q59,15,0,1,0,0.000000,0.000000,0.000000,0.000000
Q59,14,0,1,0,0.000000,0.000000,0.000000,0.000000
Q59,16,0,1,0,0.000000,0.000000,0.000000,0.000000
Q59,17,0,1,0,0.000000,0.000000,0.000000,0.000000
Q58,95,0,2,0,0.000000,0.000000,0.000000,0.000000
Q59,25,0,1,0,0.000000,0.000000,0.000000,0.000000
Q59,18,0,1,0,0.000000,0.000000,0.000000,0.000000
Q59,22,0,1,0,0.000000,0.000000,0.000000,0.000000
Q59,20,0,1,0,0.000000,0.000000,0.000000,0.000000
Q59,19,0,1,0,0.000000,0.000000,0.000000,0.000000
Q59,27,0,1,0,0.000000,0.000000,0.000000,0.000000
Q59,26,0,1,0,0.000000,0.000000,0.000000,0.000000
Q59,21,1,1,0,0.000000,0.000000,0.000000,0.000000
Q59,24,2,1,0,0.000000,0.000000,0.000000,0.000000
Q59,28,0,1,0,0.000000,0.000000,0.000000,0.000000
Q59,31,0,1,0,0.000000,0.000000,0.000000,0.000000
Q59,30,0,1,0,0.000000,0.000000,0.000000,0.000000
Q59,23,0,1,0,0.000000,0.000000,0.000000,0.000000
Q59,38,0,1,0,0.000000,0.000000,0.000000,0.000000
Q59,35,0,1,0,0.000000,0.000000,0.000000,0.000000
Q59,39,0,1,0,0.000000,0.000000,0.000000,0.000000
Q59,37,0,1,0,0.000000,0.000000,0.000000,0.000000
Q59,40,0,1,0,0.000000,0.000000,0.000000,0.000000
Q59,42,0,1,0,0.000000,0.000000,0.000000,0.000000
Q59,29,0,1,0,0.000000,0.000000,0.000000,0.000000
Q59,34,0,1,0,0.000000,0.000000,0.000000,0.000000
Q59,44,0,1,0,0.000000,0.000000,0.000000,0.000000
Q59,47,0,1,0,0.000000,0.000000,0.000000,0.000000
Q59,43,0,1,0,0.000000,0.000000,0.000000,0.000000
Q59,45,0,1,0,0.000000,0.000000,0.000000,0.000000
Q59,48,0,1,0,0.000000,0.000000,0.000000,0.000000
Q59,32,0,1,0,0.000000,0.000000,0.000000,0.000000
Q59,46,2,1,0,0.000000,0.000000,0.000000,0.000000
Q59,49,1,1,0,0.000000,0.000000,0.000000,0.000000
Q59,33,1,1,0,0.000000,0.000000,0.000000,0.000000
Q59,51,0,1,0,0.000000,0.000000,0.000000,0.000000
Q59,53,0,1,0,0.000000,0.000000,0.000000,0.000000
Q59,50,0,1,0,0.000000,0.000000,0.000000,0.000000
Q59,36,0,1,0,0.000000,0.000000,0.000000,0.000000
Q59,55,0,1,0,0.000000,0.000000,0.000000,0.000000
Q59,41,0,1,0,0.000000,0.000000,0.000000,0.000000
Q59,56,0,1,0,0.000000,0.000000,0.000000,0.000000
Q59,57,0,1,0,0.000000,0.000000,0.000000,0.000000
Q59,52,0,1,0,0.000000,0.000000,0.000000,0.000000
Q59,61,0,1,0,0.000000,0.000000,0.000000,0.000000
Q59,64,0,1,0,0.000000,0.000000,0.000000,0.000000
Q59,58,0,1,0,0.000000,0.000000,0.000000,0.000000
Q59,62,0,1,0,0.000000,0.000000,0.000000,0.000000
Q59,65,0,1,0,0.000000,0.000000,0.000000,0.000000
Q59,60,0,1,0,0.000000,0.000000,0.000000,0.000000
Q59,54,0,1,0,0.000000,0.000000,0.000000,0.000000
Q59,67,1,1,0,0.000000,0.000000,0.000000,0.000000
Q59,66,1,1,0,0.000000,0.000000,0.000000,0.000000
Q59,63,0,1,0,0.000000,0.000000,0.000000,0.000000
Q59,68,0,1,0,0.000000,0.000000,0.000000,0.000000
Q59,59,0,1,0,0.000000,0.000000,0.000000,0.000000
Q59,77,0,1,0,0.000000,0.000000,0.000000,0.000000
Q59,79,0,1,0,0.000000,0.000000,0.000000,0.000000
Q59,73,0,1,0,0.000000,0.000000,0.000000,0.000000
Q59,72,0,1,0,0.000000,0.000000,0.000000,0.000000
Q59,80,0,1,0,0.000000,0.000000,0.000000,0.000000
Q59,74,0,1,0,0.000000,0.000000,0.000000,0.000000
Q59,82,0,1,0,0.000000,0.000000,0.000000,0.000000
Q59,81,2,1,0,0.000000,0.000000,0.000000,0.000000
Q59,76,0,1,0,0.000000,0.000000,0.000000,0.000000
Q59,84,0,1,0,0.000000,0.000000,0.000000,0.000000
Q59,85,0,1,0,0.000000,0.000000,0.000000,0.000000
Q59,87,0,1,0,0.000000,0.000000,0.000000,0.000000
Q59,75,0,1,0,0.000000,0.000000,0.000000,0.000000
Q59,89,0,1,0,0.000000,0.000000,0.000000,0.000000
Q59,69,0,1,0,0.000000,0.000000,0.000000,0.000000
Q59,71,0,1,0,0.000000,0.000000,0.000000,0.000000
Q59,91,0,1,0,0.000000,0.000000,0.000000,0.000000
Q59,90,0,1,0,0.000000,0.000000,0.000000,0.000000
Q59,88,0,1,0,0.000000,0.000000,0.000000,0.000000
Q59,83,0,1,0,0.000000,0.000000,0.000000,0.000000
Q59,92,0,1,0,0.000000,0.000000,0.000000,0.000000
Q59,93,0,1,0,0.000000,0.000000,0.000000,0.000000
Q59,97,0,1,0,0.000000,0.000000,0.000000,0.000000
Q59,98,0,1,0,0.000000,0.000000,0.000000,0.000000
Q59,99,0,1,0,0.000000,0.000000,0.000000,0.000000
Q59,100,0,1,0,0.000000,0.000000,0.000000,0.000000
Q59,70,0,1,0,0.000000,0.000000,0.000000,0.000000
Q60,1,0,8,0,0.000000,0.000000,0.000000,0.000000
Q59,96,0,1,0,0.000000,0.000000,0.000000,0.000000
Q60,4,0,8,0,0.000000,0.000000,0.000000,0.000000
Q59,86,0,1,0,0.000000,0.000000,0.000000,0.000000
Q59,94,0,1,0,0.000000,0.000000,0.000000,0.000000
Q60,9,0,8,0,0.000000,0.000000,0.000000,0.000000
Q60,7,0,8,0,0.000000,0.000000,0.000000,0.000000
Q60,8,0,8,0,0.000000,0.000000,0.000000,0.000000
Q60,6,0,8,0,0.000000,0.000000,0.000000,0.000000
Q59,78,0,1,0,0.000000,0.000000,0.000000,0.000000
Q60,2,0,8,0,0.000000,0.000000,0.000000,0.000000
Q60,10,0,8,0,0.000000,0.000000,0.000000,0.000000
Q60,11,0,8,0,0.000000,0.000000,0.000000,0.000000
Q60,12,0,8,0,0.000000,0.000000,0.000000,0.000000
Q60,5,0,8,0,0.000000,0.000000,0.000000,0.000000
Q60,16,0,8,0,0.000000,0.000000,0.000000,0.000000
Q60,13,0,8,0,0.000000,0.000000,0.000000,0.000000
Q60,22,0,8,0,0.000000,0.000000,0.000000,0.000000
Q60,18,0,8,0,0.000000,0.000000,0.000000,0.000000
Q59,95,0,1,0,0.000000,0.000000,0.000000,0.000000
Q60,19,0,8,0,0.000000,0.000000,0.000000,0.000000
Q60,24,0,8,0,0.000000,0.000000,0.000000,0.000000
Q60,25,0,8,0,0.000000,0.000000,0.000000,0.000000
Q60,15,0,8,0,0.000000,0.000000,0.000000,0.000000
Q60,23,0,8,0,0.000000,0.000000,0.000000,0.000000
Q60,3,0,8,0,0.000000,0.000000,0.000000,0.000000
Q60,27,0,8,0,0.000000,0.000000,0.000000,0.000000
Q60,21,0,8,0,0.000000,0.000000,0.000000,0.000000
Q60,14,0,8,0,0.000000,0.000000,0.000000,0.000000
Q60,17,0,8,0,0.000000,0.000000,0.000000,0.000000
Q60,28,0,8,0,0.000000,0.000000,0.000000,0.000000
Q60,26,0,8,0,0.000000,0.000000,0.000000,0.000000
Q60,29,0,8,0,0.000000,0.000000,0.000000,0.000000
Q60,20,0,8,0,0.000000,0.000000,0.000000,0.000000
Q60,31,0,8,0,0.000000,0.000000,0.000000,0.000000
Q60,34,0,8,0,0.000000,0.000000,0.000000,0.000000
Q60,35,0,8,0,0.000000,0.000000,0.000000,0.000000
Q60,36,0,8,0,0.000000,0.000000,0.000000,0.000000
Q60,33,0,8,0,0.000000,0.000000,0.000000,0.000000
Q60,37,0,8,0,0.000000,0.000000,0.000000,0.000000
Q60,30,0,8,0,0.000000,0.000000,0.000000,0.000000
Q60,38,0,8,0,0.000000,0.000000,0.000000,0.000000
Q60,40,0,8,0,0.000000,0.000000,0.000000,0.000000
Q60,32,0,8,0,0.000000,0.000000,0.000000,0.000000
Q60,39,0,8,0,0.000000,0.000000,0.000000,0.000000
Q60,41,0,8,0,0.000000,0.000000,0.000000,0.000000
Q60,45,0,8,0,0.000000,0.000000,0.000000,0.000000
Q60,48,0,8,0,0.000000,0.000000,0.000000,0.000000
Q60,50,0,8,0,0.000000,0.000000,0.000000,0.000000
Q60,49,0,8,0,0.000000,0.000000,0.000000,0.000000
Q60,55,0,8,0,0.000000,0.000000,0.000000,0.000000
Q60,47,0,8,0,0.000000,0.000000,0.000000,0.000000
Q60,56,0,8,0,0.000000,0.000000,0.000000,0.000000
Q60,57,0,8,0,0.000000,0.000000,0.000000,0.000000
Q60,53,0,8,0,0.000000,0.000000,0.000000,0.000000
Q60,54,0,8,0,0.000000,0.000000,0.000000,0.000000
Q60,59,0,8,0,0.000000,0.000000,0.000000,0.000000
Q60,63,0,8,0,0.000000,0.000000,0.000000,0.000000
Q60,60,0,8,0,0.000000,0.000000,0.000000,0.000000
Q60,52,0,8,0,0.000000,0.000000,0.000000,0.000000
Q60,51,0,8,0,0.000000,0.000000,0.000000,0.000000
Q60,65,0,8,0,0.000000,0.000000,0.000000,0.000000
Q60,43,0,8,0,0.000000,0.000000,0.000000,0.000000
Q60,44,0,8,0,0.000000,0.000000,0.000000,0.000000
Q60,46,0,8,0,0.000000,0.000000,0.000000,0.000000
Q60,64,0,8,0,0.000000,0.000000,0.000000,0.000000
Q60,68,0,8,0,0.000000,0.000000,0.000000,0.000000
Q60,61,0,8,0,0.000000,0.000000,0.000000,0.000000
Q60,70,0,8,0,0.000000,0.000000,0.000000,0.000000
Q60,69,0,8,0,0.000000,0.000000,0.000000,0.000000
Q60,66,0,8,0,0.000000,0.000000,0.000000,0.000000
Q60,42,0,8,0,0.000000,0.000000,0.000000,0.000000
Q60,72,0,8,0,0.000000,0.000000,0.000000,0.000000
Q60,67,0,8,0,0.000000,0.000000,0.000000,0.000000
Q60,75,0,8,0,0.000000,0.000000,0.000000,0.000000
Q60,73,0,8,0,0.000000,0.000000,0.000000,0.000000
Q60,74,0,8,0,0.000000,0.000000,0.000000,0.000000
Q60,62,0,8,0,0.000000,0.000000,0.000000,0.000000
Q60,76,0,8,0,0.000000,0.000000,0.000000,0.000000
Q60,58,0,8,0,0.000000,0.000000,0.000000,0.000000
Q60,77,0,8,0,0.000000,0.000000,0.000000,0.000000
Q60,80,0,8,0,0.000000,0.000000,0.000000,0.000000
Q60,84,0,8,0,0.000000,0.000000,0.000000,0.000000
Q60,86,0,8,0,0.000000,0.000000,0.000000,0.000000
Q60,79,0,8,0,0.000000,0.000000,0.000000,0.000000
Q60,88,0,8,0,0.000000,0.000000,0.000000,0.000000
Q60,71,0,8,0,0.000000,0.000000,0.000000,0.000000
Q60,85,0,8,0,0.000000,0.000000,0.000000,0.000000
Q60,89,0,8,0,0.000000,0.000000,0.000000,0.000000
Q60,78,0,8,0,0.000000,0.000000,0.000000,0.000000
Q60,91,0,8,0,0.000000,0.000000,0.000000,0.000000
Q60,92,0,8,0,0.000000,0.000000,0.000000,0.000000
Q60,90,0,8,0,0.000000,0.000000,0.000000,0.000000
Q60,81,0,8,0,0.000000,0.000000,0.000000,0.000000
Q60,82,0,8,0,0.000000,0.000000,0.000000,0.000000
Q60,93,0,8,0,0.000000,0.000000,0.000000,0.000000
Q60,96,0,8,0,0.000000,0.000000,0.000000,0.000000
Q60,98,0,8,0,0.000000,0.000000,0.000000,0.000000
Q60,95,0,8,0,0.000000,0.000000,0.000000,0.000000
Q60,87,0,8,0,0.000000,0.000000,0.000000,0.000000
Q60,99,0,8,0,0.000000,0.000000,0.000000,0.000000
Q60,100,0,8,0,0.000000,0.000000,0.000000,0.000000
Q60,83,0,8,0,0.000000,0.000000,0.000000,0.000000
Q61,2,1,1,0,0.000000,0.000000,0.000000,0.000000
Q61,5,0,1,0,0.000000,0.000000,0.000000,0.000000
Q60,94,0,8,0,0.000000,0.000000,0.000000,0.000000
Q61,9,0,1,0,0.000000,0.000000,0.000000,0.000000
Q61,3,0,1,0,0.000000,0.000000,0.000000,0.000000
Q61,13,1,1,0,0.000000,0.000000,0.000000,0.000000
Q61,8,1,1,0,0.000000,0.000000,0.000000,0.000000
Q61,15,1,1,0,0.000000,0.000000,0.000000,0.000000
Q61,11,0,1,0,0.000000,0.000000,0.000000,0.000000
Q61,14,1,1,0,0.000000,0.000000,0.000000,0.000000
Q61,16,0,1,0,0.000000,0.000000,0.000000,0.000000
Q61,1,1,1,0,0.000000,0.000000,0.000000,0.000000
Q60,97,0,8,0,0.000000,0.000000,0.000000,0.000000
Q61,10,3,1,0,0.000000,0.000000,0.000000,0.000000
Q61,18,0,1,0,0.000000,0.000000,0.000000,0.000000
Q61,23,0,1,0,0.000000,0.000000,0.000000,0.000000
Q61,22,0,1,0,0.000000,0.000000,0.000000,0.000000
Q61,17,1,1,0,0.000000,0.000000,0.000000,0.000000
Q61,19,0,1,0,0.000000,0.000000,0.000000,0.000000
Q61,24,0,1,0,0.000000,0.000000,0.000000,0.000000
Q61,6,2,1,0,0.000000,0.000000,0.000000,0.000000
Q61,7,1,1,0,0.000000,0.000000,0.000000,0.000000
Q61,20,1,1,0,0.000000,0.000000,0.000000,0.000000
Q61,4,0,1,0,0.000000,0.000000,0.000000,0.000000
Q61,12,0,1,0,0.000000,0.000000,0.000000,0.000000
Q61,21,1,1,0,0.000000,0.000000,0.000000,0.000000
Q61,25,0,1,0,0.000000,0.000000,0.000000,0.000000
Q61,28,0,1,0,0.000000,0.000000,0.000000,0.000000
Q61,30,0,1,0,0.000000,0.000000,0.000000,0.000000
Q61,36,0,1,0,0.000000,0.000000,0.000000,0.000000
Q61,34,0,1,0,0.000000,0.000000,0.000000,0.000000
Q61,27,1,1,0,0.000000,0.000000,0.000000,0.000000
Q61,37,0,1,0,0.000000,0.000000,0.000000,0.000000
Q61,29,0,1,0,0.000000,0.000000,0.000000,0.000000
Q61,26,2,1,0,0.000000,0.000000,0.000000,0.000000
Q61,38,0,1,0,0.000000,0.000000,0.000000,0.000000
Q61,33,2,1,0,0.000000,0.000000,0.000000,0.000000
Q61,35,2,1,0,0.000000,0.000000,0.000000,0.000000
Q61,39,0,1,0,0.000000,0.000000,0.000000,0.000000
Q61,41,0,1,0,0.000000,0.000000,0.000000,0.000000
Q61,42,1,1,0,0.000000,0.000000,0.000000,0.000000
Q61,31,1,1,0,0.000000,0.000000,0.000000,0.000000
Q61,46,0,1,0,0.000000,0.000000,0.000000,0.000000
Q61,32,0,1,0,0.000000,0.000000,0.000000,0.000000
Q61,50,0,1,0,0.000000,0.000000,0.000000,0.000000
Q61,43,0,1,0,0.000000,0.000000,0.000000,0.000000
Q61,44,0,1,0,0.000000,0.000000,0.000000,0.000000
Q61,52,0,1,0,0.000000,0.000000,0.000000,0.000000
Q61,54,0,1,0,0.000000,0.000000,0.000000,0.000000
Q61,47,0,1,0,0.000000,0.000000,0.000000,0.000000
Q61,40,1,1,0,0.000000,0.000000,0.000000,0.000000
Q61,49,0,1,0,0.000000,0.000000,0.000000,0.000000
Q61,51,1,1,0,0.000000,0.000000,0.000000,0.000000
Q61,48,1,1,0,0.000000,0.000000,0.000000,0.000000
Q61,55,0,1,0,0.000000,0.000000,0.000000,0.000000
Q61,56,1,1,0,0.000000,0.000000,0.000000,0.000000
Q61,45,0,1,0,0.000000,0.000000,0.000000,0.000000
Q61,60,1,1,0,0.000000,0.000000,0.000000,0.000000
Q61,62,1,1,0,0.000000,0.000000,0.000000,0.000000
Q61,67,0,1,0,0.000000,0.000000,0.000000,0.000000
Q61,66,1,1,0,0.000000,0.000000,0.000000,0.000000
Q61,68,0,1,0,0.000000,0.000000,0.000000,0.000000
Q61,58,0,1,0,0.000000,0.000000,0.000000,0.000000
Q61,65,0,1,0,0.000000,0.000000,0.000000,0.000000
Q61,70,0,1,0,0.000000,0.000000,0.000000,0.000000
Q61,53,0,1,0,0.000000,0.000000,0.000000,0.000000
Q61,59,1,1,0,0.000000,0.000000,0.000000,0.000000
Q61,72,0,1,0,0.000000,0.000000,0.000000,0.000000
Q61,71,1,1,0,0.000000,0.000000,0.000000,0.000000
Q61,57,1,1,0,0.000000,0.000000,0.000000,0.000000
Q61,73,0,1,0,0.000000,0.000000,0.000000,0.000000
Q61,61,1,1,0,0.000000,0.000000,0.000000,0.000000
Q61,76,0,1,0,0.000000,0.000000,0.000000,0.000000
Q61,64,0,1,0,0.000000,0.000000,0.000000,0.000000
Q61,75,1,1,0,0.000000,0.000000,0.000000,0.000000
Q61,74,2,1,0,0.000000,0.000000,0.000000,0.000000
Q61,79,0,1,0,0.000000,0.000000,0.000000,0.000000
Q61,77,1,1,0,0.000000,0.000000,0.000000,0.000000
Q61,78,1,1,0,0.000000,0.000000,0.000000,0.000000
Q61,80,0,1,0,0.000000,0.000000,0.000000,0.000000
Q61,86,0,1,0,0.000000,0.000000,0.000000,0.000000
Q61,87,0,1,0,0.000000,0.000000,0.000000,0.000000
Q61,83,2,1,0,0.000000,0.000000,0.000000,0.000000
Q61,88,0,1,0,0.000000,0.000000,0.000000,0.000000
Q61,89,0,1,0,0.000000,0.000000,0.000000,0.000000
Q61,84,0,1,0,0.000000,0.000000,0.000000,0.000000
Q61,69,1,1,0,0.000000,0.000000,0.000000,0.000000
Q61,81,0,1,0,0.000000,0.000000,0.000000,0.000000
Q61,91,0,1,0,0.000000,0.000000,0.000000,0.000000
Q61,82,0,1,0,0.000000,0.000000,0.000000,0.000000
Q61,94,0,1,0,0.000000,0.000000,0.000000,0.000000
Q61,97,0,1,0,0.000000,0.000000,0.000000,0.000000
Q61,95,0,1,0,0.000000,0.000000,0.000000,0.000000
Q61,92,0,1,0,0.000000,0.000000,0.000000,0.000000
Q62,1,0,1,0,0.000000,0.000000,0.000000,0.000000
Q61,99,0,1,0,0.000000,0.000000,0.000000,0.000000
Q62,2,0,1,0,0.000000,0.000000,0.000000,0.000000
Q62,4,0,1,0,0.000000,0.000000,0.000000,0.000000
Q62,5,0,1,0,0.000000,0.000000,0.000000,0.000000
Q61,93,0,1,0,0.000000,0.000000,0.000000,0.000000
Q61,63,1,1,0,0.000000,0.000000,0.000000,0.000000
Q61,85,0,1,0,0.000000,0.000000,0.000000,0.000000
Q61,98,0,1,0,0.000000,0.000000,0.000000,0.000000
Q62,3,0,1,0,0.000000,0.000000,0.000000,0.000000
Q62,7,0,1,0,0.000000,0.000000,0.000000,0.000000
Q62,8,0,1,0,0.000000,0.000000,0.000000,0.000000
Q61,96,2,1,0,0.000000,0.000000,0.000000,0.000000
Q62,11,0,1,0,0.000000,0.000000,0.000000,0.000000
Q62,9,0,1,0,0.000000,0.000000,0.000000,0.000000
Q62,12,0,1,0,0.000000,0.000000,0.000000,0.000000
Q62,13,0,1,0,0.000000,0.000000,0.000000,0.000000
Q62,15,0,1,0,0.000000,0.000000,0.000000,0.000000
Q61,100,0,1,0,0.000000,0.000000,0.000000,0.000000
Q62,14,0,1,0,0.000000,0.000000,0.000000,0.000000
Q62,21,0,1,0,0.000000,0.000000,0.000000,0.000000
Q62,6,0,1,0,0.000000,0.000000,0.000000,0.000000
Q62,17,0,1,0,0.000000,0.000000,0.000000,0.000000
Q62,20,0,1,0,0.000000,0.000000,0.000000,0.000000
Q62,25,0,1,0,0.000000,0.000000,0.000000,0.000000
Q62,16,0,1,0,0.000000,0.000000,0.000000,0.000000
Q62,24,0,1,0,0.000000,0.000000,0.000000,0.000000
Q62,27,0,1,0,0.000000,0.000000,0.000000,0.000000
Q62,18,0,1,0,0.000000,0.000000,0.000000,0.000000
Q62,10,0,1,0,0.000000,0.000000,0.000000,0.000000
Q62,30,0,1,0,0.000000,0.000000,0.000000,0.000000
Q62,23,0,1,0,0.000000,0.000000,0.000000,0.000000
Q62,22,0,1,0,0.000000,0.000000,0.000000,0.000000
Q62,29,0,1,0,0.000000,0.000000,0.000000,0.000000
Q62,31,0,1,0,0.000000,0.000000,0.000000,0.000000
Q61,90,0,1,0,0.000000,0.000000,0.000000,0.000000
Q62,28,0,1,0,0.000000,0.000000,0.000000,0.000000
Q62,32,0,1,0,0.000000,0.000000,0.000000,0.000000
Q62,34,0,1,0,0.000000,0.000000,0.000000,0.000000
Q62,35,0,1,0,0.000000,0.000000,0.000000,0.000000
Q62,26,0,1,0,0.000000,0.000000,0.000000,0.000000
Q62,37,0,1,0,0.000000,0.000000,0.000000,0.000000
Q62,38,0,1,0,0.000000,0.000000,0.000000,0.000000
Q62,36,0,1,0,0.000000,0.000000,0.000000,0.000000
Q62,41,0,1,0,0.000000,0.000000,0.000000,0.000000
Q62,43,0,1,0,0.000000,0.000000,0.000000,0.000000
Q62,33,0,1,0,0.000000,0.000000,0.000000,0.000000
Q62,42,0,1,0,0.000000,0.000000,0.000000,0.000000
Q62,45,0,1,0,0.000000,0.000000,0.000000,0.000000
Q62,46,0,1,0,0.000000,0.000000,0.000000,0.000000
Q62,44,0,1,0,0.000000,0.000000,0.000000,0.000000
Q62,51,0,1,0,0.000000,0.000000,0.000000,0.000000
Q62,50,1,1,0,0.000000,0.000000,0.000000,0.000000
Q62,19,0,1,0,0.000000,0.000000,0.000000,0.000000
Q62,52,0,1,0,0.000000,0.000000,0.000000,0.000000
Q62,47,0,1,0,0.000000,0.000000,0.000000,0.000000
Q62,53,0,1,0,0.000000,0.000000,0.000000,0.000000
Q62,49,0,1,0,0.000000,0.000000,0.000000,0.000000
Q62,55,0,1,0,0.000000,0.000000,0.000000,0.000000
Q62,57,0,1,0,0.000000,0.000000,0.000000,0.000000
Q62,39,0,1,0,0.000000,0.000000,0.000000,0.000000
Q62,58,0,1,0,0.000000,0.000000,0.000000,0.000000
Q62,48,0,1,0,0.000000,0.000000,0.000000,0.000000
Q62,59,0,1,0,0.000000,0.000000,0.000000,0.000000
Q62,56,0,1,0,0.000000,0.000000,0.000000,0.000000
Q62,60,0,1,0,0.000000,0.000000,0.000000,0.000000
Q62,61,0,1,0,0.000000,0.000000,0.000000,0.000000
Q62,65,0,1,0,0.000000,0.000000,0.000000,0.000000
Q62,54,0,1,0,0.000000,0.000000,0.000000,0.000000
Q62,68,0,1,0,0.000000,0.000000,0.000000,0.000000
Q62,63,0,1,0,0.000000,0.000000,0.000000,0.000000
Q62,64,0,1,0,0.000000,0.000000,0.000000,0.000000
Q62,73,0,1,0,0.000000,0.000000,0.000000,0.000000
Q62,66,0,1,0,0.000000,0.000000,0.000000,0.000000
Q62,70,0,1,0,0.000000,0.000000,0.000000,0.000000
Q62,69,0,1,0,0.000000,0.000000,0.000000,0.000000
Q62,77,0,1,0,0.000000,0.000000,0.000000,0.000000
Q62,72,0,1,0,0.000000,0.000000,0.000000,0.000000
Q62,74,0,1,0,0.000000,0.000000,0.000000,0.000000
Q62,79,0,1,0,0.000000,0.000000,0.000000,0.000000
Q62,40,0,1,0,0.000000,0.000000,0.000000,0.000000
Q62,80,0,1,0,0.000000,0.000000,0.000000,0.000000
Q62,76,0,1,0,0.000000,0.000000,0.000000,0.000000
Q62,84,0,1,0,0.000000,0.000000,0.000000,0.000000
Q62,85,0,1,0,0.000000,0.000000,0.000000,0.000000
Q62,78,0,1,0,0.000000,0.000000,0.000000,0.000000
Q62,67,0,1,0,0.000000,0.000000,0.000000,0.000000
Q62,83,0,1,0,0.000000,0.000000,0.000000,0.000000
Q62,62,0,1,0,0.000000,0.000000,0.000000,0.000000
Q62,82,0,1,0,0.000000,0.000000,0.000000,0.000000
Q62,87,0,1,0,0.000000,0.000000,0.000000,0.000000
Q62,71,0,1,0,0.000000,0.000000,0.000000,0.000000
Q62,88,0,1,0,0.000000,0.000000,0.000000,0.000000
Q62,92,0,1,0,0.000000,0.000000,0.000000,0.000000
Q62,95,0,1,0,0.000000,0.000000,0.000000,0.000000
Q62,94,0,1,0,0.000000,0.000000,0.000000,0.000000
Q62,90,0,1,0,0.000000,0.000000,0.000000,0.000000
Q62,89,0,1,0,0.000000,0.000000,0.000000,0.000000
Q62,75,0,1,0,0.000000,0.000000,0.000000,0.000000
Q62,98,0,1,0,0.000000,0.000000,0.000000,0.000000
Q62,99,0,1,0,0.000000,0.000000,0.000000,0.000000
Q62,96,0,1,0,0.000000,0.000000,0.000000,0.000000
Q62,91,0,1,0,0.000000,0.000000,0.000000,0.000000
Q62,86,0,1,0,0.000000,0.000000,0.000000,0.000000
Q63,2,0,1,0,0.000000,0.000000,0.000000,0.000000
Q63,3,0,1,0,0.000000,0.000000,0.000000,0.000000
Q62,97,0,1,0,0.000000,0.000000,0.000000,0.000000
Q62,93,0,1,0,0.000000,0.000000,0.000000,0.000000
Q63,1,1,1,0,0.000000,0.000000,0.000000,0.000000
Q62,81,0,1,0,0.000000,0.000000,0.000000,0.000000
Q63,8,0,1,0,0.000000,0.000000,0.000000,0.000000
Q63,4,1,1,0,0.000000,0.000000,0.000000,0.000000
Q63,13,0,1,0,0.000000,0.000000,0.000000,0.000000
Q63,12,0,1,0,0.000000,0.000000,0.000000,0.000000
Q63,11,0,1,0,0.000000,0.000000,0.000000,0.000000
Q62,100,0,1,0,0.000000,0.000000,0.000000,0.000000
Q63,15,0,1,0,0.000000,0.000000,0.000000,0.000000
Q63,9,0,1,0,0.000000,0.000000,0.000000,0.000000
Q63,20,0,1,0,0.000000,0.000000,0.000000,0.000000
Q63,7,1,1,0,0.000000,0.000000,0.000000,0.000000
Q63,14,0,1,0,0.000000,0.000000,0.000000,0.000000
Q63,19,0,1,0,0.000000,0.000000,0.000000,0.000000
Q63,21,0,1,0,0.000000,0.000000,0.000000,0.000000
Q63,24,0,1,0,0.000000,0.000000,0.000000,0.000000
Q63,23,1,1,0,0.000000,0.000000,0.000000,0.000000
Q63,25,0,1,0,0.000000,0.000000,0.000000,0.000000
Q63,6,0,1,0,0.000000,0.000000,0.000000,0.000000
Q63,22,0,1,0,0.000000,0.000000,0.000000,0.000000
Q63,17,0,1,0,0.000000,0.000000,0.000000,0.000000
Q63,18,0,1,0,0.000000,0.000000,0.000000,0.000000
Q63,16,0,1,0,0.000000,0.000000,0.000000,0.000000
Q63,28,0,1,0,0.000000,0.000000,0.000000,0.000000
Q63,26,0,1,0,0.000000,0.000000,0.000000,0.000000
Q63,29,0,1,0,0.000000,0.000000,0.000000,0.000000
Q63,5,0,1,0,0.000000,0.000000,0.000000,0.000000
Q63,32,0,1,0,0.000000,0.000000,0.000000,0.000000
Q63,31,0,1,0,0.000000,0.000000,0.000000,0.000000
Q63,10,1,1,0,0.000000,0.000000,0.000000,0.000000
Q63,36,0,1,0,0.000000,0.000000,0.000000,0.000000
Q63,30,0,1,0,0.000000,0.000000,0.000000,0.000000
Q63,41,0,1,0,0.000000,0.000000,0.000000,0.000000
Q63,27,0,1,0,0.000000,0.000000,0.000000,0.000000
Q63,40,0,1,0,0.000000,0.000000,0.000000,0.000000
Q63,43,0,1,0,0.000000,0.000000,0.000000,0.000000
Q63,35,1,1,0,0.000000,0.000000,0.000000,0.000000
Q63,42,1,1,0,0.000000,0.000000,0.000000,0.000000
Q63,39,0,1,0,0.000000,0.000000,0.000000,0.000000
Q63,48,0,1,0,0.000000,0.000000,0.000000,0.000000
Q63,50,0,1,0,0.000000,0.000000,0.000000,0.000000
Q63,44,0,1,0,0.000000,0.000000,0.000000,0.000000
Q63,46,0,1,0,0.000000,0.000000,0.000000,0.000000
Q63,49,1,1,0,0.000000,0.000000,0.000000,0.000000
Q63,45,0,1,0,0.000000,0.000000,0.000000,0.000000
Q63,47,0,1,0,0.000000,0.000000,0.000000,0.000000
Q63,38,0,1,0,0.000000,0.000000,0.000000,0.000000
Q63,52,0,1,0,0.000000,0.000000,0.000000,0.000000
Q63,51,0,1,0,0.000000,0.000000,0.000000,0.000000
Q63,55,0,1,0,0.000000,0.000000,0.000000,0.000000
Q63,33,0,1,0,0.000000,0.000000,0.000000,0.000000
Q63,58,0,1,0,0.000000,0.000000,0.000000,0.000000
Q63,54,0,1,0,0.000000,0.000000,0.000000,0.000000
Q63,57,0,1,0,0.000000,0.000000,0.000000,0.000000
Q63,61,0,1,0,0.000000,0.000000,0.000000,0.000000
Q63,60,1,1,0,0.000000,0.000000,0.000000,0.000000
Q63,62,0,1,0,0.000000,0.000000,0.000000,0.000000
Q63,65,0,1,0,0.000000,0.000000,0.000000,0.000000
Q63,34,0,1,0,0.000000,0.000000,0.000000,0.000000
Q63,56,0,1,0,0.000000,0.000000,0.000000,0.000000
Q63,53,0,1,0,0.000000,0.000000,0.000000,0.000000
Q63,63,0,1,0,0.000000,0.000000,0.000000,0.000000
Q63,37,0,1,0,0.000000,0.000000,0.000000,0.000000
Q63,64,1,1,0,0.000000,0.000000,0.000000,0.000000
Q63,67,0,1,0,0.000000,0.000000,0.000000,0.000000
Q63,70,0,1,0,0.000000,0.000000,0.000000,0.000000
Q63,68,0,1,0,0.000000,0.000000,0.000000,0.000000
Q63,75,0,1,0,0.000000,0.000000,0.000000,0.000000
Q63,73,0,1,0,0.000000,0.000000,0.000000,0.000000
Q63,59,0,1,0,0.000000,0.000000,0.000000,0.000000
Q63,66,1,1,0,0.000000,0.000000,0.000000,0.000000
Q63,74,0,1,0,0.000000,0.000000,0.000000,0.000000
Q63,80,1,1,0,0.000000,0.000000,0.000000,0.000000
Q63,69,2,1,0,0.000000,0.000000,0.000000,0.000000
Q63,83,0,1,0,0.000000,0.000000,0.000000,0.000000
Q63,82,0,1,0,0.000000,0.000000,0.000000,0.000000
Q63,81,0,1,0,0.000000,0.000000,0.000000,0.000000
Q63,76,0,1,0,0.000000,0.000000,0.000000,0.000000
Q63,87,0,1,0,0.000000,0.000000,0.000000,0.000000
Q63,72,0,1,0,0.000000,0.000000,0.000000,0.000000
Q63,77,0,1,0,0.000000,0.000000,0.000000,0.000000
Q63,88,0,1,0,0.000000,0.000000,0.000000,0.000000
Q63,71,0,1,0,0.000000,0.000000,0.000000,0.000000
Q63,79,0,1,0,0.000000,0.000000,0.000000,0.000000
Q63,86,0,1,0,0.000000,0.000000,0.000000,0.000000
Q63,85,0,1,0,0.000000,0.000000,0.000000,0.000000
Q63,78,0,1,0,0.000000,0.000000,0.000000,0.000000
Q63,90,0,1,0,0.000000,0.000000,0.000000,0.000000
Q63,91,0,1,0,0.000000,0.000000,0.000000,0.000000
Q63,94,0,1,0,0.000000,0.000000,0.000000,0.000000
Q63,89,0,1,0,0.000000,0.000000,0.000000,0.000000
Q63,100,0,1,0,0.000000,0.000000,0.000000,0.000000
Q63,99,0,1,0,0.000000,0.000000,0.000000,0.000000
Q63,95,0,1,0,0.000000,0.000000,0.000000,0.000000
Q63,96,0,1,0,0.000000,0.000000,0.000000,0.000000
Q63,97,0,1,0,0.000000,0.000000,0.000000,0.000000
Q63,92,0,1,0,0.000000,0.000000,0.000000,0.000000
Q63,93,0,1,0,0.000000,0.000000,0.000000,0.000000
Q64,1,1,1,0,0.000000,0.000000,0.000000,0.000000
Q64,2,0,1,0,0.000000,0.000000,0.000000,0.000000
Q63,98,0,1,0,0.000000,0.000000,0.000000,0.000000
Q64,4,0,1,0,0.000000,0.000000,0.000000,0.000000
Q63,84,0,1,0,0.000000,0.000000,0.000000,0.000000
Q64,8,0,1,0,0.000000,0.000000,0.000000,0.000000
Q64,10,0,1,0,0.000000,0.000000,0.000000,0.000000
Q64,5,0,1,0,0.000000,0.000000,0.000000,0.000000
Q64,3,0,1,0,0.000000,0.000000,0.000000,0.000000
Q64,9,1,1,0,0.000000,0.000000,0.000000,0.000000
Q64,7,0,1,0,0.000000,0.000000,0.000000,0.000000
Q64,17,0,1,0,0.000000,0.000000,0.000000,0.000000
Q64,15,0,1,0,0.000000,0.000000,0.000000,0.000000
Q64,18,0,1,0,0.000000,0.000000,0.000000,0.000000
Q64,12,0,1,0,0.000000,0.000000,0.000000,0.000000
Q64,20,0,1,0,0.000000,0.000000,0.000000,0.000000
Q64,14,0,1,0,0.000000,0.000000,0.000000,0.000000
Q64,16,0,1,0,0.000000,0.000000,0.000000,0.000000
Q64,19,0,1,0,0.000000,0.000000,0.000000,0.000000
Q64,13,0,1,0,0.000000,0.000000,0.000000,0.000000
Q64,22,0,1,0,0.000000,0.000000,0.000000,0.000000
Q64,24,0,1,0,0.000000,0.000000,0.000000,0.000000
Q64,21,2,1,0,0.000000,0.000000,0.000000,0.000000
Q64,25,0,1,0,0.000000,0.000000,0.000000,0.000000
Q64,26,0,1,0,0.000000,0.000000,0.000000,0.000000
Q64,29,0,1,0,0.000000,0.000000,0.000000,0.000000
Q64,31,0,1,0,0.000000,0.000000,0.000000,0.000000
Q64,35,0,1,0,0.000000,0.000000,0.000000,0.000000
Q64,34,0,1,0,0.000000,0.000000,0.000000,0.000000
Q64,32,0,1,0,0.000000,0.000000,0.000000,0.000000
Q64,37,0,1,0,0.000000,0.000000,0.000000,0.000000
Q64,38,0,1,0,0.000000,0.000000,0.000000,0.000000
Q64,23,0,1,0,0.000000,0.000000,0.000000,0.000000
Q64,27,0,1,0,0.000000,0.000000,0.000000,0.000000
Q64,39,0,1,0,0.000000,0.000000,0.000000,0.000000
Q64,28,0,1,0,0.000000,0.000000,0.000000,0.000000
Q64,6,0,1,0,0.000000,0.000000,0.000000,0.000000
Q64,40,0,1,0,0.000000,0.000000,0.000000,0.000000
Q64,36,0,1,0,0.000000,0.000000,0.000000,0.000000
Q64,41,0,1,0,0.000000,0.000000,0.000000,0.000000
Q64,45,0,1,0,0.000000,0.000000,0.000000,0.000000
Q64,11,0,1,0,0.000000,0.000000,0.000000,0.000000
Q64,42,0,1,0,0.000000,0.000000,0.000000,0.000000
Q64,30,1,1,0,0.000000,0.000000,0.000000,0.000000
Q64,44,1,1,0,0.000000,0.000000,0.000000,0.000000
Q64,43,0,1,0,0.000000,0.000000,0.000000,0.000000
Q64,50,0,1,0,0.000000,0.000000,0.000000,0.000000
Q64,46,0,1,0,0.000000,0.000000,0.000000,0.000000
Q64,48,0,1,0,0.000000,0.000000,0.000000,0.000000
Q64,47,0,1,0,0.000000,0.000000,0.000000,0.000000
Q64,52,0,1,0,0.000000,0.000000,0.000000,0.000000
Q64,49,0,1,0,0.000000,0.000000,0.000000,0.000000
Q64,51,0,1,0,0.000000,0.000000,0.000000,0.000000
Q64,53,0,1,0,0.000000,0.000000,0.000000,0.000000
Q64,54,1,1,0,0.000000,0.000000,0.000000,0.000000
Q64,60,0,1,0,0.000000,0.000000,0.000000,0.000000
Q64,64,1,1,0,0.000000,0.000000,0.000000,0.000000
Q64,65,0,1,0,0.000000,0.000000,0.000000,0.000000
Q64,57,0,1,0,0.000000,0.000000,0.000000,0.000000
Q64,59,0,1,0,0.000000,0.000000,0.000000,0.000000
Q64,58,0,1,0,0.000000,0.000000,0.000000,0.000000
Q64,69,0,1,0,0.000000,0.000000,0.000000,0.000000
Q64,66,0,1,0,0.000000,0.000000,0.000000,0.000000
Q64,71,0,1,0,0.000000,0.000000,0.000000,0.000000
Q64,68,1,1,0,0.000000,0.000000,0.000000,0.000000
Q64,56,1,1,0,0.000000,0.000000,0.000000,0.000000
Q64,72,0,1,0,0.000000,0.000000,0.000000,0.000000
Q64,33,0,1,0,0.000000,0.000000,0.000000,0.000000
Q64,62,0,1,0,0.000000,0.000000,0.000000,0.000000
Q64,75,0,1,0,0.000000,0.000000,0.000000,0.000000
Q64,76,0,1,0,0.000000,0.000000,0.000000,0.000000
Q64,61,2,1,0,0.000000,0.000000,0.000000,0.000000
Q64,77,0,1,0,0.000000,0.000000,0.000000,0.000000
Q64,63,0,1,0,0.000000,0.000000,0.000000,0.000000
Q64,78,0,1,0,0.000000,0.000000,0.000000,0.000000
Q64,74,0,1,0,0.000000,0.000000,0.000000,0.000000
Q64,80,0,1,0,0.000000,0.000000,0.000000,0.000000
Q64,70,1,1,0,0.000000,0.000000,0.000000,0.000000
Q64,84,0,1,0,0.000000,0.000000,0.000000,0.000000
Q64,79,0,1,0,0.000000,0.000000,0.000000,0.000000
Q64,86,0,1,0,0.000000,0.000000,0.000000,0.000000
Q64,87,0,1,0,0.000000,0.000000,0.000000,0.000000
Q64,85,0,1,0,0.000000,0.000000,0.000000,0.000000
Q64,81,1,1,0,0.000000,0.000000,0.000000,0.000000
Q64,73,2,1,0,0.000000,0.000000,0.000000,0.000000
Q64,67,0,1,0,0.000000,0.000000,0.000000,0.000000
Q64,88,0,1,0,0.000000,0.000000,0.000000,0.000000
Q64,83,0,1,0,0.000000,0.000000,0.000000,0.000000
Q64,89,0,1,0,0.000000,0.000000,0.000000,0.000000
Q64,94,0,1,0,0.000000,0.000000,0.000000,0.000000
Q64,93,0,1,0,0.000000,0.000000,0.000000,0.000000
Q64,90,0,1,0,0.000000,0.000000,0.000000,0.000000
Q64,91,0,1,0,0.000000,0.000000,0.000000,0.000000
Q64,97,0,1,0,0.000000,0.000000,0.000000,0.000000
Q64,95,0,1,0,0.000000,0.000000,0.000000,0.000000
Q64,96,0,1,0,0.000000,0.000000,0.000000,0.000000
Q64,92,0,1,0,0.000000,0.000000,0.000000,0.000000
Q64,100,1,1,0,0.000000,0.000000,0.000000,0.000000
Q64,55,2,1,0,0.000000,0.000000,0.000000,0.000000
Q65,4,0,4,0,0.000000,0.000000,0.000000,0.000000
Q65,3,0,4,0,0.000000,0.000000,0.000000,0.000000
Q65,6,0,4,0,0.000000,0.000000,0.000000,0.000000
Q65,5,0,4,0,0.000000,0.000000,0.000000,0.000000
Q65,2,0,4,0,0.000000,0.000000,0.000000,0.000000
Q65,1,0,4,0,0.000000,0.000000,0.000000,0.000000
Q64,82,0,1,0,0.000000,0.000000,0.000000,0.000000
Q65,9,0,4,0,0.000000,0.000000,0.000000,0.000000
Q64,98,2,1,1,0.500000,0.500000,1.000000,0.666667
Q65,8,0,4,0,0.000000,0.000000,0.000000,0.000000
Q65,10,0,4,0,0.000000,0.000000,0.000000,0.000000
Q65,11,0,4,0,0.000000,0.000000,0.000000,0.000000
Q65,14,0,4,0,0.000000,0.000000,0.000000,0.000000
Q65,7,0,4,0,0.000000,0.000000,0.000000,0.000000
Q65,18,0,4,0,0.000000,0.000000,0.000000,0.000000
Q65,21,0,4,0,0.000000,0.000000,0.000000,0.000000
Q65,12,0,4,0,0.000000,0.000000,0.000000,0.000000
Q65,19,0,4,0,0.000000,0.000000,0.000000,0.000000
Q65,15,0,4,0,0.000000,0.000000,0.000000,0.000000
Q64,99,0,1,0,0.000000,0.000000,0.000000,0.000000
Q65,23,0,4,0,0.000000,0.000000,0.000000,0.000000
Q65,22,0,4,0,0.000000,0.000000,0.000000,0.000000
Q65,24,0,4,0,0.000000,0.000000,0.000000,0.000000
Q65,13,0,4,0,0.000000,0.000000,0.000000,0.000000
Q65,25,0,4,0,0.000000,0.000000,0.000000,0.000000
Q65,26,0,4,0,0.000000,0.000000,0.000000,0.000000
Q65,20,0,4,0,0.000000,0.000000,0.000000,0.000000
Q65,27,0,4,0,0.000000,0.000000,0.000000,0.000000
Q65,31,0,4,0,0.000000,0.000000,0.000000,0.000000
Q65,17,0,4,0,0.000000,0.000000,0.000000,0.000000
Q65,30,0,4,0,0.000000,0.000000,0.000000,0.000000
Q65,28,0,4,0,0.000000,0.000000,0.000000,0.000000
Q65,33,0,4,0,0.000000,0.000000,0.000000,0.000000
Q65,16,0,4,0,0.000000,0.000000,0.000000,0.000000
Q65,32,0,4,0,0.000000,0.000000,0.000000,0.000000
Q65,29,0,4,0,0.000000,0.000000,0.000000,0.000000
Q65,37,0,4,0,0.000000,0.000000,0.000000,0.000000
Q65,39,0,4,0,0.000000,0.000000,0.000000,0.000000
Q65,40,0,4,0,0.000000,0.000000,0.000000,0.000000
Q65,36,0,4,0,0.000000,0.000000,0.000000,0.000000
Q65,44,0,4,0,0.000000,0.000000,0.000000,0.000000
Q65,43,0,4,0,0.000000,0.000000,0.000000,0.000000
Q65,42,0,4,0,0.000000,0.000000,0.000000,0.000000
Q65,47,0,4,0,0.000000,0.000000,0.000000,0.000000
Q65,45,0,4,0,0.000000,0.000000,0.000000,0.000000
Q65,46,0,4,0,0.000000,0.000000,0.000000,0.000000
Q65,50,0,4,0,0.000000,0.000000,0.000000,0.000000
Q65,51,0,4,0,0.000000,0.000000,0.000000,0.000000
Q65,52,0,4,0,0.000000,0.000000,0.000000,0.000000
Q65,53,0,4,0,0.000000,0.000000,0.000000,0.000000
Q65,38,0,4,0,0.000000,0.000000,0.000000,0.000000
Q65,48,0,4,0,0.000000,0.000000,0.000000,0.000000
Q65,55,0,4,0,0.000000,0.000000,0.000000,0.000000
Q65,41,0,4,0,0.000000,0.000000,0.000000,0.000000
Q65,35,0,4,0,0.000000,0.000000,0.000000,0.000000
Q65,56,0,4,0,0.000000,0.000000,0.000000,0.000000
Q65,34,1,4,0,0.000000,0.000000,0.000000,0.000000
Q65,59,0,4,0,0.000000,0.000000,0.000000,0.000000
Q65,60,0,4,0,0.000000,0.000000,0.000000,0.000000
Q65,61,0,4,0,0.000000,0.000000,0.000000,0.000000
Q65,57,0,4,0,0.000000,0.000000,0.000000,0.000000
Q65,62,0,4,0,0.000000,0.000000,0.000000,0.000000
Q65,49,0,4,0,0.000000,0.000000,0.000000,0.000000
Q65,63,0,4,0,0.000000,0.000000,0.000000,0.000000
Q65,54,0,4,0,0.000000,0.000000,0.000000,0.000000
Q65,66,0,4,0,0.000000,0.000000,0.000000,0.000000
Q65,68,0,4,0,0.000000,0.000000,0.000000,0.000000
Q65,72,0,4,0,0.000000,0.000000,0.000000,0.000000
Q65,73,0,4,0,0.000000,0.000000,0.000000,0.000000
Q65,67,0,4,0,0.000000,0.000000,0.000000,0.000000
Q65,71,0,4,0,0.000000,0.000000,0.000000,0.000000
Q65,70,0,4,0,0.000000,0.000000,0.000000,0.000000
Q65,64,0,4,0,0.000000,0.000000,0.000000,0.000000
Q65,58,0,4,0,0.000000,0.000000,0.000000,0.000000
Q65,75,0,4,0,0.000000,0.000000,0.000000,0.000000
Q65,76,0,4,0,0.000000,0.000000,0.000000,0.000000
Q65,69,0,4,0,0.000000,0.000000,0.000000,0.000000
Q65,74,0,4,0,0.000000,0.000000,0.000000,0.000000
Q65,80,0,4,0,0.000000,0.000000,0.000000,0.000000
Q65,83,0,4,0,0.000000,0.000000,0.000000,0.000000
Q65,85,0,4,0,0.000000,0.000000,0.000000,0.000000
Q65,86,0,4,0,0.000000,0.000000,0.000000,0.000000
Q65,65,0,4,0,0.000000,0.000000,0.000000,0.000000
Q65,90,0,4,0,0.000000,0.000000,0.000000,0.000000
Q65,88,0,4,0,0.000000,0.000000,0.000000,0.000000
Q65,87,0,4,0,0.000000,0.000000,0.000000,0.000000
Q65,78,0,4,0,0.000000,0.000000,0.000000,0.000000
Q65,91,0,4,0,0.000000,0.000000,0.000000,0.000000
Q65,77,0,4,0,0.000000,0.000000,0.000000,0.000000
Q65,82,0,4,0,0.000000,0.000000,0.000000,0.000000
Q65,79,0,4,0,0.000000,0.000000,0.000000,0.000000
Q65,89,0,4,0,0.000000,0.000000,0.000000,0.000000
Q65,93,0,4,0,0.000000,0.000000,0.000000,0.000000
Q65,81,0,4,0,0.000000,0.000000,0.000000,0.000000
Q65,92,0,4,0,0.000000,0.000000,0.000000,0.000000
Q65,84,0,4,0,0.000000,0.000000,0.000000,0.000000
Q65,95,0,4,0,0.000000,0.000000,0.000000,0.000000
Q65,94,0,4,0,0.000000,0.000000,0.000000,0.000000
Q65,97,0,4,0,0.000000,0.000000,0.000000,0.000000
Q65,98,0,4,0,0.000000,0.000000,0.000000,0.000000
Q65,99,0,4,0,0.000000,0.000000,0.000000,0.000000
Q66,5,0,1,0,0.000000,0.000000,0.000000,0.000000
Q66,2,0,1,0,0.000000,0.000000,0.000000,0.000000
Q66,7,0,1,0,0.000000,0.000000,0.000000,0.000000
Q66,1,0,1,0,0.000000,0.000000,0.000000,0.000000
Q66,6,0,1,0,0.000000,0.000000,0.000000,0.000000
Q66,4,0,1,0,0.000000,0.000000,0.000000,0.000000
Q65,100,0,4,0,0.000000,0.000000,0.000000,0.000000
Q66,11,0,1,0,0.000000,0.000000,0.000000,0.000000
Q66,16,0,1,0,0.000000,0.000000,0.000000,0.000000
Q66,18,0,1,0,0.000000,0.000000,0.000000,0.000000
Q65,96,0,4,0,0.000000,0.000000,0.000000,0.000000
Q66,19,0,1,0,0.000000,0.000000,0.000000,0.000000
Q66,15,0,1,0,0.000000,0.000000,0.000000,0.000000
Q66,13,0,1,0,0.000000,0.000000,0.000000,0.000000
Q66,14,0,1,0,0.000000,0.000000,0.000000,0.000000
Q66,10,0,1,0,0.000000,0.000000,0.000000,0.000000
Q66,12,0,1,0,0.000000,0.000000,0.000000,0.000000
Q66,8,0,1,0,0.000000,0.000000,0.000000,0.000000
Q66,20,0,1,0,0.000000,0.000000,0.000000,0.000000
Q66,24,0,1,0,0.000000,0.000000,0.000000,0.000000
Q66,25,0,1,0,0.000000,0.000000,0.000000,0.000000
Q66,23,0,1,0,0.000000,0.000000,0.000000,0.000000
Q66,28,0,1,0,0.000000,0.000000,0.000000,0.000000
Q66,27,0,1,0,0.000000,0.000000,0.000000,0.000000
Q66,3,1,1,0,0.000000,0.000000,0.000000,0.000000
Q66,17,0,1,0,0.000000,0.000000,0.000000,0.000000
Q66,26,0,1,0,0.000000,0.000000,0.000000,0.000000
Q66,29,0,1,0,0.000000,0.000000,0.000000,0.000000
Q66,22,0,1,0,0.000000,0.000000,0.000000,0.000000
Q66,31,0,1,0,0.000000,0.000000,0.000000,0.000000
Q66,21,0,1,0,0.000000,0.000000,0.000000,0.000000
Q66,32,0,1,0,0.000000,0.000000,0.000000,0.000000
Q66,30,0,1,0,0.000000,0.000000,0.000000,0.000000
Q66,33,0,1,0,0.000000,0.000000,0.000000,0.000000
Q66,34,0,1,0,0.000000,0.000000,0.000000,0.000000
Q66,9,0,1,0,0.000000,0.000000,0.000000,0.000000
Q66,39,0,1,0,0.000000,0.000000,0.000000,0.000000
Q66,38,1,1,0,0.000000,0.000000,0.000000,0.000000
Q66,40,0,1,0,0.000000,0.000000,0.000000,0.000000
Q66,43,0,1,0,0.000000,0.000000,0.000000,0.000000
Q66,48,0,1,0,0.000000,0.000000,0.000000,0.000000
Q66,49,0,1,0,0.000000,0.000000,0.000000,0.000000
Q66,50,0,1,0,0.000000,0.000000,0.000000,0.000000
Q66,52,0,1,0,0.000000,0.000000,0.000000,0.000000
Q66,51,0,1,0,0.000000,0.000000,0.000000,0.000000
Q66,46,1,1,0,0.000000,0.000000,0.000000,0.000000
Q66,36,0,1,0,0.000000,0.000000,0.000000,0.000000
Q66,42,0,1,0,0.000000,0.000000,0.000000,0.000000
Q66,53,0,1,0,0.000000,0.000000,0.000000,0.000000
Q66,45,0,1,0,0.000000,0.000000,0.000000,0.000000
Q66,55,0,1,0,0.000000,0.000000,0.000000,0.000000
Q66,56,0,1,0,0.000000,0.000000,0.000000,0.000000
Q66,41,0,1,0,0.000000,0.000000,0.000000,0.000000
Q66,47,0,1,0,0.000000,0.000000,0.000000,0.000000
Q66,54,1,1,0,0.000000,0.000000,0.000000,0.000000
Q66,35,0,1,0,0.000000,0.000000,0.000000,0.000000
Q66,37,0,1,0,0.000000,0.000000,0.000000,0.000000
Q66,58,0,1,0,0.000000,0.000000,0.000000,0.000000
Q66,44,1,1,0,0.000000,0.000000,0.000000,0.000000
Q66,60,0,1,0,0.000000,0.000000,0.000000,0.000000
Q66,63,0,1,0,0.000000,0.000000,0.000000,0.000000
Q66,62,0,1,0,0.000000,0.000000,0.000000,0.000000
Q66,59,0,1,0,0.000000,0.000000,0.000000,0.000000
Q66,65,0,1,0,0.000000,0.000000,0.000000,0.000000
Q66,67,0,1,0,0.000000,0.000000,0.000000,0.000000
Q66,69,0,1,0,0.000000,0.000000,0.000000,0.000000
Q66,61,1,1,0,0.000000,0.000000,0.000000,0.000000
Q66,66,1,1,0,0.000000,0.000000,0.000000,0.000000
Q66,72,0,1,0,0.000000,0.000000,0.000000,0.000000
Q66,71,0,1,0,0.000000,0.000000,0.000000,0.000000
Q66,64,1,1,0,0.000000,0.000000,0.000000,0.000000
Q66,73,0,1,0,0.000000,0.000000,0.000000,0.000000
Q66,74,0,1,0,0.000000,0.000000,0.000000,0.000000
Q66,68,0,1,0,0.000000,0.000000,0.000000,0.000000
Q66,76,0,1,0,0.000000,0.000000,0.000000,0.000000
Q66,57,1,1,0,0.000000,0.000000,0.000000,0.000000
Q66,75,1,1,0,0.000000,0.000000,0.000000,0.000000
Q66,79,0,1,0,0.000000,0.000000,0.000000,0.000000
Q66,77,0,1,0,0.000000,0.000000,0.000000,0.000000
Q66,81,0,1,0,0.000000,0.000000,0.000000,0.000000
Q66,70,0,1,0,0.000000,0.000000,0.000000,0.000000
Q66,86,0,1,0,0.000000,0.000000,0.000000,0.000000
Q66,78,0,1,0,0.000000,0.000000,0.000000,0.000000
Q66,82,0,1,0,0.000000,0.000000,0.000000,0.000000
Q66,80,1,1,0,0.000000,0.000000,0.000000,0.000000
Q66,85,0,1,0,0.000000,0.000000,0.000000,0.000000
Q66,91,0,1,0,0.000000,0.000000,0.000000,0.000000
Q66,96,0,1,0,0.000000,0.000000,0.000000,0.000000
Q66,95,0,1,0,0.000000,0.000000,0.000000,0.000000
Q66,90,2,1,0,0.000000,0.000000,0.000000,0.000000
Q66,89,0,1,0,0.000000,0.000000,0.000000,0.000000
Q66,94,0,1,0,0.000000,0.000000,0.000000,0.000000
Q66,92,0,1,0,0.000000,0.000000,0.000000,0.000000
Q66,93,0,1,0,0.000000,0.000000,0.000000,0.000000
Q66,87,0,1,0,0.000000,0.000000,0.000000,0.000000
Q66,97,0,1,0,0.000000,0.000000,0.000000,0.000000
Q66,98,0,1,0,0.000000,0.000000,0.000000,0.000000
Q66,84,0,1,0,0.000000,0.000000,0.000000,0.000000
Q66,99,0,1,0,0.000000,0.000000,0.000000,0.000000
Q67,3,0,1,0,0.000000,0.000000,0.000000,0.000000
Q66,83,0,1,0,0.000000,0.000000,0.000000,0.000000
Q67,4,0,1,0,0.000000,0.000000,0.000000,0.000000
Q66,100,0,1,0,0.000000,0.000000,0.000000,0.000000
Q67,2,0,1,0,0.000000,0.000000,0.000000,0.000000
Q66,88,0,1,0,0.000000,0.000000,0.000000,0.000000
Q67,1,1,1,0,0.000000,0.000000,0.000000,0.000000
Q67,5,0,1,0,0.000000,0.000000,0.000000,0.000000
Q67,7,0,1,0,0.000000,0.000000,0.000000,0.000000
Q67,10,1,1,0,0.000000,0.000000,0.000000,0.000000
Q67,11,1,1,0,0.000000,0.000000,0.000000,0.000000
Q67,13,1,1,0,0.000000,0.000000,0.000000,0.000000
Q67,8,2,1,0,0.000000,0.000000,0.000000,0.000000
Q67,17,0,1,0,0.000000,0.000000,0.000000,0.000000
Q67,16,0,1,0,0.000000,0.000000,0.000000,0.000000
Q67,15,2,1,1,0.500000,0.500000,1.000000,0.666667
Q67,9,1,1,0,0.000000,0.000000,0.000000,0.000000
Q67,12,1,1,0,0.000000,0.000000,0.000000,0.000000
Q67,6,2,1,0,0.000000,0.000000,0.000000,0.000000
Q67,18,0,1,0,0.000000,0.000000,0.000000,0.000000
Q67,19,0,1,0,0.000000,0.000000,0.000000,0.000000
Q67,20,1,1,0,0.000000,0.000000,0.000000,0.000000
Q67,27,0,1,0,0.000000,0.000000,0.000000,0.000000
Q67,28,0,1,0,0.000000,0.000000,0.000000,0.000000
Q67,21,1,1,0,0.000000,0.000000,0.000000,0.000000
Q67,24,0,1,0,0.000000,0.000000,0.000000,0.000000
Q67,14,0,1,0,0.000000,0.000000,0.000000,0.000000
Q67,22,0,1,0,0.000000,0.000000,0.000000,0.000000
Q67,30,0,1,0,0.000000,0.000000,0.000000,0.000000
Q67,25,0,1,0,0.000000,0.000000,0.000000,0.000000
Q67,29,0,1,0,0.000000,0.000000,0.000000,0.000000
Q67,31,0,1,0,0.000000,0.000000,0.000000,0.000000
Q67,26,0,1,0,0.000000,0.000000,0.000000,0.000000
Q67,36,0,1,0,0.000000,0.000000,0.000000,0.000000
Q67,34,0,1,0,0.000000,0.000000,0.000000,0.000000
Q67,35,0,1,0,0.000000,0.000000,0.000000,0.000000
Q67,40,0,1,0,0.000000,0.000000,0.000000,0.000000
Q67,33,1,1,0,0.000000,0.000000,0.000000,0.000000
Q67,42,0,1,0,0.000000,0.000000,0.000000,0.000000
Q67,39,1,1,0,0.000000,0.000000,0.000000,0.000000
Q67,32,0,1,0,0.000000,0.000000,0.000000,0.000000
Q67,37,0,1,0,0.000000,0.000000,0.000000,0.000000
Q67,41,1,1,0,0.000000,0.000000,0.000000,0.000000
Q67,23,0,1,0,0.000000,0.000000,0.000000,0.000000
Q67,44,0,1,0,0.000000,0.000000,0.000000,0.000000
Q67,38,0,1,0,0.000000,0.000000,0.000000,0.000000
Q67,49,0,1,0,0.000000,0.000000,0.000000,0.000000
Q67,55,0,1,0,0.000000,0.000000,0.000000,0.000000
Q67,48,0,1,0,0.000000,0.000000,0.000000,0.000000
Q67,54,0,1,0,0.000000,0.000000,0.000000,0.000000
Q67,52,0,1,0,0.000000,0.000000,0.000000,0.000000
Q67,46,1,1,0,0.000000,0.000000,0.000000,0.000000
Q67,53,0,1,0,0.000000,0.000000,0.000000,0.000000
Q67,56,0,1,0,0.000000,0.000000,0.000000,0.000000
Q67,43,0,1,0,0.000000,0.000000,0.000000,0.000000
Q67,57,1,1,0,0.000000,0.000000,0.000000,0.000000
Q67,51,1,1,0,0.000000,0.000000,0.000000,0.000000
Q67,59,0,1,0,0.000000,0.000000,0.000000,0.000000
Q67,47,0,1,0,0.000000,0.000000,0.000000,0.000000
Q67,61,0,1,0,0.000000,0.000000,0.000000,0.000000
Q67,45,1,1,0,0.000000,0.000000,0.000000,0.000000
Q67,58,1,1,0,0.000000,0.000000,0.000000,0.000000
Q67,67,0,1,0,0.000000,0.000000,0.000000,0.000000
Q67,50,0,1,0,0.000000,0.000000,0.000000,0.000000
Q67,60,0,1,0,0.000000,0.000000,0.000000,0.000000
Q67,64,1,1,0,0.000000,0.000000,0.000000,0.000000
Q67,68,1,1,0,0.000000,0.000000,0.000000,0.000000
Q67,71,0,1,0,0.000000,0.000000,0.000000,0.000000
Q67,70,1,1,0,0.000000,0.000000,0.000000,0.000000
Q67,66,0,1,0,0.000000,0.000000,0.000000,0.000000
Q67,69,2,1,0,0.000000,0.000000,0.000000,0.000000
Q67,73,0,1,0,0.000000,0.000000,0.000000,0.000000
Q67,72,1,1,0,0.000000,0.000000,0.000000,0.000000
Q67,74,0,1,0,0.000000,0.000000,0.000000,0.000000
Q67,79,0,1,0,0.000000,0.000000,0.000000,0.000000
Q67,76,0,1,0,0.000000,0.000000,0.000000,0.000000
Q67,65,0,1,0,0.000000,0.000000,0.000000,0.000000
Q67,75,1,1,0,0.000000,0.000000,0.000000,0.000000
Q67,63,0,1,0,0.000000,0.000000,0.000000,0.000000
Q67,78,0,1,0,0.000000,0.000000,0.000000,0.000000
Q67,81,0,1,0,0.000000,0.000000,0.000000,0.000000
Q67,62,0,1,0,0.000000,0.000000,0.000000,0.000000
Q67,82,1,1,0,0.000000,0.000000,0.000000,0.000000
Q67,80,0,1,0,0.000000,0.000000,0.000000,0.000000
Q67,90,0,1,0,0.000000,0.000000,0.000000,0.000000
Q67,85,1,1,0,0.000000,0.000000,0.000000,0.000000
Q67,91,1,1,0,0.000000,0.000000,0.000000,0.000000
Q67,77,1,1,0,0.000000,0.000000,0.000000,0.000000
Q67,84,1,1,0,0.000000,0.000000,0.000000,0.000000
Q67,89,2,1,0,0.000000,0.000000,0.000000,0.000000
Q67,92,0,1,0,0.000000,0.000000,0.000000,0.000000
Q67,94,0,1,0,0.000000,0.000000,0.000000,0.000000
Q67,93,0,1,0,0.000000,0.000000,0.000000,0.000000
Q67,95,1,1,0,0.000000,0.000000,0.000000,0.000000
Q67,96,0,1,0,0.000000,0.000000,0.000000,0.000000
Q67,87,0,1,0,0.000000,0.000000,0.000000,0.000000
Q67,88,1,1,0,0.000000,0.000000,0.000000,0.000000
Q67,98,0,1,0,0.000000,0.000000,0.000000,0.000000
Q67,99,0,1,0,0.000000,0.000000,0.000000,0.000000
Q67,86,0,1,0,0.000000,0.000000,0.000000,0.000000
Q67,83,2,1,0,0.000000,0.000000,0.000000,0.000000
Q68,6,0,2,0,0.000000,0.000000,0.000000,0.000000
Q68,3,0,2,0,0.000000,0.000000,0.000000,0.000000
Q68,5,0,2,0,0.000000,0.000000,0.000000,0.000000
Q68,4,0,2,0,0.000000,0.000000,0.000000,0.000000
Q68,2,1,2,0,0.000000,0.000000,0.000000,0.000000
Q68,1,0,2,0,0.000000,0.000000,0.000000,0.000000
Q68,11,0,2,0,0.000000,0.000000,0.000000,0.000000
Q68,9,0,2,0,0.000000,0.000000,0.000000,0.000000
Q68,12,0,2,0,0.000000,0.000000,0.000000,0.000000
Q68,7,0,2,0,0.000000,0.000000,0.000000,0.000000
Q68,13,0,2,0,0.000000,0.000000,0.000000,0.000000
Q68,15,1,2,0,0.000000,0.000000,0.000000,0.000000
Q68,14,0,2,0,0.000000,0.000000,0.000000,0.000000
Q67,100,1,1,0,0.000000,0.000000,0.000000,0.000000
Q67,97,1,1,0,0.000000,0.000000,0.000000,0.000000
Q68,18,0,2,0,0.000000,0.000000,0.000000,0.000000
Q68,16,1,2,0,0.000000,0.000000,0.000000,0.000000
Q68,23,0,2,0,0.000000,0.000000,0.000000,0.000000
Q68,21,2,2,0,0.000000,0.000000,0.000000,0.000000
Q68,27,0,2,0,0.000000,0.000000,0.000000,0.000000
Q68,26,0,2,0,0.000000,0.000000,0.000000,0.000000
Q68,19,0,2,0,0.000000,0.000000,0.000000,0.000000
Q68,22,0,2,0,0.000000,0.000000,0.000000,0.000000
Q68,17,0,2,0,0.000000,0.000000,0.000000,0.000000
Q68,29,0,2,0,0.000000,0.000000,0.000000,0.000000
Q68,25,0,2,0,0.000000,0.000000,0.000000,0.000000
Q68,24,0,2,0,0.000000,0.000000,0.000000,0.000000
Q68,30,0,2,0,0.000000,0.000000,0.000000,0.000000
Q68,10,0,2,0,0.000000,0.000000,0.000000,0.000000
Q68,33,0,2,0,0.000000,0.000000,0.000000,0.000000
Q68,8,0,2,0,0.000000,0.000000,0.000000,0.000000
Q68,32,1,2,0,0.000000,0.000000,0.000000,0.000000
Q68,34,0,2,0,0.000000,0.000000,0.000000,0.000000
Q68,37,0,2,0,0.000000,0.000000,0.000000,0.000000
Q68,35,0,2,0,0.000000,0.000000,0.000000,0.000000
Q68,28,0,2,0,0.000000,0.000000,0.000000,0.000000
Q68,40,0,2,0,0.000000,0.000000,0.000000,0.000000
Q68,41,0,2,0,0.000000,0.000000,0.000000,0.000000
Q68,38,0,2,0,0.000000,0.000000,0.000000,0.000000
Q68,20,1,2,0,0.000000,0.000000,0.000000,0.000000
Q68,42,0,2,0,0.000000,0.000000,0.000000,0.000000
Q68,46,0,2,0,0.000000,0.000000,0.000000,0.000000
Q68,31,0,2,0,0.000000,0.000000,0.000000,0.000000
Q68,45,0,2,0,0.000000,0.000000,0.000000,0.000000
Q68,44,0,2,0,0.000000,0.000000,0.000000,0.000000
Q68,52,0,2,0,0.000000,0.000000,0.000000,0.000000
Q68,47,1,2,0,0.000000,0.000000,0.000000,0.000000
Q68,56,0,2,0,0.000000,0.000000,0.000000,0.000000
Q68,51,0,2,0,0.000000,0.000000,0.000000,0.000000
Q68,43,0,2,0,0.000000,0.000000,0.000000,0.000000
Q68,54,0,2,0,0.000000,0.000000,0.000000,0.000000
Q68,39,0,2,0,0.000000,0.000000,0.000000,0.000000
Q68,58,0,2,0,0.000000,0.000000,0.000000,0.000000
Q68,48,0,2,0,0.000000,0.000000,0.000000,0.000000
Q68,57,0,2,0,0.000000,0.000000,0.000000,0.000000
Q68,50,0,2,0,0.000000,0.000000,0.000000,0.000000
Q68,60,0,2,0,0.000000,0.000000,0.000000,0.000000
Q68,61,0,2,0,0.000000,0.000000,0.000000,0.000000
Q68,55,2,2,0,0.000000,0.000000,0.000000,0.000000
Q68,59,0,2,0,0.000000,0.000000,0.000000,0.000000
Q68,64,0,2,0,0.000000,0.000000,0.000000,0.000000
Q68,49,0,2,0,0.000000,0.000000,0.000000,0.000000
Q68,62,0,2,0,0.000000,0.000000,0.000000,0.000000
Q68,66,0,2,0,0.000000,0.000000,0.000000,0.000000
Q68,68,0,2,0,0.000000,0.000000,0.000000,0.000000
Q68,36,0,2,0,0.000000,0.000000,0.000000,0.000000
Q68,63,0,2,0,0.000000,0.000000,0.000000,0.000000
Q68,69,0,2,0,0.000000,0.000000,0.000000,0.000000
Q68,70,0,2,0,0.000000,0.000000,0.000000,0.000000
Q68,67,0,2,0,0.000000,0.000000,0.000000,0.000000
Q68,65,1,2,0,0.000000,0.000000,0.000000,0.000000
Q68,74,0,2,0,0.000000,0.000000,0.000000,0.000000
Q68,77,0,2,0,0.000000,0.000000,0.000000,0.000000
Q68,75,0,2,0,0.000000,0.000000,0.000000,0.000000
Q68,71,0,2,0,0.000000,0.000000,0.000000,0.000000
Q68,72,0,2,0,0.000000,0.000000,0.000000,0.000000
Q68,73,1,2,0,0.000000,0.000000,0.000000,0.000000
Q68,80,0,2,0,0.000000,0.000000,0.000000,0.000000
Q68,53,0,2,0,0.000000,0.000000,0.000000,0.000000
Q68,78,1,2,0,0.000000,0.000000,0.000000,0.000000
Q68,76,0,2,0,0.000000,0.000000,0.000000,0.000000
Q68,79,0,2,0,0.000000,0.000000,0.000000,0.000000
Q68,85,0,2,0,0.000000,0.000000,0.000000,0.000000
Q68,82,0,2,0,0.000000,0.000000,0.000000,0.000000
Q68,86,0,2,0,0.000000,0.000000,0.000000,0.000000
Q68,91,0,2,0,0.000000,0.000000,0.000000,0.000000
Q68,90,0,2,0,0.000000,0.000000,0.000000,0.000000
Q68,89,0,2,0,0.000000,0.000000,0.000000,0.000000
Q68,81,0,2,0,0.000000,0.000000,0.000000,0.000000
Q68,93,1,2,0,0.000000,0.000000,0.000000,0.000000
Q68,84,0,2,0,0.000000,0.000000,0.000000,0.000000
Q68,96,0,2,0,0.000000,0.000000,0.000000,0.000000
Q68,83,0,2,0,0.000000,0.000000,0.000000,0.000000
Q68,97,1,2,0,0.000000,0.000000,0.000000,0.000000
Q68,95,0,2,0,0.000000,0.000000,0.000000,0.000000
Q68,98,0,2,0,0.000000,0.000000,0.000000,0.000000
Q68,94,0,2,0,0.000000,0.000000,0.000000,0.000000
Q68,100,0,2,0,0.000000,0.000000,0.000000,0.000000
Q69,1,0,2,0,0.000000,0.000000,0.000000,0.000000
Q68,99,0,2,0,0.000000,0.000000,0.000000,0.000000
Q69,5,0,2,0,0.000000,0.000000,0.000000,0.000000
Q69,2,0,2,0,0.000000,0.000000,0.000000,0.000000
Q69,4,0,2,0,0.000000,0.000000,0.000000,0.000000
Q68,87,2,2,0,0.000000,0.000000,0.000000,0.000000
Q69,6,0,2,0,0.000000,0.000000,0.000000,0.000000
Q68,92,0,2,0,0.000000,0.000000,0.000000,0.000000
Q69,3,0,2,0,0.000000,0.000000,0.000000,0.000000
Q69,7,0,2,0,0.000000,0.000000,0.000000,0.000000
Q68,88,0,2,0,0.000000,0.000000,0.000000,0.000000
Q69,8,0,2,0,0.000000,0.000000,0.000000,0.000000
Q69,11,0,2,0,0.000000,0.000000,0.000000,0.000000
Q69,10,0,2,0,0.000000,0.000000,0.000000,0.000000
Q69,14,0,2,0,0.000000,0.000000,0.000000,0.000000
Q69,13,0,2,0,0.000000,0.000000,0.000000,0.000000
Q69,12,1,2,0,0.000000,0.000000,0.000000,0.000000
Q69,16,0,2,0,0.000000,0.000000,0.000000,0.000000
Q69,18,0,2,0,0.000000,0.000000,0.000000,0.000000
Q69,17,0,2,0,0.000000,0.000000,0.000000,0.000000
Q69,23,0,2,0,0.000000,0.000000,0.000000,0.000000
Q69,24,0,2,0,0.000000,0.000000,0.000000,0.000000
Q69,9,1,2,0,0.000000,0.000000,0.000000,0.000000
Q69,27,0,2,0,0.000000,0.000000,0.000000,0.000000
Q69,28,0,2,0,0.000000,0.000000,0.000000,0.000000
Q69,22,0,2,0,0.000000,0.000000,0.000000,0.000000
Q69,32,0,2,0,0.000000,0.000000,0.000000,0.000000
Q69,29,0,2,0,0.000000,0.000000,0.000000,0.000000
Q69,31,0,2,0,0.000000,0.000000,0.000000,0.000000
Q69,20,0,2,0,0.000000,0.000000,0.000000,0.000000
Q69,21,0,2,0,0.000000,0.000000,0.000000,0.000000
Q69,35,0,2,0,0.000000,0.000000,0.000000,0.000000
Q69,33,0,2,0,0.000000,0.000000,0.000000,0.000000
Q69,34,0,2,0,0.000000,0.000000,0.000000,0.000000
Q69,36,0,2,0,0.000000,0.000000,0.000000,0.000000
Q69,19,0,2,0,0.000000,0.000000,0.000000,0.000000
Q69,26,0,2,0,0.000000,0.000000,0.000000,0.000000
Q69,25,0,2,0,0.000000,0.000000,0.000000,0.000000
Q69,15,2,2,0,0.000000,0.000000,0.000000,0.000000
Q69,40,0,2,0,0.000000,0.000000,0.000000,0.000000
Q69,43,0,2,0,0.000000,0.000000,0.000000,0.000000
Q69,39,0,2,0,0.000000,0.000000,0.000000,0.000000
Q69,44,0,2,0,0.000000,0.000000,0.000000,0.000000
Q69,45,0,2,0,0.000000,0.000000,0.000000,0.000000
Q69,37,0,2,0,0.000000,0.000000,0.000000,0.000000
Q69,38,0,2,0,0.000000,0.000000,0.000000,0.000000
Q69,50,0,2,0,0.000000,0.000000,0.000000,0.000000
Q69,46,0,2,0,0.000000,0.000000,0.000000,0.000000
Q69,47,0,2,0,0.000000,0.000000,0.000000,0.000000
Q69,41,0,2,0,0.000000,0.000000,0.000000,0.000000
Q69,51,0,2,0,0.000000,0.000000,0.000000,0.000000
Q69,30,0,2,0,0.000000,0.000000,0.000000,0.000000
Q69,56,0,2,0,0.000000,0.000000,0.000000,0.000000
Q69,57,0,2,0,0.000000,0.000000,0.000000,0.000000
Q69,52,0,2,0,0.000000,0.000000,0.000000,0.000000
Q69,54,0,2,0,0.000000,0.000000,0.000000,0.000000
Q69,48,0,2,0,0.000000,0.000000,0.000000,0.000000
Q69,55,1,2,0,0.000000,0.000000,0.000000,0.000000
Q69,59,0,2,0,0.000000,0.000000,0.000000,0.000000
Q69,58,0,2,0,0.000000,0.000000,0.000000,0.000000
Q69,49,0,2,0,0.000000,0.000000,0.000000,0.000000
Q69,53,0,2,0,0.000000,0.000000,0.000000,0.000000
Q69,64,0,2,0,0.000000,0.000000,0.000000,0.000000
Q69,60,0,2,0,0.000000,0.000000,0.000000,0.000000
Q69,63,0,2,0,0.000000,0.000000,0.000000,0.000000
Q69,42,0,2,0,0.000000,0.000000,0.000000,0.000000
Q69,69,0,2,0,0.000000,0.000000,0.000000,0.000000
Q69,72,0,2,0,0.000000,0.000000,0.000000,0.000000
Q69,74,0,2,0,0.000000,0.000000,0.000000,0.000000
Q69,65,0,2,0,0.000000,0.000000,0.000000,0.000000
Q69,61,0,2,0,0.000000,0.000000,0.000000,0.000000
Q69,62,0,2,0,0.000000,0.000000,0.000000,0.000000
Q69,71,0,2,0,0.000000,0.000000,0.000000,0.000000
Q69,68,0,2,0,0.000000,0.000000,0.000000,0.000000
Q69,70,0,2,0,0.000000,0.000000,0.000000,0.000000
Q69,77,0,2,0,0.000000,0.000000,0.000000,0.000000
Q69,76,0,2,0,0.000000,0.000000,0.000000,0.000000
Q69,73,0,2,0,0.000000,0.000000,0.000000,0.000000
Q69,66,0,2,0,0.000000,0.000000,0.000000,0.000000
Q69,80,0,2,0,0.000000,0.000000,0.000000,0.000000
Q69,79,0,2,0,0.000000,0.000000,0.000000,0.000000
Q69,81,1,2,0,0.000000,0.000000,0.000000,0.000000
Q69,83,0,2,0,0.000000,0.000000,0.000000,0.000000
Q69,85,0,2,0,0.000000,0.000000,0.000000,0.000000
Q69,84,0,2,0,0.000000,0.000000,0.000000,0.000000
Q69,88,0,2,0,0.000000,0.000000,0.000000,0.000000
Q69,67,0,2,0,0.000000,0.000000,0.000000,0.000000
Q69,93,0,2,0,0.000000,0.000000,0.000000,0.000000
Q69,90,0,2,0,0.000000,0.000000,0.000000,0.000000
Q69,91,0,2,0,0.000000,0.000000,0.000000,0.000000
Q69,86,0,2,0,0.000000,0.000000,0.000000,0.000000
Q69,94,0,2,0,0.000000,0.000000,0.000000,0.000000
Q69,75,0,2,0,0.000000,0.000000,0.000000,0.000000
Q69,92,1,2,0,0.000000,0.000000,0.000000,0.000000
Q69,97,0,2,0,0.000000,0.000000,0.000000,0.000000
Q69,98,0,2,0,0.000000,0.000000,0.000000,0.000000
Q69,82,0,2,0,0.000000,0.000000,0.000000,0.000000
Q69,99,0,2,0,0.000000,0.000000,0.000000,0.000000
Q69,96,0,2,0,0.000000,0.000000,0.000000,0.000000
Q69,95,0,2,0,0.000000,0.000000,0.000000,0.000000
Q69,89,0,2,0,0.000000,0.000000,0.000000,0.000000
Q69,78,0,2,0,0.000000,0.000000,0.000000,0.000000
Q70,2,1,1,0,0.000000,0.000000,0.000000,0.000000
Q69,87,0,2,0,0.000000,0.000000,0.000000,0.000000
Q70,4,0,1,0,0.000000,0.000000,0.000000,0.000000
Q70,1,1,1,0,0.000000,0.000000,0.000000,0.000000
Q70,9,0,1,0,0.000000,0.000000,0.000000,0.000000
Q70,7,1,1,0,0.000000,0.000000,0.000000,0.000000
Q70,11,0,1,0,0.000000,0.000000,0.000000,0.000000
Q70,10,0,1,0,0.000000,0.000000,0.000000,0.000000
Q70,8,0,1,0,0.000000,0.000000,0.000000,0.000000
Q70,5,0,1,0,0.000000,0.000000,0.000000,0.000000
Q70,19,0,1,0,0.000000,0.000000,0.000000,0.000000
Q70,15,0,1,0,0.000000,0.000000,0.000000,0.000000
Q70,6,0,1,0,0.000000,0.000000,0.000000,0.000000
Q70,16,0,1,0,0.000000,0.000000,0.000000,0.000000
Q70,14,1,1,0,0.000000,0.000000,0.000000,0.000000
Q70,20,0,1,0,0.000000,0.000000,0.000000,0.000000
Q70,22,0,1,0,0.000000,0.000000,0.000000,0.000000
Q70,21,0,1,0,0.000000,0.000000,0.000000,0.000000
Q70,3,0,1,0,0.000000,0.000000,0.000000,0.000000
Q70,12,0,1,0,0.000000,0.000000,0.000000,0.000000
Q70,24,0,1,0,0.000000,0.000000,0.000000,0.000000
Q70,17,1,1,0,0.000000,0.000000,0.000000,0.000000
Q69,100,1,2,0,0.000000,0.000000,0.000000,0.000000
Q70,23,0,1,0,0.000000,0.000000,0.000000,0.000000
Q70,29,0,1,0,0.000000,0.000000,0.000000,0.000000
Q70,26,0,1,0,0.000000,0.000000,0.000000,0.000000
Q70,33,2,1,0,0.000000,0.000000,0.000000,0.000000
Q70,35,0,1,0,0.000000,0.000000,0.000000,0.000000
Q70,31,0,1,0,0.000000,0.000000,0.000000,0.000000
Q70,34,1,1,0,0.000000,0.000000,0.000000,0.000000
Q70,18,1,1,0,0.000000,0.000000,0.000000,0.000000
Q70,36,0,1,0,0.000000,0.000000,0.000000,0.000000
Q70,37,0,1,0,0.000000,0.000000,0.000000,0.000000
Q70,39,0,1,0,0.000000,0.000000,0.000000,0.000000
Q70,25,0,1,0,0.000000,0.000000,0.000000,0.000000
Q70,38,1,1,0,0.000000,0.000000,0.000000,0.000000
Q70,30,1,1,0,0.000000,0.000000,0.000000,0.000000
Q70,41,0,1,0,0.000000,0.000000,0.000000,0.000000
Q70,28,0,1,0,0.000000,0.000000,0.000000,0.000000
Q70,40,0,1,0,0.000000,0.000000,0.000000,0.000000
Q70,13,0,1,0,0.000000,0.000000,0.000000,0.000000
Q70,42,0,1,0,0.000000,0.000000,0.000000,0.000000
Q70,43,0,1,0,0.000000,0.000000,0.000000,0.000000
Q70,27,0,1,0,0.000000,0.000000,0.000000,0.000000
Q70,45,0,1,0,0.000000,0.000000,0.000000,0.000000
Q70,32,0,1,0,0.000000,0.000000,0.000000,0.000000
Q70,46,0,1,0,0.000000,0.000000,0.000000,0.000000
Q70,47,0,1,0,0.000000,0.000000,0.000000,0.000000
Q70,49,0,1,0,0.000000,0.000000,0.000000,0.000000
Q70,48,0,1,0,0.000000,0.000000,0.000000,0.000000
Q70,51,0,1,0,0.000000,0.000000,0.000000,0.000000
Q70,52,0,1,0,0.000000,0.000000,0.000000,0.000000
Q70,53,0,1,0,0.000000,0.000000,0.000000,0.000000
Q70,54,0,1,0,0.000000,0.000000,0.000000,0.000000
Q70,57,0,1,0,0.000000,0.000000,0.000000,0.000000
Q70,58,1,1,0,0.000000,0.000000,0.000000,0.000000
Q70,50,2,1,0,0.000000,0.000000,0.000000,0.000000
Q70,61,1,1,0,0.000000,0.000000,0.000000,0.000000
Q70,56,0,1,0,0.000000,0.000000,0.000000,0.000000
Q70,62,0,1,0,0.000000,0.000000,0.000000,0.000000
Q70,55,1,1,0,0.000000,0.000000,0.000000,0.000000
Q70,66,0,1,0,0.000000,0.000000,0.000000,0.000000
Q70,64,0,1,0,0.000000,0.000000,0.000000,0.000000
Q70,63,0,1,0,0.000000,0.000000,0.000000,0.000000
Q70,68,0,1,0,0.000000,0.000000,0.000000,0.000000
Q70,74,0,1,0,0.000000,0.000000,0.000000,0.000000
Q70,70,0,1,0,0.000000,0.000000,0.000000,0.000000
Q70,71,0,1,0,0.000000,0.000000,0.000000,0.000000
Q70,75,0,1,0,0.000000,0.000000,0.000000,0.000000
Q70,73,0,1,0,0.000000,0.000000,0.000000,0.000000
Q70,59,0,1,0,0.000000,0.000000,0.000000,0.000000
Q70,67,0,1,0,0.000000,0.000000,0.000000,0.000000
Q70,69,1,1,0,0.000000,0.000000,0.000000,0.000000
Q70,72,0,1,0,0.000000,0.000000,0.000000,0.000000
Q70,60,0,1,0,0.000000,0.000000,0.000000,0.000000
Q70,65,0,1,0,0.000000,0.000000,0.000000,0.000000
Q70,77,0,1,0,0.000000,0.000000,0.000000,0.000000
Q70,44,0,1,0,0.000000,0.000000,0.000000,0.000000
Q70,80,0,1,0,0.000000,0.000000,0.000000,0.000000
Q70,78,1,1,0,0.000000,0.000000,0.000000,0.000000
Q70,83,0,1,0,0.000000,0.000000,0.000000,0.000000
Q70,79,1,1,0,0.000000,0.000000,0.000000,0.000000
Q70,76,2,1,0,0.000000,0.000000,0.000000,0.000000
Q70,89,0,1,0,0.000000,0.000000,0.000000,0.000000
Q70,85,0,1,0,0.000000,0.000000,0.000000,0.000000
Q70,88,1,1,0,0.000000,0.000000,0.000000,0.000000
Q70,82,2,1,0,0.000000,0.000000,0.000000,0.000000
Q70,91,0,1,0,0.000000,0.000000,0.000000,0.000000
Q70,84,0,1,0,0.000000,0.000000,0.000000,0.000000
Q70,86,0,1,0,0.000000,0.000000,0.000000,0.000000
Q70,92,0,1,0,0.000000,0.000000,0.000000,0.000000
Q70,95,0,1,0,0.000000,0.000000,0.000000,0.000000
Q70,96,0,1,0,0.000000,0.000000,0.000000,0.000000
Q70,99,0,1,0,0.000000,0.000000,0.000000,0.000000
Q70,97,0,1,0,0.000000,0.000000,0.000000,0.000000
Q71,1,1,2,0,0.000000,0.000000,0.000000,0.000000
Q70,94,0,1,0,0.000000,0.000000,0.000000,0.000000
Q70,87,1,1,0,0.000000,0.000000,0.000000,0.000000
Q70,93,0,1,0,0.000000,0.000000,0.000000,0.000000
Q70,90,0,1,0,0.000000,0.000000,0.000000,0.000000
Q70,100,0,1,0,0.000000,0.000000,0.000000,0.000000
Q71,3,1,2,0,0.000000,0.000000,0.000000,0.000000
Q71,2,1,2,0,0.000000,0.000000,0.000000,0.000000
Q71,4,1,2,0,0.000000,0.000000,0.000000,0.000000
Q70,98,0,1,0,0.000000,0.000000,0.000000,0.000000
Q71,9,2,2,1,0.333333,0.500000,0.500000,0.500000
Q71,6,1,2,0,0.000000,0.000000,0.000000,0.000000
Q71,12,2,2,1,0.333333,0.500000,0.500000,0.500000
Q71,10,1,2,0,0.000000,0.000000,0.000000,0.000000
Q71,14,1,2,0,0.000000,0.000000,0.000000,0.000000
Q71,11,1,2,0,0.000000,0.000000,0.000000,0.000000
Q71,8,1,2,0,0.000000,0.000000,0.000000,0.000000
Q71,16,2,2,1,0.333333,0.500000,0.500000,0.500000
Q71,15,2,2,1,0.333333,0.500000,0.500000,0.500000
Q71,5,1,2,0,0.000000,0.000000,0.000000,0.000000
Q70,81,0,1,0,0.000000,0.000000,0.000000,0.000000
Q71,13,2,2,1,0.333333,0.500000,0.500000,0.500000
Q71,19,1,2,0,0.000000,0.000000,0.000000,0.000000
Q71,18,1,2,0,0.000000,0.000000,0.000000,0.000000
Q71,21,1,2,0,0.000000,0.000000,0.000000,0.000000
Q71,25,1,2,0,0.000000,0.000000,0.000000,0.000000
Q71,17,1,2,0,0.000000,0.000000,0.000000,0.000000
Q71,23,1,2,0,0.000000,0.000000,0.000000,0.000000
Q71,20,1,2,0,0.000000,0.000000,0.000000,0.000000
Q71,7,1,2,0,0.000000,0.000000,0.000000,0.000000
Q71,22,1,2,0,0.000000,0.000000,0.000000,0.000000
Q71,26,1,2,0,0.000000,0.000000,0.000000,0.000000
Q71,24,1,2,0,0.000000,0.000000,0.000000,0.000000
Q71,27,1,2,0,0.000000,0.000000,0.000000,0.000000
Q71,29,1,2,0,0.000000,0.000000,0.000000,0.000000
Q71,30,2,2,0,0.000000,0.000000,0.000000,0.000000
Q71,28,2,2,0,0.000000,0.000000,0.000000,0.000000
Q71,35,1,2,0,0.000000,0.000000,0.000000,0.000000
Q71,36,1,2,0,0.000000,0.000000,0.000000,0.000000
Q71,34,1,2,0,0.000000,0.000000,0.000000,0.000000
Q71,38,1,2,0,0.000000,0.000000,0.000000,0.000000
Q71,32,2,2,0,0.000000,0.000000,0.000000,0.000000
Q71,33,1,2,0,0.000000,0.000000,0.000000,0.000000
Q71,40,1,2,0,0.000000,0.000000,0.000000,0.000000
Q71,37,1,2,0,0.000000,0.000000,0.000000,0.000000
Q71,39,1,2,0,0.000000,0.000000,0.000000,0.000000
Q71,42,1,2,0,0.000000,0.000000,0.000000,0.000000
Q71,46,1,2,0,0.000000,0.000000,0.000000,0.000000
Q71,45,1,2,0,0.000000,0.000000,0.000000,0.000000
Q71,31,1,2,0,0.000000,0.000000,0.000000,0.000000
Q71,47,1,2,0,0.000000,0.000000,0.000000,0.000000
Q71,44,1,2,0,0.000000,0.000000,0.000000,0.000000
Q71,43,2,2,1,0.333333,0.500000,0.500000,0.500000
Q71,41,1,2,0,0.000000,0.000000,0.000000,0.000000
Q71,50,1,2,0,0.000000,0.000000,0.000000,0.000000
Q71,48,1,2,0,0.000000,0.000000,0.000000,0.000000
Q71,49,1,2,0,0.000000,0.000000,0.000000,0.000000
Q71,58,1,2,0,0.000000,0.000000,0.000000,0.000000
Q71,55,1,2,0,0.000000,0.000000,0.000000,0.000000
Q71,56,1,2,0,0.000000,0.000000,0.000000,0.000000
Q71,54,2,2,1,0.333333,0.500000,0.500000,0.500000
Q71,53,2,2,1,0.333333,0.500000,0.500000,0.500000
Q71,51,2,2,1,0.333333,0.500000,0.500000,0.500000
Q71,52,2,2,1,0.333333,0.500000,0.500000,0.500000
Q71,57,1,2,0,0.000000,0.000000,0.000000,0.000000
Q71,60,1,2,0,0.000000,0.000000,0.000000,0.000000
Q71,61,2,2,1,0.333333,0.500000,0.500000,0.500000
Q71,62,2,2,1,0.333333,0.500000,0.500000,0.500000
Q71,59,2,2,1,0.333333,0.500000,0.500000,0.500000
Q71,65,1,2,0,0.000000,0.000000,0.000000,0.000000
Q71,63,2,2,1,0.333333,0.500000,0.500000,0.500000
Q71,64,1,2,0,0.000000,0.000000,0.000000,0.000000
Q71,71,1,2,0,0.000000,0.000000,0.000000,0.000000
Q71,67,1,2,0,0.000000,0.000000,0.000000,0.000000
Q71,69,1,2,0,0.000000,0.000000,0.000000,0.000000
Q71,66,1,2,0,0.000000,0.000000,0.000000,0.000000
Q71,68,2,2,1,0.333333,0.500000,0.500000,0.500000
Q71,70,1,2,0,0.000000,0.000000,0.000000,0.000000
Q71,72,1,2,0,0.000000,0.000000,0.000000,0.000000
Q71,73,1,2,0,0.000000,0.000000,0.000000,0.000000
Q71,77,1,2,0,0.000000,0.000000,0.000000,0.000000
Q71,74,1,2,0,0.000000,0.000000,0.000000,0.000000
Q71,78,1,2,0,0.000000,0.000000,0.000000,0.000000
Q71,79,2,2,1,0.333333,0.500000,0.500000,0.500000
Q71,75,1,2,0,0.000000,0.000000,0.000000,0.000000
Q71,76,2,2,0,0.000000,0.000000,0.000000,0.000000
Q71,83,1,2,0,0.000000,0.000000,0.000000,0.000000
Q71,85,1,2,0,0.000000,0.000000,0.000000,0.000000
Q71,81,1,2,0,0.000000,0.000000,0.000000,0.000000
Q71,84,2,2,0,0.000000,0.000000,0.000000,0.000000
Q71,88,1,2,0,0.000000,0.000000,0.000000,0.000000
Q71,89,1,2,0,0.000000,0.000000,0.000000,0.000000
Q71,90,1,2,0,0.000000,0.000000,0.000000,0.000000
Q71,87,2,2,1,0.333333,0.500000,0.500000,0.500000
Q71,82,1,2,0,0.000000,0.000000,0.000000,0.000000
Q71,93,1,2,0,0.000000,0.000000,0.000000,0.000000
Q71,92,2,2,1,0.333333,0.500000,0.500000,0.500000
Q71,94,2,2,1,0.333333,0.500000,0.500000,0.500000
Q71,86,2,2,1,0.333333,0.500000,0.500000,0.500000
Q71,95,1,2,0,0.000000,0.000000,0.000000,0.000000
Q71,80,1,2,0,0.000000,0.000000,0.000000,0.000000
Q71,97,1,2,0,0.000000,0.000000,0.000000,0.000000
Q71,96,1,2,0,0.000000,0.000000,0.000000,0.000000
Q71,99,1,2,0,0.000000,0.000000,0.000000,0.000000
Q71,91,2,2,0,0.000000,0.000000,0.000000,0.000000
Q72,5,1,1,0,0.000000,0.000000,0.000000,0.000000
Q71,98,1,2,0,0.000000,0.000000,0.000000,0.000000
Q72,2,1,1,0,0.000000,0.000000,0.000000,0.000000
Q72,6,1,1,0,0.000000,0.000000,0.000000,0.000000
Q72,3,1,1,0,0.000000,0.000000,0.000000,0.000000
Q72,1,1,1,0,0.000000,0.000000,0.000000,0.000000
Q71,100,1,2,0,0.000000,0.000000,0.000000,0.000000
Q72,8,1,1,0,0.000000,0.000000,0.000000,0.000000
Q72,7,2,1,0,0.000000,0.000000,0.000000,0.000000
Q72,12,1,1,0,0.000000,0.000000,0.000000,0.000000
Q72,4,1,1,0,0.000000,0.000000,0.000000,0.000000
Q72,14,1,1,0,0.000000,0.000000,0.000000,0.000000
Q72,9,1,1,0,0.000000,0.000000,0.000000,0.000000
Q72,15,1,1,0,0.000000,0.000000,0.000000,0.000000
Q72,13,1,1,0,0.000000,0.000000,0.000000,0.000000
Q72,17,1,1,0,0.000000,0.000000,0.000000,0.000000
Q72,18,1,1,0,0.000000,0.000000,0.000000,0.000000
Q72,19,2,1,0,0.000000,0.000000,0.000000,0.000000
Q72,22,1,1,0,0.000000,0.000000,0.000000,0.000000
Q72,11,1,1,0,0.000000,0.000000,0.000000,0.000000
Q72,21,1,1,0,0.000000,0.000000,0.000000,0.000000
Q72,23,1,1,0,0.000000,0.000000,0.000000,0.000000
Q72,25,1,1,0,0.000000,0.000000,0.000000,0.000000
Q72,16,2,1,0,0.000000,0.000000,0.000000,0.000000
Q72,20,1,1,0,0.000000,0.000000,0.000000,0.000000
Q72,26,1,1,0,0.000000,0.000000,0.000000,0.000000
Q72,27,1,1,0,0.000000,0.000000,0.000000,0.000000
Q72,10,2,1,0,0.000000,0.000000,0.000000,0.000000
Q72,24,1,1,0,0.000000,0.000000,0.000000,0.000000
Q72,28,1,1,0,0.000000,0.000000,0.000000,0.000000
Q72,31,1,1,0,0.000000,0.000000,0.000000,0.000000
Q72,29,1,1,0,0.000000,0.000000,0.000000,0.000000
Q72,33,1,1,0,0.000000,0.000000,0.000000,0.000000
Q72,30,2,1,0,0.000000,0.000000,0.000000,0.000000
Q72,34,1,1,0,0.000000,0.000000,0.000000,0.000000
Q72,35,1,1,0,0.000000,0.000000,0.000000,0.000000
Q72,39,1,1,0,0.000000,0.000000,0.000000,0.000000
Q72,40,1,1,0,0.000000,0.000000,0.000000,0.000000
Q72,38,1,1,0,0.000000,0.000000,0.000000,0.000000
Q72,41,1,1,0,0.000000,0.000000,0.000000,0.000000
Q72,32,2,1,0,0.000000,0.000000,0.000000,0.000000
Q72,43,1,1,0,0.000000,0.000000,0.000000,0.000000
Q72,42,1,1,0,0.000000,0.000000,0.000000,0.000000
Q72,36,1,1,0,0.000000,0.000000,0.000000,0.000000
Q72,37,1,1,0,0.000000,0.000000,0.000000,0.000000
Q72,45,1,1,0,0.000000,0.000000,0.000000,0.000000
Q72,46,1,1,0,0.000000,0.000000,0.000000,0.000000
Q72,44,2,1,0,0.000000,0.000000,0.000000,0.000000
Q72,51,1,1,0,0.000000,0.000000,0.000000,0.000000
Q72,50,1,1,0,0.000000,0.000000,0.000000,0.000000
Q72,48,2,1,0,0.000000,0.000000,0.000000,0.000000
Q72,49,1,1,0,0.000000,0.000000,0.000000,0.000000
Q72,54,1,1,0,0.000000,0.000000,0.000000,0.000000
Q72,52,1,1,0,0.000000,0.000000,0.000000,0.000000
Q72,53,1,1,0,0.000000,0.000000,0.000000,0.000000
Q72,58,1,1,0,0.000000,0.000000,0.000000,0.000000
Q72,57,2,1,0,0.000000,0.000000,0.000000,0.000000
Q72,55,2,1,0,0.000000,0.000000,0.000000,0.000000
Q72,47,1,1,0,0.000000,0.000000,0.000000,0.000000
Q72,60,1,1,0,0.000000,0.000000,0.000000,0.000000
Q72,59,1,1,0,0.000000,0.000000,0.000000,0.000000
Q72,56,2,1,0,0.000000,0.000000,0.000000,0.000000
Q72,62,1,1,0,0.000000,0.000000,0.000000,0.000000
Q72,63,1,1,0,0.000000,0.000000,0.000000,0.000000
Q72,65,1,1,0,0.000000,0.000000,0.000000,0.000000
Q72,64,2,1,0,0.000000,0.000000,0.000000,0.000000
Q72,68,1,1,0,0.000000,0.000000,0.000000,0.000000
Q72,67,1,1,0,0.000000,0.000000,0.000000,0.000000
Q72,69,1,1,0,0.000000,0.000000,0.000000,0.000000
Q72,71,1,1,0,0.000000,0.000000,0.000000,0.000000
Q72,66,1,1,0,0.000000,0.000000,0.000000,0.000000
Q72,70,1,1,0,0.000000,0.000000,0.000000,0.000000
Q72,72,2,1,0,0.000000,0.000000,0.000000,0.000000
Q72,76,1,1,0,0.000000,0.000000,0.000000,0.000000
Q72,77,1,1,0,0.000000,0.000000,0.000000,0.000000
Q72,79,1,1,0,0.000000,0.000000,0.000000,0.000000
Q72,78,1,1,0,0.000000,0.000000,0.000000,0.000000
Q72,74,1,1,0,0.000000,0.000000,0.000000,0.000000
Q72,81,1,1,0,0.000000,0.000000,0.000000,0.000000
Q72,80,1,1,0,0.000000,0.000000,0.000000,0.000000
Q72,61,2,1,0,0.000000,0.000000,0.000000,0.000000
Q72,73,1,1,0,0.000000,0.000000,0.000000,0.000000
Q72,75,2,1,0,0.000000,0.000000,0.000000,0.000000
Q72,84,1,1,0,0.000000,0.000000,0.000000,0.000000
Q72,88,1,1,0,0.000000,0.000000,0.000000,0.000000
Q72,86,1,1,0,0.000000,0.000000,0.000000,0.000000
Q72,91,1,1,0,0.000000,0.000000,0.000000,0.000000
Q72,90,1,1,0,0.000000,0.000000,0.000000,0.000000
Q72,89,1,1,0,0.000000,0.000000,0.000000,0.000000
Q72,83,1,1,0,0.000000,0.000000,0.000000,0.000000
Q72,87,2,1,0,0.000000,0.000000,0.000000,0.000000
Q72,82,2,1,0,0.000000,0.000000,0.000000,0.000000
Q72,93,1,1,0,0.000000,0.000000,0.000000,0.000000
Q72,92,1,1,0,0.000000,0.000000,0.000000,0.000000
Q72,95,1,1,0,0.000000,0.000000,0.000000,0.000000
Q72,97,1,1,0,0.000000,0.000000,0.000000,0.000000
Q72,99,1,1,0,0.000000,0.000000,0.000000,0.000000
Q73,2,0,10,0,0.000000,0.000000,0.000000,0.000000
Q73,3,0,10,0,0.000000,0.000000,0.000000,0.000000
Q72,100,1,1,0,0.000000,0.000000,0.000000,0.000000
Q72,94,1,1,0,0.000000,0.000000,0.000000,0.000000
Q73,1,0,10,0,0.000000,0.000000,0.000000,0.000000
Q73,5,0,10,0,0.000000,0.000000,0.000000,0.000000
Q72,98,1,1,0,0.000000,0.000000,0.000000,0.000000
Q72,85,1,1,0,0.000000,0.000000,0.000000,0.000000
Q72,96,2,1,0,0.000000,0.000000,0.000000,0.000000
Q73,4,0,10,0,0.000000,0.000000,0.000000,0.000000
Q73,6,0,10,0,0.000000,0.000000,0.000000,0.000000
Q73,9,0,10,0,0.000000,0.000000,0.000000,0.000000
Q73,12,0,10,0,0.000000,0.000000,0.000000,0.000000
Q73,16,0,10,0,0.000000,0.000000,0.000000,0.000000
Q73,13,0,10,0,0.000000,0.000000,0.000000,0.000000
Q73,7,0,10,0,0.000000,0.000000,0.000000,0.000000
Q73,8,0,10,0,0.000000,0.000000,0.000000,0.000000
Q73,14,0,10,0,0.000000,0.000000,0.000000,0.000000
Q73,17,0,10,0,0.000000,0.000000,0.000000,0.000000
Q73,11,0,10,0,0.000000,0.000000,0.000000,0.000000
Q73,10,0,10,0,0.000000,0.000000,0.000000,0.000000
Q73,21,0,10,0,0.000000,0.000000,0.000000,0.000000
Q73,19,0,10,0,0.000000,0.000000,0.000000,0.000000
Q73,22,0,10,0,0.000000,0.000000,0.000000,0.000000
Q73,25,0,10,0,0.000000,0.000000,0.000000,0.000000
Q73,20,0,10,0,0.000000,0.000000,0.000000,0.000000
Q73,23,0,10,0,0.000000,0.000000,0.000000,0.000000
Q73,26,0,10,0,0.000000,0.000000,0.000000,0.000000
Q73,28,0,10,0,0.000000,0.000000,0.000000,0.000000
Q73,18,0,10,0,0.000000,0.000000,0.000000,0.000000
Q73,29,0,10,0,0.000000,0.000000,0.000000,0.000000
Q73,24,0,10,0,0.000000,0.000000,0.000000,0.000000
Q73,30,0,10,0,0.000000,0.000000,0.000000,0.000000
Q73,32,0,10,0,0.000000,0.000000,0.000000,0.000000
Q73,31,0,10,0,0.000000,0.000000,0.000000,0.000000
Q73,40,0,10,0,0.000000,0.000000,0.000000,0.000000
Q73,33,0,10,0,0.000000,0.000000,0.000000,0.000000
Q73,27,0,10,0,0.000000,0.000000,0.000000,0.000000
Q73,34,0,10,0,0.000000,0.000000,0.000000,0.000000
Q73,15,0,10,0,0.000000,0.000000,0.000000,0.000000
Q73,37,0,10,0,0.000000,0.000000,0.000000,0.000000
Q73,35,0,10,0,0.000000,0.000000,0.000000,0.000000
Q73,38,0,10,0,0.000000,0.000000,0.000000,0.000000
Q73,41,0,10,0,0.000000,0.000000,0.000000,0.000000
Q73,39,0,10,0,0.000000,0.000000,0.000000,0.000000
Q73,45,0,10,0,0.000000,0.000000,0.000000,0.000000
Q73,43,0,10,0,0.000000,0.000000,0.000000,0.000000
Q73,36,0,10,0,0.000000,0.000000,0.000000,0.000000
Q73,42,0,10,0,0.000000,0.000000,0.000000,0.000000
Q73,46,0,10,0,0.000000,0.000000,0.000000,0.000000
Q73,44,0,10,0,0.000000,0.000000,0.000000,0.000000
Q73,47,0,10,0,0.000000,0.000000,0.000000,0.000000
Q73,50,0,10,0,0.000000,0.000000,0.000000,0.000000
Q73,49,0,10,0,0.000000,0.000000,0.000000,0.000000
Q73,55,0,10,0,0.000000,0.000000,0.000000,0.000000
Q73,48,0,10,0,0.000000,0.000000,0.000000,0.000000
Q73,53,0,10,0,0.000000,0.000000,0.000000,0.000000
Q73,52,0,10,0,0.000000,0.000000,0.000000,0.000000
Q73,59,0,10,0,0.000000,0.000000,0.000000,0.000000
Q73,60,0,10,0,0.000000,0.000000,0.000000,0.000000
Q73,57,0,10,0,0.000000,0.000000,0.000000,0.000000
Q73,54,0,10,0,0.000000,0.000000,0.000000,0.000000
Q73,63,0,10,0,0.000000,0.000000,0.000000,0.000000
Q73,62,0,10,0,0.000000,0.000000,0.000000,0.000000
Q73,51,0,10,0,0.000000,0.000000,0.000000,0.000000
Q73,64,0,10,0,0.000000,0.000000,0.000000,0.000000
Q73,65,0,10,0,0.000000,0.000000,0.000000,0.000000
Q73,58,0,10,0,0.000000,0.000000,0.000000,0.000000
Q73,68,0,10,0,0.000000,0.000000,0.000000,0.000000
Q73,56,0,10,0,0.000000,0.000000,0.000000,0.000000
Q73,69,0,10,0,0.000000,0.000000,0.000000,0.000000
Q73,61,0,10,0,0.000000,0.000000,0.000000,0.000000
Q73,72,0,10,0,0.000000,0.000000,0.000000,0.000000
Q73,66,0,10,0,0.000000,0.000000,0.000000,0.000000
Q73,73,0,10,0,0.000000,0.000000,0.000000,0.000000
Q73,70,0,10,0,0.000000,0.000000,0.000000,0.000000
Q73,74,0,10,0,0.000000,0.000000,0.000000,0.000000
Q73,75,0,10,0,0.000000,0.000000,0.000000,0.000000
Q73,76,0,10,0,0.000000,0.000000,0.000000,0.000000
Q73,71,0,10,0,0.000000,0.000000,0.000000,0.000000
Q73,77,0,10,0,0.000000,0.000000,0.000000,0.000000
Q73,79,0,10,0,0.000000,0.000000,0.000000,0.000000
Q73,80,0,10,0,0.000000,0.000000,0.000000,0.000000
Q73,78,0,10,0,0.000000,0.000000,0.000000,0.000000
Q73,82,0,10,0,0.000000,0.000000,0.000000,0.000000
Q73,67,0,10,0,0.000000,0.000000,0.000000,0.000000
Q73,83,0,10,0,0.000000,0.000000,0.000000,0.000000
Q73,84,0,10,0,0.000000,0.000000,0.000000,0.000000
Q73,87,0,10,0,0.000000,0.000000,0.000000,0.000000
Q73,95,0,10,0,0.000000,0.000000,0.000000,0.000000
Q73,93,0,10,0,0.000000,0.000000,0.000000,0.000000
Q73,96,0,10,0,0.000000,0.000000,0.000000,0.000000
Q73,88,0,10,0,0.000000,0.000000,0.000000,0.000000
Q73,91,0,10,0,0.000000,0.000000,0.000000,0.000000
Q73,92,0,10,0,0.000000,0.000000,0.000000,0.000000
Q73,89,0,10,0,0.000000,0.000000,0.000000,0.000000
Q73,90,0,10,0,0.000000,0.000000,0.000000,0.000000
Q73,97,0,10,0,0.000000,0.000000,0.000000,0.000000
Q74,2,0,4,0,0.000000,0.000000,0.000000,0.000000
Q73,99,0,10,0,0.000000,0.000000,0.000000,0.000000
Q73,94,0,10,0,0.000000,0.000000,0.000000,0.000000
Q73,100,0,10,0,0.000000,0.000000,0.000000,0.000000
Q73,86,0,10,0,0.000000,0.000000,0.000000,0.000000
Q73,98,0,10,0,0.000000,0.000000,0.000000,0.000000
Q74,3,0,4,0,0.000000,0.000000,0.000000,0.000000
Q74,1,0,4,0,0.000000,0.000000,0.000000,0.000000
Q74,4,0,4,0,0.000000,0.000000,0.000000,0.000000
Q73,85,0,10,0,0.000000,0.000000,0.000000,0.000000
Q73,81,0,10,0,0.000000,0.000000,0.000000,0.000000
Q74,7,0,4,0,0.000000,0.000000,0.000000,0.000000
Q74,6,0,4,0,0.000000,0.000000,0.000000,0.000000
Q74,5,0,4,0,0.000000,0.000000,0.000000,0.000000
Q74,10,0,4,0,0.000000,0.000000,0.000000,0.000000
Q74,12,0,4,0,0.000000,0.000000,0.000000,0.000000
Q74,11,0,4,0,0.000000,0.000000,0.000000,0.000000
Q74,9,1,4,0,0.000000,0.000000,0.000000,0.000000
Q74,17,0,4,0,0.000000,0.000000,0.000000,0.000000
Q74,20,0,4,0,0.000000,0.000000,0.000000,0.000000
Q74,18,0,4,0,0.000000,0.000000,0.000000,0.000000
Q74,19,0,4,0,0.000000,0.000000,0.000000,0.000000
Q74,14,0,4,0,0.000000,0.000000,0.000000,0.000000
Q74,23,0,4,0,0.000000,0.000000,0.000000,0.000000
Q74,21,0,4,0,0.000000,0.000000,0.000000,0.000000
Q74,8,0,4,0,0.000000,0.000000,0.000000,0.000000
Q74,26,0,4,0,0.000000,0.000000,0.000000,0.000000
Q74,27,0,4,0,0.000000,0.000000,0.000000,0.000000
Q74,29,0,4,0,0.000000,0.000000,0.000000,0.000000
Q74,15,0,4,0,0.000000,0.000000,0.000000,0.000000
Q74,13,0,4,0,0.000000,0.000000,0.000000,0.000000
Q74,25,0,4,0,0.000000,0.000000,0.000000,0.000000
Q74,28,1,4,0,0.000000,0.000000,0.000000,0.000000
Q74,16,0,4,0,0.000000,0.000000,0.000000,0.000000
Q74,34,0,4,0,0.000000,0.000000,0.000000,0.000000
Q74,30,0,4,0,0.000000,0.000000,0.000000,0.000000
Q74,36,0,4,0,0.000000,0.000000,0.000000,0.000000
Q74,32,0,4,0,0.000000,0.000000,0.000000,0.000000
Q74,22,0,4,0,0.000000,0.000000,0.000000,0.000000
Q74,24,0,4,0,0.000000,0.000000,0.000000,0.000000
Q74,37,0,4,0,0.000000,0.000000,0.000000,0.000000
Q74,31,0,4,0,0.000000,0.000000,0.000000,0.000000
Q74,42,0,4,0,0.000000,0.000000,0.000000,0.000000
Q74,38,0,4,0,0.000000,0.000000,0.000000,0.000000
Q74,41,0,4,0,0.000000,0.000000,0.000000,0.000000
Q74,40,0,4,0,0.000000,0.000000,0.000000,0.000000
Q74,43,0,4,0,0.000000,0.000000,0.000000,0.000000
Q74,46,0,4,0,0.000000,0.000000,0.000000,0.000000
Q74,45,0,4,0,0.000000,0.000000,0.000000,0.000000
Q74,44,1,4,0,0.000000,0.000000,0.000000,0.000000
Q74,50,0,4,0,0.000000,0.000000,0.000000,0.000000
Q74,52,0,4,0,0.000000,0.000000,0.000000,0.000000
Q74,48,0,4,0,0.000000,0.000000,0.000000,0.000000
Q74,47,1,4,0,0.000000,0.000000,0.000000,0.000000
Q74,39,1,4,0,0.000000,0.000000,0.000000,0.000000
Q74,49,0,4,0,0.000000,0.000000,0.000000,0.000000
Q74,55,0,4,0,0.000000,0.000000,0.000000,0.000000
Q74,53,0,4,0,0.000000,0.000000,0.000000,0.000000
Q74,33,1,4,0,0.000000,0.000000,0.000000,0.000000
Q74,57,0,4,0,0.000000,0.000000,0.000000,0.000000
Q74,54,1,4,0,0.000000,0.000000,0.000000,0.000000
Q74,51,0,4,0,0.000000,0.000000,0.000000,0.000000
Q74,59,0,4,0,0.000000,0.000000,0.000000,0.000000
Q74,58,0,4,0,0.000000,0.000000,0.000000,0.000000
Q74,35,0,4,0,0.000000,0.000000,0.000000,0.000000
Q74,68,0,4,0,0.000000,0.000000,0.000000,0.000000
Q74,64,0,4,0,0.000000,0.000000,0.000000,0.000000
Q74,67,0,4,0,0.000000,0.000000,0.000000,0.000000
Q74,60,0,4,0,0.000000,0.000000,0.000000,0.000000
Q74,56,0,4,0,0.000000,0.000000,0.000000,0.000000
Q74,70,0,4,0,0.000000,0.000000,0.000000,0.000000
Q74,72,0,4,0,0.000000,0.000000,0.000000,0.000000
Q74,74,0,4,0,0.000000,0.000000,0.000000,0.000000
Q74,62,0,4,0,0.000000,0.000000,0.000000,0.000000
Q74,75,0,4,0,0.000000,0.000000,0.000000,0.000000
Q74,69,0,4,0,0.000000,0.000000,0.000000,0.000000
Q74,71,0,4,0,0.000000,0.000000,0.000000,0.000000
Q74,66,0,4,0,0.000000,0.000000,0.000000,0.000000
Q74,79,0,4,0,0.000000,0.000000,0.000000,0.000000
Q74,83,0,4,0,0.000000,0.000000,0.000000,0.000000
Q74,61,0,4,0,0.000000,0.000000,0.000000,0.000000
Q74,78,0,4,0,0.000000,0.000000,0.000000,0.000000
Q74,77,0,4,0,0.000000,0.000000,0.000000,0.000000
Q74,81,1,4,0,0.000000,0.000000,0.000000,0.000000
Q74,82,0,4,0,0.000000,0.000000,0.000000,0.000000
Q74,65,0,4,0,0.000000,0.000000,0.000000,0.000000
Q74,76,0,4,0,0.000000,0.000000,0.000000,0.000000
Q74,84,0,4,0,0.000000,0.000000,0.000000,0.000000
Q74,86,0,4,0,0.000000,0.000000,0.000000,0.000000
Q74,88,0,4,0,0.000000,0.000000,0.000000,0.000000
Q74,85,0,4,0,0.000000,0.000000,0.000000,0.000000
Q74,93,0,4,0,0.000000,0.000000,0.000000,0.000000
Q74,91,0,4,0,0.000000,0.000000,0.000000,0.000000
Q74,90,0,4,0,0.000000,0.000000,0.000000,0.000000
Q74,95,0,4,0,0.000000,0.000000,0.000000,0.000000
Q74,96,0,4,0,0.000000,0.000000,0.000000,0.000000
Q74,80,0,4,0,0.000000,0.000000,0.000000,0.000000
Q74,89,0,4,0,0.000000,0.000000,0.000000,0.000000
Q74,73,0,4,0,0.000000,0.000000,0.000000,0.000000
Q74,87,2,4,1,0.200000,0.500000,0.250000,0.333333
Q74,94,0,4,0,0.000000,0.000000,0.000000,0.000000
Q74,92,0,4,0,0.000000,0.000000,0.000000,0.000000
Q74,98,0,4,0,0.000000,0.000000,0.000000,0.000000
Q74,63,0,4,0,0.000000,0.000000,0.000000,0.000000
Q75,3,1,3,0,0.000000,0.000000,0.000000,0.000000
Q74,97,0,4,0,0.000000,0.000000,0.000000,0.000000
Q75,1,2,3,0,0.000000,0.000000,0.000000,0.000000
Q75,5,1,3,0,0.000000,0.000000,0.000000,0.000000
Q75,7,1,3,0,0.000000,0.000000,0.000000,0.000000
Q75,2,1,3,0,0.000000,0.000000,0.000000,0.000000
Q75,9,1,3,0,0.000000,0.000000,0.000000,0.000000
Q75,8,1,3,0,0.000000,0.000000,0.000000,0.000000
Q75,4,2,3,0,0.000000,0.000000,0.000000,0.000000
Q74,100,0,4,0,0.000000,0.000000,0.000000,0.000000
Q75,10,2,3,0,0.000000,0.000000,0.000000,0.000000
Q75,11,1,3,0,0.000000,0.000000,0.000000,0.000000
Q75,12,1,3,0,0.000000,0.000000,0.000000,0.000000
Q74,99,0,4,0,0.000000,0.000000,0.000000,0.000000
Q75,13,1,3,0,0.000000,0.000000,0.000000,0.000000
Q75,15,1,3,0,0.000000,0.000000,0.000000,0.000000
Q75,20,0,3,0,0.000000,0.000000,0.000000,0.000000
Q75,14,1,3,0,0.000000,0.000000,0.000000,0.000000
Q75,19,1,3,0,0.000000,0.000000,0.000000,0.000000
Q75,6,1,3,0,0.000000,0.000000,0.000000,0.000000
Q75,17,2,3,0,0.000000,0.000000,0.000000,0.000000
Q75,16,2,3,0,0.000000,0.000000,0.000000,0.000000
Q75,23,1,3,0,0.000000,0.000000,0.000000,0.000000
Q75,24,1,3,0,0.000000,0.000000,0.000000,0.000000
Q75,22,1,3,0,0.000000,0.000000,0.000000,0.000000
Q75,26,1,3,0,0.000000,0.000000,0.000000,0.000000
Q75,25,1,3,0,0.000000,0.000000,0.000000,0.000000
Q75,28,1,3,0,0.000000,0.000000,0.000000,0.000000
Q75,21,1,3,0,0.000000,0.000000,0.000000,0.000000
Q75,27,1,3,0,0.000000,0.000000,0.000000,0.000000
Q75,34,1,3,0,0.000000,0.000000,0.000000,0.000000
Q75,30,2,3,0,0.000000,0.000000,0.000000,0.000000
Q75,36,1,3,0,0.000000,0.000000,0.000000,0.000000
Q75,37,1,3,0,0.000000,0.000000,0.000000,0.000000
Q75,31,1,3,0,0.000000,0.000000,0.000000,0.000000
Q75,29,1,3,0,0.000000,0.000000,0.000000,0.000000
Q75,18,1,3,0,0.000000,0.000000,0.000000,0.000000
Q75,33,1,3,0,0.000000,0.000000,0.000000,0.000000
Q75,35,1,3,0,0.000000,0.000000,0.000000,0.000000
Q75,38,1,3,0,0.000000,0.000000,0.000000,0.000000
Q75,41,1,3,0,0.000000,0.000000,0.000000,0.000000
Q75,39,1,3,0,0.000000,0.000000,0.000000,0.000000
Q75,40,1,3,0,0.000000,0.000000,0.000000,0.000000
Q75,43,1,3,0,0.000000,0.000000,0.000000,0.000000
Q75,32,1,3,0,0.000000,0.000000,0.000000,0.000000
Q75,45,1,3,0,0.000000,0.000000,0.000000,0.000000
Q75,47,1,3,0,0.000000,0.000000,0.000000,0.000000
Q75,42,1,3,0,0.000000,0.000000,0.000000,0.000000
Q75,46,1,3,0,0.000000,0.000000,0.000000,0.000000
Q75,44,1,3,0,0.000000,0.000000,0.000000,0.000000
Q75,48,1,3,0,0.000000,0.000000,0.000000,0.000000
Q75,49,1,3,0,0.000000,0.000000,0.000000,0.000000
Q75,52,1,3,0,0.000000,0.000000,0.000000,0.000000
Q75,55,1,3,0,0.000000,0.000000,0.000000,0.000000
Q75,53,1,3,0,0.000000,0.000000,0.000000,0.000000
Q75,57,1,3,0,0.000000,0.000000,0.000000,0.000000
Q75,54,1,3,0,0.000000,0.000000,0.000000,0.000000
Q75,51,2,3,0,0.000000,0.000000,0.000000,0.000000
Q75,50,1,3,0,0.000000,0.000000,0.000000,0.000000
Q75,60,1,3,0,0.000000,0.000000,0.000000,0.000000
Q75,58,1,3,0,0.000000,0.000000,0.000000,0.000000
Q75,61,1,3,0,0.000000,0.000000,0.000000,0.000000
Q75,63,1,3,0,0.000000,0.000000,0.000000,0.000000
Q75,62,1,3,0,0.000000,0.000000,0.000000,0.000000
Q75,59,2,3,0,0.000000,0.000000,0.000000,0.000000
Q75,65,1,3,0,0.000000,0.000000,0.000000,0.000000
Q75,66,1,3,0,0.000000,0.000000,0.000000,0.000000
Q75,56,1,3,0,0.000000,0.000000,0.000000,0.000000
Q75,72,0,3,0,0.000000,0.000000,0.000000,0.000000
Q75,69,1,3,0,0.000000,0.000000,0.000000,0.000000
Q75,71,1,3,0,0.000000,0.000000,0.000000,0.000000
Q75,68,1,3,0,0.000000,0.000000,0.000000,0.000000
Q75,64,1,3,0,0.000000,0.000000,0.000000,0.000000
Q75,73,1,3,0,0.000000,0.000000,0.000000,0.000000
Q75,74,1,3,0,0.000000,0.000000,0.000000,0.000000
Q75,70,1,3,0,0.000000,0.000000,0.000000,0.000000
Q75,75,1,3,0,0.000000,0.000000,0.000000,0.000000
Q75,78,1,3,0,0.000000,0.000000,0.000000,0.000000
Q75,67,1,3,0,0.000000,0.000000,0.000000,0.000000
Q75,81,1,3,0,0.000000,0.000000,0.000000,0.000000
Q75,80,1,3,0,0.000000,0.000000,0.000000,0.000000
Q75,76,1,3,0,0.000000,0.000000,0.000000,0.000000
Q75,82,1,3,0,0.000000,0.000000,0.000000,0.000000
Q75,79,1,3,0,0.000000,0.000000,0.000000,0.000000
Q75,84,2,3,0,0.000000,0.000000,0.000000,0.000000
Q75,86,1,3,0,0.000000,0.000000,0.000000,0.000000
Q75,85,1,3,0,0.000000,0.000000,0.000000,0.000000
Q75,77,2,3,0,0.000000,0.000000,0.000000,0.000000
Q75,83,1,3,0,0.000000,0.000000,0.000000,0.000000
Q75,89,1,3,0,0.000000,0.000000,0.000000,0.000000
Q75,92,1,3,0,0.000000,0.000000,0.000000,0.000000
Q75,91,1,3,0,0.000000,0.000000,0.000000,0.000000
Q75,90,1,3,0,0.000000,0.000000,0.000000,0.000000
Q75,94,1,3,0,0.000000,0.000000,0.000000,0.000000
Q75,95,1,3,0,0.000000,0.000000,0.000000,0.000000
Q75,97,1,3,0,0.000000,0.000000,0.000000,0.000000
Q75,87,2,3,0,0.000000,0.000000,0.000000,0.000000
Q75,88,1,3,0,0.000000,0.000000,0.000000,0.000000
Q75,96,1,3,0,0.000000,0.000000,0.000000,0.000000
Q75,93,2,3,0,0.000000,0.000000,0.000000,0.000000
Q75,100,1,3,0,0.000000,0.000000,0.000000,0.000000
Q75,98,1,3,0,0.000000,0.000000,0.000000,0.000000
Q76,2,1,2,0,0.000000,0.000000,0.000000,0.000000
Q76,3,1,2,0,0.000000,0.000000,0.000000,0.000000
Q76,1,1,2,0,0.000000,0.000000,0.000000,0.000000
Q76,6,1,2,0,0.000000,0.000000,0.000000,0.000000
Q75,99,1,3,0,0.000000,0.000000,0.000000,0.000000
Q76,8,1,2,0,0.000000,0.000000,0.000000,0.000000
Q76,7,2,2,1,0.333333,0.500000,0.500000,0.500000
Q76,5,2,2,0,0.000000,0.000000,0.000000,0.000000
Q76,9,2,2,1,0.333333,0.500000,0.500000,0.500000
Q76,11,1,2,0,0.000000,0.000000,0.000000,0.000000
Q76,13,1,2,0,0.000000,0.000000,0.000000,0.000000
Q76,10,1,2,0,0.000000,0.000000,0.000000,0.000000
Q76,4,1,2,0,0.000000,0.000000,0.000000,0.000000
Q76,14,1,2,0,0.000000,0.000000,0.000000,0.000000
Q76,16,1,2,0,0.000000,0.000000,0.000000,0.000000
Q76,19,1,2,0,0.000000,0.000000,0.000000,0.000000
Q76,18,1,2,0,0.000000,0.000000,0.000000,0.000000
Q76,17,1,2,0,0.000000,0.000000,0.000000,0.000000
Q76,12,1,2,0,0.000000,0.000000,0.000000,0.000000
Q76,21,1,2,0,0.000000,0.000000,0.000000,0.000000
Q76,25,1,2,0,0.000000,0.000000,0.000000,0.000000
Q76,26,1,2,0,0.000000,0.000000,0.000000,0.000000
Q76,23,1,2,0,0.000000,0.000000,0.000000,0.000000
Q76,28,1,2,0,0.000000,0.000000,0.000000,0.000000
Q76,27,1,2,0,0.000000,0.000000,0.000000,0.000000
Q76,15,1,2,0,0.000000,0.000000,0.000000,0.000000
Q76,24,1,2,0,0.000000,0.000000,0.000000,0.000000
Q76,30,2,2,1,0.333333,0.500000,0.500000,0.500000
Q76,31,1,2,0,0.000000,0.000000,0.000000,0.000000
Q76,32,1,2,0,0.000000,0.000000,0.000000,0.000000
Q76,20,2,2,1,0.333333,0.500000,0.500000,0.500000
Q76,33,2,2,1,0.333333,0.500000,0.500000,0.500000
Q76,22,1,2,0,0.000000,0.000000,0.000000,0.000000
Q76,37,2,2,0,0.000000,0.000000,0.000000,0.000000
Q76,38,1,2,0,0.000000,0.000000,0.000000,0.000000
Q76,34,1,2,0,0.000000,0.000000,0.000000,0.000000
Q76,29,1,2,0,0.000000,0.000000,0.000000,0.000000
Q76,36,1,2,0,0.000000,0.000000,0.000000,0.000000
Q76,40,1,2,0,0.000000,0.000000,0.000000,0.000000
Q76,41,1,2,0,0.000000,0.000000,0.000000,0.000000
Q76,42,1,2,0,0.000000,0.000000,0.000000,0.000000
Q76,39,2,2,1,0.333333,0.500000,0.500000,0.500000
Q76,35,2,2,1,0.333333,0.500000,0.500000,0.500000
Q76,47,1,2,0,0.000000,0.000000,0.000000,0.000000
Q76,44,1,2,0,0.000000,0.000000,0.000000,0.000000
Q76,48,1,2,0,0.000000,0.000000,0.000000,0.000000
Q76,50,1,2,0,0.000000,0.000000,0.000000,0.000000
Q76,46,1,2,0,0.000000,0.000000,0.000000,0.000000
Q76,51,1,2,0,0.000000,0.000000,0.000000,0.000000
Q76,45,2,2,0,0.000000,0.000000,0.000000,0.000000
Q76,54,1,2,0,0.000000,0.000000,0.000000,0.000000
Q76,55,1,2,0,0.000000,0.000000,0.000000,0.000000
Q76,52,2,2,1,0.333333,0.500000,0.500000,0.500000
Q76,57,1,2,0,0.000000,0.000000,0.000000,0.000000
Q76,49,1,2,0,0.000000,0.000000,0.000000,0.000000
Q76,53,2,2,1,0.333333,0.500000,0.500000,0.500000
Q76,59,1,2,0,0.000000,0.000000,0.000000,0.000000
Q76,43,1,2,0,0.000000,0.000000,0.000000,0.000000
Q76,61,1,2,0,0.000000,0.000000,0.000000,0.000000
Q76,58,2,2,0,0.000000,0.000000,0.000000,0.000000
Q76,60,2,2,1,0.333333,0.500000,0.500000,0.500000
Q76,56,2,2,1,0.333333,0.500000,0.500000,0.500000
Q76,63,1,2,0,0.000000,0.000000,0.000000,0.000000
Q76,64,1,2,0,0.000000,0.000000,0.000000,0.000000
Q76,62,2,2,1,0.333333,0.500000,0.500000,0.500000
Q76,66,1,2,0,0.000000,0.000000,0.000000,0.000000
Q76,70,2,2,1,0.333333,0.500000,0.500000,0.500000
Q76,75,1,2,0,0.000000,0.000000,0.000000,0.000000
Q76,73,1,2,0,0.000000,0.000000,0.000000,0.000000
Q76,72,1,2,0,0.000000,0.000000,0.000000,0.000000
Q76,68,1,2,0,0.000000,0.000000,0.000000,0.000000
Q76,74,1,2,0,0.000000,0.000000,0.000000,0.000000
Q76,71,1,2,0,0.000000,0.000000,0.000000,0.000000
Q76,76,1,2,0,0.000000,0.000000,0.000000,0.000000
Q76,67,2,2,1,0.333333,0.500000,0.500000,0.500000
Q76,77,1,2,0,0.000000,0.000000,0.000000,0.000000
Q76,78,1,2,0,0.000000,0.000000,0.000000,0.000000
Q76,79,1,2,0,0.000000,0.000000,0.000000,0.000000
Q76,65,2,2,1,0.333333,0.500000,0.500000,0.500000
Q76,81,2,2,1,0.333333,0.500000,0.500000,0.500000
Q76,82,2,2,1,0.333333,0.500000,0.500000,0.500000
Q76,80,1,2,0,0.000000,0.000000,0.000000,0.000000
Q76,84,1,2,0,0.000000,0.000000,0.000000,0.000000
Q76,86,1,2,0,0.000000,0.000000,0.000000,0.000000
Q76,85,1,2,0,0.000000,0.000000,0.000000,0.000000
Q76,69,1,2,0,0.000000,0.000000,0.000000,0.000000
Q76,88,1,2,0,0.000000,0.000000,0.000000,0.000000
Q76,83,2,2,1,0.333333,0.500000,0.500000,0.500000
Q76,90,1,2,0,0.000000,0.000000,0.000000,0.000000
Q76,89,2,2,1,0.333333,0.500000,0.500000,0.500000
Q76,92,1,2,0,0.000000,0.000000,0.000000,0.000000
Q76,91,1,2,0,0.000000,0.000000,0.000000,0.000000
Q76,94,1,2,0,0.000000,0.000000,0.000000,0.000000
Q76,96,1,2,0,0.000000,0.000000,0.000000,0.000000
Q76,97,1,2,0,0.000000,0.000000,0.000000,0.000000
Q76,87,1,2,0,0.000000,0.000000,0.000000,0.000000
Q76,95,1,2,0,0.000000,0.000000,0.000000,0.000000
Q76,93,1,2,0,0.000000,0.000000,0.000000,0.000000
Q76,100,1,2,0,0.000000,0.000000,0.000000,0.000000
Q76,98,2,2,1,0.333333,0.500000,0.500000,0.500000
Q77,2,1,5,0,0.000000,0.000000,0.000000,0.000000
Q77,3,1,5,0,0.000000,0.000000,0.000000,0.000000
Q77,1,1,5,0,0.000000,0.000000,0.000000,0.000000
Q76,99,1,2,0,0.000000,0.000000,0.000000,0.000000
Q77,8,1,5,0,0.000000,0.000000,0.000000,0.000000
Q77,5,1,5,0,0.000000,0.000000,0.000000,0.000000
Q77,4,2,5,1,0.166667,0.500000,0.200000,0.285714
Q77,7,2,5,0,0.000000,0.000000,0.000000,0.000000
Q77,12,1,5,0,0.000000,0.000000,0.000000,0.000000
Q77,6,1,5,0,0.000000,0.000000,0.000000,0.000000
Q77,13,1,5,0,0.000000,0.000000,0.000000,0.000000
Q77,16,1,5,0,0.000000,0.000000,0.000000,0.000000
Q77,10,1,5,0,0.000000,0.000000,0.000000,0.000000
Q77,9,1,5,0,0.000000,0.000000,0.000000,0.000000
Q77,18,1,5,0,0.000000,0.000000,0.000000,0.000000
Q77,15,2,5,0,0.000000,0.000000,0.000000,0.000000
Q77,17,1,5,0,0.000000,0.000000,0.000000,0.000000
Q77,19,1,5,0,0.000000,0.000000,0.000000,0.000000
Q77,14,1,5,0,0.000000,0.000000,0.000000,0.000000
Q77,20,1,5,0,0.000000,0.000000,0.000000,0.000000
Q77,22,1,5,0,0.000000,0.000000,0.000000,0.000000
Q77,23,1,5,0,0.000000,0.000000,0.000000,0.000000
Q77,21,2,5,0,0.000000,0.000000,0.000000,0.000000
Q77,24,1,5,0,0.000000,0.000000,0.000000,0.000000
Q77,25,1,5,0,0.000000,0.000000,0.000000,0.000000
Q77,27,1,5,0,0.000000,0.000000,0.000000,0.000000
Q77,26,1,5,0,0.000000,0.000000,0.000000,0.000000
Q77,29,2,5,0,0.000000,0.000000,0.000000,0.000000
Q77,33,1,5,0,0.000000,0.000000,0.000000,0.000000
Q77,32,1,5,0,0.000000,0.000000,0.000000,0.000000
Q77,35,1,5,0,0.000000,0.000000,0.000000,0.000000
Q77,30,2,5,0,0.000000,0.000000,0.000000,0.000000
Q77,11,1,5,0,0.000000,0.000000,0.000000,0.000000
Q77,34,1,5,0,0.000000,0.000000,0.000000,0.000000
Q77,31,1,5,0,0.000000,0.000000,0.000000,0.000000
Q77,36,1,5,0,0.000000,0.000000,0.000000,0.000000
Q77,37,1,5,0,0.000000,0.000000,0.000000,0.000000
Q77,38,2,5,1,0.166667,0.500000,0.200000,0.285714
Q77,28,1,5,0,0.000000,0.000000,0.000000,0.000000
Q77,40,1,5,0,0.000000,0.000000,0.000000,0.000000
Q77,41,1,5,0,0.000000,0.000000,0.000000,0.000000
Q77,45,1,5,0,0.000000,0.000000,0.000000,0.000000
Q77,46,1,5,0,0.000000,0.000000,0.000000,0.000000
Q77,44,1,5,0,0.000000,0.000000,0.000000,0.000000
Q77,43,2,5,1,0.166667,0.500000,0.200000,0.285714
Q77,42,1,5,0,0.000000,0.000000,0.000000,0.000000
Q77,48,2,5,1,0.166667,0.500000,0.200000,0.285714
Q77,49,1,5,0,0.000000,0.000000,0.000000,0.000000
Q77,51,1,5,0,0.000000,0.000000,0.000000,0.000000
Q77,52,1,5,0,0.000000,0.000000,0.000000,0.000000
Q77,47,1,5,0,0.000000,0.000000,0.000000,0.000000
Q77,50,2,5,1,0.166667,0.500000,0.200000,0.285714
Q77,39,2,5,0,0.000000,0.000000,0.000000,0.000000
Q77,55,1,5,0,0.000000,0.000000,0.000000,0.000000
Q77,54,1,5,0,0.000000,0.000000,0.000000,0.000000
Q77,56,1,5,0,0.000000,0.000000,0.000000,0.000000
Q77,58,2,5,1,0.166667,0.500000,0.200000,0.285714
Q77,61,1,5,0,0.000000,0.000000,0.000000,0.000000
Q77,57,2,5,1,0.166667,0.500000,0.200000,0.285714
Q77,60,1,5,0,0.000000,0.000000,0.000000,0.000000
Q77,59,2,5,1,0.166667,0.500000,0.200000,0.285714
Q77,53,1,5,0,0.000000,0.000000,0.000000,0.000000
Q77,64,1,5,0,0.000000,0.000000,0.000000,0.000000
Q77,63,2,5,1,0.166667,0.500000,0.200000,0.285714
Q77,65,1,5,0,0.000000,0.000000,0.000000,0.000000
Q77,67,1,5,0,0.000000,0.000000,0.000000,0.000000
Q77,66,2,5,1,0.166667,0.500000,0.200000,0.285714
Q77,68,1,5,0,0.000000,0.000000,0.000000,0.000000
Q77,70,1,5,0,0.000000,0.000000,0.000000,0.000000
Q77,73,1,5,0,0.000000,0.000000,0.000000,0.000000
Q77,69,2,5,0,0.000000,0.000000,0.000000,0.000000
Q77,76,1,5,0,0.000000,0.000000,0.000000,0.000000
Q77,71,1,5,0,0.000000,0.000000,0.000000,0.000000
Q77,74,2,5,0,0.000000,0.000000,0.000000,0.000000
Q77,75,1,5,0,0.000000,0.000000,0.000000,0.000000
Q77,72,2,5,0,0.000000,0.000000,0.000000,0.000000
Q77,62,2,5,0,0.000000,0.000000,0.000000,0.000000
Q77,77,1,5,0,0.000000,0.000000,0.000000,0.000000
Q77,78,1,5,0,0.000000,0.000000,0.000000,0.000000
Q77,82,1,5,0,0.000000,0.000000,0.000000,0.000000
Q77,80,1,5,0,0.000000,0.000000,0.000000,0.000000
Q77,79,1,5,0,0.000000,0.000000,0.000000,0.000000
Q77,81,1,5,0,0.000000,0.000000,0.000000,0.000000
Q77,85,1,5,0,0.000000,0.000000,0.000000,0.000000
Q77,90,1,5,0,0.000000,0.000000,0.000000,0.000000
Q77,83,1,5,0,0.000000,0.000000,0.000000,0.000000
Q77,87,1,5,0,0.000000,0.000000,0.000000,0.000000
Q77,86,1,5,0,0.000000,0.000000,0.000000,0.000000
Q77,88,1,5,0,0.000000,0.000000,0.000000,0.000000
Q77,93,1,5,0,0.000000,0.000000,0.000000,0.000000
Q77,89,1,5,0,0.000000,0.000000,0.000000,0.000000
Q77,94,1,5,0,0.000000,0.000000,0.000000,0.000000
Q77,92,2,5,0,0.000000,0.000000,0.000000,0.000000
Q77,91,2,5,1,0.166667,0.500000,0.200000,0.285714
Q77,95,1,5,0,0.000000,0.000000,0.000000,0.000000
Q77,98,1,5,0,0.000000,0.000000,0.000000,0.000000
Q77,97,1,5,0,0.000000,0.000000,0.000000,0.000000
Q78,1,1,2,0,0.000000,0.000000,0.000000,0.000000
Q78,3,1,2,0,0.000000,0.000000,0.000000,0.000000
Q78,2,1,2,0,0.000000,0.000000,0.000000,0.000000
Q78,5,1,2,0,0.000000,0.000000,0.000000,0.000000
Q77,84,1,5,0,0.000000,0.000000,0.000000,0.000000
Q78,6,1,2,0,0.000000,0.000000,0.000000,0.000000
Q77,99,1,5,0,0.000000,0.000000,0.000000,0.000000
Q78,8,1,2,0,0.000000,0.000000,0.000000,0.000000
Q78,4,1,2,0,0.000000,0.000000,0.000000,0.000000
Q78,7,1,2,0,0.000000,0.000000,0.000000,0.000000
Q78,9,1,2,0,0.000000,0.000000,0.000000,0.000000
Q77,96,2,5,0,0.000000,0.000000,0.000000,0.000000
Q77,100,2,5,1,0.166667,0.500000,0.200000,0.285714
Q78,10,1,2,0,0.000000,0.000000,0.000000,0.000000
Q78,11,1,2,0,0.000000,0.000000,0.000000,0.000000
Q78,14,1,2,0,0.000000,0.000000,0.000000,0.000000
Q78,15,1,2,0,0.000000,0.000000,0.000000,0.000000
Q78,12,1,2,0,0.000000,0.000000,0.000000,0.000000
Q78,13,1,2,0,0.000000,0.000000,0.000000,0.000000
Q78,16,1,2,0,0.000000,0.000000,0.000000,0.000000
Q78,19,1,2,0,0.000000,0.000000,0.000000,0.000000
Q78,17,1,2,0,0.000000,0.000000,0.000000,0.000000
Q78,22,1,2,0,0.000000,0.000000,0.000000,0.000000
Q78,21,1,2,0,0.000000,0.000000,0.000000,0.000000
Q78,18,2,2,1,0.333333,0.500000,0.500000,0.500000
Q78,20,2,2,1,0.333333,0.500000,0.500000,0.500000
Q78,24,1,2,0,0.000000,0.000000,0.000000,0.000000
Q78,26,0,2,0,0.000000,0.000000,0.000000,0.000000
Q78,28,1,2,0,0.000000,0.000000,0.000000,0.000000
Q78,23,1,2,0,0.000000,0.000000,0.000000,0.000000
Q78,25,1,2,0,0.000000,0.000000,0.000000,0.000000
Q78,27,1,2,0,0.000000,0.000000,0.000000,0.000000
Q78,29,1,2,0,0.000000,0.000000,0.000000,0.000000
Q78,33,1,2,0,0.000000,0.000000,0.000000,0.000000
Q78,30,2,2,1,0.333333,0.500000,0.500000,0.500000
Q78,32,1,2,0,0.000000,0.000000,0.000000,0.000000
Q78,34,1,2,0,0.000000,0.000000,0.000000,0.000000
Q78,39,1,2,0,0.000000,0.000000,0.000000,0.000000
Q78,36,1,2,0,0.000000,0.000000,0.000000,0.000000
Q78,40,2,2,1,0.333333,0.500000,0.500000,0.500000
Q78,42,1,2,0,0.000000,0.000000,0.000000,0.000000
Q78,44,1,2,0,0.000000,0.000000,0.000000,0.000000
Q78,35,1,2,0,0.000000,0.000000,0.000000,0.000000
Q78,38,1,2,0,0.000000,0.000000,0.000000,0.000000
Q78,37,1,2,0,0.000000,0.000000,0.000000,0.000000
Q78,41,0,2,0,0.000000,0.000000,0.000000,0.000000
Q78,31,1,2,0,0.000000,0.000000,0.000000,0.000000
Q78,46,1,2,0,0.000000,0.000000,0.000000,0.000000
Q78,48,1,2,0,0.000000,0.000000,0.000000,0.000000
Q78,43,2,2,1,0.333333,0.500000,0.500000,0.500000
Q78,47,1,2,0,0.000000,0.000000,0.000000,0.000000
Q78,45,1,2,0,0.000000,0.000000,0.000000,0.000000
Q78,50,1,2,0,0.000000,0.000000,0.000000,0.000000
Q78,53,1,2,0,0.000000,0.000000,0.000000,0.000000
Q78,51,1,2,0,0.000000,0.000000,0.000000,0.000000
Q78,54,1,2,0,0.000000,0.000000,0.000000,0.000000
Q78,49,2,2,1,0.333333,0.500000,0.500000,0.500000
Q78,52,1,2,0,0.000000,0.000000,0.000000,0.000000
Q78,58,1,2,0,0.000000,0.000000,0.000000,0.000000
Q78,59,1,2,0,0.000000,0.000000,0.000000,0.000000
Q78,56,1,2,0,0.000000,0.000000,0.000000,0.000000
Q78,57,1,2,0,0.000000,0.000000,0.000000,0.000000
Q78,60,1,2,0,0.000000,0.000000,0.000000,0.000000
Q78,62,1,2,0,0.000000,0.000000,0.000000,0.000000
Q78,55,1,2,0,0.000000,0.000000,0.000000,0.000000
Q78,61,1,2,0,0.000000,0.000000,0.000000,0.000000
Q78,64,1,2,0,0.000000,0.000000,0.000000,0.000000
Q78,66,1,2,0,0.000000,0.000000,0.000000,0.000000
Q78,65,1,2,0,0.000000,0.000000,0.000000,0.000000
Q78,67,1,2,0,0.000000,0.000000,0.000000,0.000000
Q78,68,1,2,0,0.000000,0.000000,0.000000,0.000000
Q78,63,2,2,0,0.000000,0.000000,0.000000,0.000000
Q78,70,2,2,1,0.333333,0.500000,0.500000,0.500000
Q78,71,1,2,0,0.000000,0.000000,0.000000,0.000000
Q78,74,1,2,0,0.000000,0.000000,0.000000,0.000000
Q78,73,1,2,0,0.000000,0.000000,0.000000,0.000000
Q78,76,1,2,0,0.000000,0.000000,0.000000,0.000000
Q78,69,2,2,1,0.333333,0.500000,0.500000,0.500000
Q78,78,1,2,0,0.000000,0.000000,0.000000,0.000000
Q78,77,1,2,0,0.000000,0.000000,0.000000,0.000000
Q78,79,1,2,0,0.000000,0.000000,0.000000,0.000000
Q78,83,1,2,0,0.000000,0.000000,0.000000,0.000000
Q78,82,1,2,0,0.000000,0.000000,0.000000,0.000000
Q78,81,2,2,1,0.333333,0.500000,0.500000,0.500000
Q78,85,1,2,0,0.000000,0.000000,0.000000,0.000000
Q78,86,1,2,0,0.000000,0.000000,0.000000,0.000000
Q78,84,1,2,0,0.000000,0.000000,0.000000,0.000000
Q78,87,1,2,0,0.000000,0.000000,0.000000,0.000000
Q78,80,1,2,0,0.000000,0.000000,0.000000,0.000000
Q78,88,2,2,1,0.333333,0.500000,0.500000,0.500000
Q78,91,1,2,0,0.000000,0.000000,0.000000,0.000000
Q78,90,1,2,0,0.000000,0.000000,0.000000,0.000000
Q78,92,1,2,0,0.000000,0.000000,0.000000,0.000000
Q78,95,1,2,0,0.000000,0.000000,0.000000,0.000000
Q78,94,1,2,0,0.000000,0.000000,0.000000,0.000000
Q78,72,1,2,0,0.000000,0.000000,0.000000,0.000000
Q78,96,1,2,0,0.000000,0.000000,0.000000,0.000000
Q78,97,2,2,1,0.333333,0.500000,0.500000,0.500000
Q78,98,1,2,0,0.000000,0.000000,0.000000,0.000000
Q78,89,2,2,1,0.333333,0.500000,0.500000,0.500000
Q78,93,1,2,0,0.000000,0.000000,0.000000,0.000000
Q78,75,2,2,1,0.333333,0.500000,0.500000,0.500000
Q78,99,1,2,0,0.000000,0.000000,0.000000,0.000000
Q79,4,1,3,0,0.000000,0.000000,0.000000,0.000000
Q78,100,2,2,1,0.333333,0.500000,0.500000,0.500000
Q79,2,1,3,0,0.000000,0.000000,0.000000,0.000000
Q79,5,1,3,0,0.000000,0.000000,0.000000,0.000000
Q79,3,2,3,1,0.250000,0.500000,0.333333,0.400000
Q79,8,1,3,0,0.000000,0.000000,0.000000,0.000000
Q79,6,1,3,0,0.000000,0.000000,0.000000,0.000000
Q79,12,0,3,0,0.000000,0.000000,0.000000,0.000000
Q79,7,2,3,1,0.250000,0.500000,0.333333,0.400000
Q79,13,0,3,0,0.000000,0.000000,0.000000,0.000000
Q79,17,0,3,0,0.000000,0.000000,0.000000,0.000000
Q79,1,1,3,0,0.000000,0.000000,0.000000,0.000000
Q79,11,2,3,1,0.250000,0.500000,0.333333,0.400000
Q79,15,1,3,0,0.000000,0.000000,0.000000,0.000000
Q79,16,1,3,0,0.000000,0.000000,0.000000,0.000000
Q79,14,1,3,0,0.000000,0.000000,0.000000,0.000000
Q79,9,2,3,0,0.000000,0.000000,0.000000,0.000000
Q79,20,1,3,0,0.000000,0.000000,0.000000,0.000000
Q79,19,1,3,0,0.000000,0.000000,0.000000,0.000000
Q79,22,1,3,0,0.000000,0.000000,0.000000,0.000000
Q79,23,1,3,0,0.000000,0.000000,0.000000,0.000000
Q79,24,1,3,0,0.000000,0.000000,0.000000,0.000000
Q79,10,1,3,0,0.000000,0.000000,0.000000,0.000000
Q79,27,1,3,0,0.000000,0.000000,0.000000,0.000000
Q79,25,1,3,0,0.000000,0.000000,0.000000,0.000000
Q79,28,2,3,0,0.000000,0.000000,0.000000,0.000000
Q79,21,2,3,1,0.250000,0.500000,0.333333,0.400000
Q79,30,1,3,0,0.000000,0.000000,0.000000,0.000000
Q79,26,2,3,1,0.250000,0.500000,0.333333,0.400000
Q79,29,1,3,0,0.000000,0.000000,0.000000,0.000000
Q79,32,0,3,0,0.000000,0.000000,0.000000,0.000000
Q79,18,1,3,0,0.000000,0.000000,0.000000,0.000000
Q79,31,1,3,0,0.000000,0.000000,0.000000,0.000000
Q79,33,1,3,0,0.000000,0.000000,0.000000,0.000000
Q79,34,2,3,1,0.250000,0.500000,0.333333,0.400000
Q79,41,0,3,0,0.000000,0.000000,0.000000,0.000000
Q79,40,1,3,0,0.000000,0.000000,0.000000,0.000000
Q79,42,1,3,0,0.000000,0.000000,0.000000,0.000000
Q79,37,1,3,0,0.000000,0.000000,0.000000,0.000000
Q79,38,2,3,1,0.250000,0.500000,0.333333,0.400000
Q79,35,0,3,0,0.000000,0.000000,0.000000,0.000000
Q79,44,1,3,0,0.000000,0.000000,0.000000,0.000000
Q79,36,1,3,0,0.000000,0.000000,0.000000,0.000000
Q79,43,1,3,0,0.000000,0.000000,0.000000,0.000000
Q79,45,2,3,1,0.250000,0.500000,0.333333,0.400000
Q79,51,1,3,0,0.000000,0.000000,0.000000,0.000000
Q79,50,1,3,0,0.000000,0.000000,0.000000,0.000000
Q79,39,2,3,0,0.000000,0.000000,0.000000,0.000000
Q79,47,2,3,1,0.250000,0.500000,0.333333,0.400000
Q79,46,2,3,1,0.250000,0.500000,0.333333,0.400000
Q79,52,1,3,0,0.000000,0.000000,0.000000,0.000000
Q79,48,1,3,0,0.000000,0.000000,0.000000,0.000000
Q79,56,1,3,0,0.000000,0.000000,0.000000,0.000000
Q79,54,1,3,0,0.000000,0.000000,0.000000,0.000000
Q79,53,1,3,0,0.000000,0.000000,0.000000,0.000000
Q79,49,1,3,0,0.000000,0.000000,0.000000,0.000000
Q79,58,1,3,0,0.000000,0.000000,0.000000,0.000000
Q79,65,0,3,0,0.000000,0.000000,0.000000,0.000000
Q79,60,1,3,0,0.000000,0.000000,0.000000,0.000000
Q79,63,1,3,0,0.000000,0.000000,0.000000,0.000000
Q79,62,2,3,1,0.250000,0.500000,0.333333,0.400000
Q79,64,2,3,1,0.250000,0.500000,0.333333,0.400000
Q79,55,1,3,0,0.000000,0.000000,0.000000,0.000000
Q79,66,2,3,1,0.250000,0.500000,0.333333,0.400000
Q79,68,1,3,0,0.000000,0.000000,0.000000,0.000000
Q79,67,1,3,0,0.000000,0.000000,0.000000,0.000000
Q79,59,2,3,0,0.000000,0.000000,0.000000,0.000000
Q79,57,2,3,1,0.250000,0.500000,0.333333,0.400000
Q79,61,2,3,1,0.250000,0.500000,0.333333,0.400000
Q79,69,1,3,0,0.000000,0.000000,0.000000,0.000000
Q79,72,1,3,0,0.000000,0.000000,0.000000,0.000000
Q79,74,1,3,0,0.000000,0.000000,0.000000,0.000000
Q79,73,1,3,0,0.000000,0.000000,0.000000,0.000000
Q79,71,1,3,0,0.000000,0.000000,0.000000,0.000000
Q79,78,0,3,0,0.000000,0.000000,0.000000,0.000000
Q79,75,2,3,1,0.250000,0.500000,0.333333,0.400000
Q79,84,1,3,0,0.000000,0.000000,0.000000,0.000000
Q79,81,1,3,0,0.000000,0.000000,0.000000,0.000000
Q79,70,1,3,0,0.000000,0.000000,0.000000,0.000000
Q79,85,1,3,0,0.000000,0.000000,0.000000,0.000000
Q79,82,2,3,1,0.250000,0.500000,0.333333,0.400000
Q79,77,1,3,0,0.000000,0.000000,0.000000,0.000000
Q79,86,1,3,0,0.000000,0.000000,0.000000,0.000000
Q79,87,0,3,0,0.000000,0.000000,0.000000,0.000000
Q79,83,2,3,1,0.250000,0.500000,0.333333,0.400000
Q79,76,2,3,1,0.250000,0.500000,0.333333,0.400000
Q79,80,1,3,0,0.000000,0.000000,0.000000,0.000000
Q79,88,1,3,0,0.000000,0.000000,0.000000,0.000000
Q79,94,0,3,0,0.000000,0.000000,0.000000,0.000000
Q79,90,1,3,0,0.000000,0.000000,0.000000,0.000000
Q79,89,1,3,0,0.000000,0.000000,0.000000,0.000000
Q79,91,1,3,0,0.000000,0.000000,0.000000,0.000000
Q79,79,1,3,0,0.000000,0.000000,0.000000,0.000000
Q79,95,0,3,0,0.000000,0.000000,0.000000,0.000000
Q79,93,2,3,1,0.250000,0.500000,0.333333,0.400000
Q79,92,1,3,0,0.000000,0.000000,0.000000,0.000000
Q79,96,2,3,1,0.250000,0.500000,0.333333,0.400000
Q80,4,1,2,0,0.000000,0.000000,0.000000,0.000000
Q79,99,1,3,0,0.000000,0.000000,0.000000,0.000000
Q80,2,1,2,0,0.000000,0.000000,0.000000,0.000000
Q79,100,1,3,0,0.000000,0.000000,0.000000,0.000000
Q79,98,2,3,0,0.000000,0.000000,0.000000,0.000000
Q80,6,0,2,0,0.000000,0.000000,0.000000,0.000000
Q80,7,0,2,0,0.000000,0.000000,0.000000,0.000000
Q79,97,1,3,0,0.000000,0.000000,0.000000,0.000000
Q80,10,0,2,0,0.000000,0.000000,0.000000,0.000000
Q80,1,1,2,0,0.000000,0.000000,0.000000,0.000000
Q80,9,1,2,0,0.000000,0.000000,0.000000,0.000000
Q80,5,1,2,0,0.000000,0.000000,0.000000,0.000000
Q80,12,1,2,0,0.000000,0.000000,0.000000,0.000000
Q80,11,1,2,0,0.000000,0.000000,0.000000,0.000000
Q80,14,0,2,0,0.000000,0.000000,0.000000,0.000000
Q80,8,1,2,0,0.000000,0.000000,0.000000,0.000000
Q80,3,1,2,0,0.000000,0.000000,0.000000,0.000000
Q80,15,1,2,0,0.000000,0.000000,0.000000,0.000000
Q80,13,2,2,1,0.333333,0.500000,0.500000,0.500000
Q80,16,2,2,1,0.333333,0.500000,0.500000,0.500000
Q80,21,2,2,1,0.333333,0.500000,0.500000,0.500000
Q80,18,1,2,0,0.000000,0.000000,0.000000,0.000000
Q80,22,2,2,1,0.333333,0.500000,0.500000,0.500000
Q80,25,1,2,0,0.000000,0.000000,0.000000,0.000000
Q80,20,1,2,0,0.000000,0.000000,0.000000,0.000000
Q80,19,1,2,0,0.000000,0.000000,0.000000,0.000000
Q80,28,1,2,0,0.000000,0.000000,0.000000,0.000000
Q80,27,1,2,0,0.000000,0.000000,0.000000,0.000000
Q80,24,1,2,0,0.000000,0.000000,0.000000,0.000000
Q80,29,1,2,0,0.000000,0.000000,0.000000,0.000000
Q80,31,1,2,0,0.000000,0.000000,0.000000,0.000000
Q80,17,1,2,0,0.000000,0.000000,0.000000,0.000000
Q80,32,1,2,0,0.000000,0.000000,0.000000,0.000000
Q80,26,0,2,0,0.000000,0.000000,0.000000,0.000000
Q80,34,1,2,0,0.000000,0.000000,0.000000,0.000000
Q80,33,1,2,0,0.000000,0.000000,0.000000,0.000000
Q80,23,2,2,1,0.333333,0.500000,0.500000,0.500000
Q80,36,1,2,0,0.000000,0.000000,0.000000,0.000000
Q80,35,1,2,0,0.000000,0.000000,0.000000,0.000000
Q80,38,1,2,1,0.500000,1.000000,0.500000,0.666667
Q80,30,2,2,1,0.333333,0.500000,0.500000,0.500000
Q80,40,1,2,0,0.000000,0.000000,0.000000,0.000000
Q80,39,0,2,0,0.000000,0.000000,0.000000,0.000000
Q80,42,2,2,1,0.333333,0.500000,0.500000,0.500000
Q80,41,1,2,0,0.000000,0.000000,0.000000,0.000000
Q80,45,1,2,0,0.000000,0.000000,0.000000,0.000000
Q80,37,1,2,0,0.000000,0.000000,0.000000,0.000000
Q80,49,1,2,0,0.000000,0.000000,0.000000,0.000000
Q80,47,2,2,0,0.000000,0.000000,0.000000,0.000000
Q80,44,1,2,0,0.000000,0.000000,0.000000,0.000000
Q80,43,2,2,1,0.333333,0.500000,0.500000,0.500000
Q80,50,1,2,0,0.000000,0.000000,0.000000,0.000000
Q80,48,2,2,1,0.333333,0.500000,0.500000,0.500000
Q80,53,1,2,1,0.500000,1.000000,0.500000,0.666667
Q80,46,2,2,1,0.333333,0.500000,0.500000,0.500000
Q80,52,1,2,0,0.000000,0.000000,0.000000,0.000000
Q80,51,1,2,0,0.000000,0.000000,0.000000,0.000000
Q80,61,1,2,0,0.000000,0.000000,0.000000,0.000000
Q80,57,2,2,1,0.333333,0.500000,0.500000,0.500000
Q80,62,1,2,0,0.000000,0.000000,0.000000,0.000000
Q80,64,0,2,0,0.000000,0.000000,0.000000,0.000000
Q80,55,1,2,0,0.000000,0.000000,0.000000,0.000000
Q80,65,1,2,0,0.000000,0.000000,0.000000,0.000000
Q80,56,2,2,1,0.333333,0.500000,0.500000,0.500000
Q80,60,2,2,1,0.333333,0.500000,0.500000,0.500000
Q80,54,1,2,0,0.000000,0.000000,0.000000,0.000000
Q80,58,0,2,0,0.000000,0.000000,0.000000,0.000000
Q80,63,1,2,0,0.000000,0.000000,0.000000,0.000000
Q80,68,1,2,0,0.000000,0.000000,0.000000,0.000000
Q80,70,0,2,0,0.000000,0.000000,0.000000,0.000000
Q80,66,2,2,1,0.333333,0.500000,0.500000,0.500000
Q80,71,0,2,0,0.000000,0.000000,0.000000,0.000000
Q80,76,0,2,0,0.000000,0.000000,0.000000,0.000000
Q80,73,1,2,0,0.000000,0.000000,0.000000,0.000000
Q80,72,1,2,0,0.000000,0.000000,0.000000,0.000000
Q80,75,1,2,0,0.000000,0.000000,0.000000,0.000000
Q80,74,1,2,0,0.000000,0.000000,0.000000,0.000000
Q80,59,2,2,1,0.333333,0.500000,0.500000,0.500000
Q80,77,1,2,0,0.000000,0.000000,0.000000,0.000000
Q80,69,1,2,0,0.000000,0.000000,0.000000,0.000000
Q80,82,1,2,0,0.000000,0.000000,0.000000,0.000000
Q80,78,2,2,0,0.000000,0.000000,0.000000,0.000000
Q80,80,1,2,0,0.000000,0.000000,0.000000,0.000000
Q80,81,0,2,0,0.000000,0.000000,0.000000,0.000000
Q80,84,1,2,0,0.000000,0.000000,0.000000,0.000000
Q80,79,1,2,0,0.000000,0.000000,0.000000,0.000000
Q80,91,2,2,1,0.333333,0.500000,0.500000,0.500000
Q80,90,1,2,0,0.000000,0.000000,0.000000,0.000000
Q80,89,1,2,0,0.000000,0.000000,0.000000,0.000000
Q80,67,1,2,0,0.000000,0.000000,0.000000,0.000000
Q80,85,2,2,1,0.333333,0.500000,0.500000,0.500000
Q80,88,1,2,0,0.000000,0.000000,0.000000,0.000000
Q80,95,1,2,0,0.000000,0.000000,0.000000,0.000000
Q80,94,0,2,0,0.000000,0.000000,0.000000,0.000000
Q80,97,2,2,1,0.333333,0.500000,0.500000,0.500000
Q80,99,1,2,0,0.000000,0.000000,0.000000,0.000000
Q80,83,2,2,1,0.333333,0.500000,0.500000,0.500000
Q80,86,1,2,0,0.000000,0.000000,0.000000,0.000000
Q81,1,1,2,0,0.000000,0.000000,0.000000,0.000000
Q81,6,1,2,0,0.000000,0.000000,0.000000,0.000000
Q80,92,2,2,1,0.333333,0.500000,0.500000,0.500000
Q81,8,1,2,0,0.000000,0.000000,0.000000,0.000000
Q81,7,1,2,0,0.000000,0.000000,0.000000,0.000000
Q81,2,2,2,0,0.000000,0.000000,0.000000,0.000000
Q81,4,1,2,0,0.000000,0.000000,0.000000,0.000000
Q80,87,1,2,0,0.000000,0.000000,0.000000,0.000000
Q81,12,0,2,0,0.000000,0.000000,0.000000,0.000000
Q80,100,1,2,0,0.000000,0.000000,0.000000,0.000000
Q81,14,1,2,0,0.000000,0.000000,0.000000,0.000000
Q81,9,1,2,0,0.000000,0.000000,0.000000,0.000000
Q80,93,2,2,1,0.333333,0.500000,0.500000,0.500000
Q81,11,1,2,0,0.000000,0.000000,0.000000,0.000000
Q81,19,1,2,0,0.000000,0.000000,0.000000,0.000000
Q81,18,1,2,0,0.000000,0.000000,0.000000,0.000000
Q81,22,1,2,0,0.000000,0.000000,0.000000,0.000000
Q80,98,1,2,0,0.000000,0.000000,0.000000,0.000000
Q81,16,1,2,0,0.000000,0.000000,0.000000,0.000000
Q81,13,2,2,1,0.333333,0.500000,0.500000,0.500000
Q81,26,1,2,0,0.000000,0.000000,0.000000,0.000000
Q81,17,2,2,1,0.333333,0.500000,0.500000,0.500000
Q81,21,2,2,1,0.333333,0.500000,0.500000,0.500000
Q81,20,1,2,0,0.000000,0.000000,0.000000,0.000000
Q81,23,1,2,0,0.000000,0.000000,0.000000,0.000000
Q81,27,1,2,0,0.000000,0.000000,0.000000,0.000000
Q81,25,1,2,0,0.000000,0.000000,0.000000,0.000000
Q81,33,1,2,0,0.000000,0.000000,0.000000,0.000000
Q81,30,1,2,0,0.000000,0.000000,0.000000,0.000000
Q81,34,1,2,0,0.000000,0.000000,0.000000,0.000000
Q81,29,1,2,0,0.000000,0.000000,0.000000,0.000000
Q81,36,2,2,1,0.333333,0.500000,0.500000,0.500000
Q81,15,2,2,0,0.000000,0.000000,0.000000,0.000000
Q81,35,1,2,0,0.000000,0.000000,0.000000,0.000000
Q81,38,1,2,0,0.000000,0.000000,0.000000,0.000000
Q81,41,1,2,0,0.000000,0.000000,0.000000,0.000000
Q81,39,1,2,0,0.000000,0.000000,0.000000,0.000000
Q81,40,1,2,0,0.000000,0.000000,0.000000,0.000000
Q81,42,1,2,0,0.000000,0.000000,0.000000,0.000000
Q81,3,2,2,1,0.333333,0.500000,0.500000,0.500000
Q81,45,2,2,0,0.000000,0.000000,0.000000,0.000000
Q81,46,1,2,0,0.000000,0.000000,0.000000,0.000000
Q81,48,1,2,0,0.000000,0.000000,0.000000,0.000000
Q81,43,1,2,0,0.000000,0.000000,0.000000,0.000000
Q81,50,1,2,0,0.000000,0.000000,0.000000,0.000000
Q81,44,1,2,0,0.000000,0.000000,0.000000,0.000000
Q81,51,2,2,0,0.000000,0.000000,0.000000,0.000000
Q81,49,0,2,0,0.000000,0.000000,0.000000,0.000000
Q81,52,2,2,0,0.000000,0.000000,0.000000,0.000000
Q81,54,1,2,0,0.000000,0.000000,0.000000,0.000000
Q81,31,1,2,0,0.000000,0.000000,0.000000,0.000000
Q81,53,2,2,1,0.333333,0.500000,0.500000,0.500000
Q81,55,1,2,0,0.000000,0.000000,0.000000,0.000000
Q81,58,1,2,0,0.000000,0.000000,0.000000,0.000000
Q81,57,1,2,0,0.000000,0.000000,0.000000,0.000000
Q81,59,1,2,0,0.000000,0.000000,0.000000,0.000000
Q81,60,1,2,0,0.000000,0.000000,0.000000,0.000000
Q80,96,1,2,0,0.000000,0.000000,0.000000,0.000000
Q81,61,1,2,0,0.000000,0.000000,0.000000,0.000000
Q81,63,1,2,0,0.000000,0.000000,0.000000,0.000000
Q81,5,2,2,1,0.333333,0.500000,0.500000,0.500000
Q81,62,2,2,1,0.333333,0.500000,0.500000,0.500000
Q81,65,1,2,0,0.000000,0.000000,0.000000,0.000000
Q81,67,2,2,1,0.333333,0.500000,0.500000,0.500000
Q81,37,1,2,0,0.000000,0.000000,0.000000,0.000000
Q81,32,1,2,0,0.000000,0.000000,0.000000,0.000000
Q81,47,1,2,0,0.000000,0.000000,0.000000,0.000000
Q81,24,1,2,0,0.000000,0.000000,0.000000,0.000000
Q81,28,1,2,0,0.000000,0.000000,0.000000,0.000000
Q81,10,2,2,1,0.333333,0.500000,0.500000,0.500000
Q81,56,1,2,0,0.000000,0.000000,0.000000,0.000000
Q81,70,1,2,0,0.000000,0.000000,0.000000,0.000000
Q81,66,1,2,0,0.000000,0.000000,0.000000,0.000000
Q81,69,1,2,0,0.000000,0.000000,0.000000,0.000000
Q81,64,1,2,0,0.000000,0.000000,0.000000,0.000000
Q81,68,2,2,1,0.333333,0.500000,0.500000,0.500000
Q81,71,1,2,0,0.000000,0.000000,0.000000,0.000000
Q81,73,1,2,0,0.000000,0.000000,0.000000,0.000000
Q81,72,2,2,1,0.333333,0.500000,0.500000,0.500000
Q81,76,1,2,0,0.000000,0.000000,0.000000,0.000000
Q81,75,2,2,1,0.333333,0.500000,0.500000,0.500000
Q81,77,1,2,0,0.000000,0.000000,0.000000,0.000000
Q81,74,1,2,0,0.000000,0.000000,0.000000,0.000000
Q81,79,1,2,0,0.000000,0.000000,0.000000,0.000000
Q81,81,1,2,0,0.000000,0.000000,0.000000,0.000000
Q81,82,1,2,0,0.000000,0.000000,0.000000,0.000000
Q81,80,2,2,1,0.333333,0.500000,0.500000,0.500000
Q81,78,2,2,1,0.333333,0.500000,0.500000,0.500000
Q81,83,1,2,0,0.000000,0.000000,0.000000,0.000000
Q81,85,1,2,0,0.000000,0.000000,0.000000,0.000000
Q81,84,1,2,0,0.000000,0.000000,0.000000,0.000000
Q81,88,1,2,0,0.000000,0.000000,0.000000,0.000000
Q81,87,1,2,0,0.000000,0.000000,0.000000,0.000000
Q81,89,1,2,0,0.000000,0.000000,0.000000,0.000000
Q81,86,1,2,0,0.000000,0.000000,0.000000,0.000000
Q81,90,1,2,0,0.000000,0.000000,0.000000,0.000000
Q81,94,1,2,0,0.000000,0.000000,0.000000,0.000000
Q81,92,1,2,0,0.000000,0.000000,0.000000,0.000000
Q81,95,2,2,1,0.333333,0.500000,0.500000,0.500000
Q81,93,2,2,1,0.333333,0.500000,0.500000,0.500000
Q81,96,1,2,0,0.000000,0.000000,0.000000,0.000000
Q81,91,1,2,0,0.000000,0.000000,0.000000,0.000000
Q81,97,1,2,0,0.000000,0.000000,0.000000,0.000000
Q81,98,1,2,0,0.000000,0.000000,0.000000,0.000000
Q81,100,1,2,0,0.000000,0.000000,0.000000,0.000000
Q81,99,1,2,0,0.000000,0.000000,0.000000,0.000000
Q82,1,1,3,0,0.000000,0.000000,0.000000,0.000000
Q82,2,1,3,0,0.000000,0.000000,0.000000,0.000000
Q82,4,1,3,0,0.000000,0.000000,0.000000,0.000000
Q82,3,1,3,0,0.000000,0.000000,0.000000,0.000000
Q82,5,1,3,0,0.000000,0.000000,0.000000,0.000000
Q82,6,1,3,0,0.000000,0.000000,0.000000,0.000000
Q82,7,1,3,0,0.000000,0.000000,0.000000,0.000000
Q82,8,1,3,0,0.000000,0.000000,0.000000,0.000000
Q82,9,1,3,0,0.000000,0.000000,0.000000,0.000000
Q82,10,1,3,0,0.000000,0.000000,0.000000,0.000000
Q82,11,1,3,0,0.000000,0.000000,0.000000,0.000000
Q82,12,1,3,0,0.000000,0.000000,0.000000,0.000000
Q82,13,1,3,0,0.000000,0.000000,0.000000,0.000000
Q82,14,1,3,0,0.000000,0.000000,0.000000,0.000000
Q82,15,1,3,0,0.000000,0.000000,0.000000,0.000000
Q82,16,1,3,0,0.000000,0.000000,0.000000,0.000000
Q82,17,1,3,0,0.000000,0.000000,0.000000,0.000000
Q82,18,1,3,0,0.000000,0.000000,0.000000,0.000000
Q82,19,1,3,0,0.000000,0.000000,0.000000,0.000000
Q82,20,1,3,0,0.000000,0.000000,0.000000,0.000000
Q82,21,1,3,0,0.000000,0.000000,0.000000,0.000000
Q82,22,1,3,0,0.000000,0.000000,0.000000,0.000000
Q82,23,1,3,0,0.000000,0.000000,0.000000,0.000000
Q82,27,1,3,0,0.000000,0.000000,0.000000,0.000000
Q82,26,1,3,0,0.000000,0.000000,0.000000,0.000000
Q82,24,1,3,0,0.000000,0.000000,0.000000,0.000000
Q82,25,1,3,0,0.000000,0.000000,0.000000,0.000000
Q82,28,1,3,0,0.000000,0.000000,0.000000,0.000000
Q82,30,1,3,0,0.000000,0.000000,0.000000,0.000000
Q82,33,1,3,0,0.000000,0.000000,0.000000,0.000000
Q82,32,1,3,0,0.000000,0.000000,0.000000,0.000000
Q82,29,1,3,0,0.000000,0.000000,0.000000,0.000000
Q82,34,1,3,0,0.000000,0.000000,0.000000,0.000000
Q82,35,1,3,0,0.000000,0.000000,0.000000,0.000000
Q82,38,1,3,0,0.000000,0.000000,0.000000,0.000000
Q82,37,1,3,0,0.000000,0.000000,0.000000,0.000000
Q82,36,1,3,0,0.000000,0.000000,0.000000,0.000000
Q82,31,1,3,0,0.000000,0.000000,0.000000,0.000000
Q82,39,1,3,0,0.000000,0.000000,0.000000,0.000000
Q82,41,1,3,0,0.000000,0.000000,0.000000,0.000000
Q82,42,1,3,0,0.000000,0.000000,0.000000,0.000000
Q82,43,1,3,0,0.000000,0.000000,0.000000,0.000000
Q82,44,1,3,0,0.000000,0.000000,0.000000,0.000000
Q82,40,1,3,0,0.000000,0.000000,0.000000,0.000000
Q82,45,2,3,1,0.250000,0.500000,0.333333,0.400000
Q82,47,1,3,0,0.000000,0.000000,0.000000,0.000000
Q82,48,1,3,0,0.000000,0.000000,0.000000,0.000000
Q82,46,1,3,0,0.000000,0.000000,0.000000,0.000000
Q82,50,1,3,0,0.000000,0.000000,0.000000,0.000000
Q82,49,1,3,0,0.000000,0.000000,0.000000,0.000000
Q82,51,1,3,0,0.000000,0.000000,0.000000,0.000000
Q82,52,1,3,0,0.000000,0.000000,0.000000,0.000000
Q82,53,1,3,0,0.000000,0.000000,0.000000,0.000000
Q82,54,1,3,0,0.000000,0.000000,0.000000,0.000000
Q82,55,1,3,0,0.000000,0.000000,0.000000,0.000000
Q82,59,1,3,0,0.000000,0.000000,0.000000,0.000000
Q82,58,1,3,0,0.000000,0.000000,0.000000,0.000000
Q82,57,1,3,0,0.000000,0.000000,0.000000,0.000000
Q82,56,2,3,1,0.250000,0.500000,0.333333,0.400000
Q82,61,1,3,0,0.000000,0.000000,0.000000,0.000000
Q82,60,1,3,0,0.000000,0.000000,0.000000,0.000000
Q82,63,1,3,0,0.000000,0.000000,0.000000,0.000000
Q82,62,2,3,1,0.250000,0.500000,0.333333,0.400000
Q82,66,1,3,0,0.000000,0.000000,0.000000,0.000000
Q82,65,1,3,1,0.333333,1.000000,0.333333,0.500000
Q82,67,1,3,0,0.000000,0.000000,0.000000,0.000000
Q82,64,1,3,0,0.000000,0.000000,0.000000,0.000000
Q82,68,1,3,0,0.000000,0.000000,0.000000,0.000000
Q82,70,1,3,0,0.000000,0.000000,0.000000,0.000000
Q82,72,1,3,0,0.000000,0.000000,0.000000,0.000000
Q82,69,2,3,1,0.250000,0.500000,0.333333,0.400000
Q82,71,1,3,0,0.000000,0.000000,0.000000,0.000000
Q82,75,1,3,0,0.000000,0.000000,0.000000,0.000000
Q82,74,1,3,0,0.000000,0.000000,0.000000,0.000000
Q82,76,1,3,0,0.000000,0.000000,0.000000,0.000000
Q82,77,1,3,0,0.000000,0.000000,0.000000,0.000000
Q82,78,1,3,0,0.000000,0.000000,0.000000,0.000000
Q82,73,1,3,0,0.000000,0.000000,0.000000,0.000000
Q82,79,1,3,0,0.000000,0.000000,0.000000,0.000000
Q82,80,1,3,0,0.000000,0.000000,0.000000,0.000000
Q82,81,2,3,1,0.250000,0.500000,0.333333,0.400000
Q82,83,1,3,0,0.000000,0.000000,0.000000,0.000000
Q82,84,1,3,0,0.000000,0.000000,0.000000,0.000000
Q82,82,1,3,0,0.000000,0.000000,0.000000,0.000000
Q82,85,1,3,0,0.000000,0.000000,0.000000,0.000000
Q82,86,1,3,0,0.000000,0.000000,0.000000,0.000000
Q82,87,1,3,0,0.000000,0.000000,0.000000,0.000000
Q82,90,1,3,0,0.000000,0.000000,0.000000,0.000000
Q82,89,1,3,0,0.000000,0.000000,0.000000,0.000000
Q82,88,2,3,1,0.250000,0.500000,0.333333,0.400000
Q82,91,1,3,0,0.000000,0.000000,0.000000,0.000000
Q82,92,1,3,0,0.000000,0.000000,0.000000,0.000000
Q82,93,2,3,1,0.250000,0.500000,0.333333,0.400000
Q82,95,1,3,0,0.000000,0.000000,0.000000,0.000000
Q82,94,1,3,0,0.000000,0.000000,0.000000,0.000000
Q82,97,1,3,0,0.000000,0.000000,0.000000,0.000000
Q82,96,2,3,1,0.250000,0.500000,0.333333,0.400000
Q82,98,1,3,0,0.000000,0.000000,0.000000,0.000000
Q82,100,1,3,0,0.000000,0.000000,0.000000,0.000000
Q83,1,1,3,0,0.000000,0.000000,0.000000,0.000000
Q82,99,1,3,0,0.000000,0.000000,0.000000,0.000000
Q83,2,1,3,0,0.000000,0.000000,0.000000,0.000000
Q83,3,1,3,0,0.000000,0.000000,0.000000,0.000000
Q83,5,1,3,0,0.000000,0.000000,0.000000,0.000000
Q83,4,1,3,0,0.000000,0.000000,0.000000,0.000000
Q83,7,1,3,0,0.000000,0.000000,0.000000,0.000000
Q83,8,1,3,0,0.000000,0.000000,0.000000,0.000000
Q83,6,1,3,0,0.000000,0.000000,0.000000,0.000000
Q83,9,1,3,0,0.000000,0.000000,0.000000,0.000000
Q83,11,0,3,0,0.000000,0.000000,0.000000,0.000000
Q83,10,1,3,0,0.000000,0.000000,0.000000,0.000000
Q83,13,1,3,0,0.000000,0.000000,0.000000,0.000000
Q83,14,1,3,0,0.000000,0.000000,0.000000,0.000000
Q83,12,1,3,0,0.000000,0.000000,0.000000,0.000000
Q83,15,1,3,0,0.000000,0.000000,0.000000,0.000000
Q83,17,1,3,0,0.000000,0.000000,0.000000,0.000000
Q83,16,2,3,1,0.250000,0.500000,0.333333,0.400000
Q83,18,1,3,0,0.000000,0.000000,0.000000,0.000000
Q83,19,1,3,0,0.000000,0.000000,0.000000,0.000000
Q83,20,1,3,0,0.000000,0.000000,0.000000,0.000000
Q83,24,1,3,0,0.000000,0.000000,0.000000,0.000000
Q83,23,1,3,0,0.000000,0.000000,0.000000,0.000000
Q83,22,1,3,0,0.000000,0.000000,0.000000,0.000000
Q83,25,1,3,0,0.000000,0.000000,0.000000,0.000000
Q83,21,1,3,0,0.000000,0.000000,0.000000,0.000000
Q83,26,1,3,0,0.000000,0.000000,0.000000,0.000000
Q83,28,1,3,0,0.000000,0.000000,0.000000,0.000000
Q83,29,1,3,0,0.000000,0.000000,0.000000,0.000000
Q83,30,1,3,0,0.000000,0.000000,0.000000,0.000000
Q83,27,1,3,0,0.000000,0.000000,0.000000,0.000000
Q83,31,2,3,0,0.000000,0.000000,0.000000,0.000000
Q83,33,1,3,0,0.000000,0.000000,0.000000,0.000000
Q83,34,1,3,0,0.000000,0.000000,0.000000,0.000000
Q83,32,1,3,0,0.000000,0.000000,0.000000,0.000000
Q83,35,1,3,1,0.333333,1.000000,0.333333,0.500000
Q83,37,1,3,0,0.000000,0.000000,0.000000,0.000000
Q83,36,1,3,0,0.000000,0.000000,0.000000,0.000000
Q83,38,1,3,0,0.000000,0.000000,0.000000,0.000000
Q83,41,1,3,0,0.000000,0.000000,0.000000,0.000000
Q83,40,1,3,0,0.000000,0.000000,0.000000,0.000000
Q83,39,1,3,0,0.000000,0.000000,0.000000,0.000000
Q83,43,1,3,0,0.000000,0.000000,0.000000,0.000000
Q83,42,1,3,0,0.000000,0.000000,0.000000,0.000000
Q83,47,1,3,0,0.000000,0.000000,0.000000,0.000000
Q83,46,1,3,0,0.000000,0.000000,0.000000,0.000000
Q83,45,1,3,0,0.000000,0.000000,0.000000,0.000000
Q83,48,1,3,0,0.000000,0.000000,0.000000,0.000000
Q83,49,1,3,0,0.000000,0.000000,0.000000,0.000000
Q83,51,2,3,1,0.250000,0.500000,0.333333,0.400000
Q83,50,2,3,1,0.250000,0.500000,0.333333,0.400000
Q83,53,1,3,0,0.000000,0.000000,0.000000,0.000000
Q83,52,1,3,0,0.000000,0.000000,0.000000,0.000000
Q83,54,1,3,0,0.000000,0.000000,0.000000,0.000000
Q83,44,2,3,1,0.250000,0.500000,0.333333,0.400000
Q83,58,1,3,0,0.000000,0.000000,0.000000,0.000000
Q83,57,1,3,0,0.000000,0.000000,0.000000,0.000000
Q83,56,2,3,1,0.250000,0.500000,0.333333,0.400000
Q83,59,1,3,0,0.000000,0.000000,0.000000,0.000000
Q83,60,1,3,0,0.000000,0.000000,0.000000,0.000000
Q83,61,1,3,0,0.000000,0.000000,0.000000,0.000000
Q83,55,2,3,1,0.250000,0.500000,0.333333,0.400000
Q83,62,1,3,0,0.000000,0.000000,0.000000,0.000000
Q83,64,1,3,0,0.000000,0.000000,0.000000,0.000000
Q83,63,1,3,0,0.000000,0.000000,0.000000,0.000000
Q83,65,1,3,0,0.000000,0.000000,0.000000,0.000000
Q83,69,1,3,0,0.000000,0.000000,0.000000,0.000000
Q83,66,2,3,1,0.250000,0.500000,0.333333,0.400000
Q83,67,1,3,0,0.000000,0.000000,0.000000,0.000000
Q83,70,1,3,0,0.000000,0.000000,0.000000,0.000000
Q83,71,1,3,0,0.000000,0.000000,0.000000,0.000000
Q83,73,0,3,0,0.000000,0.000000,0.000000,0.000000
Q83,72,1,3,0,0.000000,0.000000,0.000000,0.000000
Q83,75,1,3,0,0.000000,0.000000,0.000000,0.000000
Q83,76,0,3,0,0.000000,0.000000,0.000000,0.000000
Q83,74,1,3,0,0.000000,0.000000,0.000000,0.000000
Q83,68,2,3,1,0.250000,0.500000,0.333333,0.400000
Q83,77,1,3,0,0.000000,0.000000,0.000000,0.000000
Q83,78,2,3,1,0.250000,0.500000,0.333333,0.400000
Q83,79,1,3,0,0.000000,0.000000,0.000000,0.000000
Q83,81,1,3,0,0.000000,0.000000,0.000000,0.000000
Q83,80,1,3,0,0.000000,0.000000,0.000000,0.000000
Q83,83,1,3,0,0.000000,0.000000,0.000000,0.000000
Q83,82,2,3,1,0.250000,0.500000,0.333333,0.400000
Q83,84,1,3,0,0.000000,0.000000,0.000000,0.000000
Q83,85,1,3,0,0.000000,0.000000,0.000000,0.000000
Q83,86,1,3,0,0.000000,0.000000,0.000000,0.000000
Q83,87,1,3,0,0.000000,0.000000,0.000000,0.000000
Q83,90,1,3,0,0.000000,0.000000,0.000000,0.000000
Q83,92,0,3,0,0.000000,0.000000,0.000000,0.000000
Q83,89,1,3,0,0.000000,0.000000,0.000000,0.000000
Q83,91,1,3,0,0.000000,0.000000,0.000000,0.000000
Q83,93,1,3,0,0.000000,0.000000,0.000000,0.000000
Q83,88,1,3,0,0.000000,0.000000,0.000000,0.000000
Q83,96,1,3,0,0.000000,0.000000,0.000000,0.000000
Q83,94,1,3,0,0.000000,0.000000,0.000000,0.000000
Q83,95,1,3,0,0.000000,0.000000,0.000000,0.000000
Q83,97,1,3,0,0.000000,0.000000,0.000000,0.000000
Q83,99,1,3,0,0.000000,0.000000,0.000000,0.000000
Q84,2,1,1,0,0.000000,0.000000,0.000000,0.000000
Q84,3,1,1,0,0.000000,0.000000,0.000000,0.000000
Q83,100,2,3,1,0.250000,0.500000,0.333333,0.400000
Q84,1,2,1,0,0.000000,0.000000,0.000000,0.000000
Q83,98,1,3,0,0.000000,0.000000,0.000000,0.000000
Q84,6,1,1,0,0.000000,0.000000,0.000000,0.000000
Q84,8,1,1,0,0.000000,0.000000,0.000000,0.000000
Q84,5,2,1,0,0.000000,0.000000,0.000000,0.000000
Q84,7,1,1,0,0.000000,0.000000,0.000000,0.000000
Q84,9,1,1,0,0.000000,0.000000,0.000000,0.000000
Q84,10,1,1,0,0.000000,0.000000,0.000000,0.000000
Q84,11,1,1,0,0.000000,0.000000,0.000000,0.000000
Q84,12,1,1,0,0.000000,0.000000,0.000000,0.000000
Q84,13,1,1,0,0.000000,0.000000,0.000000,0.000000
Q84,4,2,1,0,0.000000,0.000000,0.000000,0.000000
Q84,14,1,1,0,0.000000,0.000000,0.000000,0.000000
Q84,17,2,1,0,0.000000,0.000000,0.000000,0.000000
Q84,16,2,1,0,0.000000,0.000000,0.000000,0.000000
Q84,19,1,1,0,0.000000,0.000000,0.000000,0.000000
Q84,15,1,1,0,0.000000,0.000000,0.000000,0.000000
Q84,18,2,1,0,0.000000,0.000000,0.000000,0.000000
Q84,22,1,1,0,0.000000,0.000000,0.000000,0.000000
Q84,21,1,1,0,0.000000,0.000000,0.000000,0.000000
Q84,20,2,1,0,0.000000,0.000000,0.000000,0.000000
Q84,24,1,1,0,0.000000,0.000000,0.000000,0.000000
Q84,25,1,1,0,0.000000,0.000000,0.000000,0.000000
Q84,23,2,1,0,0.000000,0.000000,0.000000,0.000000
Q84,26,1,1,0,0.000000,0.000000,0.000000,0.000000
Q84,31,0,1,0,0.000000,0.000000,0.000000,0.000000
Q84,27,1,1,0,0.000000,0.000000,0.000000,0.000000
Q84,29,1,1,0,0.000000,0.000000,0.000000,0.000000
Q84,28,1,1,0,0.000000,0.000000,0.000000,0.000000
Q84,30,1,1,0,0.000000,0.000000,0.000000,0.000000
Q84,32,2,1,0,0.000000,0.000000,0.000000,0.000000
Q84,34,2,1,0,0.000000,0.000000,0.000000,0.000000
Q84,37,1,1,0,0.000000,0.000000,0.000000,0.000000
Q84,35,1,1,0,0.000000,0.000000,0.000000,0.000000
Q84,36,2,1,0,0.000000,0.000000,0.000000,0.000000
Q84,33,2,1,0,0.000000,0.000000,0.000000,0.000000
Q84,38,1,1,0,0.000000,0.000000,0.000000,0.000000
Q84,41,1,1,0,0.000000,0.000000,0.000000,0.000000
Q84,42,1,1,0,0.000000,0.000000,0.000000,0.000000
Q84,40,1,1,0,0.000000,0.000000,0.000000,0.000000
Q84,43,1,1,0,0.000000,0.000000,0.000000,0.000000
Q84,39,1,1,0,0.000000,0.000000,0.000000,0.000000
Q84,45,1,1,0,0.000000,0.000000,0.000000,0.000000
Q84,47,1,1,0,0.000000,0.000000,0.000000,0.000000
Q84,48,1,1,0,0.000000,0.000000,0.000000,0.000000
Q84,46,1,1,0,0.000000,0.000000,0.000000,0.000000
Q84,44,1,1,0,0.000000,0.000000,0.000000,0.000000
Q84,49,1,1,0,0.000000,0.000000,0.000000,0.000000
Q84,50,1,1,0,0.000000,0.000000,0.000000,0.000000
Q84,51,1,1,0,0.000000,0.000000,0.000000,0.000000
Q84,52,1,1,0,0.000000,0.000000,0.000000,0.000000
Q84,54,1,1,0,0.000000,0.000000,0.000000,0.000000
Q84,55,1,1,0,0.000000,0.000000,0.000000,0.000000
Q84,53,2,1,0,0.000000,0.000000,0.000000,0.000000
Q84,56,2,1,0,0.000000,0.000000,0.000000,0.000000
Q84,57,1,1,0,0.000000,0.000000,0.000000,0.000000
Q84,58,2,1,0,0.000000,0.000000,0.000000,0.000000
Q84,59,1,1,0,0.000000,0.000000,0.000000,0.000000
Q84,61,1,1,0,0.000000,0.000000,0.000000,0.000000
Q84,62,0,1,0,0.000000,0.000000,0.000000,0.000000
Q84,60,2,1,0,0.000000,0.000000,0.000000,0.000000
Q84,63,1,1,0,0.000000,0.000000,0.000000,0.000000
Q84,64,1,1,0,0.000000,0.000000,0.000000,0.000000
Q84,67,1,1,0,0.000000,0.000000,0.000000,0.000000
Q84,68,1,1,0,0.000000,0.000000,0.000000,0.000000
Q84,66,1,1,0,0.000000,0.000000,0.000000,0.000000
Q84,65,1,1,0,0.000000,0.000000,0.000000,0.000000
Q84,72,0,1,0,0.000000,0.000000,0.000000,0.000000
Q84,70,1,1,0,0.000000,0.000000,0.000000,0.000000
Q84,69,2,1,0,0.000000,0.000000,0.000000,0.000000
Q84,73,1,1,0,0.000000,0.000000,0.000000,0.000000
Q84,71,2,1,0,0.000000,0.000000,0.000000,0.000000
Q84,74,2,1,0,0.000000,0.000000,0.000000,0.000000
Q84,75,1,1,0,0.000000,0.000000,0.000000,0.000000
Q84,76,1,1,0,0.000000,0.000000,0.000000,0.000000
Q84,79,0,1,0,0.000000,0.000000,0.000000,0.000000
Q84,77,2,1,0,0.000000,0.000000,0.000000,0.000000
Q84,80,1,1,0,0.000000,0.000000,0.000000,0.000000
Q84,78,1,1,0,0.000000,0.000000,0.000000,0.000000
Q84,81,1,1,0,0.000000,0.000000,0.000000,0.000000
Q84,83,1,1,0,0.000000,0.000000,0.000000,0.000000
Q84,82,2,1,0,0.000000,0.000000,0.000000,0.000000
Q84,84,1,1,0,0.000000,0.000000,0.000000,0.000000
Q84,87,0,1,0,0.000000,0.000000,0.000000,0.000000
Q84,86,1,1,0,0.000000,0.000000,0.000000,0.000000
Q84,85,1,1,0,0.000000,0.000000,0.000000,0.000000
Q84,89,1,1,0,0.000000,0.000000,0.000000,0.000000
Q84,91,1,1,0,0.000000,0.000000,0.000000,0.000000
Q84,90,1,1,0,0.000000,0.000000,0.000000,0.000000
Q84,92,1,1,0,0.000000,0.000000,0.000000,0.000000
Q84,88,1,1,0,0.000000,0.000000,0.000000,0.000000
Q84,96,0,1,0,0.000000,0.000000,0.000000,0.000000
Q84,93,2,1,0,0.000000,0.000000,0.000000,0.000000
Q84,94,1,1,0,0.000000,0.000000,0.000000,0.000000
Q84,95,1,1,0,0.000000,0.000000,0.000000,0.000000
Q84,97,1,1,0,0.000000,0.000000,0.000000,0.000000
Q84,98,2,1,0,0.000000,0.000000,0.000000,0.000000
Q84,99,1,1,0,0.000000,0.000000,0.000000,0.000000
Q85,1,1,1,0,0.000000,0.000000,0.000000,0.000000
Q84,100,2,1,0,0.000000,0.000000,0.000000,0.000000
Q85,2,1,1,0,0.000000,0.000000,0.000000,0.000000
Q85,3,1,1,0,0.000000,0.000000,0.000000,0.000000
Q85,6,1,1,0,0.000000,0.000000,0.000000,0.000000
Q85,5,1,1,0,0.000000,0.000000,0.000000,0.000000
Q85,4,2,1,0,0.000000,0.000000,0.000000,0.000000
Q85,9,1,1,0,0.000000,0.000000,0.000000,0.000000
Q85,7,1,1,0,0.000000,0.000000,0.000000,0.000000
Q85,11,1,1,0,0.000000,0.000000,0.000000,0.000000
Q85,8,1,1,0,0.000000,0.000000,0.000000,0.000000
Q85,10,1,1,0,0.000000,0.000000,0.000000,0.000000
Q85,13,1,1,0,0.000000,0.000000,0.000000,0.000000
Q85,12,1,1,0,0.000000,0.000000,0.000000,0.000000
Q85,14,1,1,0,0.000000,0.000000,0.000000,0.000000
Q85,16,1,1,0,0.000000,0.000000,0.000000,0.000000
Q85,15,1,1,0,0.000000,0.000000,0.000000,0.000000
Q85,19,1,1,0,0.000000,0.000000,0.000000,0.000000
Q85,17,1,1,0,0.000000,0.000000,0.000000,0.000000
Q85,20,1,1,0,0.000000,0.000000,0.000000,0.000000
Q85,21,1,1,0,0.000000,0.000000,0.000000,0.000000
Q85,22,1,1,0,0.000000,0.000000,0.000000,0.000000
Q85,18,1,1,0,0.000000,0.000000,0.000000,0.000000
Q85,25,1,1,0,0.000000,0.000000,0.000000,0.000000
Q85,24,1,1,0,0.000000,0.000000,0.000000,0.000000
Q85,27,1,1,0,0.000000,0.000000,0.000000,0.000000
Q85,28,1,1,0,0.000000,0.000000,0.000000,0.000000
Q85,26,1,1,0,0.000000,0.000000,0.000000,0.000000
Q85,32,1,1,0,0.000000,0.000000,0.000000,0.000000
Q85,29,1,1,0,0.000000,0.000000,0.000000,0.000000
Q85,31,2,1,0,0.000000,0.000000,0.000000,0.000000
Q85,30,1,1,0,0.000000,0.000000,0.000000,0.000000
Q85,33,1,1,0,0.000000,0.000000,0.000000,0.000000
Q85,35,1,1,0,0.000000,0.000000,0.000000,0.000000
Q85,34,1,1,0,0.000000,0.000000,0.000000,0.000000
Q85,36,1,1,0,0.000000,0.000000,0.000000,0.000000
Q85,37,2,1,0,0.000000,0.000000,0.000000,0.000000
Q85,39,1,1,0,0.000000,0.000000,0.000000,0.000000
Q85,40,1,1,0,0.000000,0.000000,0.000000,0.000000
Q85,23,1,1,0,0.000000,0.000000,0.000000,0.000000
Q85,42,1,1,0,0.000000,0.000000,0.000000,0.000000
Q85,41,1,1,0,0.000000,0.000000,0.000000,0.000000
Q85,38,1,1,0,0.000000,0.000000,0.000000,0.000000
Q85,43,1,1,0,0.000000,0.000000,0.000000,0.000000
Q85,45,1,1,0,0.000000,0.000000,0.000000,0.000000
Q85,46,1,1,0,0.000000,0.000000,0.000000,0.000000
Q85,48,1,1,0,0.000000,0.000000,0.000000,0.000000
Q85,44,1,1,0,0.000000,0.000000,0.000000,0.000000
Q85,47,1,1,0,0.000000,0.000000,0.000000,0.000000
Q85,50,1,1,0,0.000000,0.000000,0.000000,0.000000
Q85,51,1,1,0,0.000000,0.000000,0.000000,0.000000
Q85,49,1,1,0,0.000000,0.000000,0.000000,0.000000
Q85,53,1,1,0,0.000000,0.000000,0.000000,0.000000
Q85,52,2,1,0,0.000000,0.000000,0.000000,0.000000
Q85,55,1,1,0,0.000000,0.000000,0.000000,0.000000
Q85,56,1,1,0,0.000000,0.000000,0.000000,0.000000
Q85,57,1,1,0,0.000000,0.000000,0.000000,0.000000
Q85,58,1,1,0,0.000000,0.000000,0.000000,0.000000
Q85,54,2,1,0,0.000000,0.000000,0.000000,0.000000
Q85,61,1,1,0,0.000000,0.000000,0.000000,0.000000
Q85,60,2,1,0,0.000000,0.000000,0.000000,0.000000
Q85,63,1,1,0,0.000000,0.000000,0.000000,0.000000
Q85,64,1,1,0,0.000000,0.000000,0.000000,0.000000
Q85,59,1,1,0,0.000000,0.000000,0.000000,0.000000
Q85,62,1,1,0,0.000000,0.000000,0.000000,0.000000
Q85,65,1,1,0,0.000000,0.000000,0.000000,0.000000
Q85,66,1,1,0,0.000000,0.000000,0.000000,0.000000
Q85,67,1,1,0,0.000000,0.000000,0.000000,0.000000
Q85,69,1,1,0,0.000000,0.000000,0.000000,0.000000
Q85,70,1,1,0,0.000000,0.000000,0.000000,0.000000
Q85,71,1,1,0,0.000000,0.000000,0.000000,0.000000
Q85,68,2,1,0,0.000000,0.000000,0.000000,0.000000
Q85,72,1,1,0,0.000000,0.000000,0.000000,0.000000
Q85,74,1,1,0,0.000000,0.000000,0.000000,0.000000
Q85,73,1,1,0,0.000000,0.000000,0.000000,0.000000
Q85,77,1,1,0,0.000000,0.000000,0.000000,0.000000
Q85,75,1,1,0,0.000000,0.000000,0.000000,0.000000
Q85,78,1,1,0,0.000000,0.000000,0.000000,0.000000
Q85,79,1,1,0,0.000000,0.000000,0.000000,0.000000
Q85,80,1,1,0,0.000000,0.000000,0.000000,0.000000
Q85,76,1,1,0,0.000000,0.000000,0.000000,0.000000
Q85,81,1,1,0,0.000000,0.000000,0.000000,0.000000
Q85,82,1,1,0,0.000000,0.000000,0.000000,0.000000
Q85,85,1,1,0,0.000000,0.000000,0.000000,0.000000
Q85,83,1,1,0,0.000000,0.000000,0.000000,0.000000
Q85,84,1,1,0,0.000000,0.000000,0.000000,0.000000
Q85,87,1,1,0,0.000000,0.000000,0.000000,0.000000
Q85,88,1,1,0,0.000000,0.000000,0.000000,0.000000
Q85,86,1,1,0,0.000000,0.000000,0.000000,0.000000
Q85,89,2,1,0,0.000000,0.000000,0.000000,0.000000
Q85,90,1,1,0,0.000000,0.000000,0.000000,0.000000
Q85,92,1,1,0,0.000000,0.000000,0.000000,0.000000
Q85,94,1,1,0,0.000000,0.000000,0.000000,0.000000
Q85,93,1,1,0,0.000000,0.000000,0.000000,0.000000
Q85,91,2,1,0,0.000000,0.000000,0.000000,0.000000
Q85,95,1,1,0,0.000000,0.000000,0.000000,0.000000
Q85,97,1,1,0,0.000000,0.000000,0.000000,0.000000
Q85,96,1,1,0,0.000000,0.000000,0.000000,0.000000
Q86,1,0,1,0,0.000000,0.000000,0.000000,0.000000
Q86,2,0,1,0,0.000000,0.000000,0.000000,0.000000
Q85,99,2,1,0,0.000000,0.000000,0.000000,0.000000
Q85,100,2,1,0,0.000000,0.000000,0.000000,0.000000
Q86,3,0,1,0,0.000000,0.000000,0.000000,0.000000
Q85,98,1,1,0,0.000000,0.000000,0.000000,0.000000
Q86,4,0,1,0,0.000000,0.000000,0.000000,0.000000
Q86,7,0,1,0,0.000000,0.000000,0.000000,0.000000
Q86,6,0,1,0,0.000000,0.000000,0.000000,0.000000
Q86,9,0,1,0,0.000000,0.000000,0.000000,0.000000
Q86,8,0,1,0,0.000000,0.000000,0.000000,0.000000
Q86,10,0,1,0,0.000000,0.000000,0.000000,0.000000
Q86,5,0,1,0,0.000000,0.000000,0.000000,0.000000
Q86,11,0,1,0,0.000000,0.000000,0.000000,0.000000
Q86,13,0,1,0,0.000000,0.000000,0.000000,0.000000
Q86,12,0,1,0,0.000000,0.000000,0.000000,0.000000
Q86,15,0,1,0,0.000000,0.000000,0.000000,0.000000
Q86,14,0,1,0,0.000000,0.000000,0.000000,0.000000
Q86,16,0,1,0,0.000000,0.000000,0.000000,0.000000
Q86,17,0,1,0,0.000000,0.000000,0.000000,0.000000
Q86,18,0,1,0,0.000000,0.000000,0.000000,0.000000
Q86,19,0,1,0,0.000000,0.000000,0.000000,0.000000
Q86,22,0,1,0,0.000000,0.000000,0.000000,0.000000
Q86,23,0,1,0,0.000000,0.000000,0.000000,0.000000
Q86,24,0,1,0,0.000000,0.000000,0.000000,0.000000
Q86,21,0,1,0,0.000000,0.000000,0.000000,0.000000
Q86,20,0,1,0,0.000000,0.000000,0.000000,0.000000
Q86,25,0,1,0,0.000000,0.000000,0.000000,0.000000
Q86,27,0,1,0,0.000000,0.000000,0.000000,0.000000
Q86,29,0,1,0,0.000000,0.000000,0.000000,0.000000
Q86,30,0,1,0,0.000000,0.000000,0.000000,0.000000
Q86,28,0,1,0,0.000000,0.000000,0.000000,0.000000
Q86,31,0,1,0,0.000000,0.000000,0.000000,0.000000
Q86,32,0,1,0,0.000000,0.000000,0.000000,0.000000
Q86,26,0,1,0,0.000000,0.000000,0.000000,0.000000
Q86,33,0,1,0,0.000000,0.000000,0.000000,0.000000
Q86,35,0,1,0,0.000000,0.000000,0.000000,0.000000
Q86,34,0,1,0,0.000000,0.000000,0.000000,0.000000
Q86,38,0,1,0,0.000000,0.000000,0.000000,0.000000
Q86,37,0,1,0,0.000000,0.000000,0.000000,0.000000
Q86,40,0,1,0,0.000000,0.000000,0.000000,0.000000
Q86,39,0,1,0,0.000000,0.000000,0.000000,0.000000
Q86,43,0,1,0,0.000000,0.000000,0.000000,0.000000
Q86,42,0,1,0,0.000000,0.000000,0.000000,0.000000
Q86,41,0,1,0,0.000000,0.000000,0.000000,0.000000
Q86,36,0,1,0,0.000000,0.000000,0.000000,0.000000
Q86,45,0,1,0,0.000000,0.000000,0.000000,0.000000
Q86,44,0,1,0,0.000000,0.000000,0.000000,0.000000
Q86,48,0,1,0,0.000000,0.000000,0.000000,0.000000
Q86,47,1,1,0,0.000000,0.000000,0.000000,0.000000
Q86,50,0,1,0,0.000000,0.000000,0.000000,0.000000
Q86,46,1,1,0,0.000000,0.000000,0.000000,0.000000
Q86,49,0,1,0,0.000000,0.000000,0.000000,0.000000
Q86,51,0,1,0,0.000000,0.000000,0.000000,0.000000
Q86,54,0,1,0,0.000000,0.000000,0.000000,0.000000
Q86,53,1,1,0,0.000000,0.000000,0.000000,0.000000
Q86,55,0,1,0,0.000000,0.000000,0.000000,0.000000
Q86,52,0,1,0,0.000000,0.000000,0.000000,0.000000
Q86,56,0,1,0,0.000000,0.000000,0.000000,0.000000
Q86,58,0,1,0,0.000000,0.000000,0.000000,0.000000
Q86,57,0,1,0,0.000000,0.000000,0.000000,0.000000
Q86,60,0,1,0,0.000000,0.000000,0.000000,0.000000
Q86,62,0,1,0,0.000000,0.000000,0.000000,0.000000
Q86,61,1,1,0,0.000000,0.000000,0.000000,0.000000
Q86,63,1,1,0,0.000000,0.000000,0.000000,0.000000
Q86,59,0,1,0,0.000000,0.000000,0.000000,0.000000
Q86,64,0,1,0,0.000000,0.000000,0.000000,0.000000
Q86,65,0,1,0,0.000000,0.000000,0.000000,0.000000
Q86,68,0,1,0,0.000000,0.000000,0.000000,0.000000
Q86,70,0,1,0,0.000000,0.000000,0.000000,0.000000
Q86,66,0,1,0,0.000000,0.000000,0.000000,0.000000
Q86,69,0,1,0,0.000000,0.000000,0.000000,0.000000
Q86,71,0,1,0,0.000000,0.000000,0.000000,0.000000
Q86,67,0,1,0,0.000000,0.000000,0.000000,0.000000
Q86,73,0,1,0,0.000000,0.000000,0.000000,0.000000
Q86,72,0,1,0,0.000000,0.000000,0.000000,0.000000
Q86,75,0,1,0,0.000000,0.000000,0.000000,0.000000
Q86,77,0,1,0,0.000000,0.000000,0.000000,0.000000
Q86,76,0,1,0,0.000000,0.000000,0.000000,0.000000
Q86,79,0,1,0,0.000000,0.000000,0.000000,0.000000
Q86,74,1,1,0,0.000000,0.000000,0.000000,0.000000
Q86,78,0,1,0,0.000000,0.000000,0.000000,0.000000
Q86,80,0,1,0,0.000000,0.000000,0.000000,0.000000
Q86,82,0,1,0,0.000000,0.000000,0.000000,0.000000
Q86,83,0,1,0,0.000000,0.000000,0.000000,0.000000
Q86,81,0,1,0,0.000000,0.000000,0.000000,0.000000
Q86,84,0,1,0,0.000000,0.000000,0.000000,0.000000
Q86,86,0,1,0,0.000000,0.000000,0.000000,0.000000
Q86,85,0,1,0,0.000000,0.000000,0.000000,0.000000
Q86,87,0,1,0,0.000000,0.000000,0.000000,0.000000
Q86,88,0,1,0,0.000000,0.000000,0.000000,0.000000
Q86,90,0,1,0,0.000000,0.000000,0.000000,0.000000
Q86,89,0,1,0,0.000000,0.000000,0.000000,0.000000
Q86,91,0,1,0,0.000000,0.000000,0.000000,0.000000
Q86,92,0,1,0,0.000000,0.000000,0.000000,0.000000
Q86,93,0,1,0,0.000000,0.000000,0.000000,0.000000
Q86,94,0,1,0,0.000000,0.000000,0.000000,0.000000
Q86,96,0,1,0,0.000000,0.000000,0.000000,0.000000
Q86,98,0,1,0,0.000000,0.000000,0.000000,0.000000
Q86,97,0,1,0,0.000000,0.000000,0.000000,0.000000
Q86,99,0,1,0,0.000000,0.000000,0.000000,0.000000
Q86,100,0,1,0,0.000000,0.000000,0.000000,0.000000
Q86,95,0,1,0,0.000000,0.000000,0.000000,0.000000
Q87,2,1,4,1,0.250000,1.000000,0.250000,0.400000
Q87,4,1,4,1,0.250000,1.000000,0.250000,0.400000
Q87,3,1,4,1,0.250000,1.000000,0.250000,0.400000
Q87,1,2,4,1,0.200000,0.500000,0.250000,0.333333
Q87,6,1,4,1,0.250000,1.000000,0.250000,0.400000
Q87,5,1,4,1,0.250000,1.000000,0.250000,0.400000
Q87,7,1,4,1,0.250000,1.000000,0.250000,0.400000
Q87,10,1,4,1,0.250000,1.000000,0.250000,0.400000
Q87,9,1,4,1,0.250000,1.000000,0.250000,0.400000
Q87,8,1,4,1,0.250000,1.000000,0.250000,0.400000
Q87,12,2,4,1,0.200000,0.500000,0.250000,0.333333
Q87,15,1,4,1,0.250000,1.000000,0.250000,0.400000
Q87,13,1,4,1,0.250000,1.000000,0.250000,0.400000
Q87,14,1,4,1,0.250000,1.000000,0.250000,0.400000
Q87,16,1,4,0,0.000000,0.000000,0.000000,0.000000
Q87,11,2,4,1,0.200000,0.500000,0.250000,0.333333
Q87,17,1,4,1,0.250000,1.000000,0.250000,0.400000
Q87,19,1,4,1,0.250000,1.000000,0.250000,0.400000
Q87,20,1,4,0,0.000000,0.000000,0.000000,0.000000
Q87,21,1,4,0,0.000000,0.000000,0.000000,0.000000
Q87,18,1,4,1,0.250000,1.000000,0.250000,0.400000
Q87,22,2,4,1,0.200000,0.500000,0.250000,0.333333
Q87,23,1,4,0,0.000000,0.000000,0.000000,0.000000
Q87,24,1,4,1,0.250000,1.000000,0.250000,0.400000
Q87,25,1,4,1,0.250000,1.000000,0.250000,0.400000
Q87,26,1,4,1,0.250000,1.000000,0.250000,0.400000
Q87,28,1,4,1,0.250000,1.000000,0.250000,0.400000
Q87,27,1,4,1,0.250000,1.000000,0.250000,0.400000
Q87,30,1,4,1,0.250000,1.000000,0.250000,0.400000
Q87,29,1,4,1,0.250000,1.000000,0.250000,0.400000
Q87,31,2,4,1,0.200000,0.500000,0.250000,0.333333
Q87,32,1,4,1,0.250000,1.000000,0.250000,0.400000
Q87,34,1,4,1,0.250000,1.000000,0.250000,0.400000
Q87,36,1,4,1,0.250000,1.000000,0.250000,0.400000
Q87,33,2,4,1,0.200000,0.500000,0.250000,0.333333
Q87,35,1,4,1,0.250000,1.000000,0.250000,0.400000
Q87,37,1,4,1,0.250000,1.000000,0.250000,0.400000
Q87,40,1,4,1,0.250000,1.000000,0.250000,0.400000
Q87,38,1,4,1,0.250000,1.000000,0.250000,0.400000
Q87,41,1,4,1,0.250000,1.000000,0.250000,0.400000
Q87,39,1,4,0,0.000000,0.000000,0.000000,0.000000
Q87,42,1,4,0,0.000000,0.000000,0.000000,0.000000
Q87,43,1,4,1,0.250000,1.000000,0.250000,0.400000
Q87,45,1,4,1,0.250000,1.000000,0.250000,0.400000
Q87,46,1,4,0,0.000000,0.000000,0.000000,0.000000
Q87,44,1,4,1,0.250000,1.000000,0.250000,0.400000
Q87,48,1,4,0,0.000000,0.000000,0.000000,0.000000
Q87,47,1,4,1,0.250000,1.000000,0.250000,0.400000
Q87,49,1,4,0,0.000000,0.000000,0.000000,0.000000
Q87,51,1,4,1,0.250000,1.000000,0.250000,0.400000
Q87,52,1,4,0,0.000000,0.000000,0.000000,0.000000
Q87,53,1,4,1,0.250000,1.000000,0.250000,0.400000
Q87,54,1,4,1,0.250000,1.000000,0.250000,0.400000
Q87,55,2,4,1,0.200000,0.500000,0.250000,0.333333
Q87,56,1,4,1,0.250000,1.000000,0.250000,0.400000
Q87,57,1,4,1,0.250000,1.000000,0.250000,0.400000
Q87,58,1,4,1,0.250000,1.000000,0.250000,0.400000
Q87,61,1,4,1,0.250000,1.000000,0.250000,0.400000
Q87,59,1,4,0,0.000000,0.000000,0.000000,0.000000
Q87,60,1,4,1,0.250000,1.000000,0.250000,0.400000
Q87,50,1,4,1,0.250000,1.000000,0.250000,0.400000
Q87,62,1,4,1,0.250000,1.000000,0.250000,0.400000
Q87,63,1,4,1,0.250000,1.000000,0.250000,0.400000
Q87,64,1,4,1,0.250000,1.000000,0.250000,0.400000
Q87,65,1,4,1,0.250000,1.000000,0.250000,0.400000
Q87,67,1,4,1,0.250000,1.000000,0.250000,0.400000
Q87,68,1,4,1,0.250000,1.000000,0.250000,0.400000
Q87,69,1,4,1,0.250000,1.000000,0.250000,0.400000
Q87,72,1,4,0,0.000000,0.000000,0.000000,0.000000
Q87,73,1,4,1,0.250000,1.000000,0.250000,0.400000
Q87,71,2,4,1,0.200000,0.500000,0.250000,0.333333
Q87,70,1,4,0,0.000000,0.000000,0.000000,0.000000
Q87,75,1,4,1,0.250000,1.000000,0.250000,0.400000
Q87,74,1,4,1,0.250000,1.000000,0.250000,0.400000
Q87,76,1,4,0,0.000000,0.000000,0.000000,0.000000
Q87,66,1,4,0,0.000000,0.000000,0.000000,0.000000
Q87,77,1,4,1,0.250000,1.000000,0.250000,0.400000
Q87,78,1,4,1,0.250000,1.000000,0.250000,0.400000
Q87,83,1,4,1,0.250000,1.000000,0.250000,0.400000
Q87,79,1,4,1,0.250000,1.000000,0.250000,0.400000
Q87,80,1,4,1,0.250000,1.000000,0.250000,0.400000
Q87,81,1,4,1,0.250000,1.000000,0.250000,0.400000
Q87,84,1,4,1,0.250000,1.000000,0.250000,0.400000
Q87,85,1,4,1,0.250000,1.000000,0.250000,0.400000
Q87,87,1,4,0,0.000000,0.000000,0.000000,0.000000
Q87,86,2,4,1,0.200000,0.500000,0.250000,0.333333
Q87,82,1,4,1,0.250000,1.000000,0.250000,0.400000
Q87,90,1,4,1,0.250000,1.000000,0.250000,0.400000
Q87,89,1,4,0,0.000000,0.000000,0.000000,0.000000
Q87,92,1,4,0,0.000000,0.000000,0.000000,0.000000
Q87,93,1,4,1,0.250000,1.000000,0.250000,0.400000
Q87,88,1,4,1,0.250000,1.000000,0.250000,0.400000
Q87,91,1,4,1,0.250000,1.000000,0.250000,0.400000
Q87,95,1,4,1,0.250000,1.000000,0.250000,0.400000
Q87,96,1,4,1,0.250000,1.000000,0.250000,0.400000
Q87,97,1,4,1,0.250000,1.000000,0.250000,0.400000
Q87,98,1,4,1,0.250000,1.000000,0.250000,0.400000
Q87,100,1,4,1,0.250000,1.000000,0.250000,0.400000
Q87,99,2,4,1,0.200000,0.500000,0.250000,0.333333
Q88,1,1,3,0,0.000000,0.000000,0.000000,0.000000
Q88,2,1,3,0,0.000000,0.000000,0.000000,0.000000
Q87,94,1,4,1,0.250000,1.000000,0.250000,0.400000
Q88,3,1,3,0,0.000000,0.000000,0.000000,0.000000
Q88,6,1,3,0,0.000000,0.000000,0.000000,0.000000
Q88,5,2,3,0,0.000000,0.000000,0.000000,0.000000
Q88,7,1,3,0,0.000000,0.000000,0.000000,0.000000
Q88,9,1,3,0,0.000000,0.000000,0.000000,0.000000
Q88,8,1,3,0,0.000000,0.000000,0.000000,0.000000
Q88,10,1,3,0,0.000000,0.000000,0.000000,0.000000
Q88,4,1,3,0,0.000000,0.000000,0.000000,0.000000
Q88,11,1,3,0,0.000000,0.000000,0.000000,0.000000
Q88,12,1,3,0,0.000000,0.000000,0.000000,0.000000
Q88,14,1,3,0,0.000000,0.000000,0.000000,0.000000
Q88,13,2,3,0,0.000000,0.000000,0.000000,0.000000
Q88,15,1,3,0,0.000000,0.000000,0.000000,0.000000
Q88,16,1,3,0,0.000000,0.000000,0.000000,0.000000
Q88,18,1,3,0,0.000000,0.000000,0.000000,0.000000
Q88,17,1,3,0,0.000000,0.000000,0.000000,0.000000
Q88,19,1,3,0,0.000000,0.000000,0.000000,0.000000
Q88,20,1,3,0,0.000000,0.000000,0.000000,0.000000
Q88,21,1,3,0,0.000000,0.000000,0.000000,0.000000
Q88,22,1,3,0,0.000000,0.000000,0.000000,0.000000
Q88,24,2,3,0,0.000000,0.000000,0.000000,0.000000
Q88,26,1,3,0,0.000000,0.000000,0.000000,0.000000
Q88,27,1,3,0,0.000000,0.000000,0.000000,0.000000
Q88,23,1,3,0,0.000000,0.000000,0.000000,0.000000
Q88,25,1,3,0,0.000000,0.000000,0.000000,0.000000
Q88,29,1,3,0,0.000000,0.000000,0.000000,0.000000
Q88,31,1,3,0,0.000000,0.000000,0.000000,0.000000
Q88,32,1,3,0,0.000000,0.000000,0.000000,0.000000
Q88,28,1,3,0,0.000000,0.000000,0.000000,0.000000
Q88,30,1,3,0,0.000000,0.000000,0.000000,0.000000
Q88,33,0,3,0,0.000000,0.000000,0.000000,0.000000
Q88,35,1,3,0,0.000000,0.000000,0.000000,0.000000
Q88,34,1,3,0,0.000000,0.000000,0.000000,0.000000
Q88,38,1,3,0,0.000000,0.000000,0.000000,0.000000
Q88,39,1,3,0,0.000000,0.000000,0.000000,0.000000
Q88,36,2,3,0,0.000000,0.000000,0.000000,0.000000
Q88,40,1,3,0,0.000000,0.000000,0.000000,0.000000
Q88,37,1,3,0,0.000000,0.000000,0.000000,0.000000
Q88,43,1,3,0,0.000000,0.000000,0.000000,0.000000
Q88,44,1,3,0,0.000000,0.000000,0.000000,0.000000
Q88,41,2,3,0,0.000000,0.000000,0.000000,0.000000
Q88,42,1,3,0,0.000000,0.000000,0.000000,0.000000
Q88,46,1,3,0,0.000000,0.000000,0.000000,0.000000
Q88,45,1,3,0,0.000000,0.000000,0.000000,0.000000
Q88,49,1,3,0,0.000000,0.000000,0.000000,0.000000
Q88,48,1,3,0,0.000000,0.000000,0.000000,0.000000
Q88,47,2,3,0,0.000000,0.000000,0.000000,0.000000
Q88,50,2,3,0,0.000000,0.000000,0.000000,0.000000
Q88,51,1,3,0,0.000000,0.000000,0.000000,0.000000
Q88,53,1,3,0,0.000000,0.000000,0.000000,0.000000
Q88,52,1,3,0,0.000000,0.000000,0.000000,0.000000
Q88,55,1,3,0,0.000000,0.000000,0.000000,0.000000
Q88,56,1,3,0,0.000000,0.000000,0.000000,0.000000
Q88,59,1,3,0,0.000000,0.000000,0.000000,0.000000
Q88,54,2,3,0,0.000000,0.000000,0.000000,0.000000
Q88,58,2,3,0,0.000000,0.000000,0.000000,0.000000
Q88,60,1,3,0,0.000000,0.000000,0.000000,0.000000
Q88,57,1,3,0,0.000000,0.000000,0.000000,0.000000
Q88,64,1,3,0,0.000000,0.000000,0.000000,0.000000
Q88,63,1,3,0,0.000000,0.000000,0.000000,0.000000
Q88,62,1,3,0,0.000000,0.000000,0.000000,0.000000
Q88,61,1,3,0,0.000000,0.000000,0.000000,0.000000
Q88,66,1,3,0,0.000000,0.000000,0.000000,0.000000
Q88,65,1,3,0,0.000000,0.000000,0.000000,0.000000
Q88,69,1,3,0,0.000000,0.000000,0.000000,0.000000
Q88,67,1,3,0,0.000000,0.000000,0.000000,0.000000
Q88,70,1,3,0,0.000000,0.000000,0.000000,0.000000
Q88,68,1,3,0,0.000000,0.000000,0.000000,0.000000
Q88,72,1,3,0,0.000000,0.000000,0.000000,0.000000
Q88,71,1,3,0,0.000000,0.000000,0.000000,0.000000
Q88,73,1,3,0,0.000000,0.000000,0.000000,0.000000
Q88,76,1,3,0,0.000000,0.000000,0.000000,0.000000
Q88,75,1,3,0,0.000000,0.000000,0.000000,0.000000
Q88,77,1,3,0,0.000000,0.000000,0.000000,0.000000
Q88,78,1,3,0,0.000000,0.000000,0.000000,0.000000
Q88,74,1,3,0,0.000000,0.000000,0.000000,0.000000
Q88,80,1,3,0,0.000000,0.000000,0.000000,0.000000
Q88,84,0,3,0,0.000000,0.000000,0.000000,0.000000
Q88,81,1,3,0,0.000000,0.000000,0.000000,0.000000
Q88,82,1,3,0,0.000000,0.000000,0.000000,0.000000
Q88,79,0,3,0,0.000000,0.000000,0.000000,0.000000
Q88,83,1,3,0,0.000000,0.000000,0.000000,0.000000
Q88,87,1,3,0,0.000000,0.000000,0.000000,0.000000
Q88,85,1,3,0,0.000000,0.000000,0.000000,0.000000
Q88,86,1,3,0,0.000000,0.000000,0.000000,0.000000
Q88,90,1,3,0,0.000000,0.000000,0.000000,0.000000
Q88,88,2,3,0,0.000000,0.000000,0.000000,0.000000
Q88,89,2,3,0,0.000000,0.000000,0.000000,0.000000
Q88,91,1,3,0,0.000000,0.000000,0.000000,0.000000
Q88,92,1,3,0,0.000000,0.000000,0.000000,0.000000
Q88,94,1,3,0,0.000000,0.000000,0.000000,0.000000
Q88,95,1,3,0,0.000000,0.000000,0.000000,0.000000
Q88,97,1,3,0,0.000000,0.000000,0.000000,0.000000
Q88,96,2,3,0,0.000000,0.000000,0.000000,0.000000
Q88,93,1,3,0,0.000000,0.000000,0.000000,0.000000
Q88,99,1,3,0,0.000000,0.000000,0.000000,0.000000
Q88,100,1,3,0,0.000000,0.000000,0.000000,0.000000
Q88,98,2,3,0,0.000000,0.000000,0.000000,0.000000
Q89,1,1,3,0,0.000000,0.000000,0.000000,0.000000
Q89,2,1,3,0,0.000000,0.000000,0.000000,0.000000
Q89,6,1,3,0,0.000000,0.000000,0.000000,0.000000
Q89,3,1,3,0,0.000000,0.000000,0.000000,0.000000
Q89,4,1,3,0,0.000000,0.000000,0.000000,0.000000
Q89,8,1,3,0,0.000000,0.000000,0.000000,0.000000
Q89,7,1,3,0,0.000000,0.000000,0.000000,0.000000
Q89,9,1,3,0,0.000000,0.000000,0.000000,0.000000
Q89,5,2,3,1,0.250000,0.500000,0.333333,0.400000
Q89,10,1,3,0,0.000000,0.000000,0.000000,0.000000
Q89,11,1,3,0,0.000000,0.000000,0.000000,0.000000
Q89,12,1,3,0,0.000000,0.000000,0.000000,0.000000
Q89,13,1,3,0,0.000000,0.000000,0.000000,0.000000
Q89,14,1,3,0,0.000000,0.000000,0.000000,0.000000
Q89,16,0,3,0,0.000000,0.000000,0.000000,0.000000
Q89,17,1,3,0,0.000000,0.000000,0.000000,0.000000
Q89,15,1,3,0,0.000000,0.000000,0.000000,0.000000
Q89,18,1,3,0,0.000000,0.000000,0.000000,0.000000
Q89,21,0,3,0,0.000000,0.000000,0.000000,0.000000
Q89,20,1,3,0,0.000000,0.000000,0.000000,0.000000
Q89,19,1,3,0,0.000000,0.000000,0.000000,0.000000
Q89,22,1,3,0,0.000000,0.000000,0.000000,0.000000
Q89,26,0,3,0,0.000000,0.000000,0.000000,0.000000
Q89,24,1,3,0,0.000000,0.000000,0.000000,0.000000
Q89,23,1,3,1,0.333333,1.000000,0.333333,0.500000
Q89,28,1,3,0,0.000000,0.000000,0.000000,0.000000
Q89,25,2,3,1,0.250000,0.500000,0.333333,0.400000
Q89,27,1,3,0,0.000000,0.000000,0.000000,0.000000
Q89,29,1,3,0,0.000000,0.000000,0.000000,0.000000
Q89,30,1,3,0,0.000000,0.000000,0.000000,0.000000
Q89,31,1,3,0,0.000000,0.000000,0.000000,0.000000
Q89,33,1,3,1,0.333333,1.000000,0.333333,0.500000
Q89,36,0,3,0,0.000000,0.000000,0.000000,0.000000
Q89,32,1,3,0,0.000000,0.000000,0.000000,0.000000
Q89,34,2,3,1,0.250000,0.500000,0.333333,0.400000
Q89,37,1,3,0,0.000000,0.000000,0.000000,0.000000
Q89,35,2,3,1,0.250000,0.500000,0.333333,0.400000
Q89,40,0,3,0,0.000000,0.000000,0.000000,0.000000
Q89,38,1,3,0,0.000000,0.000000,0.000000,0.000000
Q89,39,1,3,0,0.000000,0.000000,0.000000,0.000000
Q89,43,1,3,0,0.000000,0.000000,0.000000,0.000000
Q89,46,0,3,0,0.000000,0.000000,0.000000,0.000000
Q89,41,1,3,0,0.000000,0.000000,0.000000,0.000000
Q89,42,1,3,0,0.000000,0.000000,0.000000,0.000000
Q89,44,1,3,0,0.000000,0.000000,0.000000,0.000000
Q89,47,1,3,0,0.000000,0.000000,0.000000,0.000000
Q89,45,1,3,0,0.000000,0.000000,0.000000,0.000000
Q89,50,1,3,0,0.000000,0.000000,0.000000,0.000000
Q89,48,1,3,0,0.000000,0.000000,0.000000,0.000000
Q89,53,0,3,0,0.000000,0.000000,0.000000,0.000000
Q89,51,2,3,1,0.250000,0.500000,0.333333,0.400000
Q89,52,1,3,0,0.000000,0.000000,0.000000,0.000000
Q89,49,2,3,1,0.250000,0.500000,0.333333,0.400000
Q89,54,1,3,0,0.000000,0.000000,0.000000,0.000000
Q89,55,1,3,1,0.333333,1.000000,0.333333,0.500000
Q89,56,1,3,0,0.000000,0.000000,0.000000,0.000000
Q89,57,1,3,0,0.000000,0.000000,0.000000,0.000000
Q89,58,1,3,0,0.000000,0.000000,0.000000,0.000000
Q89,59,1,3,0,0.000000,0.000000,0.000000,0.000000
Q89,60,1,3,0,0.000000,0.000000,0.000000,0.000000
Q89,61,1,3,0,0.000000,0.000000,0.000000,0.000000
Q89,62,1,3,0,0.000000,0.000000,0.000000,0.000000
Q89,64,1,3,0,0.000000,0.000000,0.000000,0.000000
Q89,63,1,3,0,0.000000,0.000000,0.000000,0.000000
Q89,66,1,3,0,0.000000,0.000000,0.000000,0.000000
Q89,67,1,3,0,0.000000,0.000000,0.000000,0.000000
Q89,70,1,3,0,0.000000,0.000000,0.000000,0.000000
Q89,65,1,3,0,0.000000,0.000000,0.000000,0.000000
Q89,68,1,3,0,0.000000,0.000000,0.000000,0.000000
Q89,69,2,3,1,0.250000,0.500000,0.333333,0.400000
Q89,71,1,3,0,0.000000,0.000000,0.000000,0.000000
Q89,75,0,3,0,0.000000,0.000000,0.000000,0.000000
Q89,74,0,3,0,0.000000,0.000000,0.000000,0.000000
Q89,72,2,3,1,0.250000,0.500000,0.333333,0.400000
Q89,77,1,3,0,0.000000,0.000000,0.000000,0.000000
Q89,73,2,3,1,0.250000,0.500000,0.333333,0.400000
Q89,76,2,3,1,0.250000,0.500000,0.333333,0.400000
Q89,78,1,3,0,0.000000,0.000000,0.000000,0.000000
Q89,80,1,3,0,0.000000,0.000000,0.000000,0.000000
Q89,79,2,3,1,0.250000,0.500000,0.333333,0.400000
Q89,81,1,3,0,0.000000,0.000000,0.000000,0.000000
Q89,82,1,3,0,0.000000,0.000000,0.000000,0.000000
Q89,84,1,3,0,0.000000,0.000000,0.000000,0.000000
Q89,83,2,3,1,0.250000,0.500000,0.333333,0.400000
Q89,86,1,3,0,0.000000,0.000000,0.000000,0.000000
Q89,85,2,3,1,0.250000,0.500000,0.333333,0.400000
Q89,89,0,3,0,0.000000,0.000000,0.000000,0.000000
Q89,88,1,3,0,0.000000,0.000000,0.000000,0.000000
Q89,91,0,3,0,0.000000,0.000000,0.000000,0.000000
Q89,87,0,3,0,0.000000,0.000000,0.000000,0.000000
Q89,93,1,3,0,0.000000,0.000000,0.000000,0.000000
Q89,92,2,3,1,0.250000,0.500000,0.333333,0.400000
Q89,94,1,3,1,0.333333,1.000000,0.333333,0.500000
Q89,97,0,3,0,0.000000,0.000000,0.000000,0.000000
Q89,96,1,3,0,0.000000,0.000000,0.000000,0.000000
Q89,95,2,3,1,0.250000,0.500000,0.333333,0.400000
Q89,99,0,3,0,0.000000,0.000000,0.000000,0.000000
Q89,90,1,3,0,0.000000,0.000000,0.000000,0.000000
Q89,98,0,3,0,0.000000,0.000000,0.000000,0.000000
Q90,1,1,3,0,0.000000,0.000000,0.000000,0.000000
Q89,100,1,3,0,0.000000,0.000000,0.000000,0.000000
Q90,2,2,3,1,0.250000,0.500000,0.333333,0.400000
Q90,4,1,3,0,0.000000,0.000000,0.000000,0.000000
Q90,5,1,3,0,0.000000,0.000000,0.000000,0.000000
Q90,3,2,3,1,0.250000,0.500000,0.333333,0.400000
Q90,6,1,3,0,0.000000,0.000000,0.000000,0.000000
Q90,7,1,3,0,0.000000,0.000000,0.000000,0.000000
Q90,8,1,3,0,0.000000,0.000000,0.000000,0.000000
Q90,9,1,3,0,0.000000,0.000000,0.000000,0.000000
Q90,10,1,3,0,0.000000,0.000000,0.000000,0.000000
Q90,11,1,3,0,0.000000,0.000000,0.000000,0.000000
Q90,12,1,3,0,0.000000,0.000000,0.000000,0.000000
Q90,13,1,3,0,0.000000,0.000000,0.000000,0.000000
Q90,14,1,3,0,0.000000,0.000000,0.000000,0.000000
Q90,15,1,3,0,0.000000,0.000000,0.000000,0.000000
Q90,16,2,3,1,0.250000,0.500000,0.333333,0.400000
Q90,18,1,3,0,0.000000,0.000000,0.000000,0.000000
Q90,17,1,3,0,0.000000,0.000000,0.000000,0.000000
Q90,19,1,3,0,0.000000,0.000000,0.000000,0.000000
Q90,20,1,3,0,0.000000,0.000000,0.000000,0.000000
Q90,21,2,3,1,0.250000,0.500000,0.333333,0.400000
Q90,23,1,3,0,0.000000,0.000000,0.000000,0.000000
Q90,22,1,3,0,0.000000,0.000000,0.000000,0.000000
Q90,24,1,3,0,0.000000,0.000000,0.000000,0.000000
Q90,25,1,3,0,0.000000,0.000000,0.000000,0.000000
Q90,26,2,3,1,0.250000,0.500000,0.333333,0.400000
Q90,28,1,3,0,0.000000,0.000000,0.000000,0.000000
Q90,27,1,3,0,0.000000,0.000000,0.000000,0.000000
Q90,31,1,3,0,0.000000,0.000000,0.000000,0.000000
Q90,29,2,3,1,0.250000,0.500000,0.333333,0.400000
Q90,30,1,3,0,0.000000,0.000000,0.000000,0.000000
Q90,33,1,3,0,0.000000,0.000000,0.000000,0.000000
Q90,32,2,3,1,0.250000,0.500000,0.333333,0.400000
Q90,34,2,3,1,0.250000,0.500000,0.333333,0.400000
Q90,36,1,3,0,0.000000,0.000000,0.000000,0.000000
Q90,37,2,3,1,0.250000,0.500000,0.333333,0.400000
Q90,35,2,3,1,0.250000,0.500000,0.333333,0.400000
Q90,40,1,3,0,0.000000,0.000000,0.000000,0.000000
Q90,39,2,3,1,0.250000,0.500000,0.333333,0.400000
Q90,43,1,3,0,0.000000,0.000000,0.000000,0.000000
Q90,42,1,3,0,0.000000,0.000000,0.000000,0.000000
Q90,41,1,3,0,0.000000,0.000000,0.000000,0.000000
Q90,38,2,3,1,0.250000,0.500000,0.333333,0.400000
Q90,44,1,3,0,0.000000,0.000000,0.000000,0.000000
Q90,45,1,3,0,0.000000,0.000000,0.000000,0.000000
Q90,47,1,3,0,0.000000,0.000000,0.000000,0.000000
Q90,49,1,3,0,0.000000,0.000000,0.000000,0.000000
Q90,48,1,3,0,0.000000,0.000000,0.000000,0.000000
Q90,46,2,3,1,0.250000,0.500000,0.333333,0.400000
Q90,50,1,3,0,0.000000,0.000000,0.000000,0.000000
Q90,51,1,3,0,0.000000,0.000000,0.000000,0.000000
Q90,54,1,3,0,0.000000,0.000000,0.000000,0.000000
Q90,53,1,3,0,0.000000,0.000000,0.000000,0.000000
Q90,55,1,3,0,0.000000,0.000000,0.000000,0.000000
Q90,52,1,3,0,0.000000,0.000000,0.000000,0.000000
Q90,57,1,3,0,0.000000,0.000000,0.000000,0.000000
Q90,56,2,3,1,0.250000,0.500000,0.333333,0.400000
Q90,58,1,3,0,0.000000,0.000000,0.000000,0.000000
Q90,59,1,3,0,0.000000,0.000000,0.000000,0.000000
Q90,61,1,3,0,0.000000,0.000000,0.000000,0.000000
Q90,60,1,3,0,0.000000,0.000000,0.000000,0.000000
Q90,63,1,3,0,0.000000,0.000000,0.000000,0.000000
Q90,65,1,3,0,0.000000,0.000000,0.000000,0.000000
Q90,62,1,3,0,0.000000,0.000000,0.000000,0.000000
Q90,67,1,3,0,0.000000,0.000000,0.000000,0.000000
Q90,64,1,3,0,0.000000,0.000000,0.000000,0.000000
Q90,66,2,3,1,0.250000,0.500000,0.333333,0.400000
Q90,71,1,3,0,0.000000,0.000000,0.000000,0.000000
Q90,70,1,3,0,0.000000,0.000000,0.000000,0.000000
Q90,68,2,3,1,0.250000,0.500000,0.333333,0.400000
Q90,69,2,3,1,0.250000,0.500000,0.333333,0.400000
Q90,72,2,3,1,0.250000,0.500000,0.333333,0.400000
Q90,74,1,3,0,0.000000,0.000000,0.000000,0.000000
Q90,76,1,3,0,0.000000,0.000000,0.000000,0.000000
Q90,75,1,3,0,0.000000,0.000000,0.000000,0.000000
Q90,73,1,3,0,0.000000,0.000000,0.000000,0.000000
Q90,77,1,3,0,0.000000,0.000000,0.000000,0.000000
Q90,78,1,3,0,0.000000,0.000000,0.000000,0.000000
Q90,79,1,3,0,0.000000,0.000000,0.000000,0.000000
Q90,80,1,3,0,0.000000,0.000000,0.000000,0.000000
Q90,81,2,3,1,0.250000,0.500000,0.333333,0.400000
Q90,82,1,3,0,0.000000,0.000000,0.000000,0.000000
Q90,83,2,3,1,0.250000,0.500000,0.333333,0.400000
Q90,84,1,3,0,0.000000,0.000000,0.000000,0.000000
Q90,85,1,3,0,0.000000,0.000000,0.000000,0.000000
Q90,87,1,3,0,0.000000,0.000000,0.000000,0.000000
Q90,86,1,3,0,0.000000,0.000000,0.000000,0.000000
Q90,88,1,3,0,0.000000,0.000000,0.000000,0.000000
Q90,89,1,3,0,0.000000,0.000000,0.000000,0.000000
Q90,90,1,3,0,0.000000,0.000000,0.000000,0.000000
Q90,92,1,3,0,0.000000,0.000000,0.000000,0.000000
Q90,93,1,3,0,0.000000,0.000000,0.000000,0.000000
Q90,91,1,3,0,0.000000,0.000000,0.000000,0.000000
Q90,94,1,3,0,0.000000,0.000000,0.000000,0.000000
Q90,95,1,3,0,0.000000,0.000000,0.000000,0.000000
Q91,1,0,2,0,0.000000,0.000000,0.000000,0.000000
Q90,97,2,3,1,0.250000,0.500000,0.333333,0.400000
Q90,99,1,3,0,0.000000,0.000000,0.000000,0.000000
Q90,98,1,3,0,0.000000,0.000000,0.000000,0.000000
Q90,96,2,3,1,0.250000,0.500000,0.333333,0.400000
Q90,100,1,3,0,0.000000,0.000000,0.000000,0.000000
Q91,2,0,2,0,0.000000,0.000000,0.000000,0.000000
Q91,4,0,2,0,0.000000,0.000000,0.000000,0.000000
Q91,3,0,2,0,0.000000,0.000000,0.000000,0.000000
Q91,5,0,2,0,0.000000,0.000000,0.000000,0.000000
Q91,8,0,2,0,0.000000,0.000000,0.000000,0.000000
Q91,6,0,2,0,0.000000,0.000000,0.000000,0.000000
Q91,7,0,2,0,0.000000,0.000000,0.000000,0.000000
Q91,10,0,2,0,0.000000,0.000000,0.000000,0.000000
Q91,11,0,2,0,0.000000,0.000000,0.000000,0.000000
Q91,9,0,2,0,0.000000,0.000000,0.000000,0.000000
Q91,12,0,2,0,0.000000,0.000000,0.000000,0.000000
Q91,14,0,2,0,0.000000,0.000000,0.000000,0.000000
Q91,15,0,2,0,0.000000,0.000000,0.000000,0.000000
Q91,16,0,2,0,0.000000,0.000000,0.000000,0.000000
Q91,13,0,2,0,0.000000,0.000000,0.000000,0.000000
Q91,17,0,2,0,0.000000,0.000000,0.000000,0.000000
Q91,20,0,2,0,0.000000,0.000000,0.000000,0.000000
Q91,19,0,2,0,0.000000,0.000000,0.000000,0.000000
Q91,18,0,2,0,0.000000,0.000000,0.000000,0.000000
Q91,22,0,2,0,0.000000,0.000000,0.000000,0.000000
Q91,21,0,2,0,0.000000,0.000000,0.000000,0.000000
Q91,24,0,2,0,0.000000,0.000000,0.000000,0.000000
Q91,26,0,2,0,0.000000,0.000000,0.000000,0.000000
Q91,28,0,2,0,0.000000,0.000000,0.000000,0.000000
Q91,27,0,2,0,0.000000,0.000000,0.000000,0.000000
Q91,23,0,2,0,0.000000,0.000000,0.000000,0.000000
Q91,25,0,2,0,0.000000,0.000000,0.000000,0.000000
Q91,30,0,2,0,0.000000,0.000000,0.000000,0.000000
Q91,32,0,2,0,0.000000,0.000000,0.000000,0.000000
Q91,33,0,2,0,0.000000,0.000000,0.000000,0.000000
Q91,31,0,2,0,0.000000,0.000000,0.000000,0.000000
Q91,36,0,2,0,0.000000,0.000000,0.000000,0.000000
Q91,34,0,2,0,0.000000,0.000000,0.000000,0.000000
Q91,35,0,2,0,0.000000,0.000000,0.000000,0.000000
Q91,29,0,2,0,0.000000,0.000000,0.000000,0.000000
Q91,38,0,2,0,0.000000,0.000000,0.000000,0.000000
Q91,37,0,2,0,0.000000,0.000000,0.000000,0.000000
Q91,39,0,2,0,0.000000,0.000000,0.000000,0.000000
Q91,40,0,2,0,0.000000,0.000000,0.000000,0.000000
Q91,44,0,2,0,0.000000,0.000000,0.000000,0.000000
Q91,42,0,2,0,0.000000,0.000000,0.000000,0.000000
Q91,41,0,2,0,0.000000,0.000000,0.000000,0.000000
Q91,43,0,2,0,0.000000,0.000000,0.000000,0.000000
Q91,45,0,2,0,0.000000,0.000000,0.000000,0.000000
Q91,46,0,2,0,0.000000,0.000000,0.000000,0.000000
Q91,47,0,2,0,0.000000,0.000000,0.000000,0.000000
Q91,48,0,2,0,0.000000,0.000000,0.000000,0.000000
Q91,49,0,2,0,0.000000,0.000000,0.000000,0.000000
Q91,50,0,2,0,0.000000,0.000000,0.000000,0.000000
Q91,51,0,2,0,0.000000,0.000000,0.000000,0.000000
Q91,53,0,2,0,0.000000,0.000000,0.000000,0.000000
Q91,52,0,2,0,0.000000,0.000000,0.000000,0.000000
Q91,56,0,2,0,0.000000,0.000000,0.000000,0.000000
Q91,55,0,2,0,0.000000,0.000000,0.000000,0.000000
Q91,57,0,2,0,0.000000,0.000000,0.000000,0.000000
Q91,54,0,2,0,0.000000,0.000000,0.000000,0.000000
Q91,59,0,2,0,0.000000,0.000000,0.000000,0.000000
Q91,61,0,2,0,0.000000,0.000000,0.000000,0.000000
Q91,62,0,2,0,0.000000,0.000000,0.000000,0.000000
Q91,58,0,2,0,0.000000,0.000000,0.000000,0.000000
Q91,63,0,2,0,0.000000,0.000000,0.000000,0.000000
Q91,64,0,2,0,0.000000,0.000000,0.000000,0.000000
Q91,65,0,2,0,0.000000,0.000000,0.000000,0.000000
Q91,66,0,2,0,0.000000,0.000000,0.000000,0.000000
Q91,60,0,2,0,0.000000,0.000000,0.000000,0.000000
Q91,67,0,2,0,0.000000,0.000000,0.000000,0.000000
Q91,69,0,2,0,0.000000,0.000000,0.000000,0.000000
Q91,73,0,2,0,0.000000,0.000000,0.000000,0.000000
Q91,68,0,2,0,0.000000,0.000000,0.000000,0.000000
Q91,74,0,2,0,0.000000,0.000000,0.000000,0.000000
Q91,70,0,2,0,0.000000,0.000000,0.000000,0.000000
Q91,75,0,2,0,0.000000,0.000000,0.000000,0.000000
Q91,72,0,2,0,0.000000,0.000000,0.000000,0.000000
Q91,77,0,2,0,0.000000,0.000000,0.000000,0.000000
Q91,78,0,2,0,0.000000,0.000000,0.000000,0.000000
Q91,76,0,2,0,0.000000,0.000000,0.000000,0.000000
Q91,71,0,2,0,0.000000,0.000000,0.000000,0.000000
Q91,80,0,2,0,0.000000,0.000000,0.000000,0.000000
Q91,81,0,2,0,0.000000,0.000000,0.000000,0.000000
Q91,82,0,2,0,0.000000,0.000000,0.000000,0.000000
Q91,79,0,2,0,0.000000,0.000000,0.000000,0.000000
Q91,84,0,2,0,0.000000,0.000000,0.000000,0.000000
Q91,83,0,2,0,0.000000,0.000000,0.000000,0.000000
Q91,86,0,2,0,0.000000,0.000000,0.000000,0.000000
Q91,87,0,2,0,0.000000,0.000000,0.000000,0.000000
Q91,85,0,2,0,0.000000,0.000000,0.000000,0.000000
Q91,88,0,2,0,0.000000,0.000000,0.000000,0.000000
Q91,89,0,2,0,0.000000,0.000000,0.000000,0.000000
Q91,90,0,2,0,0.000000,0.000000,0.000000,0.000000
Q91,91,0,2,0,0.000000,0.000000,0.000000,0.000000
Q91,92,0,2,0,0.000000,0.000000,0.000000,0.000000
Q91,93,0,2,0,0.000000,0.000000,0.000000,0.000000
Q91,94,0,2,0,0.000000,0.000000,0.000000,0.000000
Q91,96,0,2,0,0.000000,0.000000,0.000000,0.000000
Q91,95,0,2,0,0.000000,0.000000,0.000000,0.000000
Q91,97,0,2,0,0.000000,0.000000,0.000000,0.000000
Q91,99,0,2,0,0.000000,0.000000,0.000000,0.000000
Q92,1,0,4,0,0.000000,0.000000,0.000000,0.000000
Q91,100,0,2,0,0.000000,0.000000,0.000000,0.000000
Q91,98,0,2,0,0.000000,0.000000,0.000000,0.000000
Q92,3,0,4,0,0.000000,0.000000,0.000000,0.000000
Q92,2,0,4,0,0.000000,0.000000,0.000000,0.000000
Q92,4,0,4,0,0.000000,0.000000,0.000000,0.000000
Q92,6,1,4,0,0.000000,0.000000,0.000000,0.000000
Q92,5,2,4,1,0.200000,0.500000,0.250000,0.333333
Q92,10,0,4,0,0.000000,0.000000,0.000000,0.000000
Q92,8,0,4,0,0.000000,0.000000,0.000000,0.000000
Q92,13,0,4,0,0.000000,0.000000,0.000000,0.000000
Q92,7,0,4,0,0.000000,0.000000,0.000000,0.000000
Q92,9,2,4,1,0.200000,0.500000,0.250000,0.333333
Q92,14,1,4,1,0.250000,1.000000,0.250000,0.400000
Q92,12,0,4,0,0.000000,0.000000,0.000000,0.000000
Q92,17,0,4,0,0.000000,0.000000,0.000000,0.000000
Q92,15,0,4,0,0.000000,0.000000,0.000000,0.000000
Q92,16,2,4,1,0.200000,0.500000,0.250000,0.333333
Q92,11,2,4,1,0.200000,0.500000,0.250000,0.333333
Q92,20,0,4,0,0.000000,0.000000,0.000000,0.000000
Q92,18,1,4,1,0.250000,1.000000,0.250000,0.400000
Q92,24,0,4,0,0.000000,0.000000,0.000000,0.000000
Q92,23,0,4,0,0.000000,0.000000,0.000000,0.000000
Q92,22,0,4,0,0.000000,0.000000,0.000000,0.000000
Q92,21,1,4,0,0.000000,0.000000,0.000000,0.000000
Q92,25,1,4,0,0.000000,0.000000,0.000000,0.000000
Q92,28,1,4,1,0.250000,1.000000,0.250000,0.400000
Q92,19,0,4,0,0.000000,0.000000,0.000000,0.000000
Q92,26,0,4,0,0.000000,0.000000,0.000000,0.000000
Q92,29,0,4,0,0.000000,0.000000,0.000000,0.000000
Q92,30,1,4,1,0.250000,1.000000,0.250000,0.400000
Q92,32,0,4,0,0.000000,0.000000,0.000000,0.000000
Q92,31,1,4,1,0.250000,1.000000,0.250000,0.400000
Q92,33,1,4,1,0.250000,1.000000,0.250000,0.400000
Q92,35,0,4,0,0.000000,0.000000,0.000000,0.000000
Q92,27,0,4,0,0.000000,0.000000,0.000000,0.000000
Q92,36,0,4,0,0.000000,0.000000,0.000000,0.000000
Q92,38,0,4,0,0.000000,0.000000,0.000000,0.000000
Q92,39,0,4,0,0.000000,0.000000,0.000000,0.000000
Q92,40,1,4,0,0.000000,0.000000,0.000000,0.000000
Q92,34,2,4,0,0.000000,0.000000,0.000000,0.000000
Q92,37,2,4,1,0.200000,0.500000,0.250000,0.333333
Q92,41,1,4,0,0.000000,0.000000,0.000000,0.000000
Q92,42,1,4,1,0.250000,1.000000,0.250000,0.400000
Q92,44,0,4,0,0.000000,0.000000,0.000000,0.000000
Q92,43,1,4,1,0.250000,1.000000,0.250000,0.400000
Q92,45,1,4,1,0.250000,1.000000,0.250000,0.400000
Q92,46,0,4,0,0.000000,0.000000,0.000000,0.000000
Q92,48,1,4,1,0.250000,1.000000,0.250000,0.400000
Q92,47,1,4,1,0.250000,1.000000,0.250000,0.400000
Q92,49,2,4,1,0.200000,0.500000,0.250000,0.333333
Q92,52,0,4,0,0.000000,0.000000,0.000000,0.000000
Q92,50,1,4,1,0.250000,1.000000,0.250000,0.400000
Q92,51,0,4,0,0.000000,0.000000,0.000000,0.000000
Q92,54,0,4,0,0.000000,0.000000,0.000000,0.000000
Q92,53,1,4,1,0.250000,1.000000,0.250000,0.400000
Q92,55,0,4,0,0.000000,0.000000,0.000000,0.000000
Q92,57,1,4,0,0.000000,0.000000,0.000000,0.000000
Q92,59,0,4,0,0.000000,0.000000,0.000000,0.000000
Q92,56,2,4,1,0.200000,0.500000,0.250000,0.333333
Q92,60,1,4,1,0.250000,1.000000,0.250000,0.400000
Q92,63,0,4,0,0.000000,0.000000,0.000000,0.000000
Q92,61,2,4,0,0.000000,0.000000,0.000000,0.000000
Q92,58,1,4,1,0.250000,1.000000,0.250000,0.400000
Q92,64,0,4,0,0.000000,0.000000,0.000000,0.000000
Q92,62,2,4,1,0.200000,0.500000,0.250000,0.333333
Q92,67,0,4,0,0.000000,0.000000,0.000000,0.000000
Q92,66,1,4,1,0.250000,1.000000,0.250000,0.400000
Q92,69,0,4,0,0.000000,0.000000,0.000000,0.000000
Q92,68,1,4,0,0.000000,0.000000,0.000000,0.000000
Q92,70,0,4,0,0.000000,0.000000,0.000000,0.000000
Q92,65,1,4,1,0.250000,1.000000,0.250000,0.400000
Q92,71,0,4,0,0.000000,0.000000,0.000000,0.000000
Q92,72,1,4,0,0.000000,0.000000,0.000000,0.000000
Q92,74,1,4,0,0.000000,0.000000,0.000000,0.000000
Q92,73,1,4,1,0.250000,1.000000,0.250000,0.400000
Q92,75,1,4,1,0.250000,1.000000,0.250000,0.400000
Q92,78,0,4,0,0.000000,0.000000,0.000000,0.000000
Q92,77,1,4,0,0.000000,0.000000,0.000000,0.000000
Q92,76,2,4,1,0.200000,0.500000,0.250000,0.333333
Q92,80,0,4,0,0.000000,0.000000,0.000000,0.000000
Q92,79,0,4,0,0.000000,0.000000,0.000000,0.000000
Q92,84,0,4,0,0.000000,0.000000,0.000000,0.000000
Q92,81,0,4,0,0.000000,0.000000,0.000000,0.000000
Q92,83,2,4,1,0.200000,0.500000,0.250000,0.333333
Q92,85,1,4,0,0.000000,0.000000,0.000000,0.000000
Q92,82,1,4,1,0.250000,1.000000,0.250000,0.400000
Q92,86,2,4,1,0.200000,0.500000,0.250000,0.333333
Q92,88,1,4,1,0.250000,1.000000,0.250000,0.400000
Q92,91,0,4,0,0.000000,0.000000,0.000000,0.000000
Q92,92,0,4,0,0.000000,0.000000,0.000000,0.000000
Q92,90,2,4,1,0.200000,0.500000,0.250000,0.333333
Q92,87,0,4,0,0.000000,0.000000,0.000000,0.000000
Q92,89,1,4,1,0.250000,1.000000,0.250000,0.400000
Q92,93,0,4,0,0.000000,0.000000,0.000000,0.000000
Q92,97,0,4,0,0.000000,0.000000,0.000000,0.000000
Q92,94,0,4,0,0.000000,0.000000,0.000000,0.000000
Q92,96,1,4,0,0.000000,0.000000,0.000000,0.000000
Q92,99,0,4,0,0.000000,0.000000,0.000000,0.000000
Q92,95,1,4,1,0.250000,1.000000,0.250000,0.400000
Q92,100,1,4,0,0.000000,0.000000,0.000000,0.000000
Q93,2,1,3,1,0.333333,1.000000,0.333333,0.500000
Q92,98,1,4,0,0.000000,0.000000,0.000000,0.000000
Q93,1,2,3,1,0.250000,0.500000,0.333333,0.400000
Q93,3,1,3,1,0.333333,1.000000,0.333333,0.500000
Q93,4,1,3,1,0.333333,1.000000,0.333333,0.500000
Q93,5,1,3,1,0.333333,1.000000,0.333333,0.500000
Q93,7,1,3,1,0.333333,1.000000,0.333333,0.500000
Q93,6,2,3,1,0.250000,0.500000,0.333333,0.400000
Q93,8,1,3,1,0.333333,1.000000,0.333333,0.500000
Q93,9,1,3,1,0.333333,1.000000,0.333333,0.500000
Q93,11,1,3,1,0.333333,1.000000,0.333333,0.500000
Q93,10,1,3,1,0.333333,1.000000,0.333333,0.500000
Q93,12,1,3,1,0.333333,1.000000,0.333333,0.500000
Q93,13,2,3,1,0.250000,0.500000,0.333333,0.400000
Q93,14,1,3,1,0.333333,1.000000,0.333333,0.500000
Q93,15,2,3,2,0.666667,1.000000,0.666667,0.800000
Q93,16,1,3,1,0.333333,1.000000,0.333333,0.500000
Q93,18,1,3,1,0.333333,1.000000,0.333333,0.500000
Q93,17,1,3,1,0.333333,1.000000,0.333333,0.500000
Q93,19,2,3,1,0.250000,0.500000,0.333333,0.400000
Q93,20,2,3,1,0.250000,0.500000,0.333333,0.400000
Q93,25,0,3,0,0.000000,0.000000,0.000000,0.000000
Q93,23,1,3,1,0.333333,1.000000,0.333333,0.500000
Q93,21,2,3,1,0.250000,0.500000,0.333333,0.400000
Q93,22,2,3,2,0.666667,1.000000,0.666667,0.800000
Q93,26,1,3,1,0.333333,1.000000,0.333333,0.500000
Q93,24,3,3,1,0.200000,0.333333,0.333333,0.333333
Q93,27,1,3,1,0.333333,1.000000,0.333333,0.500000
Q93,30,1,3,0,0.000000,0.000000,0.000000,0.000000
Q93,29,1,3,1,0.333333,1.000000,0.333333,0.500000
Q93,28,1,3,1,0.333333,1.000000,0.333333,0.500000
Q93,31,1,3,1,0.333333,1.000000,0.333333,0.500000
Q93,32,1,3,1,0.333333,1.000000,0.333333,0.500000
Q93,34,1,3,1,0.333333,1.000000,0.333333,0.500000
Q93,35,1,3,1,0.333333,1.000000,0.333333,0.500000
Q93,33,2,3,1,0.250000,0.500000,0.333333,0.400000
Q93,36,2,3,1,0.250000,0.500000,0.333333,0.400000
Q93,37,1,3,1,0.333333,1.000000,0.333333,0.500000
Q93,38,1,3,1,0.333333,1.000000,0.333333,0.500000
Q93,40,1,3,1,0.333333,1.000000,0.333333,0.500000
Q93,41,2,3,1,0.250000,0.500000,0.333333,0.400000
Q93,43,1,3,1,0.333333,1.000000,0.333333,0.500000
Q93,39,1,3,0,0.000000,0.000000,0.000000,0.000000
Q93,42,1,3,1,0.333333,1.000000,0.333333,0.500000
Q93,44,1,3,1,0.333333,1.000000,0.333333,0.500000
Q93,45,2,3,1,0.250000,0.500000,0.333333,0.400000
Q93,46,1,3,1,0.333333,1.000000,0.333333,0.500000
Q93,49,1,3,0,0.000000,0.000000,0.000000,0.000000
Q93,48,1,3,1,0.333333,1.000000,0.333333,0.500000
Q93,47,1,3,1,0.333333,1.000000,0.333333,0.500000
Q93,51,1,3,1,0.333333,1.000000,0.333333,0.500000
Q93,50,2,3,1,0.250000,0.500000,0.333333,0.400000
Q93,52,2,3,1,0.250000,0.500000,0.333333,0.400000
Q93,55,1,3,1,0.333333,1.000000,0.333333,0.500000
Q93,54,2,3,1,0.250000,0.500000,0.333333,0.400000
Q93,53,1,3,1,0.333333,1.000000,0.333333,0.500000
Q93,56,1,3,1,0.333333,1.000000,0.333333,0.500000
Q93,57,1,3,1,0.333333,1.000000,0.333333,0.500000
Q93,58,1,3,1,0.333333,1.000000,0.333333,0.500000
Q93,59,1,3,1,0.333333,1.000000,0.333333,0.500000
Q93,62,1,3,1,0.333333,1.000000,0.333333,0.500000
Q93,63,1,3,1,0.333333,1.000000,0.333333,0.500000
Q93,61,1,3,1,0.333333,1.000000,0.333333,0.500000
Q93,65,1,3,1,0.333333,1.000000,0.333333,0.500000
Q93,60,1,3,0,0.000000,0.000000,0.000000,0.000000
Q93,66,1,3,1,0.333333,1.000000,0.333333,0.500000
Q93,64,1,3,1,0.333333,1.000000,0.333333,0.500000
Q93,68,1,3,1,0.333333,1.000000,0.333333,0.500000
Q93,67,1,3,1,0.333333,1.000000,0.333333,0.500000
Q93,69,1,3,1,0.333333,1.000000,0.333333,0.500000
Q93,71,1,3,1,0.333333,1.000000,0.333333,0.500000
Q93,70,1,3,1,0.333333,1.000000,0.333333,0.500000
Q93,72,1,3,1,0.333333,1.000000,0.333333,0.500000
Q93,73,1,3,1,0.333333,1.000000,0.333333,0.500000
Q93,74,1,3,1,0.333333,1.000000,0.333333,0.500000
Q93,75,1,3,1,0.333333,1.000000,0.333333,0.500000
Q93,76,1,3,1,0.333333,1.000000,0.333333,0.500000
Q93,78,1,3,1,0.333333,1.000000,0.333333,0.500000
Q93,80,1,3,1,0.333333,1.000000,0.333333,0.500000
Q93,77,2,3,1,0.250000,0.500000,0.333333,0.400000
Q93,82,1,3,1,0.333333,1.000000,0.333333,0.500000
Q93,83,1,3,1,0.333333,1.000000,0.333333,0.500000
Q93,81,2,3,1,0.250000,0.500000,0.333333,0.400000
Q93,84,1,3,1,0.333333,1.000000,0.333333,0.500000
Q93,79,2,3,1,0.250000,0.500000,0.333333,0.400000
Q93,85,1,3,1,0.333333,1.000000,0.333333,0.500000
Q93,86,1,3,1,0.333333,1.000000,0.333333,0.500000
Q93,87,1,3,1,0.333333,1.000000,0.333333,0.500000
Q93,88,1,3,0,0.000000,0.000000,0.000000,0.000000
Q93,89,1,3,1,0.333333,1.000000,0.333333,0.500000
Q93,90,1,3,1,0.333333,1.000000,0.333333,0.500000
Q93,91,1,3,1,0.333333,1.000000,0.333333,0.500000
Q93,93,1,3,1,0.333333,1.000000,0.333333,0.500000
Q93,96,1,3,1,0.333333,1.000000,0.333333,0.500000
Q93,94,1,3,1,0.333333,1.000000,0.333333,0.500000
Q93,95,1,3,1,0.333333,1.000000,0.333333,0.500000
Q93,92,1,3,1,0.333333,1.000000,0.333333,0.500000
Q93,97,1,3,1,0.333333,1.000000,0.333333,0.500000
Q94,2,1,2,1,0.500000,1.000000,0.500000,0.666667
Q94,1,1,2,1,0.500000,1.000000,0.500000,0.666667
Q93,100,2,3,1,0.250000,0.500000,0.333333,0.400000
Q94,3,1,2,0,0.000000,0.000000,0.000000,0.000000
Q94,5,0,2,0,0.000000,0.000000,0.000000,0.000000
Q93,98,1,3,1,0.333333,1.000000,0.333333,0.500000
Q94,6,1,2,1,0.500000,1.000000,0.500000,0.666667
Q93,99,2,3,1,0.250000,0.500000,0.333333,0.400000
Q94,4,1,2,1,0.500000,1.000000,0.500000,0.666667
Q94,9,1,2,1,0.500000,1.000000,0.500000,0.666667
Q94,7,1,2,1,0.500000,1.000000,0.500000,0.666667
Q94,8,1,2,1,0.500000,1.000000,0.500000,0.666667
Q94,11,1,2,0,0.000000,0.000000,0.000000,0.000000
Q94,10,1,2,0,0.000000,0.000000,0.000000,0.000000
Q94,12,1,2,0,0.000000,0.000000,0.000000,0.000000
Q94,14,1,2,1,0.500000,1.000000,0.500000,0.666667
Q94,13,1,2,1,0.500000,1.000000,0.500000,0.666667
Q94,15,1,2,1,0.500000,1.000000,0.500000,0.666667
Q94,17,1,2,0,0.000000,0.000000,0.000000,0.000000
Q94,16,1,2,1,0.500000,1.000000,0.500000,0.666667
Q94,19,1,2,1,0.500000,1.000000,0.500000,0.666667
Q94,20,1,2,0,0.000000,0.000000,0.000000,0.000000
Q94,18,1,2,0,0.000000,0.000000,0.000000,0.000000
Q94,23,0,2,0,0.000000,0.000000,0.000000,0.000000
Q94,21,1,2,1,0.500000,1.000000,0.500000,0.666667
Q94,22,1,2,1,0.500000,1.000000,0.500000,0.666667
Q94,25,1,2,0,0.000000,0.000000,0.000000,0.000000
Q94,26,1,2,1,0.500000,1.000000,0.500000,0.666667
Q94,24,2,2,1,0.333333,0.500000,0.500000,0.500000
Q94,28,1,2,1,0.500000,1.000000,0.500000,0.666667
Q94,29,1,2,1,0.500000,1.000000,0.500000,0.666667
Q94,27,1,2,0,0.000000,0.000000,0.000000,0.000000
Q94,31,1,2,1,0.500000,1.000000,0.500000,0.666667
Q94,30,1,2,0,0.000000,0.000000,0.000000,0.000000
Q94,33,1,2,1,0.500000,1.000000,0.500000,0.666667
Q94,35,1,2,1,0.500000,1.000000,0.500000,0.666667
Q94,34,2,2,1,0.333333,0.500000,0.500000,0.500000
Q94,32,1,2,1,0.500000,1.000000,0.500000,0.666667
Q94,37,1,2,0,0.000000,0.000000,0.000000,0.000000
Q94,38,1,2,0,0.000000,0.000000,0.000000,0.000000
Q94,40,1,2,1,0.500000,1.000000,0.500000,0.666667
Q94,36,1,2,1,0.500000,1.000000,0.500000,0.666667
Q94,39,1,2,0,0.000000,0.000000,0.000000,0.000000
Q94,41,1,2,1,0.500000,1.000000,0.500000,0.666667
Q94,42,1,2,1,0.500000,1.000000,0.500000,0.666667
Q94,44,1,2,1,0.500000,1.000000,0.500000,0.666667
Q94,43,1,2,1,0.500000,1.000000,0.500000,0.666667
Q94,46,1,2,0,0.000000,0.000000,0.000000,0.000000
Q94,45,2,2,1,0.333333,0.500000,0.500000,0.500000
Q94,47,1,2,1,0.500000,1.000000,0.500000,0.666667
Q94,48,1,2,1,0.500000,1.000000,0.500000,0.666667
Q94,49,1,2,0,0.000000,0.000000,0.000000,0.000000
Q94,50,1,2,1,0.500000,1.000000,0.500000,0.666667
Q94,51,1,2,1,0.500000,1.000000,0.500000,0.666667
Q94,53,0,2,0,0.000000,0.000000,0.000000,0.000000
Q94,52,1,2,0,0.000000,0.000000,0.000000,0.000000
Q94,54,1,2,1,0.500000,1.000000,0.500000,0.666667
Q94,55,1,2,1,0.500000,1.000000,0.500000,0.666667
Q94,56,1,2,0,0.000000,0.000000,0.000000,0.000000
Q94,59,1,2,1,0.500000,1.000000,0.500000,0.666667
Q94,60,1,2,1,0.500000,1.000000,0.500000,0.666667
Q94,58,1,2,0,0.000000,0.000000,0.000000,0.000000
Q94,57,1,2,0,0.000000,0.000000,0.000000,0.000000
Q94,61,0,2,0,0.000000,0.000000,0.000000,0.000000
Q94,62,1,2,1,0.500000,1.000000,0.500000,0.666667
Q94,65,0,2,0,0.000000,0.000000,0.000000,0.000000
Q94,64,1,2,1,0.500000,1.000000,0.500000,0.666667
Q94,63,1,2,1,0.500000,1.000000,0.500000,0.666667
Q94,67,1,2,1,0.500000,1.000000,0.500000,0.666667
Q94,66,1,2,1,0.500000,1.000000,0.500000,0.666667
Q94,70,0,2,0,0.000000,0.000000,0.000000,0.000000
Q94,69,1,2,0,0.000000,0.000000,0.000000,0.000000
Q94,71,1,2,1,0.500000,1.000000,0.500000,0.666667
Q94,68,2,2,1,0.333333,0.500000,0.500000,0.500000
Q94,72,1,2,0,0.000000,0.000000,0.000000,0.000000
Q94,74,0,2,0,0.000000,0.000000,0.000000,0.000000
Q94,73,1,2,0,0.000000,0.000000,0.000000,0.000000
Q94,75,2,2,1,0.333333,0.500000,0.500000,0.500000
Q94,76,1,2,1,0.500000,1.000000,0.500000,0.666667
Q94,80,1,2,1,0.500000,1.000000,0.500000,0.666667
Q94,79,1,2,0,0.000000,0.000000,0.000000,0.000000
Q94,77,1,2,0,0.000000,0.000000,0.000000,0.000000
Q94,78,0,2,0,0.000000,0.000000,0.000000,0.000000
Q94,85,0,2,0,0.000000,0.000000,0.000000,0.000000
Q94,81,1,2,1,0.500000,1.000000,0.500000,0.666667
Q94,82,1,2,1,0.500000,1.000000,0.500000,0.666667
Q94,84,1,2,1,0.500000,1.000000,0.500000,0.666667
Q94,83,1,2,1,0.500000,1.000000,0.500000,0.666667
Q94,87,1,2,1,0.500000,1.000000,0.500000,0.666667
Q94,88,1,2,0,0.000000,0.000000,0.000000,0.000000
Q94,89,1,2,1,0.500000,1.000000,0.500000,0.666667
Q94,90,1,2,1,0.500000,1.000000,0.500000,0.666667
Q94,86,1,2,1,0.500000,1.000000,0.500000,0.666667
Q94,91,1,2,1,0.500000,1.000000,0.500000,0.666667
Q94,94,0,2,0,0.000000,0.000000,0.000000,0.000000
Q94,92,2,2,1,0.333333,0.500000,0.500000,0.500000
Q94,93,1,2,1,0.500000,1.000000,0.500000,0.666667
Q94,95,1,2,0,0.000000,0.000000,0.000000,0.000000
Q94,97,1,2,0,0.000000,0.000000,0.000000,0.000000
Q94,98,1,2,0,0.000000,0.000000,0.000000,0.000000
Q94,100,1,2,1,0.500000,1.000000,0.500000,0.666667
Q94,96,1,2,0,0.000000,0.000000,0.000000,0.000000
Q95,1,1,5,1,0.200000,1.000000,0.200000,0.333333
Q94,99,1,2,0,0.000000,0.000000,0.000000,0.000000
Q95,2,0,5,0,0.000000,0.000000,0.000000,0.000000
Q95,3,1,5,1,0.200000,1.000000,0.200000,0.333333
Q95,6,1,5,1,0.200000,1.000000,0.200000,0.333333
Q95,4,0,5,0,0.000000,0.000000,0.000000,0.000000
Q95,5,1,5,1,0.200000,1.000000,0.200000,0.333333
Q95,7,1,5,1,0.200000,1.000000,0.200000,0.333333
Q95,8,1,5,1,0.200000,1.000000,0.200000,0.333333
Q95,9,0,5,0,0.000000,0.000000,0.000000,0.000000
Q95,10,0,5,0,0.000000,0.000000,0.000000,0.000000
Q95,11,0,5,0,0.000000,0.000000,0.000000,0.000000
Q95,13,1,5,0,0.000000,0.000000,0.000000,0.000000
Q95,15,0,5,0,0.000000,0.000000,0.000000,0.000000
Q95,12,0,5,0,0.000000,0.000000,0.000000,0.000000
Q95,14,1,5,0,0.000000,0.000000,0.000000,0.000000
Q95,16,1,5,0,0.000000,0.000000,0.000000,0.000000
Q95,19,0,5,0,0.000000,0.000000,0.000000,0.000000
Q95,20,0,5,0,0.000000,0.000000,0.000000,0.000000
Q95,17,1,5,0,0.000000,0.000000,0.000000,0.000000
Q95,22,0,5,0,0.000000,0.000000,0.000000,0.000000
Q95,18,0,5,0,0.000000,0.000000,0.000000,0.000000
Q95,21,1,5,0,0.000000,0.000000,0.000000,0.000000
Q95,26,0,5,0,0.000000,0.000000,0.000000,0.000000
Q95,23,0,5,0,0.000000,0.000000,0.000000,0.000000
Q95,24,0,5,0,0.000000,0.000000,0.000000,0.000000
Q95,25,1,5,1,0.200000,1.000000,0.200000,0.333333
Q95,27,0,5,0,0.000000,0.000000,0.000000,0.000000
Q95,28,1,5,0,0.000000,0.000000,0.000000,0.000000
Q95,29,0,5,0,0.000000,0.000000,0.000000,0.000000
Q95,33,0,5,0,0.000000,0.000000,0.000000,0.000000
Q95,32,0,5,0,0.000000,0.000000,0.000000,0.000000
Q95,31,1,5,1,0.200000,1.000000,0.200000,0.333333
Q95,34,1,5,0,0.000000,0.000000,0.000000,0.000000
Q95,36,1,5,1,0.200000,1.000000,0.200000,0.333333
Q95,37,0,5,0,0.000000,0.000000,0.000000,0.000000
Q95,30,0,5,0,0.000000,0.000000,0.000000,0.000000
Q95,40,0,5,0,0.000000,0.000000,0.000000,0.000000
Q95,39,1,5,1,0.200000,1.000000,0.200000,0.333333
Q95,35,0,5,0,0.000000,0.000000,0.000000,0.000000
Q95,38,1,5,0,0.000000,0.000000,0.000000,0.000000
Q95,41,1,5,0,0.000000,0.000000,0.000000,0.000000
Q95,42,0,5,0,0.000000,0.000000,0.000000,0.000000
Q95,45,0,5,0,0.000000,0.000000,0.000000,0.000000
Q95,43,1,5,1,0.200000,1.000000,0.200000,0.333333
Q95,46,0,5,0,0.000000,0.000000,0.000000,0.000000
Q95,48,0,5,0,0.000000,0.000000,0.000000,0.000000
Q95,47,1,5,1,0.200000,1.000000,0.200000,0.333333
Q95,51,0,5,0,0.000000,0.000000,0.000000,0.000000
Q95,50,0,5,0,0.000000,0.000000,0.000000,0.000000
Q95,49,0,5,0,0.000000,0.000000,0.000000,0.000000
Q95,44,0,5,0,0.000000,0.000000,0.000000,0.000000
Q95,53,0,5,0,0.000000,0.000000,0.000000,0.000000
Q95,56,0,5,0,0.000000,0.000000,0.000000,0.000000
Q95,55,0,5,0,0.000000,0.000000,0.000000,0.000000
Q95,52,1,5,1,0.200000,1.000000,0.200000,0.333333
Q95,54,2,5,1,0.166667,0.500000,0.200000,0.285714
Q95,58,0,5,0,0.000000,0.000000,0.000000,0.000000
Q95,61,0,5,0,0.000000,0.000000,0.000000,0.000000
Q95,57,0,5,0,0.000000,0.000000,0.000000,0.000000
Q95,60,1,5,0,0.000000,0.000000,0.000000,0.000000
Q95,62,0,5,0,0.000000,0.000000,0.000000,0.000000
Q95,59,0,5,0,0.000000,0.000000,0.000000,0.000000
Q95,64,0,5,0,0.000000,0.000000,0.000000,0.000000
Q95,63,1,5,1,0.200000,1.000000,0.200000,0.333333
Q95,68,0,5,0,0.000000,0.000000,0.000000,0.000000
Q95,67,0,5,0,0.000000,0.000000,0.000000,0.000000
Q95,65,1,5,0,0.000000,0.000000,0.000000,0.000000
Q95,66,0,5,0,0.000000,0.000000,0.000000,0.000000
Q95,71,0,5,0,0.000000,0.000000,0.000000,0.000000
Q95,69,1,5,1,0.200000,1.000000,0.200000,0.333333
Q95,70,1,5,1,0.200000,1.000000,0.200000,0.333333
Q95,72,1,5,0,0.000000,0.000000,0.000000,0.000000
Q95,74,0,5,0,0.000000,0.000000,0.000000,0.000000
Q95,73,1,5,0,0.000000,0.000000,0.000000,0.000000
Q95,76,0,5,0,0.000000,0.000000,0.000000,0.000000
Q95,75,0,5,0,0.000000,0.000000,0.000000,0.000000
Q95,77,0,5,0,0.000000,0.000000,0.000000,0.000000
Q95,78,0,5,0,0.000000,0.000000,0.000000,0.000000
Q95,79,0,5,0,0.000000,0.000000,0.000000,0.000000
Q95,80,0,5,0,0.000000,0.000000,0.000000,0.000000
Q95,82,0,5,0,0.000000,0.000000,0.000000,0.000000
Q95,81,1,5,0,0.000000,0.000000,0.000000,0.000000
Q95,84,1,5,0,0.000000,0.000000,0.000000,0.000000
Q95,87,0,5,0,0.000000,0.000000,0.000000,0.000000
Q95,86,0,5,0,0.000000,0.000000,0.000000,0.000000
Q95,88,1,5,0,0.000000,0.000000,0.000000,0.000000
Q95,85,1,5,1,0.200000,1.000000,0.200000,0.333333
Q95,83,1,5,0,0.000000,0.000000,0.000000,0.000000
Q95,90,0,5,0,0.000000,0.000000,0.000000,0.000000
Q95,91,1,5,1,0.200000,1.000000,0.200000,0.333333
Q95,89,1,5,1,0.200000,1.000000,0.200000,0.333333
Q95,93,0,5,0,0.000000,0.000000,0.000000,0.000000
Q95,92,0,5,0,0.000000,0.000000,0.000000,0.000000
Q95,94,0,5,0,0.000000,0.000000,0.000000,0.000000
Q95,95,0,5,0,0.000000,0.000000,0.000000,0.000000
Q95,97,0,5,0,0.000000,0.000000,0.000000,0.000000
Q95,98,0,5,0,0.000000,0.000000,0.000000,0.000000
Q95,96,0,5,0,0.000000,0.000000,0.000000,0.000000
Q95,99,1,5,1,0.200000,1.000000,0.200000,0.333333
Q96,3,1,8,0,0.000000,0.000000,0.000000,0.000000
Q96,1,1,8,0,0.000000,0.000000,0.000000,0.000000
Q95,100,1,5,1,0.200000,1.000000,0.200000,0.333333
Q96,4,1,8,0,0.000000,0.000000,0.000000,0.000000
Q96,2,1,8,0,0.000000,0.000000,0.000000,0.000000
Q96,8,1,8,0,0.000000,0.000000,0.000000,0.000000
Q96,5,1,8,0,0.000000,0.000000,0.000000,0.000000
Q96,6,1,8,0,0.000000,0.000000,0.000000,0.000000
Q96,7,1,8,0,0.000000,0.000000,0.000000,0.000000
Q96,9,1,8,0,0.000000,0.000000,0.000000,0.000000
Q96,14,0,8,0,0.000000,0.000000,0.000000,0.000000
Q96,11,1,8,0,0.000000,0.000000,0.000000,0.000000
Q96,10,2,8,1,0.111111,0.500000,0.125000,0.200000
Q96,13,1,8,0,0.000000,0.000000,0.000000,0.000000
Q96,12,1,8,0,0.000000,0.000000,0.000000,0.000000
Q96,15,1,8,0,0.000000,0.000000,0.000000,0.000000
Q96,17,1,8,0,0.000000,0.000000,0.000000,0.000000
Q96,16,1,8,0,0.000000,0.000000,0.000000,0.000000
Q96,18,1,8,0,0.000000,0.000000,0.000000,0.000000
Q96,19,1,8,0,0.000000,0.000000,0.000000,0.000000
Q96,21,1,8,0,0.000000,0.000000,0.000000,0.000000
Q96,20,1,8,0,0.000000,0.000000,0.000000,0.000000
Q96,24,1,8,0,0.000000,0.000000,0.000000,0.000000
Q96,22,1,8,0,0.000000,0.000000,0.000000,0.000000
Q96,23,1,8,0,0.000000,0.000000,0.000000,0.000000
Q96,25,1,8,0,0.000000,0.000000,0.000000,0.000000
Q96,26,1,8,0,0.000000,0.000000,0.000000,0.000000
Q96,27,1,8,0,0.000000,0.000000,0.000000,0.000000
Q96,28,1,8,0,0.000000,0.000000,0.000000,0.000000
Q96,29,1,8,0,0.000000,0.000000,0.000000,0.000000
Q96,30,1,8,0,0.000000,0.000000,0.000000,0.000000
Q96,31,1,8,0,0.000000,0.000000,0.000000,0.000000
Q96,32,1,8,0,0.000000,0.000000,0.000000,0.000000
Q96,33,1,8,0,0.000000,0.000000,0.000000,0.000000
Q96,35,1,8,0,0.000000,0.000000,0.000000,0.000000
Q96,34,1,8,0,0.000000,0.000000,0.000000,0.000000
Q96,36,1,8,0,0.000000,0.000000,0.000000,0.000000
Q96,38,2,8,1,0.111111,0.500000,0.125000,0.200000
Q96,37,2,8,1,0.111111,0.500000,0.125000,0.200000
Q96,40,1,8,0,0.000000,0.000000,0.000000,0.000000
Q96,39,1,8,0,0.000000,0.000000,0.000000,0.000000
Q96,41,1,8,0,0.000000,0.000000,0.000000,0.000000
Q96,44,1,8,0,0.000000,0.000000,0.000000,0.000000
Q96,42,1,8,0,0.000000,0.000000,0.000000,0.000000
Q96,46,1,8,0,0.000000,0.000000,0.000000,0.000000
Q96,45,1,8,0,0.000000,0.000000,0.000000,0.000000
Q96,47,1,8,0,0.000000,0.000000,0.000000,0.000000
Q96,43,1,8,0,0.000000,0.000000,0.000000,0.000000
Q96,48,1,8,0,0.000000,0.000000,0.000000,0.000000
Q96,49,1,8,0,0.000000,0.000000,0.000000,0.000000
Q96,50,1,8,0,0.000000,0.000000,0.000000,0.000000
Q96,51,1,8,0,0.000000,0.000000,0.000000,0.000000
Q96,52,1,8,0,0.000000,0.000000,0.000000,0.000000
Q96,54,1,8,0,0.000000,0.000000,0.000000,0.000000
Q96,55,1,8,0,0.000000,0.000000,0.000000,0.000000
Q96,53,2,8,1,0.111111,0.500000,0.125000,0.200000
Q96,56,2,8,1,0.111111,0.500000,0.125000,0.200000
Q96,57,2,8,1,0.111111,0.500000,0.125000,0.200000
Q96,59,1,8,0,0.000000,0.000000,0.000000,0.000000
Q96,61,1,8,0,0.000000,0.000000,0.000000,0.000000
Q96,60,1,8,0,0.000000,0.000000,0.000000,0.000000
Q96,63,1,8,0,0.000000,0.000000,0.000000,0.000000
Q96,62,1,8,0,0.000000,0.000000,0.000000,0.000000
Q96,64,1,8,0,0.000000,0.000000,0.000000,0.000000
Q96,65,1,8,0,0.000000,0.000000,0.000000,0.000000
Q96,58,1,8,0,0.000000,0.000000,0.000000,0.000000
Q96,66,1,8,0,0.000000,0.000000,0.000000,0.000000
Q96,67,1,8,0,0.000000,0.000000,0.000000,0.000000
Q96,69,1,8,0,0.000000,0.000000,0.000000,0.000000
Q96,70,1,8,0,0.000000,0.000000,0.000000,0.000000
Q96,71,1,8,0,0.000000,0.000000,0.000000,0.000000
Q96,68,2,8,1,0.111111,0.500000,0.125000,0.200000
Q96,72,1,8,0,0.000000,0.000000,0.000000,0.000000
Q96,73,2,8,1,0.111111,0.500000,0.125000,0.200000
Q96,75,1,8,0,0.000000,0.000000,0.000000,0.000000
Q96,76,1,8,0,0.000000,0.000000,0.000000,0.000000
Q96,77,1,8,0,0.000000,0.000000,0.000000,0.000000
Q96,79,1,8,0,0.000000,0.000000,0.000000,0.000000
Q96,74,1,8,0,0.000000,0.000000,0.000000,0.000000
Q96,80,1,8,0,0.000000,0.000000,0.000000,0.000000
Q96,78,1,8,0,0.000000,0.000000,0.000000,0.000000
Q96,81,1,8,0,0.000000,0.000000,0.000000,0.000000
Q96,82,1,8,0,0.000000,0.000000,0.000000,0.000000
Q96,83,1,8,0,0.000000,0.000000,0.000000,0.000000
Q96,84,1,8,0,0.000000,0.000000,0.000000,0.000000
Q96,85,1,8,0,0.000000,0.000000,0.000000,0.000000
Q96,86,1,8,0,0.000000,0.000000,0.000000,0.000000
Q96,89,1,8,0,0.000000,0.000000,0.000000,0.000000
Q96,88,1,8,0,0.000000,0.000000,0.000000,0.000000
Q96,87,1,8,0,0.000000,0.000000,0.000000,0.000000
Q96,90,1,8,0,0.000000,0.000000,0.000000,0.000000
Q96,91,1,8,0,0.000000,0.000000,0.000000,0.000000
Q96,92,1,8,0,0.000000,0.000000,0.000000,0.000000
Q96,93,1,8,0,0.000000,0.000000,0.000000,0.000000
Q96,94,1,8,0,0.000000,0.000000,0.000000,0.000000
Q96,96,1,8,0,0.000000,0.000000,0.000000,0.000000
Q96,95,1,8,0,0.000000,0.000000,0.000000,0.000000
Q96,97,1,8,0,0.000000,0.000000,0.000000,0.000000
Q96,99,1,8,0,0.000000,0.000000,0.000000,0.000000
Q97,1,0,5,0,0.000000,0.000000,0.000000,0.000000
Q97,2,0,5,0,0.000000,0.000000,0.000000,0.000000
Q96,100,1,8,0,0.000000,0.000000,0.000000,0.000000
Q96,98,2,8,1,0.111111,0.500000,0.125000,0.200000
Q97,6,0,5,0,0.000000,0.000000,0.000000,0.000000
Q97,8,0,5,0,0.000000,0.000000,0.000000,0.000000
Q97,4,1,5,0,0.000000,0.000000,0.000000,0.000000
Q97,5,0,5,0,0.000000,0.000000,0.000000,0.000000
Q97,3,1,5,0,0.000000,0.000000,0.000000,0.000000
Q97,9,0,5,0,0.000000,0.000000,0.000000,0.000000
Q97,10,0,5,0,0.000000,0.000000,0.000000,0.000000
Q97,7,0,5,0,0.000000,0.000000,0.000000,0.000000
Q97,11,0,5,0,0.000000,0.000000,0.000000,0.000000
Q97,13,0,5,0,0.000000,0.000000,0.000000,0.000000
Q97,12,1,5,0,0.000000,0.000000,0.000000,0.000000
Q97,14,0,5,0,0.000000,0.000000,0.000000,0.000000
Q97,16,0,5,0,0.000000,0.000000,0.000000,0.000000
Q97,15,0,5,0,0.000000,0.000000,0.000000,0.000000
Q97,17,0,5,0,0.000000,0.000000,0.000000,0.000000
Q97,18,0,5,0,0.000000,0.000000,0.000000,0.000000
Q97,19,2,5,1,0.166667,0.500000,0.200000,0.285714
Q97,20,0,5,0,0.000000,0.000000,0.000000,0.000000
Q97,21,0,5,0,0.000000,0.000000,0.000000,0.000000
Q97,22,0,5,0,0.000000,0.000000,0.000000,0.000000
Q97,23,0,5,0,0.000000,0.000000,0.000000,0.000000
Q97,25,1,5,0,0.000000,0.000000,0.000000,0.000000
Q97,27,0,5,0,0.000000,0.000000,0.000000,0.000000
Q97,26,1,5,0,0.000000,0.000000,0.000000,0.000000
Q97,28,1,5,0,0.000000,0.000000,0.000000,0.000000
Q97,24,0,5,0,0.000000,0.000000,0.000000,0.000000
Q97,29,0,5,0,0.000000,0.000000,0.000000,0.000000
Q97,30,0,5,0,0.000000,0.000000,0.000000,0.000000
Q97,33,0,5,0,0.000000,0.000000,0.000000,0.000000
Q97,31,0,5,0,0.000000,0.000000,0.000000,0.000000
Q97,32,1,5,0,0.000000,0.000000,0.000000,0.000000
Q97,34,0,5,0,0.000000,0.000000,0.000000,0.000000
Q97,35,0,5,0,0.000000,0.000000,0.000000,0.000000
Q97,36,0,5,0,0.000000,0.000000,0.000000,0.000000
Q97,37,0,5,0,0.000000,0.000000,0.000000,0.000000
Q97,40,0,5,0,0.000000,0.000000,0.000000,0.000000
Q97,41,0,5,0,0.000000,0.000000,0.000000,0.000000
Q97,39,0,5,0,0.000000,0.000000,0.000000,0.000000
Q97,38,0,5,0,0.000000,0.000000,0.000000,0.000000
Q97,42,0,5,0,0.000000,0.000000,0.000000,0.000000
Q97,44,1,5,0,0.000000,0.000000,0.000000,0.000000
Q97,45,0,5,0,0.000000,0.000000,0.000000,0.000000
Q97,47,0,5,0,0.000000,0.000000,0.000000,0.000000
Q97,46,0,5,0,0.000000,0.000000,0.000000,0.000000
Q97,43,0,5,0,0.000000,0.000000,0.000000,0.000000
Q97,48,0,5,0,0.000000,0.000000,0.000000,0.000000
Q97,49,1,5,0,0.000000,0.000000,0.000000,0.000000
Q97,53,0,5,0,0.000000,0.000000,0.000000,0.000000
Q97,52,0,5,0,0.000000,0.000000,0.000000,0.000000
Q97,54,0,5,0,0.000000,0.000000,0.000000,0.000000
Q97,51,0,5,0,0.000000,0.000000,0.000000,0.000000
Q97,50,0,5,0,0.000000,0.000000,0.000000,0.000000
Q97,55,0,5,0,0.000000,0.000000,0.000000,0.000000
Q97,57,0,5,0,0.000000,0.000000,0.000000,0.000000
Q97,58,0,5,0,0.000000,0.000000,0.000000,0.000000
Q97,59,1,5,0,0.000000,0.000000,0.000000,0.000000
Q97,61,0,5,0,0.000000,0.000000,0.000000,0.000000
Q97,60,0,5,0,0.000000,0.000000,0.000000,0.000000
Q97,62,0,5,0,0.000000,0.000000,0.000000,0.000000
Q97,63,0,5,0,0.000000,0.000000,0.000000,0.000000
Q97,64,0,5,0,0.000000,0.000000,0.000000,0.000000
Q97,56,0,5,0,0.000000,0.000000,0.000000,0.000000
Q97,65,1,5,0,0.000000,0.000000,0.000000,0.000000
Q97,67,0,5,0,0.000000,0.000000,0.000000,0.000000
Q97,66,0,5,0,0.000000,0.000000,0.000000,0.000000
Q97,68,0,5,0,0.000000,0.000000,0.000000,0.000000
Q97,70,0,5,0,0.000000,0.000000,0.000000,0.000000
Q97,72,0,5,0,0.000000,0.000000,0.000000,0.000000
Q97,71,0,5,0,0.000000,0.000000,0.000000,0.000000
Q97,74,0,5,0,0.000000,0.000000,0.000000,0.000000
Q97,73,0,5,0,0.000000,0.000000,0.000000,0.000000
Q97,76,0,5,0,0.000000,0.000000,0.000000,0.000000
Q97,69,1,5,0,0.000000,0.000000,0.000000,0.000000
Q97,79,0,5,0,0.000000,0.000000,0.000000,0.000000
Q97,77,1,5,1,0.200000,1.000000,0.200000,0.333333
Q97,78,1,5,0,0.000000,0.000000,0.000000,0.000000
Q97,81,0,5,0,0.000000,0.000000,0.000000,0.000000
Q97,82,0,5,0,0.000000,0.000000,0.000000,0.000000
Q97,75,1,5,1,0.200000,1.000000,0.200000,0.333333
Q97,80,1,5,0,0.000000,0.000000,0.000000,0.000000
Q97,83,0,5,0,0.000000,0.000000,0.000000,0.000000
Q97,84,0,5,0,0.000000,0.000000,0.000000,0.000000
Q97,85,1,5,1,0.200000,1.000000,0.200000,0.333333
Q97,86,0,5,0,0.000000,0.000000,0.000000,0.000000
Q97,88,0,5,0,0.000000,0.000000,0.000000,0.000000
Q97,87,1,5,0,0.000000,0.000000,0.000000,0.000000
Q97,89,0,5,0,0.000000,0.000000,0.000000,0.000000
Q97,90,0,5,0,0.000000,0.000000,0.000000,0.000000
Q97,92,0,5,0,0.000000,0.000000,0.000000,0.000000
Q97,93,0,5,0,0.000000,0.000000,0.000000,0.000000
Q97,91,0,5,0,0.000000,0.000000,0.000000,0.000000
Q97,95,0,5,0,0.000000,0.000000,0.000000,0.000000
Q97,94,0,5,0,0.000000,0.000000,0.000000,0.000000
Q97,96,0,5,0,0.000000,0.000000,0.000000,0.000000
Q97,98,0,5,0,0.000000,0.000000,0.000000,0.000000
Q98,1,0,1,0,0.000000,0.000000,0.000000,0.000000
Q97,100,0,5,0,0.000000,0.000000,0.000000,0.000000
Q97,99,1,5,0,0.000000,0.000000,0.000000,0.000000
Q98,2,0,1,0,0.000000,0.000000,0.000000,0.000000
Q98,3,0,1,0,0.000000,0.000000,0.000000,0.000000
Q97,97,0,5,0,0.000000,0.000000,0.000000,0.000000
Q98,6,0,1,0,0.000000,0.000000,0.000000,0.000000
Q98,5,0,1,0,0.000000,0.000000,0.000000,0.000000
Q98,4,0,1,0,0.000000,0.000000,0.000000,0.000000
Q98,7,0,1,0,0.000000,0.000000,0.000000,0.000000
Q98,11,0,1,0,0.000000,0.000000,0.000000,0.000000
Q98,10,0,1,0,0.000000,0.000000,0.000000,0.000000
Q98,8,1,1,0,0.000000,0.000000,0.000000,0.000000
Q98,12,0,1,0,0.000000,0.000000,0.000000,0.000000
Q98,13,0,1,0,0.000000,0.000000,0.000000,0.000000
Q98,15,0,1,0,0.000000,0.000000,0.000000,0.000000
Q98,9,0,1,0,0.000000,0.000000,0.000000,0.000000
Q98,14,0,1,0,0.000000,0.000000,0.000000,0.000000
Q98,16,0,1,0,0.000000,0.000000,0.000000,0.000000
Q98,18,0,1,0,0.000000,0.000000,0.000000,0.000000
Q98,20,0,1,0,0.000000,0.000000,0.000000,0.000000
Q98,21,0,1,0,0.000000,0.000000,0.000000,0.000000
Q98,22,0,1,0,0.000000,0.000000,0.000000,0.000000
Q98,19,0,1,0,0.000000,0.000000,0.000000,0.000000
Q98,23,0,1,0,0.000000,0.000000,0.000000,0.000000
Q98,25,0,1,0,0.000000,0.000000,0.000000,0.000000
Q98,17,0,1,0,0.000000,0.000000,0.000000,0.000000
Q98,27,0,1,0,0.000000,0.000000,0.000000,0.000000
Q98,24,0,1,0,0.000000,0.000000,0.000000,0.000000
Q98,26,0,1,0,0.000000,0.000000,0.000000,0.000000
Q98,29,0,1,0,0.000000,0.000000,0.000000,0.000000
Q98,28,0,1,0,0.000000,0.000000,0.000000,0.000000
Q98,32,0,1,0,0.000000,0.000000,0.000000,0.000000
Q98,30,0,1,0,0.000000,0.000000,0.000000,0.000000
Q98,31,0,1,0,0.000000,0.000000,0.000000,0.000000
Q98,33,0,1,0,0.000000,0.000000,0.000000,0.000000
Q98,34,0,1,0,0.000000,0.000000,0.000000,0.000000
Q98,36,0,1,0,0.000000,0.000000,0.000000,0.000000
Q98,38,0,1,0,0.000000,0.000000,0.000000,0.000000
Q98,35,0,1,0,0.000000,0.000000,0.000000,0.000000
Q98,40,0,1,0,0.000000,0.000000,0.000000,0.000000
Q98,41,0,1,0,0.000000,0.000000,0.000000,0.000000
Q98,37,0,1,0,0.000000,0.000000,0.000000,0.000000
Q98,39,0,1,0,0.000000,0.000000,0.000000,0.000000
Q98,43,0,1,0,0.000000,0.000000,0.000000,0.000000
Q98,42,0,1,0,0.000000,0.000000,0.000000,0.000000
Q98,46,0,1,0,0.000000,0.000000,0.000000,0.000000
Q98,45,0,1,0,0.000000,0.000000,0.000000,0.000000
Q98,48,0,1,0,0.000000,0.000000,0.000000,0.000000
Q98,44,0,1,0,0.000000,0.000000,0.000000,0.000000
Q98,47,0,1,0,0.000000,0.000000,0.000000,0.000000
Q98,49,0,1,0,0.000000,0.000000,0.000000,0.000000
Q98,50,0,1,0,0.000000,0.000000,0.000000,0.000000
Q98,52,0,1,0,0.000000,0.000000,0.000000,0.000000
Q98,53,0,1,0,0.000000,0.000000,0.000000,0.000000
Q98,51,0,1,0,0.000000,0.000000,0.000000,0.000000
Q98,55,0,1,0,0.000000,0.000000,0.000000,0.000000
Q98,58,0,1,0,0.000000,0.000000,0.000000,0.000000
Q98,57,0,1,0,0.000000,0.000000,0.000000,0.000000
Q98,59,0,1,0,0.000000,0.000000,0.000000,0.000000
Q98,60,0,1,0,0.000000,0.000000,0.000000,0.000000
Q98,56,0,1,0,0.000000,0.000000,0.000000,0.000000
Q98,54,2,1,0,0.000000,0.000000,0.000000,0.000000
Q98,61,0,1,0,0.000000,0.000000,0.000000,0.000000
Q98,65,0,1,0,0.000000,0.000000,0.000000,0.000000
Q98,64,0,1,0,0.000000,0.000000,0.000000,0.000000
Q98,62,0,1,0,0.000000,0.000000,0.000000,0.000000
Q98,63,0,1,0,0.000000,0.000000,0.000000,0.000000
Q98,67,0,1,0,0.000000,0.000000,0.000000,0.000000
Q98,66,2,1,1,0.500000,0.500000,1.000000,0.666667
Q98,68,0,1,0,0.000000,0.000000,0.000000,0.000000
Q98,70,0,1,0,0.000000,0.000000,0.000000,0.000000
Q98,69,0,1,0,0.000000,0.000000,0.000000,0.000000
Q98,73,0,1,0,0.000000,0.000000,0.000000,0.000000
Q98,74,0,1,0,0.000000,0.000000,0.000000,0.000000
Q98,71,1,1,0,0.000000,0.000000,0.000000,0.000000
Q98,72,1,1,0,0.000000,0.000000,0.000000,0.000000
Q98,76,0,1,0,0.000000,0.000000,0.000000,0.000000
Q98,75,1,1,0,0.000000,0.000000,0.000000,0.000000
Q98,77,0,1,0,0.000000,0.000000,0.000000,0.000000
Q98,78,0,1,0,0.000000,0.000000,0.000000,0.000000
Q98,80,0,1,0,0.000000,0.000000,0.000000,0.000000
Q98,79,0,1,0,0.000000,0.000000,0.000000,0.000000
Q98,82,0,1,0,0.000000,0.000000,0.000000,0.000000
Q98,83,0,1,0,0.000000,0.000000,0.000000,0.000000
Q98,81,2,1,1,0.500000,0.500000,1.000000,0.666667
Q98,84,0,1,0,0.000000,0.000000,0.000000,0.000000
Q98,87,0,1,0,0.000000,0.000000,0.000000,0.000000
Q98,86,0,1,0,0.000000,0.000000,0.000000,0.000000
Q98,88,0,1,0,0.000000,0.000000,0.000000,0.000000
Q98,85,0,1,0,0.000000,0.000000,0.000000,0.000000
Q98,89,0,1,0,0.000000,0.000000,0.000000,0.000000
Q98,91,0,1,0,0.000000,0.000000,0.000000,0.000000
Q98,90,0,1,0,0.000000,0.000000,0.000000,0.000000
Q98,93,0,1,0,0.000000,0.000000,0.000000,0.000000
Q98,92,0,1,0,0.000000,0.000000,0.000000,0.000000
Q98,94,0,1,0,0.000000,0.000000,0.000000,0.000000
Q98,96,0,1,0,0.000000,0.000000,0.000000,0.000000
Q98,95,1,1,0,0.000000,0.000000,0.000000,0.000000
Q98,98,0,1,0,0.000000,0.000000,0.000000,0.000000
Q98,99,0,1,0,0.000000,0.000000,0.000000,0.000000
Q98,97,0,1,0,0.000000,0.000000,0.000000,0.000000
Q98,100,0,1,0,0.000000,0.000000,0.000000,0.000000
Q99,2,0,5,0,0.000000,0.000000,0.000000,0.000000
Q99,3,0,5,0,0.000000,0.000000,0.000000,0.000000
Q99,4,0,5,0,0.000000,0.000000,0.000000,0.000000
Q99,6,0,5,0,0.000000,0.000000,0.000000,0.000000
Q99,5,0,5,0,0.000000,0.000000,0.000000,0.000000
Q99,7,0,5,0,0.000000,0.000000,0.000000,0.000000
Q99,1,0,5,0,0.000000,0.000000,0.000000,0.000000
Q99,8,0,5,0,0.000000,0.000000,0.000000,0.000000
Q99,10,0,5,0,0.000000,0.000000,0.000000,0.000000
Q99,11,0,5,0,0.000000,0.000000,0.000000,0.000000
Q99,12,0,5,0,0.000000,0.000000,0.000000,0.000000
Q99,9,0,5,0,0.000000,0.000000,0.000000,0.000000
Q99,14,0,5,0,0.000000,0.000000,0.000000,0.000000
Q99,13,0,5,0,0.000000,0.000000,0.000000,0.000000
Q99,16,0,5,0,0.000000,0.000000,0.000000,0.000000
Q99,15,0,5,0,0.000000,0.000000,0.000000,0.000000
Q99,17,0,5,0,0.000000,0.000000,0.000000,0.000000
Q99,19,0,5,0,0.000000,0.000000,0.000000,0.000000
Q99,20,0,5,0,0.000000,0.000000,0.000000,0.000000
Q99,18,0,5,0,0.000000,0.000000,0.000000,0.000000
Q99,22,0,5,0,0.000000,0.000000,0.000000,0.000000
Q99,21,0,5,0,0.000000,0.000000,0.000000,0.000000
Q99,23,0,5,0,0.000000,0.000000,0.000000,0.000000
Q99,24,0,5,0,0.000000,0.000000,0.000000,0.000000
Q99,25,0,5,0,0.000000,0.000000,0.000000,0.000000
Q99,26,0,5,0,0.000000,0.000000,0.000000,0.000000
Q99,28,0,5,0,0.000000,0.000000,0.000000,0.000000
Q99,27,0,5,0,0.000000,0.000000,0.000000,0.000000
Q99,29,0,5,0,0.000000,0.000000,0.000000,0.000000
Q99,30,0,5,0,0.000000,0.000000,0.000000,0.000000
Q99,32,0,5,0,0.000000,0.000000,0.000000,0.000000
Q99,31,0,5,0,0.000000,0.000000,0.000000,0.000000
Q99,34,0,5,0,0.000000,0.000000,0.000000,0.000000
Q99,33,0,5,0,0.000000,0.000000,0.000000,0.000000
Q99,35,0,5,0,0.000000,0.000000,0.000000,0.000000
Q99,36,0,5,0,0.000000,0.000000,0.000000,0.000000
Q99,40,0,5,0,0.000000,0.000000,0.000000,0.000000
Q99,39,0,5,0,0.000000,0.000000,0.000000,0.000000
Q99,38,0,5,0,0.000000,0.000000,0.000000,0.000000
Q99,41,0,5,0,0.000000,0.000000,0.000000,0.000000
Q99,42,0,5,0,0.000000,0.000000,0.000000,0.000000
Q99,37,0,5,0,0.000000,0.000000,0.000000,0.000000
Q99,43,0,5,0,0.000000,0.000000,0.000000,0.000000
Q99,46,0,5,0,0.000000,0.000000,0.000000,0.000000
Q99,47,0,5,0,0.000000,0.000000,0.000000,0.000000
Q99,44,0,5,0,0.000000,0.000000,0.000000,0.000000
Q99,49,0,5,0,0.000000,0.000000,0.000000,0.000000
Q99,50,0,5,0,0.000000,0.000000,0.000000,0.000000
Q99,45,0,5,0,0.000000,0.000000,0.000000,0.000000
Q99,52,0,5,0,0.000000,0.000000,0.000000,0.000000
Q99,48,0,5,0,0.000000,0.000000,0.000000,0.000000
Q99,51,0,5,0,0.000000,0.000000,0.000000,0.000000
Q99,53,0,5,0,0.000000,0.000000,0.000000,0.000000
Q99,55,0,5,0,0.000000,0.000000,0.000000,0.000000
Q99,54,0,5,0,0.000000,0.000000,0.000000,0.000000
Q99,56,0,5,0,0.000000,0.000000,0.000000,0.000000
Q99,57,0,5,0,0.000000,0.000000,0.000000,0.000000
Q99,58,0,5,0,0.000000,0.000000,0.000000,0.000000
Q99,59,0,5,0,0.000000,0.000000,0.000000,0.000000
Q99,61,0,5,0,0.000000,0.000000,0.000000,0.000000
Q99,60,0,5,0,0.000000,0.000000,0.000000,0.000000
Q99,63,0,5,0,0.000000,0.000000,0.000000,0.000000
Q99,62,0,5,0,0.000000,0.000000,0.000000,0.000000
Q99,65,0,5,0,0.000000,0.000000,0.000000,0.000000
Q99,64,0,5,0,0.000000,0.000000,0.000000,0.000000
Q99,66,0,5,0,0.000000,0.000000,0.000000,0.000000
Q99,69,0,5,0,0.000000,0.000000,0.000000,0.000000
Q99,68,0,5,0,0.000000,0.000000,0.000000,0.000000
Q99,70,0,5,0,0.000000,0.000000,0.000000,0.000000
Q99,71,0,5,0,0.000000,0.000000,0.000000,0.000000
Q99,67,0,5,0,0.000000,0.000000,0.000000,0.000000
Q99,72,0,5,0,0.000000,0.000000,0.000000,0.000000
Q99,74,0,5,0,0.000000,0.000000,0.000000,0.000000
Q99,76,0,5,0,0.000000,0.000000,0.000000,0.000000
Q99,77,0,5,0,0.000000,0.000000,0.000000,0.000000
Q99,73,0,5,0,0.000000,0.000000,0.000000,0.000000
Q99,75,0,5,0,0.000000,0.000000,0.000000,0.000000
Q99,79,0,5,0,0.000000,0.000000,0.000000,0.000000
Q99,78,0,5,0,0.000000,0.000000,0.000000,0.000000
Q99,80,0,5,0,0.000000,0.000000,0.000000,0.000000
Q99,82,0,5,0,0.000000,0.000000,0.000000,0.000000
Q99,84,0,5,0,0.000000,0.000000,0.000000,0.000000
Q99,85,0,5,0,0.000000,0.000000,0.000000,0.000000
Q99,83,0,5,0,0.000000,0.000000,0.000000,0.000000
Q99,86,0,5,0,0.000000,0.000000,0.000000,0.000000
Q99,87,0,5,0,0.000000,0.000000,0.000000,0.000000
Q99,81,0,5,0,0.000000,0.000000,0.000000,0.000000
Q99,88,0,5,0,0.000000,0.000000,0.000000,0.000000
Q99,90,0,5,0,0.000000,0.000000,0.000000,0.000000
Q99,89,0,5,0,0.000000,0.000000,0.000000,0.000000
Q99,91,0,5,0,0.000000,0.000000,0.000000,0.000000
Q99,94,0,5,0,0.000000,0.000000,0.000000,0.000000
Q99,93,0,5,0,0.000000,0.000000,0.000000,0.000000
Q99,92,0,5,0,0.000000,0.000000,0.000000,0.000000
Q99,97,0,5,0,0.000000,0.000000,0.000000,0.000000
Q99,95,0,5,0,0.000000,0.000000,0.000000,0.000000
Q99,96,0,5,0,0.000000,0.000000,0.000000,0.000000
Q99,98,0,5,0,0.000000,0.000000,0.000000,0.000000
Q99,99,0,5,0,0.000000,0.000000,0.000000,0.000000
Q100,2,1,2,1,0.500000,1.000000,0.500000,0.666667
Q99,100,0,5,0,0.000000,0.000000,0.000000,0.000000
Q100,3,1,2,1,0.500000,1.000000,0.500000,0.666667
Q100,4,1,2,1,0.500000,1.000000,0.500000,0.666667
Q100,1,2,2,1,0.333333,0.500000,0.500000,0.500000
Q100,5,1,2,1,0.500000,1.000000,0.500000,0.666667
Q100,6,1,2,1,0.500000,1.000000,0.500000,0.666667
Q100,8,1,2,1,0.500000,1.000000,0.500000,0.666667
Q100,7,2,2,1,0.333333,0.500000,0.500000,0.500000
Q100,9,1,2,1,0.500000,1.000000,0.500000,0.666667
Q100,11,1,2,1,0.500000,1.000000,0.500000,0.666667
Q100,10,1,2,1,0.500000,1.000000,0.500000,0.666667
Q100,12,1,2,1,0.500000,1.000000,0.500000,0.666667
Q100,13,1,2,1,0.500000,1.000000,0.500000,0.666667
Q100,16,1,2,1,0.500000,1.000000,0.500000,0.666667
Q100,14,1,2,1,0.500000,1.000000,0.500000,0.666667
Q100,15,1,2,1,0.500000,1.000000,0.500000,0.666667
Q100,18,1,2,1,0.500000,1.000000,0.500000,0.666667
Q100,17,1,2,1,0.500000,1.000000,0.500000,0.666667
Q100,19,1,2,1,0.500000,1.000000,0.500000,0.666667
Q100,21,1,2,1,0.500000,1.000000,0.500000,0.666667
Q100,23,1,2,1,0.500000,1.000000,0.500000,0.666667
Q100,20,1,2,1,0.500000,1.000000,0.500000,0.666667
Q100,22,1,2,1,0.500000,1.000000,0.500000,0.666667
Q100,24,1,2,1,0.500000,1.000000,0.500000,0.666667
Q100,25,1,2,1,0.500000,1.000000,0.500000,0.666667
Q100,26,1,2,1,0.500000,1.000000,0.500000,0.666667
Q100,29,1,2,1,0.500000,1.000000,0.500000,0.666667
Q100,28,1,2,1,0.500000,1.000000,0.500000,0.666667
Q100,27,1,2,1,0.500000,1.000000,0.500000,0.666667
Q100,31,1,2,1,0.500000,1.000000,0.500000,0.666667
Q100,32,1,2,0,0.000000,0.000000,0.000000,0.000000
Q100,30,1,2,1,0.500000,1.000000,0.500000,0.666667
Q100,36,1,2,1,0.500000,1.000000,0.500000,0.666667
Q100,35,1,2,1,0.500000,1.000000,0.500000,0.666667
Q100,33,1,2,1,0.500000,1.000000,0.500000,0.666667
Q100,34,1,2,1,0.500000,1.000000,0.500000,0.666667
Q100,38,1,2,1,0.500000,1.000000,0.500000,0.666667
Q100,37,1,2,1,0.500000,1.000000,0.500000,0.666667
Q100,41,1,2,1,0.500000,1.000000,0.500000,0.666667
Q100,39,1,2,1,0.500000,1.000000,0.500000,0.666667
Q100,40,1,2,1,0.500000,1.000000,0.500000,0.666667
Q100,42,1,2,1,0.500000,1.000000,0.500000,0.666667
Q100,43,1,2,1,0.500000,1.000000,0.500000,0.666667
Q100,44,1,2,1,0.500000,1.000000,0.500000,0.666667
Q100,48,1,2,1,0.500000,1.000000,0.500000,0.666667
Q100,45,1,2,1,0.500000,1.000000,0.500000,0.666667
Q100,46,1,2,1,0.500000,1.000000,0.500000,0.666667
Q100,49,1,2,1,0.500000,1.000000,0.500000,0.666667
Q100,47,1,2,1,0.500000,1.000000,0.500000,0.666667
Q100,51,1,2,1,0.500000,1.000000,0.500000,0.666667
Q100,50,1,2,1,0.500000,1.000000,0.500000,0.666667
Q100,52,1,2,1,0.500000,1.000000,0.500000,0.666667
Q100,53,1,2,1,0.500000,1.000000,0.500000,0.666667
Q100,54,1,2,1,0.500000,1.000000,0.500000,0.666667
Q100,55,1,2,1,0.500000,1.000000,0.500000,0.666667
Q100,56,1,2,1,0.500000,1.000000,0.500000,0.666667
Q100,59,1,2,0,0.000000,0.000000,0.000000,0.000000
Q100,57,1,2,1,0.500000,1.000000,0.500000,0.666667
Q100,60,1,2,1,0.500000,1.000000,0.500000,0.666667
Q100,61,1,2,1,0.500000,1.000000,0.500000,0.666667
Q100,58,1,2,1,0.500000,1.000000,0.500000,0.666667
Q100,62,1,2,1,0.500000,1.000000,0.500000,0.666667
Q100,63,1,2,1,0.500000,1.000000,0.500000,0.666667
Q100,64,1,2,1,0.500000,1.000000,0.500000,0.666667
Q100,67,1,2,1,0.500000,1.000000,0.500000,0.666667
Q100,65,1,2,1,0.500000,1.000000,0.500000,0.666667
Q100,66,1,2,1,0.500000,1.000000,0.500000,0.666667
Q100,68,1,2,1,0.500000,1.000000,0.500000,0.666667
Q100,69,1,2,1,0.500000,1.000000,0.500000,0.666667
Q100,71,1,2,1,0.500000,1.000000,0.500000,0.666667
Q100,73,1,2,1,0.500000,1.000000,0.500000,0.666667
Q100,74,1,2,1,0.500000,1.000000,0.500000,0.666667
Q100,70,1,2,1,0.500000,1.000000,0.500000,0.666667
Q100,72,1,2,1,0.500000,1.000000,0.500000,0.666667
Q100,75,1,2,1,0.500000,1.000000,0.500000,0.666667
Q100,76,1,2,1,0.500000,1.000000,0.500000,0.666667
Q100,79,1,2,1,0.500000,1.000000,0.500000,0.666667
Q100,78,1,2,1,0.500000,1.000000,0.500000,0.666667
Q100,77,1,2,1,0.500000,1.000000,0.500000,0.666667
Q100,80,1,2,1,0.500000,1.000000,0.500000,0.666667
Q100,82,1,2,1,0.500000,1.000000,0.500000,0.666667
Q100,81,1,2,1,0.500000,1.000000,0.500000,0.666667
Q100,83,1,2,1,0.500000,1.000000,0.500000,0.666667
Q100,85,1,2,1,0.500000,1.000000,0.500000,0.666667
Q100,86,1,2,1,0.500000,1.000000,0.500000,0.666667
Q100,88,1,2,1,0.500000,1.000000,0.500000,0.666667
Q100,87,1,2,1,0.500000,1.000000,0.500000,0.666667
Q100,84,1,2,1,0.500000,1.000000,0.500000,0.666667
Q100,90,1,2,1,0.500000,1.000000,0.500000,0.666667
Q100,89,1,2,1,0.500000,1.000000,0.500000,0.666667
Q100,91,1,2,1,0.500000,1.000000,0.500000,0.666667
Q100,92,1,2,1,0.500000,1.000000,0.500000,0.666667
Q100,93,1,2,1,0.500000,1.000000,0.500000,0.666667
Q100,94,0,2,0,0.000000,0.000000,0.000000,0.000000
Q100,95,1,2,1,0.500000,1.000000,0.500000,0.666667
Q100,96,1,2,1,0.500000,1.000000,0.500000,0.666667
Q101,1,0,6,0,0.000000,0.000000,0.000000,0.000000
Q100,98,1,2,1,0.500000,1.000000,0.500000,0.666667
Q100,97,2,2,1,0.333333,0.500000,0.500000,0.500000
Q100,99,1,2,1,0.500000,1.000000,0.500000,0.666667
Q101,5,0,6,0,0.000000,0.000000,0.000000,0.000000
Q101,2,0,6,0,0.000000,0.000000,0.000000,0.000000
Q100,100,1,2,1,0.500000,1.000000,0.500000,0.666667
Q101,6,0,6,0,0.000000,0.000000,0.000000,0.000000
Q101,4,0,6,0,0.000000,0.000000,0.000000,0.000000
Q101,3,0,6,0,0.000000,0.000000,0.000000,0.000000
Q101,9,0,6,0,0.000000,0.000000,0.000000,0.000000
Q101,7,0,6,0,0.000000,0.000000,0.000000,0.000000
Q101,8,0,6,0,0.000000,0.000000,0.000000,0.000000
Q101,10,0,6,0,0.000000,0.000000,0.000000,0.000000
Q101,11,0,6,0,0.000000,0.000000,0.000000,0.000000
Q101,13,0,6,0,0.000000,0.000000,0.000000,0.000000
Q101,15,0,6,0,0.000000,0.000000,0.000000,0.000000
Q101,14,0,6,0,0.000000,0.000000,0.000000,0.000000
Q101,16,0,6,0,0.000000,0.000000,0.000000,0.000000
Q101,12,0,6,0,0.000000,0.000000,0.000000,0.000000
Q101,17,0,6,0,0.000000,0.000000,0.000000,0.000000
Q101,18,0,6,0,0.000000,0.000000,0.000000,0.000000
Q101,20,0,6,0,0.000000,0.000000,0.000000,0.000000
Q101,22,0,6,0,0.000000,0.000000,0.000000,0.000000
Q101,21,0,6,0,0.000000,0.000000,0.000000,0.000000
Q101,24,0,6,0,0.000000,0.000000,0.000000,0.000000
Q101,19,0,6,0,0.000000,0.000000,0.000000,0.000000
Q101,23,0,6,0,0.000000,0.000000,0.000000,0.000000
Q101,28,0,6,0,0.000000,0.000000,0.000000,0.000000
Q101,30,0,6,0,0.000000,0.000000,0.000000,0.000000
Q101,25,0,6,0,0.000000,0.000000,0.000000,0.000000
Q101,29,0,6,0,0.000000,0.000000,0.000000,0.000000
Q101,26,0,6,0,0.000000,0.000000,0.000000,0.000000
Q101,31,0,6,0,0.000000,0.000000,0.000000,0.000000
Q101,32,0,6,0,0.000000,0.000000,0.000000,0.000000
Q101,27,0,6,0,0.000000,0.000000,0.000000,0.000000
Q101,33,0,6,0,0.000000,0.000000,0.000000,0.000000
Q101,35,0,6,0,0.000000,0.000000,0.000000,0.000000
Q101,34,0,6,0,0.000000,0.000000,0.000000,0.000000
Q101,37,0,6,0,0.000000,0.000000,0.000000,0.000000
Q101,39,0,6,0,0.000000,0.000000,0.000000,0.000000
Q101,36,0,6,0,0.000000,0.000000,0.000000,0.000000
Q101,38,0,6,0,0.000000,0.000000,0.000000,0.000000
Q101,42,0,6,0,0.000000,0.000000,0.000000,0.000000
Q101,40,0,6,0,0.000000,0.000000,0.000000,0.000000
Q101,44,0,6,0,0.000000,0.000000,0.000000,0.000000
Q101,45,0,6,0,0.000000,0.000000,0.000000,0.000000
Q101,41,0,6,0,0.000000,0.000000,0.000000,0.000000
Q101,43,0,6,0,0.000000,0.000000,0.000000,0.000000
Q101,48,0,6,0,0.000000,0.000000,0.000000,0.000000
Q101,47,0,6,0,0.000000,0.000000,0.000000,0.000000
Q101,51,0,6,0,0.000000,0.000000,0.000000,0.000000
Q101,49,0,6,0,0.000000,0.000000,0.000000,0.000000
Q101,50,0,6,0,0.000000,0.000000,0.000000,0.000000
Q101,46,0,6,0,0.000000,0.000000,0.000000,0.000000
Q101,55,0,6,0,0.000000,0.000000,0.000000,0.000000
Q101,54,0,6,0,0.000000,0.000000,0.000000,0.000000
Q101,53,0,6,0,0.000000,0.000000,0.000000,0.000000
Q101,57,0,6,0,0.000000,0.000000,0.000000,0.000000
Q101,59,0,6,0,0.000000,0.000000,0.000000,0.000000
Q101,58,0,6,0,0.000000,0.000000,0.000000,0.000000
Q101,56,0,6,0,0.000000,0.000000,0.000000,0.000000
Q101,60,0,6,0,0.000000,0.000000,0.000000,0.000000
Q101,61,0,6,0,0.000000,0.000000,0.000000,0.000000
Q101,62,0,6,0,0.000000,0.000000,0.000000,0.000000
Q101,64,0,6,0,0.000000,0.000000,0.000000,0.000000
Q101,52,0,6,0,0.000000,0.000000,0.000000,0.000000
Q101,65,0,6,0,0.000000,0.000000,0.000000,0.000000
Q101,63,0,6,0,0.000000,0.000000,0.000000,0.000000
Q101,67,0,6,0,0.000000,0.000000,0.000000,0.000000
Q101,66,0,6,0,0.000000,0.000000,0.000000,0.000000
Q101,68,0,6,0,0.000000,0.000000,0.000000,0.000000
Q101,70,0,6,0,0.000000,0.000000,0.000000,0.000000
Q101,69,0,6,0,0.000000,0.000000,0.000000,0.000000
Q101,71,0,6,0,0.000000,0.000000,0.000000,0.000000
Q101,73,0,6,0,0.000000,0.000000,0.000000,0.000000
Q101,74,0,6,0,0.000000,0.000000,0.000000,0.000000
Q101,72,0,6,0,0.000000,0.000000,0.000000,0.000000
Q101,75,0,6,0,0.000000,0.000000,0.000000,0.000000
Q101,76,0,6,0,0.000000,0.000000,0.000000,0.000000
Q101,79,0,6,0,0.000000,0.000000,0.000000,0.000000
Q101,77,0,6,0,0.000000,0.000000,0.000000,0.000000
Q101,78,0,6,0,0.000000,0.000000,0.000000,0.000000
Q101,80,0,6,0,0.000000,0.000000,0.000000,0.000000
Q101,81,0,6,0,0.000000,0.000000,0.000000,0.000000
Q101,82,0,6,0,0.000000,0.000000,0.000000,0.000000
Q101,83,0,6,0,0.000000,0.000000,0.000000,0.000000
Q101,85,0,6,0,0.000000,0.000000,0.000000,0.000000
Q101,84,0,6,0,0.000000,0.000000,0.000000,0.000000
Q101,86,0,6,0,0.000000,0.000000,0.000000,0.000000
Q101,89,0,6,0,0.000000,0.000000,0.000000,0.000000
Q101,90,0,6,0,0.000000,0.000000,0.000000,0.000000
Q101,92,0,6,0,0.000000,0.000000,0.000000,0.000000
Q101,88,0,6,0,0.000000,0.000000,0.000000,0.000000
Q101,91,0,6,0,0.000000,0.000000,0.000000,0.000000
Q101,87,0,6,0,0.000000,0.000000,0.000000,0.000000
Q101,93,0,6,0,0.000000,0.000000,0.000000,0.000000
Q101,95,0,6,0,0.000000,0.000000,0.000000,0.000000
Q101,94,0,6,0,0.000000,0.000000,0.000000,0.000000
Q101,96,0,6,0,0.000000,0.000000,0.000000,0.000000
Q101,97,0,6,0,0.000000,0.000000,0.000000,0.000000
Q101,99,0,6,0,0.000000,0.000000,0.000000,0.000000
Q101,98,0,6,0,0.000000,0.000000,0.000000,0.000000
Q102,1,1,3,0,0.000000,0.000000,0.000000,0.000000
Q101,100,0,6,0,0.000000,0.000000,0.000000,0.000000
Q102,2,1,3,0,0.000000,0.000000,0.000000,0.000000
Q102,4,1,3,0,0.000000,0.000000,0.000000,0.000000
Q102,5,1,3,0,0.000000,0.000000,0.000000,0.000000
Q102,3,1,3,0,0.000000,0.000000,0.000000,0.000000
Q102,7,1,3,0,0.000000,0.000000,0.000000,0.000000
Q102,6,1,3,0,0.000000,0.000000,0.000000,0.000000
Q102,9,1,3,0,0.000000,0.000000,0.000000,0.000000
Q102,8,1,3,0,0.000000,0.000000,0.000000,0.000000
Q102,11,1,3,0,0.000000,0.000000,0.000000,0.000000
Q102,13,1,3,0,0.000000,0.000000,0.000000,0.000000
Q102,12,1,3,0,0.000000,0.000000,0.000000,0.000000
Q102,14,1,3,0,0.000000,0.000000,0.000000,0.000000
Q102,10,2,3,0,0.000000,0.000000,0.000000,0.000000
Q102,16,1,3,1,0.333333,1.000000,0.333333,0.500000
Q102,17,1,3,0,0.000000,0.000000,0.000000,0.000000
Q102,15,1,3,1,0.333333,1.000000,0.333333,0.500000
Q102,18,2,3,0,0.000000,0.000000,0.000000,0.000000
Q102,20,1,3,0,0.000000,0.000000,0.000000,0.000000
Q102,19,1,3,1,0.333333,1.000000,0.333333,0.500000
Q102,22,1,3,1,0.333333,1.000000,0.333333,0.500000
Q102,23,1,3,0,0.000000,0.000000,0.000000,0.000000
Q102,21,2,3,1,0.250000,0.500000,0.333333,0.400000
Q102,25,1,3,0,0.000000,0.000000,0.000000,0.000000
Q102,24,1,3,0,0.000000,0.000000,0.000000,0.000000
Q102,26,1,3,0,0.000000,0.000000,0.000000,0.000000
Q102,27,2,3,1,0.250000,0.500000,0.333333,0.400000
Q102,28,2,3,0,0.000000,0.000000,0.000000,0.000000
Q102,30,1,3,0,0.000000,0.000000,0.000000,0.000000
Q102,32,1,3,1,0.333333,1.000000,0.333333,0.500000
Q102,31,2,3,0,0.000000,0.000000,0.000000,0.000000
Q102,33,1,3,0,0.000000,0.000000,0.000000,0.000000
Q102,34,1,3,1,0.333333,1.000000,0.333333,0.500000
Q102,35,1,3,0,0.000000,0.000000,0.000000,0.000000
Q102,29,1,3,0,0.000000,0.000000,0.000000,0.000000
Q102,36,2,3,0,0.000000,0.000000,0.000000,0.000000
Q102,38,1,3,0,0.000000,0.000000,0.000000,0.000000
Q102,37,2,3,0,0.000000,0.000000,0.000000,0.000000
Q102,39,3,3,1,0.200000,0.333333,0.333333,0.333333
Q102,42,1,3,0,0.000000,0.000000,0.000000,0.000000
Q102,41,1,3,0,0.000000,0.000000,0.000000,0.000000
Q102,44,2,3,1,0.250000,0.500000,0.333333,0.400000
Q102,43,1,3,0,0.000000,0.000000,0.000000,0.000000
Q102,46,1,3,0,0.000000,0.000000,0.000000,0.000000
Q102,40,4,3,1,0.166667,0.250000,0.333333,0.285714
Q102,47,1,3,0,0.000000,0.000000,0.000000,0.000000
Q102,45,1,3,1,0.333333,1.000000,0.333333,0.500000
Q102,48,1,3,0,0.000000,0.000000,0.000000,0.000000
Q102,50,1,3,0,0.000000,0.000000,0.000000,0.000000
Q102,52,1,3,0,0.000000,0.000000,0.000000,0.000000
Q102,51,1,3,0,0.000000,0.000000,0.000000,0.000000
Q102,49,1,3,0,0.000000,0.000000,0.000000,0.000000
Q102,53,1,3,0,0.000000,0.000000,0.000000,0.000000
Q102,56,1,3,0,0.000000,0.000000,0.000000,0.000000
Q102,55,1,3,0,0.000000,0.000000,0.000000,0.000000
Q102,54,1,3,0,0.000000,0.000000,0.000000,0.000000
Q102,58,2,3,0,0.000000,0.000000,0.000000,0.000000
Q102,61,1,3,0,0.000000,0.000000,0.000000,0.000000
Q102,60,1,3,0,0.000000,0.000000,0.000000,0.000000
Q102,57,2,3,1,0.250000,0.500000,0.333333,0.400000
Q102,59,2,3,0,0.000000,0.000000,0.000000,0.000000
Q102,62,1,3,0,0.000000,0.000000,0.000000,0.000000
Q102,63,1,3,0,0.000000,0.000000,0.000000,0.000000
Q102,67,1,3,0,0.000000,0.000000,0.000000,0.000000
Q102,64,1,3,0,0.000000,0.000000,0.000000,0.000000
Q102,65,1,3,0,0.000000,0.000000,0.000000,0.000000
Q102,68,2,3,1,0.250000,0.500000,0.333333,0.400000
Q102,69,2,3,0,0.000000,0.000000,0.000000,0.000000
Q102,66,1,3,0,0.000000,0.000000,0.000000,0.000000
Q102,70,1,3,0,0.000000,0.000000,0.000000,0.000000
Q102,72,1,3,0,0.000000,0.000000,0.000000,0.000000
Q102,71,2,3,0,0.000000,0.000000,0.000000,0.000000
Q102,73,1,3,0,0.000000,0.000000,0.000000,0.000000
Q102,74,1,3,0,0.000000,0.000000,0.000000,0.000000
Q102,75,1,3,0,0.000000,0.000000,0.000000,0.000000
Q102,76,1,3,0,0.000000,0.000000,0.000000,0.000000
Q102,77,1,3,0,0.000000,0.000000,0.000000,0.000000
Q102,81,1,3,0,0.000000,0.000000,0.000000,0.000000
Q102,80,1,3,0,0.000000,0.000000,0.000000,0.000000
Q102,79,2,3,0,0.000000,0.000000,0.000000,0.000000
Q102,82,1,3,0,0.000000,0.000000,0.000000,0.000000
Q102,83,1,3,0,0.000000,0.000000,0.000000,0.000000
Q102,78,1,3,0,0.000000,0.000000,0.000000,0.000000
Q102,84,1,3,0,0.000000,0.000000,0.000000,0.000000
Q102,85,1,3,0,0.000000,0.000000,0.000000,0.000000
Q102,88,1,3,0,0.000000,0.000000,0.000000,0.000000
Q102,87,1,3,1,0.333333,1.000000,0.333333,0.500000
Q102,89,1,3,0,0.000000,0.000000,0.000000,0.000000
Q102,86,2,3,0,0.000000,0.000000,0.000000,0.000000
Q102,91,1,3,0,0.000000,0.000000,0.000000,0.000000
Q102,90,1,3,0,0.000000,0.000000,0.000000,0.000000
Q102,92,1,3,0,0.000000,0.000000,0.000000,0.000000
Q102,93,1,3,1,0.333333,1.000000,0.333333,0.500000
Q102,94,1,3,0,0.000000,0.000000,0.000000,0.000000
Q102,95,2,3,1,0.250000,0.500000,0.333333,0.400000
Q102,96,1,3,0,0.000000,0.000000,0.000000,0.000000
Q102,98,1,3,0,0.000000,0.000000,0.000000,0.000000
Q102,97,2,3,1,0.250000,0.500000,0.333333,0.400000
Q103,1,0,6,0,0.000000,0.000000,0.000000,0.000000
Q103,2,0,6,0,0.000000,0.000000,0.000000,0.000000
Q102,99,1,3,0,0.000000,0.000000,0.000000,0.000000
Q102,100,1,3,0,0.000000,0.000000,0.000000,0.000000
Q103,4,0,6,0,0.000000,0.000000,0.000000,0.000000
Q103,5,0,6,0,0.000000,0.000000,0.000000,0.000000
Q103,3,0,6,0,0.000000,0.000000,0.000000,0.000000
Q103,6,0,6,0,0.000000,0.000000,0.000000,0.000000
Q103,7,0,6,0,0.000000,0.000000,0.000000,0.000000
Q103,8,0,6,0,0.000000,0.000000,0.000000,0.000000
Q103,9,0,6,0,0.000000,0.000000,0.000000,0.000000
Q103,11,0,6,0,0.000000,0.000000,0.000000,0.000000
Q103,10,0,6,0,0.000000,0.000000,0.000000,0.000000
Q103,13,0,6,0,0.000000,0.000000,0.000000,0.000000
Q103,14,0,6,0,0.000000,0.000000,0.000000,0.000000
Q103,15,0,6,0,0.000000,0.000000,0.000000,0.000000
Q103,17,0,6,0,0.000000,0.000000,0.000000,0.000000
Q103,12,1,6,1,0.166667,1.000000,0.166667,0.285714
Q103,20,0,6,0,0.000000,0.000000,0.000000,0.000000
Q103,16,0,6,0,0.000000,0.000000,0.000000,0.000000
Q103,21,0,6,0,0.000000,0.000000,0.000000,0.000000
Q103,19,0,6,0,0.000000,0.000000,0.000000,0.000000
Q103,22,0,6,0,0.000000,0.000000,0.000000,0.000000
Q103,18,0,6,0,0.000000,0.000000,0.000000,0.000000
Q103,23,0,6,0,0.000000,0.000000,0.000000,0.000000
Q103,24,1,6,1,0.166667,1.000000,0.166667,0.285714
Q103,25,0,6,0,0.000000,0.000000,0.000000,0.000000
Q103,28,0,6,0,0.000000,0.000000,0.000000,0.000000
Q103,26,0,6,0,0.000000,0.000000,0.000000,0.000000
Q103,29,0,6,0,0.000000,0.000000,0.000000,0.000000
Q103,30,0,6,0,0.000000,0.000000,0.000000,0.000000
Q103,31,0,6,0,0.000000,0.000000,0.000000,0.000000
Q103,27,0,6,0,0.000000,0.000000,0.000000,0.000000
Q103,32,0,6,0,0.000000,0.000000,0.000000,0.000000
Q103,33,0,6,0,0.000000,0.000000,0.000000,0.000000
Q103,34,0,6,0,0.000000,0.000000,0.000000,0.000000
Q103,36,0,6,0,0.000000,0.000000,0.000000,0.000000
Q103,37,0,6,0,0.000000,0.000000,0.000000,0.000000
Q103,38,0,6,0,0.000000,0.000000,0.000000,0.000000
Q103,35,0,6,0,0.000000,0.000000,0.000000,0.000000
Q103,40,0,6,0,0.000000,0.000000,0.000000,0.000000
Q103,39,0,6,0,0.000000,0.000000,0.000000,0.000000
Q103,41,0,6,0,0.000000,0.000000,0.000000,0.000000
Q103,42,0,6,0,0.000000,0.000000,0.000000,0.000000
Q103,44,0,6,0,0.000000,0.000000,0.000000,0.000000
Q103,43,0,6,0,0.000000,0.000000,0.000000,0.000000
Q103,45,0,6,0,0.000000,0.000000,0.000000,0.000000
Q103,46,0,6,0,0.000000,0.000000,0.000000,0.000000
Q103,47,0,6,0,0.000000,0.000000,0.000000,0.000000
Q103,48,0,6,0,0.000000,0.000000,0.000000,0.000000
Q103,52,0,6,0,0.000000,0.000000,0.000000,0.000000
Q103,51,0,6,0,0.000000,0.000000,0.000000,0.000000
Q103,49,0,6,0,0.000000,0.000000,0.000000,0.000000
Q103,50,0,6,0,0.000000,0.000000,0.000000,0.000000
Q103,54,0,6,0,0.000000,0.000000,0.000000,0.000000
Q103,55,0,6,0,0.000000,0.000000,0.000000,0.000000
Q103,56,0,6,0,0.000000,0.000000,0.000000,0.000000
Q103,53,0,6,0,0.000000,0.000000,0.000000,0.000000
Q103,57,0,6,0,0.000000,0.000000,0.000000,0.000000
Q103,58,0,6,0,0.000000,0.000000,0.000000,0.000000
Q103,59,0,6,0,0.000000,0.000000,0.000000,0.000000
Q103,60,0,6,0,0.000000,0.000000,0.000000,0.000000
Q103,61,0,6,0,0.000000,0.000000,0.000000,0.000000
Q103,62,0,6,0,0.000000,0.000000,0.000000,0.000000
Q103,65,0,6,0,0.000000,0.000000,0.000000,0.000000
Q103,63,0,6,0,0.000000,0.000000,0.000000,0.000000
Q103,64,0,6,0,0.000000,0.000000,0.000000,0.000000
Q103,69,0,6,0,0.000000,0.000000,0.000000,0.000000
Q103,66,0,6,0,0.000000,0.000000,0.000000,0.000000
Q103,70,0,6,0,0.000000,0.000000,0.000000,0.000000
Q103,68,0,6,0,0.000000,0.000000,0.000000,0.000000
Q103,71,0,6,0,0.000000,0.000000,0.000000,0.000000
Q103,73,0,6,0,0.000000,0.000000,0.000000,0.000000
Q103,72,0,6,0,0.000000,0.000000,0.000000,0.000000
Q103,74,0,6,0,0.000000,0.000000,0.000000,0.000000
Q103,75,0,6,0,0.000000,0.000000,0.000000,0.000000
Q103,76,0,6,0,0.000000,0.000000,0.000000,0.000000
Q103,77,0,6,0,0.000000,0.000000,0.000000,0.000000
Q103,79,0,6,0,0.000000,0.000000,0.000000,0.000000
Q103,67,0,6,0,0.000000,0.000000,0.000000,0.000000
Q103,78,0,6,0,0.000000,0.000000,0.000000,0.000000
Q103,81,0,6,0,0.000000,0.000000,0.000000,0.000000
Q103,83,0,6,0,0.000000,0.000000,0.000000,0.000000
Q103,82,0,6,0,0.000000,0.000000,0.000000,0.000000
Q103,85,0,6,0,0.000000,0.000000,0.000000,0.000000
Q103,86,0,6,0,0.000000,0.000000,0.000000,0.000000
Q103,84,0,6,0,0.000000,0.000000,0.000000,0.000000
Q103,87,0,6,0,0.000000,0.000000,0.000000,0.000000
Q103,88,0,6,0,0.000000,0.000000,0.000000,0.000000
Q103,89,0,6,0,0.000000,0.000000,0.000000,0.000000
Q103,80,1,6,1,0.166667,1.000000,0.166667,0.285714
Q103,90,0,6,0,0.000000,0.000000,0.000000,0.000000
Q103,92,0,6,0,0.000000,0.000000,0.000000,0.000000
Q103,93,0,6,0,0.000000,0.000000,0.000000,0.000000
Q103,91,0,6,0,0.000000,0.000000,0.000000,0.000000
Q103,94,0,6,0,0.000000,0.000000,0.000000,0.000000
Q103,95,0,6,0,0.000000,0.000000,0.000000,0.000000
Q103,96,0,6,0,0.000000,0.000000,0.000000,0.000000
Q103,98,0,6,0,0.000000,0.000000,0.000000,0.000000
Q103,99,0,6,0,0.000000,0.000000,0.000000,0.000000
Q103,100,0,6,0,0.000000,0.000000,0.000000,0.000000
Q103,97,0,6,0,0.000000,0.000000,0.000000,0.000000
Q104,1,1,5,1,0.200000,1.000000,0.200000,0.333333
Q104,2,1,5,1,0.200000,1.000000,0.200000,0.333333
Q104,4,1,5,1,0.200000,1.000000,0.200000,0.333333
Q104,6,1,5,1,0.200000,1.000000,0.200000,0.333333
Q104,3,2,5,1,0.166667,0.500000,0.200000,0.285714
Q104,5,1,5,1,0.200000,1.000000,0.200000,0.333333
Q104,7,1,5,1,0.200000,1.000000,0.200000,0.333333
Q104,8,1,5,1,0.200000,1.000000,0.200000,0.333333
Q104,11,1,5,1,0.200000,1.000000,0.200000,0.333333
Q104,10,1,5,1,0.200000,1.000000,0.200000,0.333333
Q104,9,1,5,1,0.200000,1.000000,0.200000,0.333333
Q104,13,1,5,0,0.000000,0.000000,0.000000,0.000000
Q104,12,1,5,1,0.200000,1.000000,0.200000,0.333333
Q104,17,1,5,0,0.000000,0.000000,0.000000,0.000000
Q104,14,2,5,1,0.166667,0.500000,0.200000,0.285714
Q104,15,1,5,0,0.000000,0.000000,0.000000,0.000000
Q104,18,1,5,1,0.200000,1.000000,0.200000,0.333333
Q104,16,2,5,1,0.166667,0.500000,0.200000,0.285714
Q104,20,1,5,0,0.000000,0.000000,0.000000,0.000000
Q104,19,1,5,1,0.200000,1.000000,0.200000,0.333333
Q104,21,1,5,1,0.200000,1.000000,0.200000,0.333333
Q104,22,1,5,0,0.000000,0.000000,0.000000,0.000000
Q104,24,1,5,1,0.200000,1.000000,0.200000,0.333333
Q104,23,1,5,1,0.200000,1.000000,0.200000,0.333333
Q104,26,1,5,1,0.200000,1.000000,0.200000,0.333333
Q104,25,1,5,1,0.200000,1.000000,0.200000,0.333333
Q104,28,1,5,1,0.200000,1.000000,0.200000,0.333333
Q104,27,1,5,1,0.200000,1.000000,0.200000,0.333333
Q104,32,1,5,1,0.200000,1.000000,0.200000,0.333333
Q104,29,1,5,1,0.200000,1.000000,0.200000,0.333333
Q104,31,1,5,1,0.200000,1.000000,0.200000,0.333333
Q104,30,1,5,1,0.200000,1.000000,0.200000,0.333333
Q104,34,1,5,1,0.200000,1.000000,0.200000,0.333333
Q104,33,2,5,1,0.166667,0.500000,0.200000,0.285714
Q104,37,1,5,1,0.200000,1.000000,0.200000,0.333333
Q104,35,1,5,0,0.000000,0.000000,0.000000,0.000000
Q104,36,1,5,1,0.200000,1.000000,0.200000,0.333333
Q104,38,2,5,1,0.166667,0.500000,0.200000,0.285714
Q104,40,1,5,1,0.200000,1.000000,0.200000,0.333333
Q104,42,1,5,1,0.200000,1.000000,0.200000,0.333333
Q104,41,1,5,1,0.200000,1.000000,0.200000,0.333333
Q104,45,2,5,1,0.166667,0.500000,0.200000,0.285714
Q104,39,1,5,1,0.200000,1.000000,0.200000,0.333333
Q104,44,2,5,1,0.166667,0.500000,0.200000,0.285714
Q104,43,1,5,1,0.200000,1.000000,0.200000,0.333333
Q104,46,1,5,1,0.200000,1.000000,0.200000,0.333333
Q104,48,1,5,1,0.200000,1.000000,0.200000,0.333333
Q104,47,2,5,1,0.166667,0.500000,0.200000,0.285714
Q104,50,1,5,1,0.200000,1.000000,0.200000,0.333333
Q104,49,1,5,1,0.200000,1.000000,0.200000,0.333333
Q104,52,1,5,1,0.200000,1.000000,0.200000,0.333333
Q104,51,2,5,1,0.166667,0.500000,0.200000,0.285714
Q104,53,1,5,0,0.000000,0.000000,0.000000,0.000000
Q104,54,1,5,1,0.200000,1.000000,0.200000,0.333333
Q104,55,1,5,1,0.200000,1.000000,0.200000,0.333333
Q104,57,1,5,1,0.200000,1.000000,0.200000,0.333333
Q104,56,1,5,1,0.200000,1.000000,0.200000,0.333333
Q104,58,1,5,1,0.200000,1.000000,0.200000,0.333333
Q104,59,1,5,1,0.200000,1.000000,0.200000,0.333333
Q104,60,1,5,1,0.200000,1.000000,0.200000,0.333333
Q104,61,1,5,1,0.200000,1.000000,0.200000,0.333333
Q104,62,1,5,1,0.200000,1.000000,0.200000,0.333333
Q104,63,1,5,1,0.200000,1.000000,0.200000,0.333333
Q104,64,1,5,0,0.000000,0.000000,0.000000,0.000000
Q104,65,1,5,1,0.200000,1.000000,0.200000,0.333333
Q104,66,1,5,1,0.200000,1.000000,0.200000,0.333333
Q104,67,1,5,1,0.200000,1.000000,0.200000,0.333333
Q104,68,1,5,1,0.200000,1.000000,0.200000,0.333333
Q104,69,1,5,1,0.200000,1.000000,0.200000,0.333333
Q104,70,1,5,1,0.200000,1.000000,0.200000,0.333333
Q104,72,1,5,1,0.200000,1.000000,0.200000,0.333333
Q104,74,1,5,1,0.200000,1.000000,0.200000,0.333333
Q104,71,1,5,1,0.200000,1.000000,0.200000,0.333333
Q104,75,1,5,0,0.000000,0.000000,0.000000,0.000000
Q104,73,2,5,1,0.166667,0.500000,0.200000,0.285714
Q104,78,1,5,1,0.200000,1.000000,0.200000,0.333333
Q104,76,2,5,1,0.166667,0.500000,0.200000,0.285714
Q104,77,1,5,1,0.200000,1.000000,0.200000,0.333333
Q104,80,1,5,1,0.200000,1.000000,0.200000,0.333333
Q104,79,2,5,1,0.166667,0.500000,0.200000,0.285714
Q104,81,1,5,1,0.200000,1.000000,0.200000,0.333333
Q104,85,1,5,1,0.200000,1.000000,0.200000,0.333333
Q104,84,2,5,1,0.166667,0.500000,0.200000,0.285714
Q104,87,1,5,1,0.200000,1.000000,0.200000,0.333333
Q104,82,1,5,1,0.200000,1.000000,0.200000,0.333333
Q104,83,2,5,1,0.166667,0.500000,0.200000,0.285714
Q104,86,2,5,1,0.166667,0.500000,0.200000,0.285714
Q104,89,1,5,1,0.200000,1.000000,0.200000,0.333333
Q104,90,1,5,1,0.200000,1.000000,0.200000,0.333333
Q104,88,1,5,1,0.200000,1.000000,0.200000,0.333333
Q104,91,1,5,1,0.200000,1.000000,0.200000,0.333333
Q104,93,1,5,1,0.200000,1.000000,0.200000,0.333333
Q104,92,2,5,1,0.166667,0.500000,0.200000,0.285714
Q104,95,1,5,1,0.200000,1.000000,0.200000,0.333333
Q104,96,1,5,1,0.200000,1.000000,0.200000,0.333333
Q104,94,1,5,1,0.200000,1.000000,0.200000,0.333333
Q104,97,1,5,1,0.200000,1.000000,0.200000,0.333333
Q104,98,1,5,1,0.200000,1.000000,0.200000,0.333333
Q104,99,1,5,1,0.200000,1.000000,0.200000,0.333333
Q105,2,1,5,0,0.000000,0.000000,0.000000,0.000000
Q105,1,1,5,0,0.000000,0.000000,0.000000,0.000000
Q105,3,1,5,0,0.000000,0.000000,0.000000,0.000000
Q104,100,1,5,1,0.200000,1.000000,0.200000,0.333333
Q105,5,1,5,0,0.000000,0.000000,0.000000,0.000000
Q105,8,1,5,0,0.000000,0.000000,0.000000,0.000000
Q105,4,2,5,0,0.000000,0.000000,0.000000,0.000000
Q105,6,1,5,0,0.000000,0.000000,0.000000,0.000000
Q105,7,1,5,0,0.000000,0.000000,0.000000,0.000000
Q105,10,1,5,0,0.000000,0.000000,0.000000,0.000000
Q105,13,1,5,0,0.000000,0.000000,0.000000,0.000000
Q105,11,2,5,0,0.000000,0.000000,0.000000,0.000000
Q105,9,2,5,0,0.000000,0.000000,0.000000,0.000000
Q105,12,1,5,0,0.000000,0.000000,0.000000,0.000000
Q105,14,1,5,0,0.000000,0.000000,0.000000,0.000000
Q105,16,1,5,0,0.000000,0.000000,0.000000,0.000000
Q105,18,1,5,1,0.200000,1.000000,0.200000,0.333333
Q105,15,2,5,1,0.166667,0.500000,0.200000,0.285714
Q105,20,1,5,0,0.000000,0.000000,0.000000,0.000000
Q105,17,1,5,0,0.000000,0.000000,0.000000,0.000000
Q105,19,1,5,0,0.000000,0.000000,0.000000,0.000000
Q105,21,1,5,0,0.000000,0.000000,0.000000,0.000000
Q105,23,1,5,0,0.000000,0.000000,0.000000,0.000000
Q105,22,2,5,1,0.166667,0.500000,0.200000,0.285714
Q105,25,1,5,0,0.000000,0.000000,0.000000,0.000000
Q105,26,1,5,0,0.000000,0.000000,0.000000,0.000000
Q105,24,1,5,0,0.000000,0.000000,0.000000,0.000000
Q105,27,1,5,0,0.000000,0.000000,0.000000,0.000000
Q105,29,1,5,0,0.000000,0.000000,0.000000,0.000000
Q105,30,1,5,0,0.000000,0.000000,0.000000,0.000000
Q105,31,1,5,0,0.000000,0.000000,0.000000,0.000000
Q105,28,2,5,0,0.000000,0.000000,0.000000,0.000000
Q105,32,1,5,0,0.000000,0.000000,0.000000,0.000000
Q105,34,1,5,1,0.200000,1.000000,0.200000,0.333333
Q105,36,1,5,0,0.000000,0.000000,0.000000,0.000000
Q105,33,1,5,0,0.000000,0.000000,0.000000,0.000000
Q105,35,1,5,0,0.000000,0.000000,0.000000,0.000000
Q105,38,1,5,0,0.000000,0.000000,0.000000,0.000000
Q105,37,2,5,0,0.000000,0.000000,0.000000,0.000000
Q105,41,1,5,0,0.000000,0.000000,0.000000,0.000000
Q105,39,1,5,0,0.000000,0.000000,0.000000,0.000000
Q105,40,1,5,0,0.000000,0.000000,0.000000,0.000000
Q105,42,1,5,0,0.000000,0.000000,0.000000,0.000000
Q105,44,1,5,0,0.000000,0.000000,0.000000,0.000000
Q105,47,1,5,1,0.200000,1.000000,0.200000,0.333333
Q105,43,1,5,0,0.000000,0.000000,0.000000,0.000000
Q105,46,2,5,0,0.000000,0.000000,0.000000,0.000000
Q105,48,1,5,0,0.000000,0.000000,0.000000,0.000000
Q105,45,1,5,0,0.000000,0.000000,0.000000,0.000000
Q105,49,1,5,0,0.000000,0.000000,0.000000,0.000000
Q105,51,2,5,0,0.000000,0.000000,0.000000,0.000000
Q105,50,1,5,0,0.000000,0.000000,0.000000,0.000000
Q105,52,2,5,0,0.000000,0.000000,0.000000,0.000000
Q105,53,1,5,0,0.000000,0.000000,0.000000,0.000000
Q105,55,1,5,0,0.000000,0.000000,0.000000,0.000000
Q105,54,1,5,0,0.000000,0.000000,0.000000,0.000000
Q105,57,1,5,0,0.000000,0.000000,0.000000,0.000000
Q105,56,2,5,0,0.000000,0.000000,0.000000,0.000000
Q105,58,1,5,0,0.000000,0.000000,0.000000,0.000000
Q105,59,1,5,0,0.000000,0.000000,0.000000,0.000000
Q105,60,1,5,0,0.000000,0.000000,0.000000,0.000000
Q105,63,1,5,0,0.000000,0.000000,0.000000,0.000000
Q105,64,1,5,0,0.000000,0.000000,0.000000,0.000000
Q105,65,1,5,1,0.200000,1.000000,0.200000,0.333333
Q105,66,1,5,0,0.000000,0.000000,0.000000,0.000000
Q105,62,1,5,0,0.000000,0.000000,0.000000,0.000000
Q105,61,1,5,0,0.000000,0.000000,0.000000,0.000000
Q105,67,1,5,0,0.000000,0.000000,0.000000,0.000000
Q105,68,1,5,0,0.000000,0.000000,0.000000,0.000000
Q105,70,1,5,0,0.000000,0.000000,0.000000,0.000000
Q105,69,1,5,0,0.000000,0.000000,0.000000,0.000000
Q105,72,1,5,0,0.000000,0.000000,0.000000,0.000000
Q105,75,1,5,0,0.000000,0.000000,0.000000,0.000000
Q105,74,1,5,0,0.000000,0.000000,0.000000,0.000000
Q105,73,1,5,0,0.000000,0.000000,0.000000,0.000000
Q105,71,2,5,1,0.166667,0.500000,0.200000,0.285714
Q105,76,1,5,1,0.200000,1.000000,0.200000,0.333333
Q105,77,1,5,0,0.000000,0.000000,0.000000,0.000000
Q105,79,1,5,0,0.000000,0.000000,0.000000,0.000000
Q105,78,1,5,0,0.000000,0.000000,0.000000,0.000000
Q105,81,1,5,0,0.000000,0.000000,0.000000,0.000000
Q105,80,1,5,0,0.000000,0.000000,0.000000,0.000000
Q105,82,1,5,0,0.000000,0.000000,0.000000,0.000000
Q105,84,1,5,0,0.000000,0.000000,0.000000,0.000000
Q105,83,1,5,0,0.000000,0.000000,0.000000,0.000000
Q105,86,1,5,0,0.000000,0.000000,0.000000,0.000000
Q105,87,1,5,0,0.000000,0.000000,0.000000,0.000000
Q105,85,2,5,0,0.000000,0.000000,0.000000,0.000000
Q105,89,1,5,0,0.000000,0.000000,0.000000,0.000000
Q105,90,1,5,0,0.000000,0.000000,0.000000,0.000000
Q105,88,2,5,0,0.000000,0.000000,0.000000,0.000000
Q105,91,1,5,0,0.000000,0.000000,0.000000,0.000000
Q105,93,2,5,0,0.000000,0.000000,0.000000,0.000000
Q105,92,1,5,0,0.000000,0.000000,0.000000,0.000000
Q105,95,1,5,0,0.000000,0.000000,0.000000,0.000000
Q105,94,2,5,1,0.166667,0.500000,0.200000,0.285714
Q105,96,1,5,0,0.000000,0.000000,0.000000,0.000000
Q105,97,1,5,0,0.000000,0.000000,0.000000,0.000000
Q105,99,1,5,0,0.000000,0.000000,0.000000,0.000000
Q105,100,1,5,0,0.000000,0.000000,0.000000,0.000000
Q105,98,1,5,0,0.000000,0.000000,0.000000,0.000000
Q106,1,1,7,1,0.142857,1.000000,0.142857,0.250000
Q106,2,1,7,1,0.142857,1.000000,0.142857,0.250000
Q106,3,1,7,1,0.142857,1.000000,0.142857,0.250000
Q106,4,1,7,1,0.142857,1.000000,0.142857,0.250000
Q106,6,1,7,1,0.142857,1.000000,0.142857,0.250000
Q106,5,1,7,1,0.142857,1.000000,0.142857,0.250000
Q106,8,1,7,1,0.142857,1.000000,0.142857,0.250000
Q106,7,1,7,1,0.142857,1.000000,0.142857,0.250000
Q106,10,1,7,0,0.000000,0.000000,0.000000,0.000000
Q106,9,1,7,0,0.000000,0.000000,0.000000,0.000000
Q106,13,1,7,1,0.142857,1.000000,0.142857,0.250000
Q106,12,1,7,1,0.142857,1.000000,0.142857,0.250000
Q106,16,0,7,0,0.000000,0.000000,0.000000,0.000000
Q106,11,1,7,1,0.142857,1.000000,0.142857,0.250000
Q106,14,1,7,1,0.142857,1.000000,0.142857,0.250000
Q106,15,2,7,1,0.125000,0.500000,0.142857,0.222222
Q106,18,1,7,1,0.142857,1.000000,0.142857,0.250000
Q106,20,1,7,1,0.142857,1.000000,0.142857,0.250000
Q106,19,1,7,1,0.142857,1.000000,0.142857,0.250000
Q106,21,1,7,1,0.142857,1.000000,0.142857,0.250000
Q106,22,1,7,1,0.142857,1.000000,0.142857,0.250000
Q106,23,1,7,1,0.142857,1.000000,0.142857,0.250000
Q106,17,1,7,0,0.000000,0.000000,0.000000,0.000000
Q106,24,1,7,1,0.142857,1.000000,0.142857,0.250000
Q106,25,1,7,0,0.000000,0.000000,0.000000,0.000000
Q106,28,1,7,1,0.142857,1.000000,0.142857,0.250000
Q106,27,1,7,1,0.142857,1.000000,0.142857,0.250000
Q106,29,1,7,0,0.000000,0.000000,0.000000,0.000000
Q106,31,1,7,1,0.142857,1.000000,0.142857,0.250000
Q106,30,1,7,1,0.142857,1.000000,0.142857,0.250000
Q106,34,1,7,1,0.142857,1.000000,0.142857,0.250000
Q106,32,1,7,0,0.000000,0.000000,0.000000,0.000000
Q106,26,2,7,1,0.125000,0.500000,0.142857,0.222222
Q106,33,1,7,1,0.142857,1.000000,0.142857,0.250000
Q106,35,1,7,0,0.000000,0.000000,0.000000,0.000000
Q106,36,1,7,1,0.142857,1.000000,0.142857,0.250000
Q106,37,1,7,1,0.142857,1.000000,0.142857,0.250000
Q106,39,1,7,1,0.142857,1.000000,0.142857,0.250000
Q106,40,1,7,1,0.142857,1.000000,0.142857,0.250000
Q106,38,1,7,1,0.142857,1.000000,0.142857,0.250000
Q106,41,2,7,1,0.125000,0.500000,0.142857,0.222222
Q106,44,1,7,1,0.142857,1.000000,0.142857,0.250000
Q106,43,1,7,0,0.000000,0.000000,0.000000,0.000000
Q106,42,1,7,1,0.142857,1.000000,0.142857,0.250000
Q106,45,1,7,1,0.142857,1.000000,0.142857,0.250000
Q106,46,1,7,1,0.142857,1.000000,0.142857,0.250000
Q106,47,1,7,1,0.142857,1.000000,0.142857,0.250000
Q106,48,1,7,1,0.142857,1.000000,0.142857,0.250000
Q106,51,1,7,1,0.142857,1.000000,0.142857,0.250000
Q106,50,1,7,1,0.142857,1.000000,0.142857,0.250000
Q106,49,1,7,1,0.142857,1.000000,0.142857,0.250000
Q106,52,1,7,1,0.142857,1.000000,0.142857,0.250000
Q106,53,1,7,1,0.142857,1.000000,0.142857,0.250000
Q106,55,0,7,0,0.000000,0.000000,0.000000,0.000000
Q106,54,1,7,1,0.142857,1.000000,0.142857,0.250000
Q106,57,1,7,1,0.142857,1.000000,0.142857,0.250000
Q106,59,1,7,1,0.142857,1.000000,0.142857,0.250000
Q106,56,2,7,1,0.125000,0.500000,0.142857,0.222222
Q106,58,1,7,1,0.142857,1.000000,0.142857,0.250000
Q106,60,1,7,1,0.142857,1.000000,0.142857,0.250000
Q106,61,1,7,1,0.142857,1.000000,0.142857,0.250000
Q106,62,1,7,0,0.000000,0.000000,0.000000,0.000000
Q106,63,1,7,1,0.142857,1.000000,0.142857,0.250000
Q106,64,1,7,1,0.142857,1.000000,0.142857,0.250000
Q106,65,1,7,0,0.000000,0.000000,0.000000,0.000000
Q106,67,1,7,0,0.000000,0.000000,0.000000,0.000000
Q106,66,1,7,1,0.142857,1.000000,0.142857,0.250000
Q106,68,1,7,1,0.142857,1.000000,0.142857,0.250000
Q106,69,1,7,1,0.142857,1.000000,0.142857,0.250000
Q106,71,1,7,1,0.142857,1.000000,0.142857,0.250000
Q106,70,1,7,1,0.142857,1.000000,0.142857,0.250000
Q106,72,1,7,1,0.142857,1.000000,0.142857,0.250000
Q106,73,1,7,1,0.142857,1.000000,0.142857,0.250000
Q106,74,1,7,1,0.142857,1.000000,0.142857,0.250000
Q106,75,1,7,1,0.142857,1.000000,0.142857,0.250000
Q106,76,1,7,0,0.000000,0.000000,0.000000,0.000000
Q106,77,1,7,0,0.000000,0.000000,0.000000,0.000000
Q106,80,1,7,1,0.142857,1.000000,0.142857,0.250000
Q106,79,1,7,1,0.142857,1.000000,0.142857,0.250000
Q106,81,1,7,0,0.000000,0.000000,0.000000,0.000000
Q106,78,1,7,1,0.142857,1.000000,0.142857,0.250000
Q106,82,1,7,0,0.000000,0.000000,0.000000,0.000000
Q106,83,1,7,0,0.000000,0.000000,0.000000,0.000000
Q106,84,1,7,1,0.142857,1.000000,0.142857,0.250000
Q106,87,1,7,1,0.142857,1.000000,0.142857,0.250000
Q106,89,1,7,0,0.000000,0.000000,0.000000,0.000000
Q106,86,1,7,1,0.142857,1.000000,0.142857,0.250000
Q106,85,1,7,1,0.142857,1.000000,0.142857,0.250000
Q106,88,1,7,0,0.000000,0.000000,0.000000,0.000000
Q106,90,1,7,1,0.142857,1.000000,0.142857,0.250000
Q106,92,1,7,1,0.142857,1.000000,0.142857,0.250000
Q106,94,1,7,1,0.142857,1.000000,0.142857,0.250000
Q106,93,1,7,0,0.000000,0.000000,0.000000,0.000000
Q106,95,1,7,1,0.142857,1.000000,0.142857,0.250000
Q106,91,1,7,1,0.142857,1.000000,0.142857,0.250000
Q106,96,1,7,1,0.142857,1.000000,0.142857,0.250000
Q106,99,1,7,1,0.142857,1.000000,0.142857,0.250000
Q106,98,1,7,0,0.000000,0.000000,0.000000,0.000000
Q106,97,1,7,0,0.000000,0.000000,0.000000,0.000000
Q107,1,1,6,0,0.000000,0.000000,0.000000,0.000000
Q107,2,1,6,0,0.000000,0.000000,0.000000,0.000000
Q106,100,1,7,0,0.000000,0.000000,0.000000,0.000000
Q107,3,2,6,0,0.000000,0.000000,0.000000,0.000000
Q107,4,2,6,1,0.142857,0.500000,0.166667,0.250000
Q107,7,1,6,0,0.000000,0.000000,0.000000,0.000000
Q107,5,2,6,1,0.142857,0.500000,0.166667,0.250000
Q107,6,2,6,0,0.000000,0.000000,0.000000,0.000000
Q107,8,1,6,0,0.000000,0.000000,0.000000,0.000000
Q107,10,1,6,0,0.000000,0.000000,0.000000,0.000000
Q107,9,2,6,1,0.142857,0.500000,0.166667,0.250000
Q107,11,1,6,0,0.000000,0.000000,0.000000,0.000000
Q107,14,1,6,0,0.000000,0.000000,0.000000,0.000000
Q107,12,1,6,0,0.000000,0.000000,0.000000,0.000000
Q107,13,2,6,1,0.142857,0.500000,0.166667,0.250000
Q107,15,1,6,0,0.000000,0.000000,0.000000,0.000000
Q107,16,1,6,0,0.000000,0.000000,0.000000,0.000000
Q107,17,1,6,0,0.000000,0.000000,0.000000,0.000000
Q107,20,1,6,0,0.000000,0.000000,0.000000,0.000000
Q107,21,1,6,0,0.000000,0.000000,0.000000,0.000000
Q107,19,1,6,0,0.000000,0.000000,0.000000,0.000000
Q107,22,1,6,0,0.000000,0.000000,0.000000,0.000000
Q107,18,2,6,1,0.142857,0.500000,0.166667,0.250000
Q107,23,2,6,1,0.142857,0.500000,0.166667,0.250000
Q107,25,1,6,0,0.000000,0.000000,0.000000,0.000000
Q107,26,1,6,0,0.000000,0.000000,0.000000,0.000000
Q107,27,1,6,0,0.000000,0.000000,0.000000,0.000000
Q107,24,1,6,1,0.166667,1.000000,0.166667,0.285714
Q107,28,1,6,0,0.000000,0.000000,0.000000,0.000000
Q107,29,1,6,0,0.000000,0.000000,0.000000,0.000000
Q107,31,1,6,0,0.000000,0.000000,0.000000,0.000000
Q107,35,1,6,0,0.000000,0.000000,0.000000,0.000000
Q107,32,1,6,0,0.000000,0.000000,0.000000,0.000000
Q107,30,1,6,0,0.000000,0.000000,0.000000,0.000000
Q107,33,1,6,0,0.000000,0.000000,0.000000,0.000000
Q107,34,1,6,0,0.000000,0.000000,0.000000,0.000000
Q107,36,1,6,0,0.000000,0.000000,0.000000,0.000000
Q107,38,1,6,0,0.000000,0.000000,0.000000,0.000000
Q107,37,1,6,0,0.000000,0.000000,0.000000,0.000000
Q107,39,1,6,0,0.000000,0.000000,0.000000,0.000000
Q107,43,1,6,0,0.000000,0.000000,0.000000,0.000000
Q107,40,1,6,0,0.000000,0.000000,0.000000,0.000000
Q107,42,1,6,0,0.000000,0.000000,0.000000,0.000000
Q107,45,1,6,0,0.000000,0.000000,0.000000,0.000000
Q107,44,2,6,1,0.142857,0.500000,0.166667,0.250000
Q107,41,2,6,1,0.142857,0.500000,0.166667,0.250000
Q107,46,1,6,0,0.000000,0.000000,0.000000,0.000000
Q107,47,1,6,0,0.000000,0.000000,0.000000,0.000000
Q107,48,1,6,0,0.000000,0.000000,0.000000,0.000000
Q107,49,1,6,0,0.000000,0.000000,0.000000,0.000000
Q107,50,1,6,0,0.000000,0.000000,0.000000,0.000000
Q107,51,1,6,0,0.000000,0.000000,0.000000,0.000000
Q107,52,1,6,0,0.000000,0.000000,0.000000,0.000000
Q107,53,1,6,0,0.000000,0.000000,0.000000,0.000000
Q107,54,1,6,0,0.000000,0.000000,0.000000,0.000000
Q107,56,1,6,0,0.000000,0.000000,0.000000,0.000000
Q107,55,1,6,0,0.000000,0.000000,0.000000,0.000000
Q107,57,1,6,0,0.000000,0.000000,0.000000,0.000000
Q107,58,1,6,1,0.166667,1.000000,0.166667,0.285714
Q107,59,1,6,1,0.166667,1.000000,0.166667,0.285714
Q107,62,1,6,0,0.000000,0.000000,0.000000,0.000000
Q107,60,1,6,0,0.000000,0.000000,0.000000,0.000000
Q107,63,1,6,0,0.000000,0.000000,0.000000,0.000000
Q107,65,2,6,1,0.142857,0.500000,0.166667,0.250000
Q107,61,1,6,0,0.000000,0.000000,0.000000,0.000000
Q107,67,1,6,0,0.000000,0.000000,0.000000,0.000000
Q107,66,1,6,0,0.000000,0.000000,0.000000,0.000000
Q107,64,1,6,0,0.000000,0.000000,0.000000,0.000000
Q107,68,1,6,0,0.000000,0.000000,0.000000,0.000000
Q107,69,1,6,0,0.000000,0.000000,0.000000,0.000000
Q107,72,1,6,0,0.000000,0.000000,0.000000,0.000000
Q107,71,1,6,0,0.000000,0.000000,0.000000,0.000000
Q107,74,1,6,0,0.000000,0.000000,0.000000,0.000000
Q107,70,1,6,0,0.000000,0.000000,0.000000,0.000000
Q107,73,1,6,0,0.000000,0.000000,0.000000,0.000000
Q107,77,1,6,0,0.000000,0.000000,0.000000,0.000000
Q107,78,1,6,0,0.000000,0.000000,0.000000,0.000000
Q107,75,1,6,0,0.000000,0.000000,0.000000,0.000000
Q107,79,1,6,0,0.000000,0.000000,0.000000,0.000000
Q107,76,2,6,1,0.142857,0.500000,0.166667,0.250000
Q107,80,1,6,0,0.000000,0.000000,0.000000,0.000000
Q107,83,1,6,0,0.000000,0.000000,0.000000,0.000000
Q107,82,2,6,1,0.142857,0.500000,0.166667,0.250000
Q107,84,1,6,0,0.000000,0.000000,0.000000,0.000000
Q107,81,2,6,1,0.142857,0.500000,0.166667,0.250000
Q107,85,1,6,0,0.000000,0.000000,0.000000,0.000000
Q107,86,2,6,1,0.142857,0.500000,0.166667,0.250000
Q107,87,1,6,0,0.000000,0.000000,0.000000,0.000000
Q107,88,1,6,0,0.000000,0.000000,0.000000,0.000000
Q107,89,2,6,1,0.142857,0.500000,0.166667,0.250000
Q107,91,1,6,0,0.000000,0.000000,0.000000,0.000000
Q107,93,1,6,0,0.000000,0.000000,0.000000,0.000000
Q107,92,2,6,1,0.142857,0.500000,0.166667,0.250000
Q107,96,1,6,0,0.000000,0.000000,0.000000,0.000000
Q107,94,1,6,0,0.000000,0.000000,0.000000,0.000000
Q107,90,2,6,0,0.000000,0.000000,0.000000,0.000000
Q107,95,1,6,0,0.000000,0.000000,0.000000,0.000000
Q107,98,1,6,0,0.000000,0.000000,0.000000,0.000000
Q107,100,1,6,0,0.000000,0.000000,0.000000,0.000000
Q107,97,1,6,0,0.000000,0.000000,0.000000,0.000000
Q108,1,1,4,1,0.250000,1.000000,0.250000,0.400000
Q107,99,2,6,1,0.142857,0.500000,0.166667,0.250000
Q108,2,1,4,1,0.250000,1.000000,0.250000,0.400000
Q108,5,0,4,0,0.000000,0.000000,0.000000,0.000000
Q108,4,1,4,1,0.250000,1.000000,0.250000,0.400000
Q108,3,1,4,1,0.250000,1.000000,0.250000,0.400000
Q108,8,1,4,1,0.250000,1.000000,0.250000,0.400000
Q108,7,2,4,1,0.200000,0.500000,0.250000,0.333333
Q108,6,1,4,0,0.000000,0.000000,0.000000,0.000000
Q108,10,1,4,1,0.250000,1.000000,0.250000,0.400000
Q108,13,1,4,1,0.250000,1.000000,0.250000,0.400000
Q108,12,1,4,1,0.250000,1.000000,0.250000,0.400000
Q108,11,1,4,1,0.250000,1.000000,0.250000,0.400000
Q108,14,1,4,1,0.250000,1.000000,0.250000,0.400000
Q108,9,2,4,1,0.200000,0.500000,0.250000,0.333333
Q108,15,1,4,0,0.000000,0.000000,0.000000,0.000000
Q108,18,1,4,1,0.250000,1.000000,0.250000,0.400000
Q108,16,1,4,1,0.250000,1.000000,0.250000,0.400000
Q108,20,1,4,1,0.250000,1.000000,0.250000,0.400000
Q108,19,1,4,0,0.000000,0.000000,0.000000,0.000000
Q108,17,1,4,1,0.250000,1.000000,0.250000,0.400000
Q108,21,0,4,0,0.000000,0.000000,0.000000,0.000000
Q108,23,1,4,0,0.000000,0.000000,0.000000,0.000000
Q108,24,1,4,1,0.250000,1.000000,0.250000,0.400000
Q108,22,2,4,1,0.200000,0.500000,0.250000,0.333333
Q108,26,1,4,1,0.250000,1.000000,0.250000,0.400000
Q108,27,1,4,1,0.250000,1.000000,0.250000,0.400000
Q108,25,1,4,1,0.250000,1.000000,0.250000,0.400000
Q108,28,1,4,1,0.250000,1.000000,0.250000,0.400000
Q108,30,1,4,1,0.250000,1.000000,0.250000,0.400000
Q108,29,1,4,1,0.250000,1.000000,0.250000,0.400000
Q108,31,1,4,1,0.250000,1.000000,0.250000,0.400000
Q108,33,1,4,1,0.250000,1.000000,0.250000,0.400000
Q108,34,1,4,1,0.250000,1.000000,0.250000,0.400000
Q108,32,1,4,1,0.250000,1.000000,0.250000,0.400000
Q108,35,1,4,1,0.250000,1.000000,0.250000,0.400000
Q108,36,1,4,1,0.250000,1.000000,0.250000,0.400000
Q108,40,1,4,0,0.000000,0.000000,0.000000,0.000000
Q108,38,1,4,1,0.250000,1.000000,0.250000,0.400000
Q108,39,0,4,0,0.000000,0.000000,0.000000,0.000000
Q108,41,1,4,1,0.250000,1.000000,0.250000,0.400000
Q108,37,2,4,1,0.200000,0.500000,0.250000,0.333333
Q108,42,1,4,1,0.250000,1.000000,0.250000,0.400000
Q108,44,1,4,1,0.250000,1.000000,0.250000,0.400000
Q108,45,1,4,1,0.250000,1.000000,0.250000,0.400000
Q108,46,1,4,0,0.000000,0.000000,0.000000,0.000000
Q108,48,1,4,0,0.000000,0.000000,0.000000,0.000000
Q108,47,1,4,0,0.000000,0.000000,0.000000,0.000000
Q108,49,1,4,1,0.250000,1.000000,0.250000,0.400000
Q108,43,1,4,1,0.250000,1.000000,0.250000,0.400000
Q108,50,1,4,1,0.250000,1.000000,0.250000,0.400000
Q108,51,1,4,1,0.250000,1.000000,0.250000,0.400000
Q108,52,1,4,1,0.250000,1.000000,0.250000,0.400000
Q108,54,1,4,0,0.000000,0.000000,0.000000,0.000000
Q108,55,2,4,1,0.200000,0.500000,0.250000,0.333333
Q108,56,1,4,1,0.250000,1.000000,0.250000,0.400000
Q108,53,0,4,0,0.000000,0.000000,0.000000,0.000000
Q108,57,1,4,1,0.250000,1.000000,0.250000,0.400000
Q108,59,2,4,1,0.200000,0.500000,0.250000,0.333333
Q108,58,1,4,1,0.250000,1.000000,0.250000,0.400000
Q108,60,1,4,1,0.250000,1.000000,0.250000,0.400000
Q108,63,1,4,0,0.000000,0.000000,0.000000,0.000000
Q108,62,1,4,1,0.250000,1.000000,0.250000,0.400000
Q108,65,1,4,1,0.250000,1.000000,0.250000,0.400000
Q108,61,2,4,1,0.200000,0.500000,0.250000,0.333333
Q108,64,1,4,1,0.250000,1.000000,0.250000,0.400000
Q108,67,2,4,1,0.200000,0.500000,0.250000,0.333333
Q108,68,1,4,1,0.250000,1.000000,0.250000,0.400000
Q108,69,1,4,1,0.250000,1.000000,0.250000,0.400000
Q108,70,1,4,1,0.250000,1.000000,0.250000,0.400000
Q108,66,1,4,1,0.250000,1.000000,0.250000,0.400000
Q108,73,1,4,0,0.000000,0.000000,0.000000,0.000000
Q108,72,1,4,1,0.250000,1.000000,0.250000,0.400000
Q108,71,1,4,1,0.250000,1.000000,0.250000,0.400000
Q108,74,1,4,1,0.250000,1.000000,0.250000,0.400000
Q108,75,1,4,1,0.250000,1.000000,0.250000,0.400000
Q108,77,1,4,1,0.250000,1.000000,0.250000,0.400000
Q108,78,1,4,0,0.000000,0.000000,0.000000,0.000000
Q108,76,1,4,1,0.250000,1.000000,0.250000,0.400000
Q108,79,1,4,1,0.250000,1.000000,0.250000,0.400000
Q108,80,1,4,1,0.250000,1.000000,0.250000,0.400000
Q108,82,1,4,1,0.250000,1.000000,0.250000,0.400000
Q108,84,1,4,1,0.250000,1.000000,0.250000,0.400000
Q108,85,1,4,1,0.250000,1.000000,0.250000,0.400000
Q108,81,1,4,1,0.250000,1.000000,0.250000,0.400000
Q108,86,1,4,1,0.250000,1.000000,0.250000,0.400000
Q108,83,2,4,1,0.200000,0.500000,0.250000,0.333333
Q108,88,1,4,1,0.250000,1.000000,0.250000,0.400000
Q108,87,1,4,1,0.250000,1.000000,0.250000,0.400000
Q108,89,1,4,1,0.250000,1.000000,0.250000,0.400000
Q108,90,1,4,1,0.250000,1.000000,0.250000,0.400000
Q108,91,1,4,1,0.250000,1.000000,0.250000,0.400000
Q108,92,1,4,1,0.250000,1.000000,0.250000,0.400000
Q108,93,1,4,1,0.250000,1.000000,0.250000,0.400000
Q108,94,1,4,1,0.250000,1.000000,0.250000,0.400000
Q108,95,1,4,1,0.250000,1.000000,0.250000,0.400000
Q108,97,1,4,0,0.000000,0.000000,0.000000,0.000000
Q108,96,1,4,1,0.250000,1.000000,0.250000,0.400000
Q108,99,1,4,1,0.250000,1.000000,0.250000,0.400000
Q108,100,1,4,1,0.250000,1.000000,0.250000,0.400000
Q108,98,1,4,1,0.250000,1.000000,0.250000,0.400000
Q109,2,1,5,1,0.200000,1.000000,0.200000,0.333333
Q109,1,1,5,0,0.000000,0.000000,0.000000,0.000000
Q109,4,2,5,1,0.166667,0.500000,0.200000,0.285714
Q109,5,1,5,1,0.200000,1.000000,0.200000,0.333333
Q109,6,1,5,1,0.200000,1.000000,0.200000,0.333333
Q109,3,1,5,0,0.000000,0.000000,0.000000,0.000000
Q109,7,1,5,1,0.200000,1.000000,0.200000,0.333333
Q109,8,2,5,1,0.166667,0.500000,0.200000,0.285714
Q109,10,1,5,0,0.000000,0.000000,0.000000,0.000000
Q109,11,1,5,1,0.200000,1.000000,0.200000,0.333333
Q109,14,1,5,1,0.200000,1.000000,0.200000,0.333333
Q109,9,1,5,1,0.200000,1.000000,0.200000,0.333333
Q109,12,1,5,0,0.000000,0.000000,0.000000,0.000000
Q109,13,1,5,1,0.200000,1.000000,0.200000,0.333333
Q109,15,1,5,1,0.200000,1.000000,0.200000,0.333333
Q109,19,1,5,1,0.200000,1.000000,0.200000,0.333333
Q109,17,1,5,1,0.200000,1.000000,0.200000,0.333333
Q109,20,1,5,0,0.000000,0.000000,0.000000,0.000000
Q109,18,1,5,1,0.200000,1.000000,0.200000,0.333333
Q109,22,1,5,1,0.200000,1.000000,0.200000,0.333333
Q109,21,1,5,0,0.000000,0.000000,0.000000,0.000000
Q109,23,1,5,1,0.200000,1.000000,0.200000,0.333333
Q109,24,1,5,1,0.200000,1.000000,0.200000,0.333333
Q109,16,1,5,1,0.200000,1.000000,0.200000,0.333333
Q109,27,1,5,1,0.200000,1.000000,0.200000,0.333333
Q109,25,1,5,1,0.200000,1.000000,0.200000,0.333333
Q109,26,1,5,1,0.200000,1.000000,0.200000,0.333333
Q109,28,1,5,1,0.200000,1.000000,0.200000,0.333333
Q109,30,1,5,1,0.200000,1.000000,0.200000,0.333333
Q109,31,1,5,1,0.200000,1.000000,0.200000,0.333333
Q109,33,1,5,1,0.200000,1.000000,0.200000,0.333333
Q109,32,1,5,0,0.000000,0.000000,0.000000,0.000000
Q109,34,1,5,1,0.200000,1.000000,0.200000,0.333333
Q109,29,1,5,1,0.200000,1.000000,0.200000,0.333333
Q109,35,1,5,1,0.200000,1.000000,0.200000,0.333333
Q109,36,1,5,1,0.200000,1.000000,0.200000,0.333333
Q109,37,1,5,1,0.200000,1.000000,0.200000,0.333333
Q109,39,1,5,1,0.200000,1.000000,0.200000,0.333333
Q109,40,1,5,1,0.200000,1.000000,0.200000,0.333333
Q109,38,1,5,1,0.200000,1.000000,0.200000,0.333333
Q109,41,1,5,0,0.000000,0.000000,0.000000,0.000000
Q109,44,1,5,0,0.000000,0.000000,0.000000,0.000000
Q109,43,1,5,1,0.200000,1.000000,0.200000,0.333333
Q109,42,2,5,1,0.166667,0.500000,0.200000,0.285714
Q109,46,1,5,1,0.200000,1.000000,0.200000,0.333333
Q109,47,1,5,1,0.200000,1.000000,0.200000,0.333333
Q109,45,2,5,1,0.166667,0.500000,0.200000,0.285714
Q109,49,1,5,0,0.000000,0.000000,0.000000,0.000000
Q109,53,1,5,1,0.200000,1.000000,0.200000,0.333333
Q109,48,1,5,1,0.200000,1.000000,0.200000,0.333333
Q109,54,1,5,1,0.200000,1.000000,0.200000,0.333333
Q109,52,2,5,1,0.166667,0.500000,0.200000,0.285714
Q109,50,1,5,1,0.200000,1.000000,0.200000,0.333333
Q109,51,1,5,0,0.000000,0.000000,0.000000,0.000000
Q109,55,1,5,1,0.200000,1.000000,0.200000,0.333333
Q109,59,1,5,0,0.000000,0.000000,0.000000,0.000000
Q109,56,1,5,1,0.200000,1.000000,0.200000,0.333333
Q109,57,1,5,1,0.200000,1.000000,0.200000,0.333333
Q109,58,1,5,1,0.200000,1.000000,0.200000,0.333333
Q109,60,1,5,1,0.200000,1.000000,0.200000,0.333333
Q109,62,1,5,1,0.200000,1.000000,0.200000,0.333333
Q109,64,1,5,1,0.200000,1.000000,0.200000,0.333333
Q109,63,1,5,0,0.000000,0.000000,0.000000,0.000000
Q109,65,1,5,1,0.200000,1.000000,0.200000,0.333333
Q109,61,1,5,1,0.200000,1.000000,0.200000,0.333333
Q109,66,1,5,1,0.200000,1.000000,0.200000,0.333333
Q109,68,1,5,1,0.200000,1.000000,0.200000,0.333333
Q109,67,1,5,1,0.200000,1.000000,0.200000,0.333333
Q109,69,1,5,0,0.000000,0.000000,0.000000,0.000000
Q109,70,1,5,0,0.000000,0.000000,0.000000,0.000000
Q109,71,1,5,1,0.200000,1.000000,0.200000,0.333333
Q109,72,1,5,1,0.200000,1.000000,0.200000,0.333333
Q109,73,1,5,1,0.200000,1.000000,0.200000,0.333333
Q109,75,1,5,1,0.200000,1.000000,0.200000,0.333333
Q109,76,2,5,1,0.166667,0.500000,0.200000,0.285714
Q109,74,1,5,1,0.200000,1.000000,0.200000,0.333333
Q109,77,1,5,1,0.200000,1.000000,0.200000,0.333333
Q109,79,1,5,1,0.200000,1.000000,0.200000,0.333333
Q109,78,1,5,1,0.200000,1.000000,0.200000,0.333333
Q109,80,1,5,1,0.200000,1.000000,0.200000,0.333333
Q109,81,1,5,1,0.200000,1.000000,0.200000,0.333333
Q109,83,1,5,1,0.200000,1.000000,0.200000,0.333333
Q109,82,1,5,1,0.200000,1.000000,0.200000,0.333333
Q109,86,1,5,1,0.200000,1.000000,0.200000,0.333333
Q109,84,1,5,1,0.200000,1.000000,0.200000,0.333333
Q109,85,1,5,1,0.200000,1.000000,0.200000,0.333333
Q109,87,1,5,1,0.200000,1.000000,0.200000,0.333333
Q109,88,1,5,0,0.000000,0.000000,0.000000,0.000000
Q109,92,1,5,1,0.200000,1.000000,0.200000,0.333333
Q109,90,2,5,1,0.166667,0.500000,0.200000,0.285714
Q109,91,1,5,1,0.200000,1.000000,0.200000,0.333333
Q109,89,1,5,1,0.200000,1.000000,0.200000,0.333333
Q109,93,1,5,1,0.200000,1.000000,0.200000,0.333333
Q109,95,1,5,1,0.200000,1.000000,0.200000,0.333333
Q109,94,1,5,1,0.200000,1.000000,0.200000,0.333333
Q109,96,1,5,1,0.200000,1.000000,0.200000,0.333333
Q109,97,1,5,1,0.200000,1.000000,0.200000,0.333333
Q109,99,1,5,1,0.200000,1.000000,0.200000,0.333333
Q109,100,1,5,1,0.200000,1.000000,0.200000,0.333333
Q110,2,1,3,0,0.000000,0.000000,0.000000,0.000000
Q109,98,1,5,1,0.200000,1.000000,0.200000,0.333333
Q110,3,1,3,0,0.000000,0.000000,0.000000,0.000000
Q110,4,1,3,0,0.000000,0.000000,0.000000,0.000000
Q110,1,1,3,0,0.000000,0.000000,0.000000,0.000000
Q110,8,1,3,0,0.000000,0.000000,0.000000,0.000000
Q110,7,1,3,0,0.000000,0.000000,0.000000,0.000000
Q110,5,1,3,0,0.000000,0.000000,0.000000,0.000000
Q110,6,1,3,0,0.000000,0.000000,0.000000,0.000000
Q110,9,1,3,0,0.000000,0.000000,0.000000,0.000000
Q110,12,1,3,0,0.000000,0.000000,0.000000,0.000000
Q110,11,1,3,0,0.000000,0.000000,0.000000,0.000000
Q110,10,1,3,0,0.000000,0.000000,0.000000,0.000000
Q110,14,1,3,0,0.000000,0.000000,0.000000,0.000000
Q110,13,2,3,0,0.000000,0.000000,0.000000,0.000000
Q110,15,2,3,0,0.000000,0.000000,0.000000,0.000000
Q110,21,0,3,0,0.000000,0.000000,0.000000,0.000000
Q110,17,1,3,0,0.000000,0.000000,0.000000,0.000000
Q110,16,2,3,0,0.000000,0.000000,0.000000,0.000000
Q110,20,1,3,0,0.000000,0.000000,0.000000,0.000000
Q110,18,1,3,0,0.000000,0.000000,0.000000,0.000000
Q110,24,1,3,0,0.000000,0.000000,0.000000,0.000000
Q110,25,1,3,0,0.000000,0.000000,0.000000,0.000000
Q110,19,1,3,0,0.000000,0.000000,0.000000,0.000000
Q110,26,1,3,0,0.000000,0.000000,0.000000,0.000000
Q110,23,2,3,0,0.000000,0.000000,0.000000,0.000000
Q110,22,2,3,0,0.000000,0.000000,0.000000,0.000000
Q110,27,1,3,0,0.000000,0.000000,0.000000,0.000000
Q110,28,1,3,0,0.000000,0.000000,0.000000,0.000000
Q110,30,1,3,0,0.000000,0.000000,0.000000,0.000000
Q110,31,1,3,0,0.000000,0.000000,0.000000,0.000000
Q110,29,2,3,0,0.000000,0.000000,0.000000,0.000000
Q110,33,1,3,0,0.000000,0.000000,0.000000,0.000000
Q110,32,2,3,0,0.000000,0.000000,0.000000,0.000000
Q110,37,1,3,0,0.000000,0.000000,0.000000,0.000000
Q110,34,1,3,0,0.000000,0.000000,0.000000,0.000000
Q110,35,1,3,0,0.000000,0.000000,0.000000,0.000000
Q110,36,1,3,0,0.000000,0.000000,0.000000,0.000000
Q110,38,1,3,0,0.000000,0.000000,0.000000,0.000000
Q110,39,1,3,0,0.000000,0.000000,0.000000,0.000000
Q110,42,0,3,0,0.000000,0.000000,0.000000,0.000000
Q110,40,2,3,0,0.000000,0.000000,0.000000,0.000000
Q110,41,1,3,0,0.000000,0.000000,0.000000,0.000000
Q110,43,1,3,0,0.000000,0.000000,0.000000,0.000000
Q110,44,1,3,0,0.000000,0.000000,0.000000,0.000000
Q110,45,1,3,0,0.000000,0.000000,0.000000,0.000000
Q110,49,1,3,0,0.000000,0.000000,0.000000,0.000000
Q110,47,1,3,0,0.000000,0.000000,0.000000,0.000000
Q110,46,1,3,0,0.000000,0.000000,0.000000,0.000000
Q110,48,1,3,0,0.000000,0.000000,0.000000,0.000000
Q110,51,1,3,0,0.000000,0.000000,0.000000,0.000000
Q110,50,1,3,0,0.000000,0.000000,0.000000,0.000000
Q110,53,1,3,0,0.000000,0.000000,0.000000,0.000000
Q110,52,1,3,0,0.000000,0.000000,0.000000,0.000000
Q110,56,1,3,0,0.000000,0.000000,0.000000,0.000000
Q110,54,2,3,0,0.000000,0.000000,0.000000,0.000000
Q110,57,1,3,0,0.000000,0.000000,0.000000,0.000000
Q110,58,1,3,0,0.000000,0.000000,0.000000,0.000000
Q110,59,1,3,0,0.000000,0.000000,0.000000,0.000000
Q110,61,1,3,0,0.000000,0.000000,0.000000,0.000000
Q110,60,1,3,0,0.000000,0.000000,0.000000,0.000000
Q110,62,1,3,0,0.000000,0.000000,0.000000,0.000000
Q110,55,1,3,0,0.000000,0.000000,0.000000,0.000000
Q110,63,2,3,0,0.000000,0.000000,0.000000,0.000000
Q110,64,1,3,0,0.000000,0.000000,0.000000,0.000000
Q110,65,1,3,0,0.000000,0.000000,0.000000,0.000000
Q110,66,1,3,0,0.000000,0.000000,0.000000,0.000000
Q110,67,1,3,0,0.000000,0.000000,0.000000,0.000000
Q110,69,1,3,0,0.000000,0.000000,0.000000,0.000000
Q110,68,2,3,0,0.000000,0.000000,0.000000,0.000000
Q110,71,1,3,0,0.000000,0.000000,0.000000,0.000000
Q110,73,1,3,0,0.000000,0.000000,0.000000,0.000000
Q110,72,1,3,0,0.000000,0.000000,0.000000,0.000000
Q110,70,1,3,0,0.000000,0.000000,0.000000,0.000000
Q110,75,2,3,0,0.000000,0.000000,0.000000,0.000000
Q110,76,1,3,0,0.000000,0.000000,0.000000,0.000000
Q110,74,1,3,0,0.000000,0.000000,0.000000,0.000000
Q110,77,1,3,0,0.000000,0.000000,0.000000,0.000000
Q110,79,1,3,0,0.000000,0.000000,0.000000,0.000000
Q110,78,1,3,0,0.000000,0.000000,0.000000,0.000000
Q110,80,1,3,0,0.000000,0.000000,0.000000,0.000000
Q110,82,2,3,0,0.000000,0.000000,0.000000,0.000000
Q110,81,1,3,0,0.000000,0.000000,0.000000,0.000000
Q110,83,1,3,0,0.000000,0.000000,0.000000,0.000000
Q110,85,1,3,0,0.000000,0.000000,0.000000,0.000000
Q110,86,1,3,0,0.000000,0.000000,0.000000,0.000000
Q110,84,1,3,0,0.000000,0.000000,0.000000,0.000000
Q110,89,1,3,0,0.000000,0.000000,0.000000,0.000000
Q110,90,1,3,0,0.000000,0.000000,0.000000,0.000000
Q110,91,1,3,0,0.000000,0.000000,0.000000,0.000000
Q110,87,1,3,0,0.000000,0.000000,0.000000,0.000000
Q110,92,1,3,0,0.000000,0.000000,0.000000,0.000000
Q110,93,1,3,0,0.000000,0.000000,0.000000,0.000000
Q110,88,1,3,0,0.000000,0.000000,0.000000,0.000000
Q110,94,1,3,0,0.000000,0.000000,0.000000,0.000000
Q110,96,1,3,0,0.000000,0.000000,0.000000,0.000000
Q110,95,2,3,0,0.000000,0.000000,0.000000,0.000000
Q110,97,2,3,0,0.000000,0.000000,0.000000,0.000000
Q110,98,2,3,0,0.000000,0.000000,0.000000,0.000000
Q110,99,1,3,0,0.000000,0.000000,0.000000,0.000000
Q111,1,1,1,0,0.000000,0.000000,0.000000,0.000000
Q111,2,1,1,0,0.000000,0.000000,0.000000,0.000000
Q111,5,0,1,0,0.000000,0.000000,0.000000,0.000000
Q110,100,1,3,0,0.000000,0.000000,0.000000,0.000000
Q111,4,1,1,0,0.000000,0.000000,0.000000,0.000000
Q111,3,1,1,0,0.000000,0.000000,0.000000,0.000000
Q111,6,2,1,1,0.500000,0.500000,1.000000,0.666667
Q111,7,2,1,1,0.500000,0.500000,1.000000,0.666667
Q111,10,1,1,0,0.000000,0.000000,0.000000,0.000000
Q111,9,1,1,0,0.000000,0.000000,0.000000,0.000000
Q111,11,1,1,0,0.000000,0.000000,0.000000,0.000000
Q111,15,0,1,0,0.000000,0.000000,0.000000,0.000000
Q111,14,1,1,0,0.000000,0.000000,0.000000,0.000000
Q111,13,1,1,0,0.000000,0.000000,0.000000,0.000000
Q111,12,2,1,1,0.500000,0.500000,1.000000,0.666667
Q111,8,2,1,1,0.500000,0.500000,1.000000,0.666667
Q111,16,1,1,0,0.000000,0.000000,0.000000,0.000000
Q111,17,1,1,0,0.000000,0.000000,0.000000,0.000000
Q111,18,1,1,0,0.000000,0.000000,0.000000,0.000000
Q111,21,1,1,0,0.000000,0.000000,0.000000,0.000000
Q111,19,1,1,0,0.000000,0.000000,0.000000,0.000000
Q111,20,2,1,1,0.500000,0.500000,1.000000,0.666667
Q111,22,1,1,0,0.000000,0.000000,0.000000,0.000000
Q111,23,1,1,0,0.000000,0.000000,0.000000,0.000000
Q111,25,1,1,0,0.000000,0.000000,0.000000,0.000000
Q111,26,1,1,0,0.000000,0.000000,0.000000,0.000000
Q111,24,1,1,0,0.000000,0.000000,0.000000,0.000000
Q111,27,2,1,1,0.500000,0.500000,1.000000,0.666667
Q111,29,1,1,0,0.000000,0.000000,0.000000,0.000000
Q111,32,1,1,0,0.000000,0.000000,0.000000,0.000000
Q111,33,1,1,0,0.000000,0.000000,0.000000,0.000000
Q111,31,1,1,0,0.000000,0.000000,0.000000,0.000000
Q111,28,1,1,0,0.000000,0.000000,0.000000,0.000000
Q111,30,1,1,0,0.000000,0.000000,0.000000,0.000000
Q111,35,1,1,0,0.000000,0.000000,0.000000,0.000000
Q111,36,1,1,0,0.000000,0.000000,0.000000,0.000000
Q111,38,1,1,0,0.000000,0.000000,0.000000,0.000000
Q111,34,2,1,1,0.500000,0.500000,1.000000,0.666667
Q111,37,2,1,1,0.500000,0.500000,1.000000,0.666667
Q111,39,1,1,0,0.000000,0.000000,0.000000,0.000000
Q111,41,1,1,0,0.000000,0.000000,0.000000,0.000000
Q111,40,1,1,0,0.000000,0.000000,0.000000,0.000000
Q111,44,1,1,0,0.000000,0.000000,0.000000,0.000000
Q111,43,2,1,1,0.500000,0.500000,1.000000,0.666667
Q111,42,2,1,1,0.500000,0.500000,1.000000,0.666667
Q111,46,1,1,0,0.000000,0.000000,0.000000,0.000000
Q111,47,1,1,0,0.000000,0.000000,0.000000,0.000000
Q111,49,1,1,0,0.000000,0.000000,0.000000,0.000000
Q111,50,1,1,0,0.000000,0.000000,0.000000,0.000000
Q111,48,2,1,1,0.500000,0.500000,1.000000,0.666667
Q111,51,1,1,0,0.000000,0.000000,0.000000,0.000000
Q111,45,1,1,0,0.000000,0.000000,0.000000,0.000000
Q111,52,1,1,0,0.000000,0.000000,0.000000,0.000000
Q111,55,1,1,0,0.000000,0.000000,0.000000,0.000000
Q111,54,2,1,1,0.500000,0.500000,1.000000,0.666667
Q111,56,2,1,1,0.500000,0.500000,1.000000,0.666667
Q111,58,1,1,0,0.000000,0.000000,0.000000,0.000000
Q111,57,2,1,1,0.500000,0.500000,1.000000,0.666667
Q111,60,1,1,0,0.000000,0.000000,0.000000,0.000000
Q111,61,1,1,0,0.000000,0.000000,0.000000,0.000000
Q111,62,1,1,0,0.000000,0.000000,0.000000,0.000000
Q111,53,2,1,1,0.500000,0.500000,1.000000,0.666667
Q111,59,1,1,0,0.000000,0.000000,0.000000,0.000000
Q111,63,1,1,0,0.000000,0.000000,0.000000,0.000000
Q111,67,1,1,0,0.000000,0.000000,0.000000,0.000000
Q111,64,2,1,1,0.500000,0.500000,1.000000,0.666667
Q111,69,0,1,0,0.000000,0.000000,0.000000,0.000000
Q111,68,1,1,0,0.000000,0.000000,0.000000,0.000000
Q111,65,1,1,0,0.000000,0.000000,0.000000,0.000000
Q111,71,1,1,0,0.000000,0.000000,0.000000,0.000000
Q111,66,2,1,1,0.500000,0.500000,1.000000,0.666667
Q111,70,0,1,0,0.000000,0.000000,0.000000,0.000000
Q111,73,1,1,0,0.000000,0.000000,0.000000,0.000000
Q111,72,1,1,0,0.000000,0.000000,0.000000,0.000000
Q111,75,1,1,0,0.000000,0.000000,0.000000,0.000000
Q111,74,2,1,1,0.500000,0.500000,1.000000,0.666667
Q111,76,1,1,0,0.000000,0.000000,0.000000,0.000000
Q111,78,1,1,0,0.000000,0.000000,0.000000,0.000000
Q111,77,1,1,0,0.000000,0.000000,0.000000,0.000000
Q111,79,1,1,0,0.000000,0.000000,0.000000,0.000000
Q111,81,1,1,0,0.000000,0.000000,0.000000,0.000000
Q111,82,1,1,0,0.000000,0.000000,0.000000,0.000000
Q111,80,1,1,0,0.000000,0.000000,0.000000,0.000000
Q111,83,1,1,0,0.000000,0.000000,0.000000,0.000000
Q111,85,1,1,0,0.000000,0.000000,0.000000,0.000000
Q111,84,1,1,0,0.000000,0.000000,0.000000,0.000000
Q111,86,1,1,0,0.000000,0.000000,0.000000,0.000000
Q111,88,1,1,0,0.000000,0.000000,0.000000,0.000000
Q111,89,1,1,0,0.000000,0.000000,0.000000,0.000000
Q111,87,1,1,0,0.000000,0.000000,0.000000,0.000000
Q111,90,1,1,0,0.000000,0.000000,0.000000,0.000000
Q111,91,1,1,0,0.000000,0.000000,0.000000,0.000000
Q111,95,1,1,0,0.000000,0.000000,0.000000,0.000000
Q111,93,1,1,0,0.000000,0.000000,0.000000,0.000000
Q111,92,1,1,0,0.000000,0.000000,0.000000,0.000000
Q111,96,1,1,0,0.000000,0.000000,0.000000,0.000000
Q111,94,2,1,1,0.500000,0.500000,1.000000,0.666667
Q111,97,1,1,0,0.000000,0.000000,0.000000,0.000000
Q111,99,0,1,0,0.000000,0.000000,0.000000,0.000000
Q111,100,1,1,0,0.000000,0.000000,0.000000,0.000000
Q111,98,1,1,0,0.000000,0.000000,0.000000,0.000000
Q112,1,1,6,1,0.166667,1.000000,0.166667,0.285714
Q112,3,1,6,1,0.166667,1.000000,0.166667,0.285714
Q112,4,2,6,1,0.142857,0.500000,0.166667,0.250000
Q112,2,1,6,1,0.166667,1.000000,0.166667,0.285714
Q112,6,1,6,1,0.166667,1.000000,0.166667,0.285714
Q112,5,1,6,1,0.166667,1.000000,0.166667,0.285714
Q112,7,1,6,1,0.166667,1.000000,0.166667,0.285714
Q112,8,1,6,1,0.166667,1.000000,0.166667,0.285714
Q112,9,1,6,1,0.166667,1.000000,0.166667,0.285714
Q112,12,1,6,1,0.166667,1.000000,0.166667,0.285714
Q112,11,1,6,1,0.166667,1.000000,0.166667,0.285714
Q112,13,1,6,0,0.000000,0.000000,0.000000,0.000000
Q112,14,2,6,1,0.142857,0.500000,0.166667,0.250000
Q112,10,1,6,0,0.000000,0.000000,0.000000,0.000000
Q112,16,1,6,0,0.000000,0.000000,0.000000,0.000000
Q112,17,1,6,1,0.166667,1.000000,0.166667,0.285714
Q112,18,1,6,1,0.166667,1.000000,0.166667,0.285714
Q112,19,2,6,2,0.333333,1.000000,0.333333,0.500000
Q112,15,1,6,1,0.166667,1.000000,0.166667,0.285714
Q112,22,1,6,0,0.000000,0.000000,0.000000,0.000000
Q112,21,1,6,1,0.166667,1.000000,0.166667,0.285714
Q112,20,2,6,1,0.142857,0.500000,0.166667,0.250000
Q112,25,1,6,1,0.166667,1.000000,0.166667,0.285714
Q112,26,1,6,0,0.000000,0.000000,0.000000,0.000000
Q112,24,1,6,1,0.166667,1.000000,0.166667,0.285714
Q112,28,1,6,1,0.166667,1.000000,0.166667,0.285714
Q112,27,3,6,1,0.125000,0.333333,0.166667,0.222222
Q112,23,2,6,1,0.142857,0.500000,0.166667,0.250000
Q112,29,1,6,1,0.166667,1.000000,0.166667,0.285714
Q112,31,1,6,1,0.166667,1.000000,0.166667,0.285714
Q112,34,1,6,0,0.000000,0.000000,0.000000,0.000000
Q112,33,1,6,1,0.166667,1.000000,0.166667,0.285714
Q112,30,1,6,1,0.166667,1.000000,0.166667,0.285714
Q112,32,2,6,1,0.142857,0.500000,0.166667,0.250000
Q112,35,1,6,1,0.166667,1.000000,0.166667,0.285714
Q112,38,1,6,1,0.166667,1.000000,0.166667,0.285714
Q112,36,1,6,1,0.166667,1.000000,0.166667,0.285714
Q112,41,1,6,1,0.166667,1.000000,0.166667,0.285714
Q112,40,1,6,0,0.000000,0.000000,0.000000,0.000000
Q112,37,1,6,0,0.000000,0.000000,0.000000,0.000000
Q112,43,1,6,1,0.166667,1.000000,0.166667,0.285714
Q112,42,2,6,1,0.142857,0.500000,0.166667,0.250000
Q112,44,1,6,1,0.166667,1.000000,0.166667,0.285714
Q112,46,1,6,1,0.166667,1.000000,0.166667,0.285714
Q112,45,2,6,2,0.333333,1.000000,0.333333,0.500000
Q112,39,1,6,0,0.000000,0.000000,0.000000,0.000000
Q112,47,1,6,1,0.166667,1.000000,0.166667,0.285714
Q112,49,1,6,1,0.166667,1.000000,0.166667,0.285714
Q112,50,1,6,1,0.166667,1.000000,0.166667,0.285714
Q112,48,1,6,1,0.166667,1.000000,0.166667,0.285714
Q112,52,1,6,1,0.166667,1.000000,0.166667,0.285714
Q112,51,1,6,1,0.166667,1.000000,0.166667,0.285714
Q112,53,1,6,1,0.166667,1.000000,0.166667,0.285714
Q112,54,1,6,0,0.000000,0.000000,0.000000,0.000000
Q112,55,1,6,1,0.166667,1.000000,0.166667,0.285714
Q112,56,1,6,1,0.166667,1.000000,0.166667,0.285714
Q112,58,1,6,1,0.166667,1.000000,0.166667,0.285714
Q112,57,2,6,1,0.142857,0.500000,0.166667,0.250000
Q112,59,1,6,0,0.000000,0.000000,0.000000,0.000000
Q112,60,1,6,0,0.000000,0.000000,0.000000,0.000000
Q112,62,1,6,0,0.000000,0.000000,0.000000,0.000000
Q112,63,1,6,1,0.166667,1.000000,0.166667,0.285714
Q112,61,2,6,1,0.142857,0.500000,0.166667,0.250000
Q112,64,1,6,1,0.166667,1.000000,0.166667,0.285714
Q112,65,2,6,1,0.142857,0.500000,0.166667,0.250000
Q112,67,1,6,1,0.166667,1.000000,0.166667,0.285714
Q112,68,2,6,1,0.142857,0.500000,0.166667,0.250000
Q112,66,2,6,1,0.142857,0.500000,0.166667,0.250000
Q112,69,1,6,0,0.000000,0.000000,0.000000,0.000000
Q112,71,2,6,1,0.142857,0.500000,0.166667,0.250000
Q112,70,1,6,1,0.166667,1.000000,0.166667,0.285714
Q112,72,1,6,1,0.166667,1.000000,0.166667,0.285714
Q112,74,1,6,1,0.166667,1.000000,0.166667,0.285714
Q112,73,2,6,1,0.142857,0.500000,0.166667,0.250000
Q112,75,2,6,1,0.142857,0.500000,0.166667,0.250000
Q112,79,1,6,1,0.166667,1.000000,0.166667,0.285714
Q112,78,2,6,1,0.142857,0.500000,0.166667,0.250000
Q112,77,1,6,1,0.166667,1.000000,0.166667,0.285714
Q112,80,1,6,1,0.166667,1.000000,0.166667,0.285714
Q112,76,3,6,1,0.125000,0.333333,0.166667,0.222222
Q112,82,1,6,1,0.166667,1.000000,0.166667,0.285714
Q112,83,1,6,0,0.000000,0.000000,0.000000,0.000000
Q112,86,1,6,0,0.000000,0.000000,0.000000,0.000000
Q112,84,2,6,1,0.142857,0.500000,0.166667,0.250000
Q112,81,2,6,1,0.142857,0.500000,0.166667,0.250000
Q112,85,1,6,0,0.000000,0.000000,0.000000,0.000000
Q112,87,1,6,0,0.000000,0.000000,0.000000,0.000000
Q112,88,1,6,1,0.166667,1.000000,0.166667,0.285714
Q112,90,1,6,1,0.166667,1.000000,0.166667,0.285714
Q112,91,1,6,1,0.166667,1.000000,0.166667,0.285714
Q112,89,2,6,2,0.333333,1.000000,0.333333,0.500000
Q112,92,2,6,1,0.142857,0.500000,0.166667,0.250000
Q112,94,1,6,1,0.166667,1.000000,0.166667,0.285714
Q112,95,1,6,1,0.166667,1.000000,0.166667,0.285714
Q112,93,2,6,2,0.333333,1.000000,0.333333,0.500000
Q112,96,1,6,1,0.166667,1.000000,0.166667,0.285714
Q112,97,1,6,1,0.166667,1.000000,0.166667,0.285714
Q112,99,1,6,1,0.166667,1.000000,0.166667,0.285714
Q112,98,1,6,1,0.166667,1.000000,0.166667,0.285714
Q113,1,1,6,1,0.166667,1.000000,0.166667,0.285714
Q112,100,1,6,1,0.166667,1.000000,0.166667,0.285714
Q113,3,1,6,1,0.166667,1.000000,0.166667,0.285714
Q113,2,1,6,1,0.166667,1.000000,0.166667,0.285714
Q113,5,1,6,1,0.166667,1.000000,0.166667,0.285714
Q113,6,1,6,1,0.166667,1.000000,0.166667,0.285714
Q113,4,1,6,1,0.166667,1.000000,0.166667,0.285714
Q113,9,1,6,1,0.166667,1.000000,0.166667,0.285714
Q113,7,1,6,1,0.166667,1.000000,0.166667,0.285714
Q113,12,1,6,1,0.166667,1.000000,0.166667,0.285714
Q113,11,1,6,1,0.166667,1.000000,0.166667,0.285714
Q113,10,2,6,1,0.142857,0.500000,0.166667,0.250000
Q113,8,5,6,1,0.100000,0.200000,0.166667,0.181818
Q113,13,1,6,0,0.000000,0.000000,0.000000,0.000000
Q113,14,1,6,0,0.000000,0.000000,0.000000,0.000000
Q113,17,1,6,1,0.166667,1.000000,0.166667,0.285714
Q113,18,1,6,1,0.166667,1.000000,0.166667,0.285714
Q113,16,1,6,1,0.166667,1.000000,0.166667,0.285714
Q113,19,1,6,1,0.166667,1.000000,0.166667,0.285714
Q113,15,2,6,1,0.142857,0.500000,0.166667,0.250000
Q113,20,1,6,1,0.166667,1.000000,0.166667,0.285714
Q113,22,1,6,1,0.166667,1.000000,0.166667,0.285714
Q113,21,2,6,1,0.142857,0.500000,0.166667,0.250000
Q113,23,1,6,1,0.166667,1.000000,0.166667,0.285714
Q113,24,1,6,1,0.166667,1.000000,0.166667,0.285714
Q113,28,1,6,1,0.166667,1.000000,0.166667,0.285714
Q113,26,2,6,1,0.142857,0.500000,0.166667,0.250000
Q113,29,1,6,0,0.000000,0.000000,0.000000,0.000000
Q113,30,1,6,1,0.166667,1.000000,0.166667,0.285714
Q113,27,2,6,2,0.333333,1.000000,0.333333,0.500000
Q113,25,1,6,1,0.166667,1.000000,0.166667,0.285714
Q113,31,2,6,2,0.333333,1.000000,0.333333,0.500000
Q113,33,1,6,0,0.000000,0.000000,0.000000,0.000000
Q113,32,1,6,1,0.166667,1.000000,0.166667,0.285714
Q113,36,1,6,1,0.166667,1.000000,0.166667,0.285714
Q113,34,1,6,1,0.166667,1.000000,0.166667,0.285714
Q113,39,1,6,1,0.166667,1.000000,0.166667,0.285714
Q113,38,1,6,1,0.166667,1.000000,0.166667,0.285714
Q113,37,1,6,1,0.166667,1.000000,0.166667,0.285714
Q113,35,1,6,1,0.166667,1.000000,0.166667,0.285714
Q113,40,1,6,0,0.000000,0.000000,0.000000,0.000000
Q113,41,1,6,1,0.166667,1.000000,0.166667,0.285714
Q113,42,1,6,1,0.166667,1.000000,0.166667,0.285714
Q113,44,1,6,1,0.166667,1.000000,0.166667,0.285714
Q113,45,2,6,1,0.142857,0.500000,0.166667,0.250000
Q113,43,2,6,1,0.142857,0.500000,0.166667,0.250000
Q113,46,1,6,1,0.166667,1.000000,0.166667,0.285714
Q113,48,1,6,1,0.166667,1.000000,0.166667,0.285714
Q113,49,1,6,1,0.166667,1.000000,0.166667,0.285714
Q113,47,2,6,2,0.333333,1.000000,0.333333,0.500000
Q113,51,1,6,1,0.166667,1.000000,0.166667,0.285714
Q113,53,1,6,1,0.166667,1.000000,0.166667,0.285714
Q113,50,2,6,1,0.142857,0.500000,0.166667,0.250000
Q113,52,1,6,1,0.166667,1.000000,0.166667,0.285714
Q113,54,2,6,1,0.142857,0.500000,0.166667,0.250000
Q113,56,1,6,1,0.166667,1.000000,0.166667,0.285714
Q113,55,1,6,1,0.166667,1.000000,0.166667,0.285714
Q113,57,1,6,1,0.166667,1.000000,0.166667,0.285714
Q113,58,1,6,1,0.166667,1.000000,0.166667,0.285714
Q113,59,1,6,1,0.166667,1.000000,0.166667,0.285714
Q113,61,1,6,1,0.166667,1.000000,0.166667,0.285714
Q113,60,2,6,0,0.000000,0.000000,0.000000,0.000000
Q113,63,1,6,1,0.166667,1.000000,0.166667,0.285714
Q113,62,1,6,0,0.000000,0.000000,0.000000,0.000000
Q113,64,1,6,1,0.166667,1.000000,0.166667,0.285714
Q113,65,2,6,1,0.142857,0.500000,0.166667,0.250000
Q113,66,1,6,1,0.166667,1.000000,0.166667,0.285714
Q113,68,2,6,1,0.142857,0.500000,0.166667,0.250000
Q113,67,1,6,1,0.166667,1.000000,0.166667,0.285714
Q113,69,1,6,1,0.166667,1.000000,0.166667,0.285714
Q113,70,2,6,1,0.142857,0.500000,0.166667,0.250000
Q113,71,1,6,1,0.166667,1.000000,0.166667,0.285714
Q113,73,2,6,1,0.142857,0.500000,0.166667,0.250000
Q113,74,1,6,0,0.000000,0.000000,0.000000,0.000000
Q113,75,1,6,1,0.166667,1.000000,0.166667,0.285714
Q113,76,2,6,1,0.142857,0.500000,0.166667,0.250000
Q113,77,1,6,1,0.166667,1.000000,0.166667,0.285714
Q113,72,1,6,0,0.000000,0.000000,0.000000,0.000000
Q113,78,1,6,1,0.166667,1.000000,0.166667,0.285714
Q113,80,1,6,1,0.166667,1.000000,0.166667,0.285714
Q113,79,1,6,1,0.166667,1.000000,0.166667,0.285714
Q113,82,1,6,0,0.000000,0.000000,0.000000,0.000000
Q113,83,1,6,1,0.166667,1.000000,0.166667,0.285714
Q113,84,1,6,1,0.166667,1.000000,0.166667,0.285714
Q113,86,1,6,1,0.166667,1.000000,0.166667,0.285714
Q113,85,2,6,1,0.142857,0.500000,0.166667,0.250000
Q113,87,1,6,1,0.166667,1.000000,0.166667,0.285714
Q113,90,1,6,0,0.000000,0.000000,0.000000,0.000000
Q113,89,1,6,1,0.166667,1.000000,0.166667,0.285714
Q113,81,1,6,1,0.166667,1.000000,0.166667,0.285714
Q113,88,1,6,1,0.166667,1.000000,0.166667,0.285714
Q113,91,1,6,1,0.166667,1.000000,0.166667,0.285714
Q113,92,1,6,1,0.166667,1.000000,0.166667,0.285714
Q113,94,1,6,1,0.166667,1.000000,0.166667,0.285714
Q113,93,1,6,1,0.166667,1.000000,0.166667,0.285714
Q113,97,1,6,0,0.000000,0.000000,0.000000,0.000000
Q113,99,1,6,1,0.166667,1.000000,0.166667,0.285714
Q113,100,1,6,1,0.166667,1.000000,0.166667,0.285714
Q113,98,1,6,0,0.000000,0.000000,0.000000,0.000000
Q113,95,1,6,1,0.166667,1.000000,0.166667,0.285714
Q113,96,1,6,1,0.166667,1.000000,0.166667,0.285714
Q114,3,1,5,0,0.000000,0.000000,0.000000,0.000000
Q114,1,1,5,0,0.000000,0.000000,0.000000,0.000000
Q114,2,2,5,1,0.166667,0.500000,0.200000,0.285714
Q114,4,1,5,0,0.000000,0.000000,0.000000,0.000000
Q114,6,1,5,0,0.000000,0.000000,0.000000,0.000000
Q114,8,1,5,0,0.000000,0.000000,0.000000,0.000000
Q114,10,1,5,0,0.000000,0.000000,0.000000,0.000000
Q114,5,1,5,0,0.000000,0.000000,0.000000,0.000000
Q114,7,2,5,0,0.000000,0.000000,0.000000,0.000000
Q114,11,1,5,0,0.000000,0.000000,0.000000,0.000000
Q114,12,1,5,0,0.000000,0.000000,0.000000,0.000000
Q114,9,2,5,1,0.166667,0.500000,0.200000,0.285714
Q114,13,1,5,0,0.000000,0.000000,0.000000,0.000000
Q114,14,1,5,0,0.000000,0.000000,0.000000,0.000000
Q114,16,1,5,0,0.000000,0.000000,0.000000,0.000000
Q114,17,1,5,0,0.000000,0.000000,0.000000,0.000000
Q114,15,2,5,1,0.166667,0.500000,0.200000,0.285714
Q114,18,1,5,1,0.200000,1.000000,0.200000,0.333333
Q114,19,1,5,0,0.000000,0.000000,0.000000,0.000000
Q114,21,1,5,0,0.000000,0.000000,0.000000,0.000000
Q114,20,2,5,1,0.166667,0.500000,0.200000,0.285714
Q114,24,1,5,0,0.000000,0.000000,0.000000,0.000000
Q114,23,1,5,0,0.000000,0.000000,0.000000,0.000000
Q114,22,2,5,1,0.166667,0.500000,0.200000,0.285714
Q114,25,2,5,1,0.166667,0.500000,0.200000,0.285714
Q114,27,1,5,0,0.000000,0.000000,0.000000,0.000000
Q114,26,1,5,0,0.000000,0.000000,0.000000,0.000000
Q114,30,1,5,0,0.000000,0.000000,0.000000,0.000000
Q114,28,1,5,0,0.000000,0.000000,0.000000,0.000000
Q114,29,1,5,0,0.000000,0.000000,0.000000,0.000000
Q114,31,1,5,0,0.000000,0.000000,0.000000,0.000000
Q114,33,1,5,0,0.000000,0.000000,0.000000,0.000000
Q114,32,2,5,1,0.166667,0.500000,0.200000,0.285714
Q114,34,1,5,0,0.000000,0.000000,0.000000,0.000000
Q114,36,1,5,0,0.000000,0.000000,0.000000,0.000000
Q114,35,1,5,0,0.000000,0.000000,0.000000,0.000000
Q114,37,2,5,1,0.166667,0.500000,0.200000,0.285714
Q114,40,1,5,0,0.000000,0.000000,0.000000,0.000000
Q114,42,1,5,0,0.000000,0.000000,0.000000,0.000000
Q114,41,1,5,0,0.000000,0.000000,0.000000,0.000000
Q114,39,1,5,0,0.000000,0.000000,0.000000,0.000000
Q114,38,1,5,1,0.200000,1.000000,0.200000,0.333333
Q114,43,1,5,0,0.000000,0.000000,0.000000,0.000000
Q114,44,1,5,0,0.000000,0.000000,0.000000,0.000000
Q114,45,1,5,0,0.000000,0.000000,0.000000,0.000000
Q114,48,1,5,0,0.000000,0.000000,0.000000,0.000000
Q114,46,1,5,0,0.000000,0.000000,0.000000,0.000000
Q114,47,1,5,0,0.000000,0.000000,0.000000,0.000000
Q114,49,1,5,1,0.200000,1.000000,0.200000,0.333333
Q114,50,1,5,0,0.000000,0.000000,0.000000,0.000000
Q114,52,1,5,0,0.000000,0.000000,0.000000,0.000000
Q114,51,2,5,1,0.166667,0.500000,0.200000,0.285714
Q114,54,1,5,0,0.000000,0.000000,0.000000,0.000000
Q114,55,1,5,0,0.000000,0.000000,0.000000,0.000000
Q114,53,1,5,0,0.000000,0.000000,0.000000,0.000000
Q114,57,1,5,0,0.000000,0.000000,0.000000,0.000000
Q114,56,1,5,0,0.000000,0.000000,0.000000,0.000000
Q114,58,1,5,0,0.000000,0.000000,0.000000,0.000000
Q114,59,1,5,0,0.000000,0.000000,0.000000,0.000000
Q114,62,1,5,0,0.000000,0.000000,0.000000,0.000000
Q114,61,2,5,1,0.166667,0.500000,0.200000,0.285714
Q114,63,1,5,1,0.200000,1.000000,0.200000,0.333333
Q114,60,1,5,0,0.000000,0.000000,0.000000,0.000000
Q114,65,1,5,0,0.000000,0.000000,0.000000,0.000000
Q114,66,1,5,0,0.000000,0.000000,0.000000,0.000000
Q114,64,1,5,0,0.000000,0.000000,0.000000,0.000000
Q114,69,1,5,0,0.000000,0.000000,0.000000,0.000000
Q114,68,1,5,0,0.000000,0.000000,0.000000,0.000000
Q114,67,1,5,0,0.000000,0.000000,0.000000,0.000000
Q114,70,1,5,0,0.000000,0.000000,0.000000,0.000000
Q114,74,1,5,0,0.000000,0.000000,0.000000,0.000000
Q114,73,1,5,0,0.000000,0.000000,0.000000,0.000000
Q114,71,1,5,0,0.000000,0.000000,0.000000,0.000000
Q114,75,2,5,1,0.166667,0.500000,0.200000,0.285714
Q114,72,1,5,0,0.000000,0.000000,0.000000,0.000000
Q114,76,1,5,0,0.000000,0.000000,0.000000,0.000000
Q114,77,1,5,0,0.000000,0.000000,0.000000,0.000000
Q114,79,1,5,0,0.000000,0.000000,0.000000,0.000000
Q114,80,2,5,1,0.166667,0.500000,0.200000,0.285714
Q114,81,1,5,0,0.000000,0.000000,0.000000,0.000000
Q114,82,1,5,0,0.000000,0.000000,0.000000,0.000000
Q114,83,1,5,0,0.000000,0.000000,0.000000,0.000000
Q114,78,2,5,0,0.000000,0.000000,0.000000,0.000000
Q114,84,1,5,0,0.000000,0.000000,0.000000,0.000000
Q114,85,1,5,0,0.000000,0.000000,0.000000,0.000000
Q114,86,1,5,1,0.200000,1.000000,0.200000,0.333333
Q114,90,1,5,0,0.000000,0.000000,0.000000,0.000000
Q114,89,1,5,0,0.000000,0.000000,0.000000,0.000000
Q114,88,2,5,0,0.000000,0.000000,0.000000,0.000000
Q114,87,1,5,0,0.000000,0.000000,0.000000,0.000000
Q114,92,1,5,1,0.200000,1.000000,0.200000,0.333333
Q114,93,1,5,0,0.000000,0.000000,0.000000,0.000000
Q114,94,1,5,0,0.000000,0.000000,0.000000,0.000000
Q114,91,2,5,1,0.166667,0.500000,0.200000,0.285714
Q114,95,1,5,0,0.000000,0.000000,0.000000,0.000000
Q114,97,1,5,0,0.000000,0.000000,0.000000,0.000000
Q114,96,1,5,0,0.000000,0.000000,0.000000,0.000000
Q114,98,1,5,1,0.200000,1.000000,0.200000,0.333333
Q114,100,1,5,0,0.000000,0.000000,0.000000,0.000000
Q115,1,1,4,1,0.250000,1.000000,0.250000,0.400000
Q114,99,2,5,0,0.000000,0.000000,0.000000,0.000000
Q115,4,1,4,1,0.250000,1.000000,0.250000,0.400000
Q115,2,2,4,1,0.200000,0.500000,0.250000,0.333333
Q115,3,2,4,1,0.200000,0.500000,0.250000,0.333333
Q115,6,1,4,1,0.250000,1.000000,0.250000,0.400000
Q115,5,1,4,1,0.250000,1.000000,0.250000,0.400000
Q115,7,1,4,1,0.250000,1.000000,0.250000,0.400000
Q115,9,1,4,1,0.250000,1.000000,0.250000,0.400000
Q115,11,1,4,1,0.250000,1.000000,0.250000,0.400000
Q115,10,1,4,1,0.250000,1.000000,0.250000,0.400000
Q115,12,1,4,1,0.250000,1.000000,0.250000,0.400000
Q115,14,1,4,1,0.250000,1.000000,0.250000,0.400000
Q115,13,2,4,1,0.200000,0.500000,0.250000,0.333333
Q115,8,2,4,1,0.200000,0.500000,0.250000,0.333333
Q115,16,1,4,1,0.250000,1.000000,0.250000,0.400000
Q115,17,1,4,1,0.250000,1.000000,0.250000,0.400000
Q115,15,1,4,1,0.250000,1.000000,0.250000,0.400000
Q115,19,1,4,1,0.250000,1.000000,0.250000,0.400000
Q115,18,1,4,1,0.250000,1.000000,0.250000,0.400000
Q115,21,1,4,0,0.000000,0.000000,0.000000,0.000000
Q115,20,1,4,1,0.250000,1.000000,0.250000,0.400000
Q115,22,2,4,1,0.200000,0.500000,0.250000,0.333333
Q115,23,1,4,1,0.250000,1.000000,0.250000,0.400000
Q115,25,1,4,1,0.250000,1.000000,0.250000,0.400000
Q115,24,2,4,1,0.200000,0.500000,0.250000,0.333333
Q115,26,1,4,1,0.250000,1.000000,0.250000,0.400000
Q115,27,1,4,1,0.250000,1.000000,0.250000,0.400000
Q115,29,1,4,1,0.250000,1.000000,0.250000,0.400000
Q115,30,1,4,1,0.250000,1.000000,0.250000,0.400000
Q115,31,1,4,1,0.250000,1.000000,0.250000,0.400000
Q115,32,1,4,1,0.250000,1.000000,0.250000,0.400000
Q115,33,1,4,1,0.250000,1.000000,0.250000,0.400000
Q115,34,1,4,1,0.250000,1.000000,0.250000,0.400000
Q115,35,2,4,1,0.200000,0.500000,0.250000,0.333333
Q115,28,2,4,1,0.200000,0.500000,0.250000,0.333333
Q115,36,1,4,1,0.250000,1.000000,0.250000,0.400000
Q115,37,1,4,1,0.250000,1.000000,0.250000,0.400000
Q115,39,1,4,0,0.000000,0.000000,0.000000,0.000000
Q115,41,1,4,1,0.250000,1.000000,0.250000,0.400000
Q115,38,1,4,1,0.250000,1.000000,0.250000,0.400000
Q115,40,1,4,1,0.250000,1.000000,0.250000,0.400000
Q115,42,1,4,1,0.250000,1.000000,0.250000,0.400000
Q115,43,2,4,1,0.200000,0.500000,0.250000,0.333333
Q115,45,1,4,1,0.250000,1.000000,0.250000,0.400000
Q115,46,1,4,1,0.250000,1.000000,0.250000,0.400000
Q115,44,1,4,1,0.250000,1.000000,0.250000,0.400000
Q115,48,2,4,1,0.200000,0.500000,0.250000,0.333333
Q115,47,2,4,1,0.200000,0.500000,0.250000,0.333333
Q115,49,2,4,1,0.200000,0.500000,0.250000,0.333333
Q115,51,1,4,1,0.250000,1.000000,0.250000,0.400000
Q115,52,1,4,1,0.250000,1.000000,0.250000,0.400000
Q115,50,1,4,1,0.250000,1.000000,0.250000,0.400000
Q115,54,1,4,1,0.250000,1.000000,0.250000,0.400000
Q115,53,1,4,1,0.250000,1.000000,0.250000,0.400000
Q115,55,1,4,1,0.250000,1.000000,0.250000,0.400000
Q115,56,1,4,1,0.250000,1.000000,0.250000,0.400000
Q115,60,1,4,1,0.250000,1.000000,0.250000,0.400000
Q115,59,1,4,1,0.250000,1.000000,0.250000,0.400000
Q115,61,1,4,1,0.250000,1.000000,0.250000,0.400000
Q115,58,1,4,1,0.250000,1.000000,0.250000,0.400000
Q115,57,2,4,1,0.200000,0.500000,0.250000,0.333333
Q115,62,2,4,1,0.200000,0.500000,0.250000,0.333333
Q115,64,1,4,0,0.000000,0.000000,0.000000,0.000000
Q115,63,1,4,1,0.250000,1.000000,0.250000,0.400000
Q115,66,1,4,1,0.250000,1.000000,0.250000,0.400000
Q115,65,2,4,1,0.200000,0.500000,0.250000,0.333333
Q115,70,1,4,1,0.250000,1.000000,0.250000,0.400000
Q115,68,1,4,1,0.250000,1.000000,0.250000,0.400000
Q115,67,2,4,1,0.200000,0.500000,0.250000,0.333333
Q115,69,1,4,1,0.250000,1.000000,0.250000,0.400000
Q115,73,1,4,1,0.250000,1.000000,0.250000,0.400000
Q115,71,2,4,1,0.200000,0.500000,0.250000,0.333333
Q115,72,2,4,1,0.200000,0.500000,0.250000,0.333333
Q115,74,1,4,0,0.000000,0.000000,0.000000,0.000000
Q115,75,1,4,1,0.250000,1.000000,0.250000,0.400000
Q115,76,1,4,1,0.250000,1.000000,0.250000,0.400000
Q115,78,1,4,1,0.250000,1.000000,0.250000,0.400000
Q115,79,1,4,0,0.000000,0.000000,0.000000,0.000000
Q115,80,2,4,1,0.200000,0.500000,0.250000,0.333333
Q115,77,2,4,1,0.200000,0.500000,0.250000,0.333333
Q115,81,1,4,1,0.250000,1.000000,0.250000,0.400000
Q115,82,1,4,1,0.250000,1.000000,0.250000,0.400000
Q115,86,2,4,1,0.200000,0.500000,0.250000,0.333333
Q115,85,2,4,1,0.200000,0.500000,0.250000,0.333333
Q115,87,1,4,1,0.250000,1.000000,0.250000,0.400000
Q115,88,2,4,1,0.200000,0.500000,0.250000,0.333333
Q115,83,2,4,1,0.200000,0.500000,0.250000,0.333333
Q115,84,1,4,1,0.250000,1.000000,0.250000,0.400000
Q115,91,1,4,1,0.250000,1.000000,0.250000,0.400000
Q115,89,1,4,1,0.250000,1.000000,0.250000,0.400000
Q115,92,1,4,1,0.250000,1.000000,0.250000,0.400000
Q115,93,1,4,1,0.250000,1.000000,0.250000,0.400000
Q115,94,1,4,0,0.000000,0.000000,0.000000,0.000000
Q115,96,1,4,1,0.250000,1.000000,0.250000,0.400000
Q115,98,1,4,1,0.250000,1.000000,0.250000,0.400000
Q115,90,1,4,1,0.250000,1.000000,0.250000,0.400000
Q115,97,2,4,1,0.200000,0.500000,0.250000,0.333333
Q115,99,1,4,1,0.250000,1.000000,0.250000,0.400000
Q115,100,1,4,1,0.250000,1.000000,0.250000,0.400000
Q115,95,1,4,1,0.250000,1.000000,0.250000,0.400000
Q116,2,1,7,1,0.142857,1.000000,0.142857,0.250000
Q116,6,1,7,0,0.000000,0.000000,0.000000,0.000000
Q116,4,1,7,1,0.142857,1.000000,0.142857,0.250000
Q116,5,2,7,1,0.125000,0.500000,0.142857,0.222222
Q116,3,2,7,1,0.125000,0.500000,0.142857,0.222222
Q116,1,2,7,1,0.125000,0.500000,0.142857,0.222222
Q116,7,2,7,2,0.285714,1.000000,0.285714,0.444444
Q116,8,1,7,1,0.142857,1.000000,0.142857,0.250000
Q116,9,2,7,1,0.125000,0.500000,0.142857,0.222222
Q116,11,2,7,1,0.125000,0.500000,0.142857,0.222222
Q116,13,2,7,1,0.125000,0.500000,0.142857,0.222222
Q116,10,1,7,0,0.000000,0.000000,0.000000,0.000000
Q116,15,1,7,1,0.142857,1.000000,0.142857,0.250000
Q116,14,2,7,1,0.125000,0.500000,0.142857,0.222222
Q116,16,1,7,0,0.000000,0.000000,0.000000,0.000000
Q116,18,1,7,1,0.142857,1.000000,0.142857,0.250000
Q116,12,1,7,1,0.142857,1.000000,0.142857,0.250000
Q116,17,1,7,1,0.142857,1.000000,0.142857,0.250000
Q116,20,2,7,1,0.125000,0.500000,0.142857,0.222222
Q116,22,1,7,1,0.142857,1.000000,0.142857,0.250000
Q116,19,1,7,1,0.142857,1.000000,0.142857,0.250000
Q116,21,2,7,2,0.285714,1.000000,0.285714,0.444444
Q116,23,1,7,1,0.142857,1.000000,0.142857,0.250000
Q116,24,2,7,1,0.125000,0.500000,0.142857,0.222222
Q116,25,1,7,1,0.142857,1.000000,0.142857,0.250000
Q116,26,1,7,1,0.142857,1.000000,0.142857,0.250000
Q116,28,1,7,1,0.142857,1.000000,0.142857,0.250000
Q116,27,1,7,1,0.142857,1.000000,0.142857,0.250000
Q116,29,1,7,1,0.142857,1.000000,0.142857,0.250000
Q116,30,1,7,1,0.142857,1.000000,0.142857,0.250000
Q116,31,1,7,1,0.142857,1.000000,0.142857,0.250000
Q116,33,1,7,1,0.142857,1.000000,0.142857,0.250000
Q116,34,1,7,1,0.142857,1.000000,0.142857,0.250000
Q116,36,1,7,1,0.142857,1.000000,0.142857,0.250000
Q116,35,2,7,1,0.125000,0.500000,0.142857,0.222222
Q116,32,1,7,1,0.142857,1.000000,0.142857,0.250000
Q116,38,1,7,1,0.142857,1.000000,0.142857,0.250000
Q116,37,2,7,2,0.285714,1.000000,0.285714,0.444444
Q116,41,1,7,1,0.142857,1.000000,0.142857,0.250000
Q116,40,1,7,1,0.142857,1.000000,0.142857,0.250000
Q116,39,1,7,1,0.142857,1.000000,0.142857,0.250000
Q116,42,1,7,0,0.000000,0.000000,0.000000,0.000000
Q116,43,1,7,0,0.000000,0.000000,0.000000,0.000000
Q116,44,1,7,0,0.000000,0.000000,0.000000,0.000000
Q116,46,1,7,1,0.142857,1.000000,0.142857,0.250000
Q116,45,1,7,1,0.142857,1.000000,0.142857,0.250000
Q116,47,1,7,1,0.142857,1.000000,0.142857,0.250000
Q116,48,1,7,1,0.142857,1.000000,0.142857,0.250000
Q116,50,1,7,1,0.142857,1.000000,0.142857,0.250000
Q116,49,2,7,1,0.125000,0.500000,0.142857,0.222222
Q116,52,1,7,1,0.142857,1.000000,0.142857,0.250000
Q116,51,1,7,1,0.142857,1.000000,0.142857,0.250000
Q116,53,1,7,1,0.142857,1.000000,0.142857,0.250000
Q116,54,2,7,1,0.125000,0.500000,0.142857,0.222222
Q116,55,1,7,1,0.142857,1.000000,0.142857,0.250000
Q116,57,1,7,1,0.142857,1.000000,0.142857,0.250000
Q116,56,1,7,1,0.142857,1.000000,0.142857,0.250000
Q116,58,1,7,1,0.142857,1.000000,0.142857,0.250000
Q116,61,1,7,1,0.142857,1.000000,0.142857,0.250000
Q116,62,1,7,1,0.142857,1.000000,0.142857,0.250000
Q116,59,1,7,1,0.142857,1.000000,0.142857,0.250000
Q116,63,1,7,1,0.142857,1.000000,0.142857,0.250000
Q116,60,2,7,1,0.125000,0.500000,0.142857,0.222222
Q116,64,1,7,1,0.142857,1.000000,0.142857,0.250000
Q116,66,1,7,1,0.142857,1.000000,0.142857,0.250000
Q116,65,2,7,2,0.285714,1.000000,0.285714,0.444444
Q116,69,1,7,1,0.142857,1.000000,0.142857,0.250000
Q116,68,2,7,1,0.125000,0.500000,0.142857,0.222222
Q116,70,1,7,1,0.142857,1.000000,0.142857,0.250000
Q116,67,2,7,1,0.125000,0.500000,0.142857,0.222222
Q116,71,2,7,2,0.285714,1.000000,0.285714,0.444444
Q116,75,1,7,1,0.142857,1.000000,0.142857,0.250000
Q116,72,2,7,2,0.285714,1.000000,0.285714,0.444444
Q116,73,1,7,1,0.142857,1.000000,0.142857,0.250000
Q116,74,2,7,1,0.125000,0.500000,0.142857,0.222222
Q116,76,1,7,1,0.142857,1.000000,0.142857,0.250000
Q116,77,1,7,1,0.142857,1.000000,0.142857,0.250000
Q116,78,1,7,1,0.142857,1.000000,0.142857,0.250000
Q116,79,1,7,1,0.142857,1.000000,0.142857,0.250000
Q116,81,2,7,0,0.000000,0.000000,0.000000,0.000000
Q116,82,1,7,1,0.142857,1.000000,0.142857,0.250000
Q116,80,2,7,1,0.125000,0.500000,0.142857,0.222222
Q116,83,2,7,1,0.125000,0.500000,0.142857,0.222222
Q116,85,1,7,1,0.142857,1.000000,0.142857,0.250000
Q116,84,2,7,1,0.125000,0.500000,0.142857,0.222222
Q116,86,1,7,1,0.142857,1.000000,0.142857,0.250000
Q116,87,1,7,0,0.000000,0.000000,0.000000,0.000000
Q116,88,1,7,1,0.142857,1.000000,0.142857,0.250000
Q116,90,1,7,0,0.000000,0.000000,0.000000,0.000000
Q116,91,1,7,1,0.142857,1.000000,0.142857,0.250000
Q116,92,1,7,1,0.142857,1.000000,0.142857,0.250000
Q116,93,1,7,1,0.142857,1.000000,0.142857,0.250000
Q116,94,1,7,0,0.000000,0.000000,0.000000,0.000000
Q116,95,2,7,1,0.125000,0.500000,0.142857,0.222222
Q116,96,1,7,0,0.000000,0.000000,0.000000,0.000000
Q116,89,1,7,0,0.000000,0.000000,0.000000,0.000000
Q116,97,1,7,1,0.142857,1.000000,0.142857,0.250000
Q116,98,1,7,1,0.142857,1.000000,0.142857,0.250000
Q117,1,1,4,1,0.250000,1.000000,0.250000,0.400000
Q116,100,1,7,1,0.142857,1.000000,0.142857,0.250000
Q116,99,1,7,1,0.142857,1.000000,0.142857,0.250000
Q117,2,1,4,1,0.250000,1.000000,0.250000,0.400000
Q117,3,1,4,1,0.250000,1.000000,0.250000,0.400000
Q117,4,1,4,1,0.250000,1.000000,0.250000,0.400000
Q117,5,1,4,1,0.250000,1.000000,0.250000,0.400000
Q117,6,1,4,0,0.000000,0.000000,0.000000,0.000000
Q117,8,1,4,1,0.250000,1.000000,0.250000,0.400000
Q117,9,1,4,1,0.250000,1.000000,0.250000,0.400000
Q117,13,1,4,1,0.250000,1.000000,0.250000,0.400000
Q117,10,2,4,1,0.200000,0.500000,0.250000,0.333333
Q117,12,1,4,1,0.250000,1.000000,0.250000,0.400000
Q117,7,1,4,1,0.250000,1.000000,0.250000,0.400000
Q117,11,2,4,1,0.200000,0.500000,0.250000,0.333333
Q117,14,1,4,1,0.250000,1.000000,0.250000,0.400000
Q117,16,1,4,1,0.250000,1.000000,0.250000,0.400000
Q117,18,1,4,1,0.250000,1.000000,0.250000,0.400000
Q117,19,1,4,1,0.250000,1.000000,0.250000,0.400000
Q117,17,1,4,1,0.250000,1.000000,0.250000,0.400000
Q117,20,2,4,1,0.200000,0.500000,0.250000,0.333333
Q117,21,1,4,0,0.000000,0.000000,0.000000,0.000000
Q117,22,1,4,1,0.250000,1.000000,0.250000,0.400000
Q117,24,1,4,0,0.000000,0.000000,0.000000,0.000000
Q117,15,1,4,0,0.000000,0.000000,0.000000,0.000000
Q117,23,2,4,1,0.200000,0.500000,0.250000,0.333333
Q117,26,1,4,1,0.250000,1.000000,0.250000,0.400000
Q117,29,1,4,1,0.250000,1.000000,0.250000,0.400000
Q117,25,1,4,0,0.000000,0.000000,0.000000,0.000000
Q117,27,1,4,1,0.250000,1.000000,0.250000,0.400000
Q117,28,1,4,1,0.250000,1.000000,0.250000,0.400000
Q117,30,1,4,1,0.250000,1.000000,0.250000,0.400000
Q117,31,1,4,1,0.250000,1.000000,0.250000,0.400000
Q117,32,1,4,0,0.000000,0.000000,0.000000,0.000000
Q117,33,1,4,1,0.250000,1.000000,0.250000,0.400000
Q117,35,1,4,1,0.250000,1.000000,0.250000,0.400000
Q117,37,1,4,1,0.250000,1.000000,0.250000,0.400000
Q117,34,1,4,0,0.000000,0.000000,0.000000,0.000000
Q117,36,1,4,0,0.000000,0.000000,0.000000,0.000000
Q117,39,1,4,1,0.250000,1.000000,0.250000,0.400000
Q117,38,1,4,1,0.250000,1.000000,0.250000,0.400000
Q117,42,1,4,1,0.250000,1.000000,0.250000,0.400000
Q117,41,1,4,1,0.250000,1.000000,0.250000,0.400000
Q117,40,1,4,0,0.000000,0.000000,0.000000,0.000000
Q117,43,1,4,1,0.250000,1.000000,0.250000,0.400000
Q117,45,1,4,1,0.250000,1.000000,0.250000,0.400000
Q117,47,1,4,1,0.250000,1.000000,0.250000,0.400000
Q117,46,1,4,1,0.250000,1.000000,0.250000,0.400000
Q117,49,1,4,1,0.250000,1.000000,0.250000,0.400000
Q117,44,1,4,1,0.250000,1.000000,0.250000,0.400000
Q117,48,2,4,1,0.200000,0.500000,0.250000,0.333333
Q117,50,1,4,1,0.250000,1.000000,0.250000,0.400000
Q117,52,1,4,1,0.250000,1.000000,0.250000,0.400000
Q117,51,1,4,1,0.250000,1.000000,0.250000,0.400000
Q117,53,1,4,1,0.250000,1.000000,0.250000,0.400000
Q117,54,1,4,1,0.250000,1.000000,0.250000,0.400000
Q117,56,1,4,1,0.250000,1.000000,0.250000,0.400000
Q117,58,1,4,1,0.250000,1.000000,0.250000,0.400000
Q117,57,1,4,1,0.250000,1.000000,0.250000,0.400000
Q117,55,1,4,1,0.250000,1.000000,0.250000,0.400000
Q117,59,1,4,0,0.000000,0.000000,0.000000,0.000000
Q117,61,1,4,1,0.250000,1.000000,0.250000,0.400000
Q117,60,1,4,1,0.250000,1.000000,0.250000,0.400000
Q117,64,1,4,0,0.000000,0.000000,0.000000,0.000000
Q117,63,1,4,0,0.000000,0.000000,0.000000,0.000000
Q117,62,1,4,1,0.250000,1.000000,0.250000,0.400000
Q117,65,1,4,1,0.250000,1.000000,0.250000,0.400000
Q117,66,1,4,1,0.250000,1.000000,0.250000,0.400000
Q117,67,1,4,1,0.250000,1.000000,0.250000,0.400000
Q117,69,1,4,1,0.250000,1.000000,0.250000,0.400000
Q117,68,1,4,1,0.250000,1.000000,0.250000,0.400000
Q117,72,1,4,1,0.250000,1.000000,0.250000,0.400000
Q117,70,1,4,1,0.250000,1.000000,0.250000,0.400000
Q117,71,1,4,1,0.250000,1.000000,0.250000,0.400000
Q117,74,2,4,1,0.200000,0.500000,0.250000,0.333333
Q117,75,1,4,1,0.250000,1.000000,0.250000,0.400000
Q117,76,1,4,1,0.250000,1.000000,0.250000,0.400000
Q117,78,1,4,1,0.250000,1.000000,0.250000,0.400000
Q117,77,1,4,1,0.250000,1.000000,0.250000,0.400000
Q117,73,2,4,1,0.200000,0.500000,0.250000,0.333333
Q117,80,1,4,1,0.250000,1.000000,0.250000,0.400000
Q117,81,1,4,1,0.250000,1.000000,0.250000,0.400000
Q117,82,1,4,1,0.250000,1.000000,0.250000,0.400000
Q117,79,2,4,1,0.200000,0.500000,0.250000,0.333333
Q117,83,1,4,1,0.250000,1.000000,0.250000,0.400000
Q117,85,1,4,1,0.250000,1.000000,0.250000,0.400000
Q117,88,1,4,1,0.250000,1.000000,0.250000,0.400000
Q117,86,1,4,1,0.250000,1.000000,0.250000,0.400000
Q117,87,1,4,0,0.000000,0.000000,0.000000,0.000000
Q117,89,2,4,1,0.200000,0.500000,0.250000,0.333333
Q117,84,1,4,0,0.000000,0.000000,0.000000,0.000000
Q117,90,1,4,1,0.250000,1.000000,0.250000,0.400000
Q117,91,1,4,0,0.000000,0.000000,0.000000,0.000000
Q117,92,1,4,1,0.250000,1.000000,0.250000,0.400000
Q117,93,1,4,1,0.250000,1.000000,0.250000,0.400000
Q117,94,1,4,1,0.250000,1.000000,0.250000,0.400000
Q117,95,1,4,1,0.250000,1.000000,0.250000,0.400000
Q117,96,1,4,1,0.250000,1.000000,0.250000,0.400000
Q117,97,1,4,0,0.000000,0.000000,0.000000,0.000000
Q117,98,2,4,1,0.200000,0.500000,0.250000,0.333333
Q118,1,1,2,0,0.000000,0.000000,0.000000,0.000000
Q118,3,1,2,0,0.000000,0.000000,0.000000,0.000000
Q118,2,1,2,0,0.000000,0.000000,0.000000,0.000000
Q117,100,1,4,1,0.250000,1.000000,0.250000,0.400000
Q117,99,1,4,1,0.250000,1.000000,0.250000,0.400000
Q118,4,1,2,0,0.000000,0.000000,0.000000,0.000000
Q118,5,1,2,0,0.000000,0.000000,0.000000,0.000000
Q118,7,1,2,0,0.000000,0.000000,0.000000,0.000000
Q118,8,1,2,0,0.000000,0.000000,0.000000,0.000000
Q118,9,1,2,0,0.000000,0.000000,0.000000,0.000000
Q118,10,1,2,0,0.000000,0.000000,0.000000,0.000000
Q118,12,1,2,0,0.000000,0.000000,0.000000,0.000000
Q118,11,1,2,0,0.000000,0.000000,0.000000,0.000000
Q118,13,1,2,0,0.000000,0.000000,0.000000,0.000000
Q118,6,1,2,0,0.000000,0.000000,0.000000,0.000000
Q118,14,1,2,0,0.000000,0.000000,0.000000,0.000000
Q118,15,2,2,0,0.000000,0.000000,0.000000,0.000000
Q118,17,1,2,0,0.000000,0.000000,0.000000,0.000000
Q118,16,1,2,0,0.000000,0.000000,0.000000,0.000000
Q118,18,1,2,0,0.000000,0.000000,0.000000,0.000000
Q118,19,1,2,0,0.000000,0.000000,0.000000,0.000000
Q118,20,1,2,0,0.000000,0.000000,0.000000,0.000000
Q118,21,1,2,0,0.000000,0.000000,0.000000,0.000000
Q118,22,1,2,0,0.000000,0.000000,0.000000,0.000000
Q118,27,1,2,0,0.000000,0.000000,0.000000,0.000000
Q118,25,1,2,0,0.000000,0.000000,0.000000,0.000000
Q118,26,1,2,0,0.000000,0.000000,0.000000,0.000000
Q118,23,1,2,0,0.000000,0.000000,0.000000,0.000000
Q118,24,2,2,1,0.333333,0.500000,0.500000,0.500000
Q118,28,1,2,0,0.000000,0.000000,0.000000,0.000000
Q118,29,1,2,0,0.000000,0.000000,0.000000,0.000000
Q118,30,1,2,0,0.000000,0.000000,0.000000,0.000000
Q118,32,1,2,0,0.000000,0.000000,0.000000,0.000000
Q118,31,2,2,0,0.000000,0.000000,0.000000,0.000000
Q118,33,1,2,0,0.000000,0.000000,0.000000,0.000000
Q118,34,1,2,0,0.000000,0.000000,0.000000,0.000000
Q118,35,1,2,0,0.000000,0.000000,0.000000,0.000000
Q118,36,1,2,0,0.000000,0.000000,0.000000,0.000000
Q118,38,1,2,0,0.000000,0.000000,0.000000,0.000000
Q118,40,1,2,0,0.000000,0.000000,0.000000,0.000000
Q118,41,1,2,0,0.000000,0.000000,0.000000,0.000000
Q118,37,1,2,0,0.000000,0.000000,0.000000,0.000000
Q118,39,1,2,0,0.000000,0.000000,0.000000,0.000000
Q118,42,1,2,0,0.000000,0.000000,0.000000,0.000000
Q118,43,1,2,0,0.000000,0.000000,0.000000,0.000000
Q118,44,1,2,0,0.000000,0.000000,0.000000,0.000000
Q118,45,1,2,0,0.000000,0.000000,0.000000,0.000000
Q118,46,1,2,0,0.000000,0.000000,0.000000,0.000000
Q118,47,1,2,0,0.000000,0.000000,0.000000,0.000000
Q118,49,1,2,0,0.000000,0.000000,0.000000,0.000000
Q118,48,1,2,0,0.000000,0.000000,0.000000,0.000000
Q118,50,1,2,0,0.000000,0.000000,0.000000,0.000000
Q118,51,1,2,0,0.000000,0.000000,0.000000,0.000000
Q118,53,1,2,0,0.000000,0.000000,0.000000,0.000000
Q118,52,2,2,0,0.000000,0.000000,0.000000,0.000000
Q118,54,2,2,0,0.000000,0.000000,0.000000,0.000000
Q118,55,1,2,0,0.000000,0.000000,0.000000,0.000000
Q118,57,1,2,0,0.000000,0.000000,0.000000,0.000000
Q118,56,1,2,0,0.000000,0.000000,0.000000,0.000000
Q118,59,1,2,0,0.000000,0.000000,0.000000,0.000000
Q118,58,1,2,0,0.000000,0.000000,0.000000,0.000000
Q118,63,1,2,0,0.000000,0.000000,0.000000,0.000000
Q118,62,1,2,0,0.000000,0.000000,0.000000,0.000000
Q118,61,1,2,0,0.000000,0.000000,0.000000,0.000000
Q118,60,1,2,0,0.000000,0.000000,0.000000,0.000000
Q118,65,1,2,0,0.000000,0.000000,0.000000,0.000000
Q118,66,1,2,0,0.000000,0.000000,0.000000,0.000000
Q118,67,1,2,0,0.000000,0.000000,0.000000,0.000000
Q118,64,1,2,0,0.000000,0.000000,0.000000,0.000000
Q118,68,2,2,1,0.333333,0.500000,0.500000,0.500000
Q118,69,1,2,0,0.000000,0.000000,0.000000,0.000000
Q118,70,2,2,0,0.000000,0.000000,0.000000,0.000000
Q118,71,2,2,0,0.000000,0.000000,0.000000,0.000000
Q118,72,1,2,0,0.000000,0.000000,0.000000,0.000000
Q118,73,2,2,0,0.000000,0.000000,0.000000,0.000000
Q118,75,1,2,0,0.000000,0.000000,0.000000,0.000000
Q118,74,2,2,0,0.000000,0.000000,0.000000,0.000000
Q118,78,1,2,0,0.000000,0.000000,0.000000,0.000000
Q118,76,2,2,0,0.000000,0.000000,0.000000,0.000000
Q118,77,2,2,0,0.000000,0.000000,0.000000,0.000000
Q118,79,1,2,0,0.000000,0.000000,0.000000,0.000000
Q118,80,1,2,0,0.000000,0.000000,0.000000,0.000000
Q118,81,1,2,0,0.000000,0.000000,0.000000,0.000000
Q118,82,1,2,0,0.000000,0.000000,0.000000,0.000000
Q118,84,2,2,0,0.000000,0.000000,0.000000,0.000000
Q118,83,1,2,0,0.000000,0.000000,0.000000,0.000000
Q118,85,1,2,0,0.000000,0.000000,0.000000,0.000000
Q118,86,1,2,0,0.000000,0.000000,0.000000,0.000000
Q118,87,1,2,0,0.000000,0.000000,0.000000,0.000000
Q118,88,1,2,0,0.000000,0.000000,0.000000,0.000000
Q118,91,1,2,0,0.000000,0.000000,0.000000,0.000000
Q118,92,1,2,0,0.000000,0.000000,0.000000,0.000000
Q118,93,1,2,0,0.000000,0.000000,0.000000,0.000000
Q118,90,2,2,0,0.000000,0.000000,0.000000,0.000000
Q118,89,1,2,0,0.000000,0.000000,0.000000,0.000000
Q118,95,1,2,0,0.000000,0.000000,0.000000,0.000000
Q118,96,2,2,0,0.000000,0.000000,0.000000,0.000000
Q118,97,1,2,0,0.000000,0.000000,0.000000,0.000000
Q118,94,2,2,0,0.000000,0.000000,0.000000,0.000000
Q118,98,1,2,0,0.000000,0.000000,0.000000,0.000000
Q118,99,1,2,0,0.000000,0.000000,0.000000,0.000000
Q119,1,0,5,0,0.000000,0.000000,0.000000,0.000000
Q118,100,1,2,0,0.000000,0.000000,0.000000,0.000000
Q119,3,1,5,0,0.000000,0.000000,0.000000,0.000000
Q119,2,1,5,1,0.200000,1.000000,0.200000,0.333333
Q119,4,1,5,1,0.200000,1.000000,0.200000,0.333333
Q119,6,1,5,0,0.000000,0.000000,0.000000,0.000000
Q119,7,1,5,1,0.200000,1.000000,0.200000,0.333333
Q119,5,1,5,0,0.000000,0.000000,0.000000,0.000000
Q119,9,1,5,1,0.200000,1.000000,0.200000,0.333333
Q119,12,0,5,0,0.000000,0.000000,0.000000,0.000000
Q119,10,1,5,1,0.200000,1.000000,0.200000,0.333333
Q119,8,1,5,0,0.000000,0.000000,0.000000,0.000000
Q119,13,1,5,0,0.000000,0.000000,0.000000,0.000000
Q119,16,0,5,0,0.000000,0.000000,0.000000,0.000000
Q119,14,1,5,1,0.200000,1.000000,0.200000,0.333333
Q119,15,1,5,1,0.200000,1.000000,0.200000,0.333333
Q119,11,1,5,1,0.200000,1.000000,0.200000,0.333333
Q119,19,1,5,1,0.200000,1.000000,0.200000,0.333333
Q119,20,1,5,1,0.200000,1.000000,0.200000,0.333333
Q119,18,1,5,1,0.200000,1.000000,0.200000,0.333333
Q119,17,2,5,1,0.166667,0.500000,0.200000,0.285714
Q119,21,1,5,0,0.000000,0.000000,0.000000,0.000000
Q119,25,1,5,1,0.200000,1.000000,0.200000,0.333333
Q119,23,2,5,1,0.166667,0.500000,0.200000,0.285714
Q119,22,2,5,1,0.166667,0.500000,0.200000,0.285714
Q119,26,1,5,1,0.200000,1.000000,0.200000,0.333333
Q119,24,2,5,1,0.166667,0.500000,0.200000,0.285714
Q119,27,1,5,1,0.200000,1.000000,0.200000,0.333333
Q119,28,0,5,0,0.000000,0.000000,0.000000,0.000000
Q119,30,1,5,1,0.200000,1.000000,0.200000,0.333333
Q119,31,1,5,1,0.200000,1.000000,0.200000,0.333333
Q119,33,1,5,1,0.200000,1.000000,0.200000,0.333333
Q119,32,2,5,1,0.166667,0.500000,0.200000,0.285714
Q119,29,2,5,1,0.166667,0.500000,0.200000,0.285714
Q119,34,1,5,1,0.200000,1.000000,0.200000,0.333333
Q119,35,1,5,1,0.200000,1.000000,0.200000,0.333333
Q119,36,1,5,1,0.200000,1.000000,0.200000,0.333333
Q119,37,1,5,1,0.200000,1.000000,0.200000,0.333333
Q119,38,2,5,1,0.166667,0.500000,0.200000,0.285714
Q119,40,1,5,1,0.200000,1.000000,0.200000,0.333333
Q119,41,1,5,0,0.000000,0.000000,0.000000,0.000000
Q119,43,1,5,1,0.200000,1.000000,0.200000,0.333333
Q119,42,2,5,1,0.166667,0.500000,0.200000,0.285714
Q119,44,1,5,1,0.200000,1.000000,0.200000,0.333333
Q119,45,1,5,1,0.200000,1.000000,0.200000,0.333333
Q119,47,1,5,1,0.200000,1.000000,0.200000,0.333333
Q119,46,2,5,1,0.166667,0.500000,0.200000,0.285714
Q119,39,2,5,1,0.166667,0.500000,0.200000,0.285714
Q119,48,1,5,0,0.000000,0.000000,0.000000,0.000000
Q119,49,1,5,1,0.200000,1.000000,0.200000,0.333333
Q119,50,1,5,1,0.200000,1.000000,0.200000,0.333333
Q119,52,1,5,1,0.200000,1.000000,0.200000,0.333333
Q119,55,1,5,0,0.000000,0.000000,0.000000,0.000000
Q119,51,1,5,0,0.000000,0.000000,0.000000,0.000000
Q119,54,2,5,1,0.166667,0.500000,0.200000,0.285714
Q119,53,1,5,1,0.200000,1.000000,0.200000,0.333333
Q119,59,0,5,0,0.000000,0.000000,0.000000,0.000000
Q119,56,1,5,1,0.200000,1.000000,0.200000,0.333333
Q119,57,1,5,1,0.200000,1.000000,0.200000,0.333333
Q119,60,1,5,1,0.200000,1.000000,0.200000,0.333333
Q119,61,1,5,1,0.200000,1.000000,0.200000,0.333333
Q119,58,1,5,1,0.200000,1.000000,0.200000,0.333333
Q119,65,0,5,0,0.000000,0.000000,0.000000,0.000000
Q119,63,1,5,1,0.200000,1.000000,0.200000,0.333333
Q119,62,1,5,1,0.200000,1.000000,0.200000,0.333333
Q119,64,1,5,1,0.200000,1.000000,0.200000,0.333333
Q119,67,1,5,1,0.200000,1.000000,0.200000,0.333333
Q119,66,2,5,1,0.166667,0.500000,0.200000,0.285714
Q119,68,0,5,0,0.000000,0.000000,0.000000,0.000000
Q119,69,1,5,1,0.200000,1.000000,0.200000,0.333333
Q119,71,1,5,1,0.200000,1.000000,0.200000,0.333333
Q119,70,1,5,1,0.200000,1.000000,0.200000,0.333333
Q119,72,1,5,1,0.200000,1.000000,0.200000,0.333333
Q119,73,1,5,1,0.200000,1.000000,0.200000,0.333333
Q119,75,1,5,1,0.200000,1.000000,0.200000,0.333333
Q119,76,1,5,1,0.200000,1.000000,0.200000,0.333333
Q119,74,1,5,1,0.200000,1.000000,0.200000,0.333333
Q119,79,1,5,1,0.200000,1.000000,0.200000,0.333333
Q119,77,2,5,1,0.166667,0.500000,0.200000,0.285714
Q119,80,1,5,1,0.200000,1.000000,0.200000,0.333333
Q119,78,1,5,1,0.200000,1.000000,0.200000,0.333333
Q119,81,1,5,1,0.200000,1.000000,0.200000,0.333333
Q119,83,1,5,0,0.000000,0.000000,0.000000,0.000000
Q119,84,1,5,1,0.200000,1.000000,0.200000,0.333333
Q119,85,1,5,1,0.200000,1.000000,0.200000,0.333333
Q119,82,2,5,1,0.166667,0.500000,0.200000,0.285714
Q119,86,2,5,1,0.166667,0.500000,0.200000,0.285714
Q119,88,1,5,1,0.200000,1.000000,0.200000,0.333333
Q119,89,2,5,1,0.166667,0.500000,0.200000,0.285714
Q119,90,1,5,1,0.200000,1.000000,0.200000,0.333333
Q119,91,2,5,1,0.166667,0.500000,0.200000,0.285714
Q119,92,1,5,1,0.200000,1.000000,0.200000,0.333333
Q119,87,1,5,1,0.200000,1.000000,0.200000,0.333333
Q119,94,1,5,1,0.200000,1.000000,0.200000,0.333333
Q119,95,1,5,1,0.200000,1.000000,0.200000,0.333333
Q119,93,1,5,1,0.200000,1.000000,0.200000,0.333333
Q119,96,1,5,1,0.200000,1.000000,0.200000,0.333333
Q119,98,1,5,1,0.200000,1.000000,0.200000,0.333333
Q119,97,1,5,1,0.200000,1.000000,0.200000,0.333333
Q119,100,1,5,1,0.200000,1.000000,0.200000,0.333333
Q120,1,1,6,1,0.166667,1.000000,0.166667,0.285714
Q120,2,1,6,1,0.166667,1.000000,0.166667,0.285714
Q119,99,2,5,1,0.166667,0.500000,0.200000,0.285714
Q120,4,1,6,1,0.166667,1.000000,0.166667,0.285714
Q120,5,1,6,1,0.166667,1.000000,0.166667,0.285714
Q120,7,1,6,1,0.166667,1.000000,0.166667,0.285714
Q120,3,1,6,1,0.166667,1.000000,0.166667,0.285714
Q120,8,1,6,1,0.166667,1.000000,0.166667,0.285714
Q120,6,1,6,1,0.166667,1.000000,0.166667,0.285714
Q120,9,1,6,1,0.166667,1.000000,0.166667,0.285714
Q120,10,1,6,1,0.166667,1.000000,0.166667,0.285714
Q120,13,1,6,1,0.166667,1.000000,0.166667,0.285714
Q120,11,1,6,1,0.166667,1.000000,0.166667,0.285714
Q120,12,1,6,1,0.166667,1.000000,0.166667,0.285714
Q120,16,1,6,1,0.166667,1.000000,0.166667,0.285714
Q120,15,1,6,1,0.166667,1.000000,0.166667,0.285714
Q120,14,1,6,1,0.166667,1.000000,0.166667,0.285714
Q120,18,1,6,1,0.166667,1.000000,0.166667,0.285714
Q120,20,1,6,1,0.166667,1.000000,0.166667,0.285714
Q120,19,1,6,1,0.166667,1.000000,0.166667,0.285714
Q120,17,2,6,2,0.333333,1.000000,0.333333,0.500000
Q120,21,1,6,1,0.166667,1.000000,0.166667,0.285714
Q120,22,1,6,1,0.166667,1.000000,0.166667,0.285714
Q120,23,1,6,1,0.166667,1.000000,0.166667,0.285714
Q120,27,1,6,1,0.166667,1.000000,0.166667,0.285714
Q120,25,1,6,1,0.166667,1.000000,0.166667,0.285714
Q120,26,1,6,1,0.166667,1.000000,0.166667,0.285714
Q120,28,1,6,1,0.166667,1.000000,0.166667,0.285714
Q120,24,1,6,1,0.166667,1.000000,0.166667,0.285714
Q120,29,1,6,1,0.166667,1.000000,0.166667,0.285714
Q120,30,1,6,1,0.166667,1.000000,0.166667,0.285714
Q120,31,1,6,1,0.166667,1.000000,0.166667,0.285714
Q120,32,1,6,1,0.166667,1.000000,0.166667,0.285714
Q120,34,1,6,1,0.166667,1.000000,0.166667,0.285714
Q120,35,0,6,0,0.000000,0.000000,0.000000,0.000000
Q120,36,1,6,1,0.166667,1.000000,0.166667,0.285714
Q120,37,1,6,1,0.166667,1.000000,0.166667,0.285714
Q120,38,1,6,1,0.166667,1.000000,0.166667,0.285714
Q120,33,1,6,1,0.166667,1.000000,0.166667,0.285714
Q120,39,1,6,1,0.166667,1.000000,0.166667,0.285714
Q120,40,1,6,1,0.166667,1.000000,0.166667,0.285714
Q120,41,1,6,1,0.166667,1.000000,0.166667,0.285714
Q120,43,1,6,1,0.166667,1.000000,0.166667,0.285714
Q120,42,1,6,1,0.166667,1.000000,0.166667,0.285714
Q120,44,1,6,1,0.166667,1.000000,0.166667,0.285714
Q120,46,1,6,1,0.166667,1.000000,0.166667,0.285714
Q120,47,1,6,1,0.166667,1.000000,0.166667,0.285714
Q120,48,1,6,1,0.166667,1.000000,0.166667,0.285714
Q120,45,1,6,1,0.166667,1.000000,0.166667,0.285714
Q120,49,1,6,1,0.166667,1.000000,0.166667,0.285714
Q120,51,1,6,1,0.166667,1.000000,0.166667,0.285714
Q120,54,0,6,0,0.000000,0.000000,0.000000,0.000000
Q120,50,1,6,1,0.166667,1.000000,0.166667,0.285714
Q120,55,0,6,0,0.000000,0.000000,0.000000,0.000000
Q120,53,1,6,1,0.166667,1.000000,0.166667,0.285714
Q120,52,1,6,1,0.166667,1.000000,0.166667,0.285714
Q120,56,1,6,1,0.166667,1.000000,0.166667,0.285714
Q120,57,1,6,1,0.166667,1.000000,0.166667,0.285714
Q120,58,1,6,1,0.166667,1.000000,0.166667,0.285714
Q120,61,1,6,1,0.166667,1.000000,0.166667,0.285714
Q120,59,1,6,1,0.166667,1.000000,0.166667,0.285714
Q120,60,1,6,1,0.166667,1.000000,0.166667,0.285714
Q120,62,1,6,1,0.166667,1.000000,0.166667,0.285714
Q120,64,1,6,1,0.166667,1.000000,0.166667,0.285714
Q120,63,1,6,1,0.166667,1.000000,0.166667,0.285714
Q120,66,1,6,1,0.166667,1.000000,0.166667,0.285714
Q120,67,1,6,1,0.166667,1.000000,0.166667,0.285714
Q120,65,1,6,1,0.166667,1.000000,0.166667,0.285714
Q120,69,1,6,1,0.166667,1.000000,0.166667,0.285714
Q120,71,1,6,1,0.166667,1.000000,0.166667,0.285714
Q120,72,1,6,1,0.166667,1.000000,0.166667,0.285714
Q120,70,1,6,1,0.166667,1.000000,0.166667,0.285714
Q120,73,1,6,1,0.166667,1.000000,0.166667,0.285714
Q120,75,1,6,1,0.166667,1.000000,0.166667,0.285714
Q120,74,1,6,1,0.166667,1.000000,0.166667,0.285714
Q120,68,2,6,2,0.333333,1.000000,0.333333,0.500000
Q120,76,1,6,1,0.166667,1.000000,0.166667,0.285714
Q120,77,1,6,1,0.166667,1.000000,0.166667,0.285714
Q120,78,1,6,1,0.166667,1.000000,0.166667,0.285714
Q120,79,1,6,1,0.166667,1.000000,0.166667,0.285714
Q120,80,1,6,1,0.166667,1.000000,0.166667,0.285714
Q120,82,1,6,1,0.166667,1.000000,0.166667,0.285714
Q120,81,1,6,1,0.166667,1.000000,0.166667,0.285714
Q120,83,1,6,1,0.166667,1.000000,0.166667,0.285714
Q120,85,1,6,1,0.166667,1.000000,0.166667,0.285714
Q120,89,1,6,1,0.166667,1.000000,0.166667,0.285714
Q120,86,1,6,1,0.166667,1.000000,0.166667,0.285714
Q120,84,2,6,2,0.333333,1.000000,0.333333,0.500000
Q120,87,2,6,2,0.333333,1.000000,0.333333,0.500000
Q120,88,1,6,1,0.166667,1.000000,0.166667,0.285714
Q120,91,1,6,1,0.166667,1.000000,0.166667,0.285714
Q120,90,1,6,1,0.166667,1.000000,0.166667,0.285714
Q120,93,1,6,1,0.166667,1.000000,0.166667,0.285714
Q120,92,2,6,2,0.333333,1.000000,0.333333,0.500000
Q120,95,1,6,1,0.166667,1.000000,0.166667,0.285714
Q120,96,1,6,1,0.166667,1.000000,0.166667,0.285714
Q120,97,1,6,1,0.166667,1.000000,0.166667,0.285714
Q120,99,1,6,1,0.166667,1.000000,0.166667,0.285714
Q120,94,1,6,1,0.166667,1.000000,0.166667,0.285714
Q120,98,2,6,2,0.333333,1.000000,0.333333,0.500000
Q121,1,0,5,0,0.000000,0.000000,0.000000,0.000000
Q120,100,1,6,1,0.166667,1.000000,0.166667,0.285714
Q121,2,0,5,0,0.000000,0.000000,0.000000,0.000000
Q121,4,0,5,0,0.000000,0.000000,0.000000,0.000000
Q121,6,0,5,0,0.000000,0.000000,0.000000,0.000000
Q121,5,0,5,0,0.000000,0.000000,0.000000,0.000000
Q121,3,0,5,0,0.000000,0.000000,0.000000,0.000000
Q121,7,0,5,0,0.000000,0.000000,0.000000,0.000000
Q121,9,0,5,0,0.000000,0.000000,0.000000,0.000000
Q121,10,0,5,0,0.000000,0.000000,0.000000,0.000000
Q121,12,0,5,0,0.000000,0.000000,0.000000,0.000000
Q121,8,1,5,1,0.200000,1.000000,0.200000,0.333333
Q121,11,1,5,1,0.200000,1.000000,0.200000,0.333333
Q121,15,0,5,0,0.000000,0.000000,0.000000,0.000000
Q121,16,0,5,0,0.000000,0.000000,0.000000,0.000000
Q121,13,0,5,0,0.000000,0.000000,0.000000,0.000000
Q121,14,0,5,0,0.000000,0.000000,0.000000,0.000000
Q121,18,0,5,0,0.000000,0.000000,0.000000,0.000000
Q121,19,0,5,0,0.000000,0.000000,0.000000,0.000000
Q121,20,0,5,0,0.000000,0.000000,0.000000,0.000000
Q121,21,0,5,0,0.000000,0.000000,0.000000,0.000000
Q121,22,0,5,0,0.000000,0.000000,0.000000,0.000000
Q121,17,0,5,0,0.000000,0.000000,0.000000,0.000000
Q121,23,0,5,0,0.000000,0.000000,0.000000,0.000000
Q121,25,0,5,0,0.000000,0.000000,0.000000,0.000000
Q121,24,0,5,0,0.000000,0.000000,0.000000,0.000000
Q121,26,0,5,0,0.000000,0.000000,0.000000,0.000000
Q121,29,0,5,0,0.000000,0.000000,0.000000,0.000000
Q121,28,0,5,0,0.000000,0.000000,0.000000,0.000000
Q121,27,0,5,0,0.000000,0.000000,0.000000,0.000000
Q121,30,0,5,0,0.000000,0.000000,0.000000,0.000000
Q121,31,0,5,0,0.000000,0.000000,0.000000,0.000000
Q121,33,0,5,0,0.000000,0.000000,0.000000,0.000000
Q121,35,0,5,0,0.000000,0.000000,0.000000,0.000000
Q121,34,0,5,0,0.000000,0.000000,0.000000,0.000000
Q121,36,0,5,0,0.000000,0.000000,0.000000,0.000000
Q121,32,0,5,0,0.000000,0.000000,0.000000,0.000000
Q121,38,0,5,0,0.000000,0.000000,0.000000,0.000000
Q121,37,0,5,0,0.000000,0.000000,0.000000,0.000000
Q121,42,0,5,0,0.000000,0.000000,0.000000,0.000000
Q121,41,0,5,0,0.000000,0.000000,0.000000,0.000000
Q121,40,0,5,0,0.000000,0.000000,0.000000,0.000000
Q121,43,0,5,0,0.000000,0.000000,0.000000,0.000000
Q121,39,0,5,0,0.000000,0.000000,0.000000,0.000000
Q121,46,0,5,0,0.000000,0.000000,0.000000,0.000000
Q121,44,0,5,0,0.000000,0.000000,0.000000,0.000000
Q121,47,0,5,0,0.000000,0.000000,0.000000,0.000000
Q121,45,0,5,0,0.000000,0.000000,0.000000,0.000000
Q121,48,0,5,0,0.000000,0.000000,0.000000,0.000000
Q121,50,0,5,0,0.000000,0.000000,0.000000,0.000000
Q121,53,0,5,0,0.000000,0.000000,0.000000,0.000000
Q121,51,0,5,0,0.000000,0.000000,0.000000,0.000000
Q121,52,1,5,0,0.000000,0.000000,0.000000,0.000000
Q121,54,0,5,0,0.000000,0.000000,0.000000,0.000000
Q121,49,0,5,0,0.000000,0.000000,0.000000,0.000000
Q121,55,1,5,0,0.000000,0.000000,0.000000,0.000000
Q121,56,0,5,0,0.000000,0.000000,0.000000,0.000000
Q121,57,0,5,0,0.000000,0.000000,0.000000,0.000000
Q121,59,0,5,0,0.000000,0.000000,0.000000,0.000000
Q121,60,0,5,0,0.000000,0.000000,0.000000,0.000000
Q121,58,0,5,0,0.000000,0.000000,0.000000,0.000000
Q121,61,0,5,0,0.000000,0.000000,0.000000,0.000000
Q121,63,0,5,0,0.000000,0.000000,0.000000,0.000000
Q121,62,0,5,0,0.000000,0.000000,0.000000,0.000000
Q121,65,0,5,0,0.000000,0.000000,0.000000,0.000000
Q121,67,0,5,0,0.000000,0.000000,0.000000,0.000000
Q121,64,0,5,0,0.000000,0.000000,0.000000,0.000000
Q121,69,0,5,0,0.000000,0.000000,0.000000,0.000000
Q121,68,0,5,0,0.000000,0.000000,0.000000,0.000000
Q121,66,0,5,0,0.000000,0.000000,0.000000,0.000000
Q121,73,0,5,0,0.000000,0.000000,0.000000,0.000000
Q121,72,0,5,0,0.000000,0.000000,0.000000,0.000000
Q121,74,0,5,0,0.000000,0.000000,0.000000,0.000000
Q121,71,1,5,1,0.200000,1.000000,0.200000,0.333333
Q121,76,0,5,0,0.000000,0.000000,0.000000,0.000000
Q121,75,0,5,0,0.000000,0.000000,0.000000,0.000000
Q121,70,0,5,0,0.000000,0.000000,0.000000,0.000000
Q121,78,0,5,0,0.000000,0.000000,0.000000,0.000000
Q121,77,0,5,0,0.000000,0.000000,0.000000,0.000000
Q121,79,0,5,0,0.000000,0.000000,0.000000,0.000000
Q121,81,0,5,0,0.000000,0.000000,0.000000,0.000000
Q121,84,0,5,0,0.000000,0.000000,0.000000,0.000000
Q121,82,0,5,0,0.000000,0.000000,0.000000,0.000000
Q121,83,1,5,0,0.000000,0.000000,0.000000,0.000000
Q121,85,0,5,0,0.000000,0.000000,0.000000,0.000000
Q121,86,0,5,0,0.000000,0.000000,0.000000,0.000000
Q121,87,0,5,0,0.000000,0.000000,0.000000,0.000000
Q121,89,0,5,0,0.000000,0.000000,0.000000,0.000000
Q121,88,0,5,0,0.000000,0.000000,0.000000,0.000000
Q121,80,0,5,0,0.000000,0.000000,0.000000,0.000000
Q121,91,0,5,0,0.000000,0.000000,0.000000,0.000000
Q121,90,0,5,0,0.000000,0.000000,0.000000,0.000000
Q121,94,0,5,0,0.000000,0.000000,0.000000,0.000000
Q121,92,0,5,0,0.000000,0.000000,0.000000,0.000000
Q121,95,0,5,0,0.000000,0.000000,0.000000,0.000000
Q121,93,1,5,0,0.000000,0.000000,0.000000,0.000000
Q121,96,0,5,0,0.000000,0.000000,0.000000,0.000000
Q121,97,0,5,0,0.000000,0.000000,0.000000,0.000000
Q121,98,0,5,0,0.000000,0.000000,0.000000,0.000000
Q121,100,0,5,0,0.000000,0.000000,0.000000,0.000000
Q121,99,0,5,0,0.000000,0.000000,0.000000,0.000000
Q122,1,1,5,0,0.000000,0.000000,0.000000,0.000000
Q122,4,0,5,0,0.000000,0.000000,0.000000,0.000000
Q122,2,1,5,0,0.000000,0.000000,0.000000,0.000000
Q122,3,1,5,0,0.000000,0.000000,0.000000,0.000000
Q122,7,0,5,0,0.000000,0.000000,0.000000,0.000000
Q122,8,0,5,0,0.000000,0.000000,0.000000,0.000000
Q122,5,1,5,0,0.000000,0.000000,0.000000,0.000000
Q122,6,1,5,0,0.000000,0.000000,0.000000,0.000000
Q122,10,0,5,0,0.000000,0.000000,0.000000,0.000000
Q122,9,0,5,0,0.000000,0.000000,0.000000,0.000000
Q122,11,0,5,0,0.000000,0.000000,0.000000,0.000000
Q122,12,0,5,0,0.000000,0.000000,0.000000,0.000000
Q122,13,0,5,0,0.000000,0.000000,0.000000,0.000000
Q122,14,1,5,0,0.000000,0.000000,0.000000,0.000000
Q122,17,0,5,0,0.000000,0.000000,0.000000,0.000000
Q122,18,0,5,0,0.000000,0.000000,0.000000,0.000000
Q122,16,0,5,0,0.000000,0.000000,0.000000,0.000000
Q122,15,1,5,0,0.000000,0.000000,0.000000,0.000000
Q122,19,1,5,0,0.000000,0.000000,0.000000,0.000000
Q122,21,1,5,0,0.000000,0.000000,0.000000,0.000000
Q122,23,0,5,0,0.000000,0.000000,0.000000,0.000000
Q122,20,0,5,0,0.000000,0.000000,0.000000,0.000000
Q122,22,0,5,0,0.000000,0.000000,0.000000,0.000000
Q122,24,0,5,0,0.000000,0.000000,0.000000,0.000000
Q122,27,0,5,0,0.000000,0.000000,0.000000,0.000000
Q122,26,0,5,0,0.000000,0.000000,0.000000,0.000000
Q122,28,1,5,0,0.000000,0.000000,0.000000,0.000000
Q122,29,0,5,0,0.000000,0.000000,0.000000,0.000000
Q122,30,1,5,0,0.000000,0.000000,0.000000,0.000000
Q122,31,0,5,0,0.000000,0.000000,0.000000,0.000000
Q122,25,1,5,0,0.000000,0.000000,0.000000,0.000000
Q122,33,0,5,0,0.000000,0.000000,0.000000,0.000000
Q122,32,0,5,0,0.000000,0.000000,0.000000,0.000000
Q122,34,0,5,0,0.000000,0.000000,0.000000,0.000000
Q122,36,0,5,0,0.000000,0.000000,0.000000,0.000000
Q122,37,1,5,0,0.000000,0.000000,0.000000,0.000000
Q122,38,0,5,0,0.000000,0.000000,0.000000,0.000000
Q122,39,0,5,0,0.000000,0.000000,0.000000,0.000000
Q122,40,0,5,0,0.000000,0.000000,0.000000,0.000000
Q122,43,0,5,0,0.000000,0.000000,0.000000,0.000000
Q122,35,1,5,0,0.000000,0.000000,0.000000,0.000000
Q122,41,0,5,0,0.000000,0.000000,0.000000,0.000000
Q122,42,1,5,0,0.000000,0.000000,0.000000,0.000000
Q122,45,0,5,0,0.000000,0.000000,0.000000,0.000000
Q122,44,1,5,0,0.000000,0.000000,0.000000,0.000000
Q122,46,0,5,0,0.000000,0.000000,0.000000,0.000000
Q122,47,0,5,0,0.000000,0.000000,0.000000,0.000000
Q122,49,0,5,0,0.000000,0.000000,0.000000,0.000000
Q122,48,0,5,0,0.000000,0.000000,0.000000,0.000000
Q122,51,0,5,0,0.000000,0.000000,0.000000,0.000000
Q122,50,0,5,0,0.000000,0.000000,0.000000,0.000000
Q122,54,0,5,0,0.000000,0.000000,0.000000,0.000000
Q122,52,1,5,0,0.000000,0.000000,0.000000,0.000000
Q122,53,1,5,0,0.000000,0.000000,0.000000,0.000000
Q122,55,1,5,0,0.000000,0.000000,0.000000,0.000000
Q122,56,0,5,0,0.000000,0.000000,0.000000,0.000000
Q122,57,0,5,0,0.000000,0.000000,0.000000,0.000000
Q122,62,0,5,0,0.000000,0.000000,0.000000,0.000000
Q122,59,0,5,0,0.000000,0.000000,0.000000,0.000000
Q122,58,0,5,0,0.000000,0.000000,0.000000,0.000000
Q122,60,0,5,0,0.000000,0.000000,0.000000,0.000000
Q122,61,1,5,0,0.000000,0.000000,0.000000,0.000000
Q122,64,0,5,0,0.000000,0.000000,0.000000,0.000000
Q122,66,0,5,0,0.000000,0.000000,0.000000,0.000000
Q122,67,0,5,0,0.000000,0.000000,0.000000,0.000000
Q122,68,0,5,0,0.000000,0.000000,0.000000,0.000000
Q122,69,0,5,0,0.000000,0.000000,0.000000,0.000000
Q122,70,0,5,0,0.000000,0.000000,0.000000,0.000000
Q122,72,0,5,0,0.000000,0.000000,0.000000,0.000000
Q122,63,0,5,0,0.000000,0.000000,0.000000,0.000000
Q122,71,0,5,0,0.000000,0.000000,0.000000,0.000000
Q122,74,1,5,0,0.000000,0.000000,0.000000,0.000000
Q122,73,1,5,0,0.000000,0.000000,0.000000,0.000000
Q122,77,0,5,0,0.000000,0.000000,0.000000,0.000000
Q122,76,1,5,0,0.000000,0.000000,0.000000,0.000000
Q122,75,0,5,0,0.000000,0.000000,0.000000,0.000000
Q122,79,1,5,0,0.000000,0.000000,0.000000,0.000000
Q122,80,0,5,0,0.000000,0.000000,0.000000,0.000000
Q122,65,1,5,0,0.000000,0.000000,0.000000,0.000000
Q122,78,1,5,0,0.000000,0.000000,0.000000,0.000000
Q122,83,0,5,0,0.000000,0.000000,0.000000,0.000000
Q122,82,0,5,0,0.000000,0.000000,0.000000,0.000000
Q122,84,0,5,0,0.000000,0.000000,0.000000,0.000000
Q122,85,0,5,0,0.000000,0.000000,0.000000,0.000000
Q122,86,0,5,0,0.000000,0.000000,0.000000,0.000000
Q122,81,1,5,0,0.000000,0.000000,0.000000,0.000000
Q122,89,0,5,0,0.000000,0.000000,0.000000,0.000000
Q122,88,1,5,0,0.000000,0.000000,0.000000,0.000000
Q122,87,0,5,0,0.000000,0.000000,0.000000,0.000000
Q122,91,0,5,0,0.000000,0.000000,0.000000,0.000000
Q122,90,0,5,0,0.000000,0.000000,0.000000,0.000000
Q122,93,0,5,0,0.000000,0.000000,0.000000,0.000000
Q122,94,0,5,0,0.000000,0.000000,0.000000,0.000000
Q122,92,1,5,0,0.000000,0.000000,0.000000,0.000000
Q122,97,0,5,0,0.000000,0.000000,0.000000,0.000000
Q122,95,1,5,0,0.000000,0.000000,0.000000,0.000000
Q122,96,1,5,0,0.000000,0.000000,0.000000,0.000000
Q122,98,0,5,0,0.000000,0.000000,0.000000,0.000000
Q123,1,0,4,0,0.000000,0.000000,0.000000,0.000000
Q122,99,0,5,0,0.000000,0.000000,0.000000,0.000000
Q123,3,1,4,1,0.250000,1.000000,0.250000,0.400000
Q122,100,0,5,0,0.000000,0.000000,0.000000,0.000000
Q123,2,1,4,1,0.250000,1.000000,0.250000,0.400000
Q123,4,1,4,1,0.250000,1.000000,0.250000,0.400000
Q123,7,0,4,0,0.000000,0.000000,0.000000,0.000000
Q123,5,0,4,0,0.000000,0.000000,0.000000,0.000000
Q123,8,1,4,1,0.250000,1.000000,0.250000,0.400000
Q123,9,1,4,1,0.250000,1.000000,0.250000,0.400000
Q123,10,1,4,1,0.250000,1.000000,0.250000,0.400000
Q123,6,1,4,1,0.250000,1.000000,0.250000,0.400000
Q123,11,1,4,1,0.250000,1.000000,0.250000,0.400000
Q123,14,0,4,0,0.000000,0.000000,0.000000,0.000000
Q123,13,1,4,0,0.000000,0.000000,0.000000,0.000000
Q123,12,1,4,1,0.250000,1.000000,0.250000,0.400000
Q123,15,0,4,0,0.000000,0.000000,0.000000,0.000000
Q123,20,0,4,0,0.000000,0.000000,0.000000,0.000000
Q123,16,1,4,1,0.250000,1.000000,0.250000,0.400000
Q123,17,1,4,0,0.000000,0.000000,0.000000,0.000000
Q123,18,1,4,1,0.250000,1.000000,0.250000,0.400000
Q123,19,1,4,1,0.250000,1.000000,0.250000,0.400000
Q123,21,1,4,1,0.250000,1.000000,0.250000,0.400000
Q123,23,1,4,1,0.250000,1.000000,0.250000,0.400000
Q123,24,1,4,1,0.250000,1.000000,0.250000,0.400000
Q123,25,1,4,1,0.250000,1.000000,0.250000,0.400000
Q123,26,1,4,0,0.000000,0.000000,0.000000,0.000000
Q123,22,1,4,1,0.250000,1.000000,0.250000,0.400000
Q123,27,0,4,0,0.000000,0.000000,0.000000,0.000000
Q123,28,1,4,1,0.250000,1.000000,0.250000,0.400000
Q123,29,1,4,1,0.250000,1.000000,0.250000,0.400000
Q123,31,0,4,0,0.000000,0.000000,0.000000,0.000000
Q123,30,1,4,1,0.250000,1.000000,0.250000,0.400000
Q123,33,1,4,1,0.250000,1.000000,0.250000,0.400000
Q123,34,1,4,1,0.250000,1.000000,0.250000,0.400000
Q123,35,0,4,0,0.000000,0.000000,0.000000,0.000000
Q123,36,1,4,1,0.250000,1.000000,0.250000,0.400000
Q123,37,0,4,0,0.000000,0.000000,0.000000,0.000000
Q123,38,1,4,1,0.250000,1.000000,0.250000,0.400000
Q123,32,1,4,1,0.250000,1.000000,0.250000,0.400000
Q123,39,1,4,1,0.250000,1.000000,0.250000,0.400000
Q123,41,1,4,1,0.250000,1.000000,0.250000,0.400000
Q123,40,2,4,1,0.200000,0.500000,0.250000,0.333333
Q123,43,1,4,0,0.000000,0.000000,0.000000,0.000000
Q123,44,1,4,1,0.250000,1.000000,0.250000,0.400000
Q123,45,0,4,0,0.000000,0.000000,0.000000,0.000000
Q123,47,0,4,0,0.000000,0.000000,0.000000,0.000000
Q123,46,0,4,0,0.000000,0.000000,0.000000,0.000000
Q123,42,1,4,1,0.250000,1.000000,0.250000,0.400000
Q123,49,0,4,0,0.000000,0.000000,0.000000,0.000000
Q123,48,1,4,1,0.250000,1.000000,0.250000,0.400000
Q123,50,1,4,1,0.250000,1.000000,0.250000,0.400000
Q123,52,1,4,1,0.250000,1.000000,0.250000,0.400000
Q123,51,1,4,1,0.250000,1.000000,0.250000,0.400000
Q123,55,0,4,0,0.000000,0.000000,0.000000,0.000000
Q123,54,0,4,0,0.000000,0.000000,0.000000,0.000000
Q123,53,1,4,1,0.250000,1.000000,0.250000,0.400000
Q123,59,1,4,1,0.250000,1.000000,0.250000,0.400000
Q123,56,0,4,0,0.000000,0.000000,0.000000,0.000000
Q123,57,1,4,1,0.250000,1.000000,0.250000,0.400000
Q123,60,0,4,0,0.000000,0.000000,0.000000,0.000000
Q123,61,1,4,1,0.250000,1.000000,0.250000,0.400000
Q123,58,1,4,0,0.000000,0.000000,0.000000,0.000000
Q123,64,1,4,1,0.250000,1.000000,0.250000,0.400000
Q123,63,0,4,0,0.000000,0.000000,0.000000,0.000000
Q123,66,1,4,1,0.250000,1.000000,0.250000,0.400000
Q123,67,1,4,1,0.250000,1.000000,0.250000,0.400000
Q123,65,0,4,0,0.000000,0.000000,0.000000,0.000000
Q123,69,0,4,0,0.000000,0.000000,0.000000,0.000000
Q123,62,0,4,0,0.000000,0.000000,0.000000,0.000000
Q123,68,1,4,1,0.250000,1.000000,0.250000,0.400000
Q123,72,1,4,1,0.250000,1.000000,0.250000,0.400000
Q123,70,1,4,1,0.250000,1.000000,0.250000,0.400000
Q123,71,1,4,1,0.250000,1.000000,0.250000,0.400000
Q123,74,1,4,1,0.250000,1.000000,0.250000,0.400000
Q123,73,1,4,1,0.250000,1.000000,0.250000,0.400000
Q123,75,0,4,0,0.000000,0.000000,0.000000,0.000000
Q123,78,1,4,1,0.250000,1.000000,0.250000,0.400000
Q123,76,1,4,1,0.250000,1.000000,0.250000,0.400000
Q123,79,1,4,1,0.250000,1.000000,0.250000,0.400000
Q123,77,2,4,1,0.200000,0.500000,0.250000,0.333333
Q123,81,0,4,0,0.000000,0.000000,0.000000,0.000000
Q123,80,1,4,1,0.250000,1.000000,0.250000,0.400000
Q123,83,0,4,0,0.000000,0.000000,0.000000,0.000000
Q123,82,1,4,1,0.250000,1.000000,0.250000,0.400000
Q123,84,1,4,1,0.250000,1.000000,0.250000,0.400000
Q123,89,0,4,0,0.000000,0.000000,0.000000,0.000000
Q123,88,1,4,1,0.250000,1.000000,0.250000,0.400000
Q123,86,1,4,1,0.250000,1.000000,0.250000,0.400000
Q123,90,1,4,1,0.250000,1.000000,0.250000,0.400000
Q123,93,1,4,1,0.250000,1.000000,0.250000,0.400000
Q123,85,1,4,1,0.250000,1.000000,0.250000,0.400000
Q123,91,1,4,0,0.000000,0.000000,0.000000,0.000000
Q123,87,1,4,1,0.250000,1.000000,0.250000,0.400000
Q123,94,1,4,1,0.250000,1.000000,0.250000,0.400000
Q123,92,1,4,1,0.250000,1.000000,0.250000,0.400000
Q123,95,0,4,0,0.000000,0.000000,0.000000,0.000000
Q123,97,0,4,0,0.000000,0.000000,0.000000,0.000000
Q123,96,1,4,1,0.250000,1.000000,0.250000,0.400000
Q123,99,1,4,1,0.250000,1.000000,0.250000,0.400000
Q123,100,1,4,1,0.250000,1.000000,0.250000,0.400000
Q124,1,2,1,1,0.500000,0.500000,1.000000,0.666667
Q124,2,1,1,0,0.000000,0.000000,0.000000,0.000000
Q123,98,1,4,1,0.250000,1.000000,0.250000,0.400000
Q124,5,2,1,0,0.000000,0.000000,0.000000,0.000000
Q124,4,1,1,0,0.000000,0.000000,0.000000,0.000000
Q124,3,1,1,0,0.000000,0.000000,0.000000,0.000000
Q124,8,1,1,0,0.000000,0.000000,0.000000,0.000000
Q124,6,1,1,0,0.000000,0.000000,0.000000,0.000000
Q124,7,2,1,0,0.000000,0.000000,0.000000,0.000000
Q124,10,1,1,0,0.000000,0.000000,0.000000,0.000000
Q124,11,1,1,0,0.000000,0.000000,0.000000,0.000000
Q124,12,1,1,0,0.000000,0.000000,0.000000,0.000000
Q124,13,2,1,0,0.000000,0.000000,0.000000,0.000000
Q124,14,1,1,0,0.000000,0.000000,0.000000,0.000000
Q124,9,2,1,0,0.000000,0.000000,0.000000,0.000000
Q124,15,1,1,0,0.000000,0.000000,0.000000,0.000000
Q124,16,1,1,0,0.000000,0.000000,0.000000,0.000000
Q124,18,1,1,0,0.000000,0.000000,0.000000,0.000000
Q124,20,1,1,0,0.000000,0.000000,0.000000,0.000000
Q124,19,1,1,0,0.000000,0.000000,0.000000,0.000000
Q124,17,2,1,0,0.000000,0.000000,0.000000,0.000000
Q124,22,2,1,1,0.500000,0.500000,1.000000,0.666667
Q124,24,1,1,0,0.000000,0.000000,0.000000,0.000000
Q124,26,1,1,0,0.000000,0.000000,0.000000,0.000000
Q124,25,1,1,0,0.000000,0.000000,0.000000,0.000000
Q124,21,2,1,0,0.000000,0.000000,0.000000,0.000000
Q124,27,1,1,0,0.000000,0.000000,0.000000,0.000000
Q124,28,1,1,0,0.000000,0.000000,0.000000,0.000000
Q124,23,1,1,0,0.000000,0.000000,0.000000,0.000000
Q124,29,1,1,0,0.000000,0.000000,0.000000,0.000000
Q124,32,1,1,0,0.000000,0.000000,0.000000,0.000000
Q124,31,1,1,0,0.000000,0.000000,0.000000,0.000000
Q124,30,2,1,0,0.000000,0.000000,0.000000,0.000000
Q124,33,1,1,0,0.000000,0.000000,0.000000,0.000000
Q124,37,1,1,0,0.000000,0.000000,0.000000,0.000000
Q124,34,1,1,0,0.000000,0.000000,0.000000,0.000000
Q124,35,2,1,0,0.000000,0.000000,0.000000,0.000000
Q124,36,2,1,0,0.000000,0.000000,0.000000,0.000000
Q124,38,1,1,0,0.000000,0.000000,0.000000,0.000000
Q124,39,2,1,0,0.000000,0.000000,0.000000,0.000000
Q124,41,1,1,0,0.000000,0.000000,0.000000,0.000000
Q124,42,1,1,0,0.000000,0.000000,0.000000,0.000000
Q124,43,1,1,0,0.000000,0.000000,0.000000,0.000000
Q124,40,1,1,0,0.000000,0.000000,0.000000,0.000000
Q124,46,1,1,0,0.000000,0.000000,0.000000,0.000000
Q124,47,1,1,0,0.000000,0.000000,0.000000,0.000000
Q124,44,2,1,0,0.000000,0.000000,0.000000,0.000000
Q124,45,2,1,0,0.000000,0.000000,0.000000,0.000000
Q124,48,2,1,0,0.000000,0.000000,0.000000,0.000000
Q124,49,1,1,0,0.000000,0.000000,0.000000,0.000000
Q124,50,1,1,0,0.000000,0.000000,0.000000,0.000000
Q124,52,1,1,0,0.000000,0.000000,0.000000,0.000000
Q124,51,1,1,0,0.000000,0.000000,0.000000,0.000000
Q124,55,1,1,0,0.000000,0.000000,0.000000,0.000000
Q124,53,1,1,0,0.000000,0.000000,0.000000,0.000000
Q124,56,1,1,0,0.000000,0.000000,0.000000,0.000000
Q124,57,1,1,0,0.000000,0.000000,0.000000,0.000000
Q124,58,1,1,0,0.000000,0.000000,0.000000,0.000000
Q124,59,1,1,0,0.000000,0.000000,0.000000,0.000000
Q124,60,1,1,0,0.000000,0.000000,0.000000,0.000000
Q124,61,1,1,0,0.000000,0.000000,0.000000,0.000000
Q124,62,1,1,0,0.000000,0.000000,0.000000,0.000000
Q124,54,1,1,0,0.000000,0.000000,0.000000,0.000000
Q124,63,1,1,0,0.000000,0.000000,0.000000,0.000000
Q124,67,1,1,0,0.000000,0.000000,0.000000,0.000000
Q124,65,1,1,0,0.000000,0.000000,0.000000,0.000000
Q124,68,1,1,0,0.000000,0.000000,0.000000,0.000000
Q124,64,1,1,0,0.000000,0.000000,0.000000,0.000000
Q124,66,1,1,0,0.000000,0.000000,0.000000,0.000000
Q124,69,1,1,0,0.000000,0.000000,0.000000,0.000000
Q124,70,1,1,0,0.000000,0.000000,0.000000,0.000000
Q124,71,1,1,0,0.000000,0.000000,0.000000,0.000000
Q124,72,1,1,0,0.000000,0.000000,0.000000,0.000000
Q124,73,1,1,0,0.000000,0.000000,0.000000,0.000000
Q124,74,1,1,0,0.000000,0.000000,0.000000,0.000000
Q124,77,1,1,0,0.000000,0.000000,0.000000,0.000000
Q124,76,1,1,0,0.000000,0.000000,0.000000,0.000000
Q124,78,1,1,0,0.000000,0.000000,0.000000,0.000000
Q124,79,1,1,0,0.000000,0.000000,0.000000,0.000000
Q124,80,1,1,0,0.000000,0.000000,0.000000,0.000000
Q124,75,1,1,0,0.000000,0.000000,0.000000,0.000000
Q124,81,1,1,0,0.000000,0.000000,0.000000,0.000000
Q124,83,1,1,0,0.000000,0.000000,0.000000,0.000000
Q124,82,1,1,0,0.000000,0.000000,0.000000,0.000000
Q124,84,1,1,0,0.000000,0.000000,0.000000,0.000000
Q124,86,1,1,0,0.000000,0.000000,0.000000,0.000000
Q124,90,1,1,0,0.000000,0.000000,0.000000,0.000000
Q124,85,1,1,0,0.000000,0.000000,0.000000,0.000000
Q124,87,1,1,0,0.000000,0.000000,0.000000,0.000000
Q124,89,2,1,0,0.000000,0.000000,0.000000,0.000000
Q124,92,1,1,0,0.000000,0.000000,0.000000,0.000000
Q124,95,1,1,0,0.000000,0.000000,0.000000,0.000000
Q124,94,1,1,0,0.000000,0.000000,0.000000,0.000000
Q124,88,2,1,0,0.000000,0.000000,0.000000,0.000000
Q124,93,1,1,0,0.000000,0.000000,0.000000,0.000000
Q124,91,1,1,0,0.000000,0.000000,0.000000,0.000000
Q124,97,1,1,0,0.000000,0.000000,0.000000,0.000000
Q124,98,1,1,0,0.000000,0.000000,0.000000,0.000000
Q124,96,1,1,0,0.000000,0.000000,0.000000,0.000000
Q124,99,1,1,0,0.000000,0.000000,0.000000,0.000000
Q125,2,1,4,1,0.250000,1.000000,0.250000,0.400000
Q125,1,2,4,1,0.200000,0.500000,0.250000,0.333333
Q125,3,1,4,1,0.250000,1.000000,0.250000,0.400000
Q125,5,1,4,1,0.250000,1.000000,0.250000,0.400000
Q124,100,1,1,0,0.000000,0.000000,0.000000,0.000000
Q125,4,1,4,1,0.250000,1.000000,0.250000,0.400000
Q125,7,1,4,0,0.000000,0.000000,0.000000,0.000000
Q125,8,1,4,1,0.250000,1.000000,0.250000,0.400000
Q125,6,1,4,1,0.250000,1.000000,0.250000,0.400000
Q125,10,1,4,0,0.000000,0.000000,0.000000,0.000000
Q125,9,1,4,1,0.250000,1.000000,0.250000,0.400000
Q125,11,1,4,1,0.250000,1.000000,0.250000,0.400000
Q125,14,1,4,1,0.250000,1.000000,0.250000,0.400000
Q125,12,2,4,1,0.200000,0.500000,0.250000,0.333333
Q125,13,4,4,1,0.142857,0.250000,0.250000,0.250000
Q125,16,2,4,1,0.200000,0.500000,0.250000,0.333333
Q125,17,1,4,1,0.250000,1.000000,0.250000,0.400000
Q125,15,2,4,1,0.200000,0.500000,0.250000,0.333333
Q125,19,1,4,1,0.250000,1.000000,0.250000,0.400000
Q125,18,2,4,1,0.200000,0.500000,0.250000,0.333333
Q125,20,1,4,1,0.250000,1.000000,0.250000,0.400000
Q125,21,1,4,1,0.250000,1.000000,0.250000,0.400000
Q125,22,1,4,1,0.250000,1.000000,0.250000,0.400000
Q125,23,1,4,1,0.250000,1.000000,0.250000,0.400000
Q125,24,1,4,1,0.250000,1.000000,0.250000,0.400000
Q125,26,1,4,0,0.000000,0.000000,0.000000,0.000000
Q125,25,1,4,1,0.250000,1.000000,0.250000,0.400000
Q125,28,1,4,1,0.250000,1.000000,0.250000,0.400000
Q125,30,1,4,1,0.250000,1.000000,0.250000,0.400000
Q125,29,1,4,1,0.250000,1.000000,0.250000,0.400000
Q125,27,2,4,1,0.200000,0.500000,0.250000,0.333333
Q125,31,1,4,1,0.250000,1.000000,0.250000,0.400000
Q125,32,1,4,1,0.250000,1.000000,0.250000,0.400000
Q125,33,1,4,1,0.250000,1.000000,0.250000,0.400000
Q125,35,1,4,1,0.250000,1.000000,0.250000,0.400000
Q125,34,2,4,1,0.200000,0.500000,0.250000,0.333333
Q125,37,1,4,1,0.250000,1.000000,0.250000,0.400000
Q125,36,1,4,1,0.250000,1.000000,0.250000,0.400000
Q125,38,1,4,1,0.250000,1.000000,0.250000,0.400000
Q125,39,2,4,1,0.200000,0.500000,0.250000,0.333333
Q125,41,1,4,0,0.000000,0.000000,0.000000,0.000000
Q125,40,2,4,1,0.200000,0.500000,0.250000,0.333333
Q125,43,2,4,1,0.200000,0.500000,0.250000,0.333333
Q125,42,2,4,1,0.200000,0.500000,0.250000,0.333333
Q125,45,2,4,1,0.200000,0.500000,0.250000,0.333333
Q125,44,1,4,1,0.250000,1.000000,0.250000,0.400000
Q125,47,2,4,1,0.200000,0.500000,0.250000,0.333333
Q125,49,1,4,0,0.000000,0.000000,0.000000,0.000000
Q125,48,1,4,1,0.250000,1.000000,0.250000,0.400000
Q125,46,2,4,1,0.200000,0.500000,0.250000,0.333333
Q125,51,1,4,1,0.250000,1.000000,0.250000,0.400000
Q125,50,1,4,1,0.250000,1.000000,0.250000,0.400000
Q125,53,1,4,1,0.250000,1.000000,0.250000,0.400000
Q125,54,1,4,1,0.250000,1.000000,0.250000,0.400000
Q125,55,1,4,1,0.250000,1.000000,0.250000,0.400000
Q125,52,2,4,1,0.200000,0.500000,0.250000,0.333333
Q125,57,1,4,0,0.000000,0.000000,0.000000,0.000000
Q125,56,1,4,0,0.000000,0.000000,0.000000,0.000000
Q125,58,2,4,1,0.200000,0.500000,0.250000,0.333333
Q125,59,2,4,1,0.200000,0.500000,0.250000,0.333333
Q125,63,1,4,1,0.250000,1.000000,0.250000,0.400000
Q125,61,1,4,1,0.250000,1.000000,0.250000,0.400000
Q125,64,1,4,1,0.250000,1.000000,0.250000,0.400000
Q125,60,1,4,1,0.250000,1.000000,0.250000,0.400000
Q125,65,1,4,1,0.250000,1.000000,0.250000,0.400000
Q125,62,3,4,1,0.166667,0.333333,0.250000,0.285714
Q125,66,1,4,1,0.250000,1.000000,0.250000,0.400000
Q125,67,1,4,0,0.000000,0.000000,0.000000,0.000000
Q125,68,1,4,1,0.250000,1.000000,0.250000,0.400000
Q125,70,1,4,1,0.250000,1.000000,0.250000,0.400000
Q125,71,1,4,0,0.000000,0.000000,0.000000,0.000000
Q125,72,1,4,1,0.250000,1.000000,0.250000,0.400000
Q125,73,1,4,1,0.250000,1.000000,0.250000,0.400000
Q125,74,2,4,1,0.200000,0.500000,0.250000,0.333333
Q125,69,3,4,1,0.166667,0.333333,0.250000,0.285714
Q125,76,1,4,1,0.250000,1.000000,0.250000,0.400000
Q125,75,1,4,1,0.250000,1.000000,0.250000,0.400000
Q125,78,1,4,1,0.250000,1.000000,0.250000,0.400000
Q125,77,1,4,1,0.250000,1.000000,0.250000,0.400000
Q125,80,1,4,1,0.250000,1.000000,0.250000,0.400000
Q125,79,2,4,1,0.200000,0.500000,0.250000,0.333333
Q125,81,1,4,1,0.250000,1.000000,0.250000,0.400000
Q125,82,1,4,1,0.250000,1.000000,0.250000,0.400000
Q125,84,1,4,1,0.250000,1.000000,0.250000,0.400000
Q125,83,1,4,1,0.250000,1.000000,0.250000,0.400000
Q125,85,1,4,1,0.250000,1.000000,0.250000,0.400000
Q125,87,1,4,1,0.250000,1.000000,0.250000,0.400000
Q125,89,0,4,0,0.000000,0.000000,0.000000,0.000000
Q125,86,2,4,1,0.200000,0.500000,0.250000,0.333333
Q125,91,1,4,1,0.250000,1.000000,0.250000,0.400000
Q125,88,1,4,1,0.250000,1.000000,0.250000,0.400000
Q125,93,1,4,1,0.250000,1.000000,0.250000,0.400000
Q125,95,1,4,1,0.250000,1.000000,0.250000,0.400000
Q125,92,1,4,1,0.250000,1.000000,0.250000,0.400000
Q125,94,1,4,1,0.250000,1.000000,0.250000,0.400000
Q125,90,1,4,1,0.250000,1.000000,0.250000,0.400000
Q125,96,1,4,1,0.250000,1.000000,0.250000,0.400000
Q125,97,1,4,1,0.250000,1.000000,0.250000,0.400000
Q125,99,1,4,1,0.250000,1.000000,0.250000,0.400000
Q125,98,1,4,1,0.250000,1.000000,0.250000,0.400000
Q126,2,1,4,1,0.250000,1.000000,0.250000,0.400000
Q126,1,2,4,1,0.200000,0.500000,0.250000,0.333333
Q126,3,1,4,0,0.000000,0.000000,0.000000,0.000000
Q126,4,1,4,1,0.250000,1.000000,0.250000,0.400000
Q125,100,3,4,1,0.166667,0.333333,0.250000,0.285714
Q126,6,1,4,1,0.250000,1.000000,0.250000,0.400000
Q126,7,1,4,0,0.000000,0.000000,0.000000,0.000000
Q126,5,1,4,1,0.250000,1.000000,0.250000,0.400000
Q126,10,1,4,1,0.250000,1.000000,0.250000,0.400000
Q126,9,1,4,0,0.000000,0.000000,0.000000,0.000000
Q126,11,1,4,1,0.250000,1.000000,0.250000,0.400000
Q126,8,2,4,1,0.200000,0.500000,0.250000,0.333333
Q126,13,1,4,0,0.000000,0.000000,0.000000,0.000000
Q126,14,1,4,1,0.250000,1.000000,0.250000,0.400000
Q126,16,1,4,1,0.250000,1.000000,0.250000,0.400000
Q126,12,2,4,1,0.200000,0.500000,0.250000,0.333333
Q126,15,3,4,1,0.166667,0.333333,0.250000,0.285714
Q126,17,1,4,1,0.250000,1.000000,0.250000,0.400000
Q126,18,1,4,1,0.250000,1.000000,0.250000,0.400000
Q126,20,1,4,0,0.000000,0.000000,0.000000,0.000000
Q126,19,1,4,1,0.250000,1.000000,0.250000,0.400000
Q126,21,1,4,0,0.000000,0.000000,0.000000,0.000000
Q126,23,1,4,1,0.250000,1.000000,0.250000,0.400000
Q126,22,1,4,1,0.250000,1.000000,0.250000,0.400000
Q126,26,1,4,0,0.000000,0.000000,0.000000,0.000000
Q126,25,2,4,1,0.200000,0.500000,0.250000,0.333333
Q126,24,2,4,1,0.200000,0.500000,0.250000,0.333333
Q126,28,1,4,0,0.000000,0.000000,0.000000,0.000000
Q126,27,1,4,0,0.000000,0.000000,0.000000,0.000000
Q126,29,1,4,0,0.000000,0.000000,0.000000,0.000000
Q126,30,1,4,1,0.250000,1.000000,0.250000,0.400000
Q126,32,1,4,1,0.250000,1.000000,0.250000,0.400000
Q126,31,1,4,1,0.250000,1.000000,0.250000,0.400000
Q126,34,1,4,1,0.250000,1.000000,0.250000,0.400000
Q126,35,1,4,1,0.250000,1.000000,0.250000,0.400000
Q126,33,2,4,1,0.200000,0.500000,0.250000,0.333333
Q126,37,1,4,1,0.250000,1.000000,0.250000,0.400000
Q126,38,2,4,1,0.200000,0.500000,0.250000,0.333333
Q126,36,2,4,1,0.200000,0.500000,0.250000,0.333333
Q126,39,2,4,1,0.200000,0.500000,0.250000,0.333333
Q126,40,1,4,1,0.250000,1.000000,0.250000,0.400000
Q126,41,1,4,0,0.000000,0.000000,0.000000,0.000000
Q126,44,1,4,1,0.250000,1.000000,0.250000,0.400000
Q126,42,1,4,0,0.000000,0.000000,0.000000,0.000000
Q126,43,2,4,1,0.200000,0.500000,0.250000,0.333333
Q126,45,1,4,0,0.000000,0.000000,0.000000,0.000000
Q126,46,2,4,1,0.200000,0.500000,0.250000,0.333333
Q126,47,1,4,1,0.250000,1.000000,0.250000,0.400000
Q126,48,1,4,1,0.250000,1.000000,0.250000,0.400000
Q126,49,1,4,1,0.250000,1.000000,0.250000,0.400000
Q126,50,2,4,1,0.200000,0.500000,0.250000,0.333333
Q126,53,1,4,1,0.250000,1.000000,0.250000,0.400000
Q126,51,1,4,1,0.250000,1.000000,0.250000,0.400000
Q126,52,2,4,1,0.200000,0.500000,0.250000,0.333333
Q126,54,1,4,0,0.000000,0.000000,0.000000,0.000000
Q126,55,1,4,1,0.250000,1.000000,0.250000,0.400000
Q126,56,1,4,0,0.000000,0.000000,0.000000,0.000000
Q126,57,1,4,1,0.250000,1.000000,0.250000,0.400000
Q126,58,1,4,1,0.250000,1.000000,0.250000,0.400000
Q126,61,1,4,1,0.250000,1.000000,0.250000,0.400000
Q126,59,2,4,1,0.200000,0.500000,0.250000,0.333333
Q126,60,2,4,1,0.200000,0.500000,0.250000,0.333333
Q126,62,1,4,1,0.250000,1.000000,0.250000,0.400000
Q126,63,1,4,1,0.250000,1.000000,0.250000,0.400000
Q126,64,1,4,0,0.000000,0.000000,0.000000,0.000000
Q126,65,2,4,1,0.200000,0.500000,0.250000,0.333333
Q126,67,1,4,1,0.250000,1.000000,0.250000,0.400000
Q126,66,2,4,1,0.200000,0.500000,0.250000,0.333333
Q126,68,1,4,0,0.000000,0.000000,0.000000,0.000000
Q126,69,1,4,0,0.000000,0.000000,0.000000,0.000000
Q126,70,1,4,1,0.250000,1.000000,0.250000,0.400000
Q126,72,2,4,1,0.200000,0.500000,0.250000,0.333333
Q126,74,1,4,1,0.250000,1.000000,0.250000,0.400000
Q126,71,1,4,1,0.250000,1.000000,0.250000,0.400000
Q126,76,1,4,1,0.250000,1.000000,0.250000,0.400000
Q126,77,1,4,1,0.250000,1.000000,0.250000,0.400000
Q126,73,1,4,0,0.000000,0.000000,0.000000,0.000000
Q126,78,1,4,0,0.000000,0.000000,0.000000,0.000000
Q126,75,1,4,0,0.000000,0.000000,0.000000,0.000000
Q126,79,1,4,0,0.000000,0.000000,0.000000,0.000000
Q126,80,1,4,1,0.250000,1.000000,0.250000,0.400000
Q126,83,1,4,1,0.250000,1.000000,0.250000,0.400000
Q126,82,1,4,0,0.000000,0.000000,0.000000,0.000000
Q126,81,1,4,0,0.000000,0.000000,0.000000,0.000000
Q126,85,1,4,1,0.250000,1.000000,0.250000,0.400000
Q126,84,1,4,0,0.000000,0.000000,0.000000,0.000000
Q126,86,1,4,1,0.250000,1.000000,0.250000,0.400000
Q126,88,1,4,1,0.250000,1.000000,0.250000,0.400000
Q126,87,1,4,1,0.250000,1.000000,0.250000,0.400000
Q126,89,2,4,1,0.200000,0.500000,0.250000,0.333333
Q126,90,1,4,1,0.250000,1.000000,0.250000,0.400000
Q126,92,2,4,1,0.200000,0.500000,0.250000,0.333333
Q126,91,2,4,1,0.200000,0.500000,0.250000,0.333333
Q126,93,1,4,0,0.000000,0.000000,0.000000,0.000000
Q126,94,1,4,1,0.250000,1.000000,0.250000,0.400000
Q126,96,1,4,0,0.000000,0.000000,0.000000,0.000000
Q126,95,1,4,1,0.250000,1.000000,0.250000,0.400000
Q126,97,1,4,0,0.000000,0.000000,0.000000,0.000000
Q126,98,2,4,1,0.200000,0.500000,0.250000,0.333333
Q126,99,2,4,1,0.200000,0.500000,0.250000,0.333333
Q127,1,1,6,1,0.166667,1.000000,0.166667,0.285714
Q126,100,1,4,0,0.000000,0.000000,0.000000,0.000000
Q127,2,2,6,1,0.142857,0.500000,0.166667,0.250000
Q127,3,1,6,1,0.166667,1.000000,0.166667,0.285714
Q127,6,1,6,0,0.000000,0.000000,0.000000,0.000000
Q127,5,1,6,0,0.000000,0.000000,0.000000,0.000000
Q127,7,2,6,1,0.142857,0.500000,0.166667,0.250000
Q127,9,1,6,0,0.000000,0.000000,0.000000,0.000000
Q127,8,1,6,0,0.000000,0.000000,0.000000,0.000000
Q127,10,1,6,0,0.000000,0.000000,0.000000,0.000000
Q127,13,1,6,0,0.000000,0.000000,0.000000,0.000000
Q127,4,2,6,2,0.333333,1.000000,0.333333,0.500000
Q127,12,1,6,1,0.166667,1.000000,0.166667,0.285714
Q127,14,1,6,0,0.000000,0.000000,0.000000,0.000000
Q127,11,1,6,1,0.166667,1.000000,0.166667,0.285714
Q127,15,1,6,0,0.000000,0.000000,0.000000,0.000000
Q127,16,1,6,1,0.166667,1.000000,0.166667,0.285714
Q127,19,1,6,0,0.000000,0.000000,0.000000,0.000000
Q127,20,1,6,1,0.166667,1.000000,0.166667,0.285714
Q127,17,1,6,0,0.000000,0.000000,0.000000,0.000000
Q127,18,2,6,1,0.142857,0.500000,0.166667,0.250000
Q127,21,1,6,1,0.166667,1.000000,0.166667,0.285714
Q127,22,1,6,0,0.000000,0.000000,0.000000,0.000000
Q127,23,1,6,0,0.000000,0.000000,0.000000,0.000000
Q127,25,1,6,0,0.000000,0.000000,0.000000,0.000000
Q127,26,2,6,1,0.142857,0.500000,0.166667,0.250000
Q127,29,1,6,0,0.000000,0.000000,0.000000,0.000000
Q127,24,1,6,0,0.000000,0.000000,0.000000,0.000000
Q127,28,1,6,0,0.000000,0.000000,0.000000,0.000000
Q127,27,1,6,1,0.166667,1.000000,0.166667,0.285714
Q127,30,1,6,0,0.000000,0.000000,0.000000,0.000000
Q127,33,1,6,0,0.000000,0.000000,0.000000,0.000000
Q127,31,1,6,0,0.000000,0.000000,0.000000,0.000000
Q127,32,2,6,1,0.142857,0.500000,0.166667,0.250000
Q127,36,1,6,1,0.166667,1.000000,0.166667,0.285714
Q127,34,2,6,1,0.142857,0.500000,0.166667,0.250000
Q127,35,3,6,2,0.285714,0.666667,0.333333,0.444444
Q127,38,1,6,0,0.000000,0.000000,0.000000,0.000000
Q127,37,1,6,1,0.166667,1.000000,0.166667,0.285714
Q127,39,1,6,1,0.166667,1.000000,0.166667,0.285714
Q127,40,1,6,0,0.000000,0.000000,0.000000,0.000000
Q127,41,1,6,0,0.000000,0.000000,0.000000,0.000000
Q127,43,2,6,1,0.142857,0.500000,0.166667,0.250000
Q127,44,1,6,0,0.000000,0.000000,0.000000,0.000000
Q127,42,1,6,1,0.166667,1.000000,0.166667,0.285714
Q127,46,1,6,0,0.000000,0.000000,0.000000,0.000000
Q127,45,1,6,1,0.166667,1.000000,0.166667,0.285714
Q127,48,1,6,0,0.000000,0.000000,0.000000,0.000000
Q127,49,1,6,0,0.000000,0.000000,0.000000,0.000000
Q127,47,2,6,2,0.333333,1.000000,0.333333,0.500000
Q127,50,2,6,1,0.142857,0.500000,0.166667,0.250000
Q127,52,1,6,1,0.166667,1.000000,0.166667,0.285714
Q127,51,2,6,1,0.142857,0.500000,0.166667,0.250000
Q127,54,1,6,1,0.166667,1.000000,0.166667,0.285714
Q127,53,2,6,1,0.142857,0.500000,0.166667,0.250000
Q127,55,2,6,1,0.142857,0.500000,0.166667,0.250000
Q127,57,1,6,0,0.000000,0.000000,0.000000,0.000000
Q127,56,1,6,0,0.000000,0.000000,0.000000,0.000000
Q127,58,1,6,0,0.000000,0.000000,0.000000,0.000000
Q127,60,1,6,0,0.000000,0.000000,0.000000,0.000000
Q127,59,2,6,1,0.142857,0.500000,0.166667,0.250000
Q127,61,2,6,1,0.142857,0.500000,0.166667,0.250000
Q127,63,1,6,0,0.000000,0.000000,0.000000,0.000000
Q127,62,1,6,1,0.166667,1.000000,0.166667,0.285714
Q127,67,1,6,0,0.000000,0.000000,0.000000,0.000000
Q127,68,1,6,0,0.000000,0.000000,0.000000,0.000000
Q127,64,2,6,1,0.142857,0.500000,0.166667,0.250000
Q127,69,1,6,1,0.166667,1.000000,0.166667,0.285714
Q127,65,2,6,1,0.142857,0.500000,0.166667,0.250000
Q127,66,3,6,2,0.285714,0.666667,0.333333,0.444444
Q127,70,1,6,0,0.000000,0.000000,0.000000,0.000000
Q127,71,1,6,1,0.166667,1.000000,0.166667,0.285714
Q127,73,1,6,0,0.000000,0.000000,0.000000,0.000000
Q127,74,1,6,0,0.000000,0.000000,0.000000,0.000000
Q127,76,1,6,1,0.166667,1.000000,0.166667,0.285714
Q127,72,2,6,1,0.142857,0.500000,0.166667,0.250000
Q127,77,1,6,1,0.166667,1.000000,0.166667,0.285714
Q127,75,1,6,0,0.000000,0.000000,0.000000,0.000000
Q127,78,1,6,0,0.000000,0.000000,0.000000,0.000000
Q127,80,1,6,0,0.000000,0.000000,0.000000,0.000000
Q127,81,1,6,0,0.000000,0.000000,0.000000,0.000000
Q127,83,1,6,1,0.166667,1.000000,0.166667,0.285714
Q127,82,1,6,0,0.000000,0.000000,0.000000,0.000000
Q127,85,1,6,0,0.000000,0.000000,0.000000,0.000000
Q127,79,1,6,1,0.166667,1.000000,0.166667,0.285714
Q127,84,1,6,0,0.000000,0.000000,0.000000,0.000000
Q127,86,1,6,0,0.000000,0.000000,0.000000,0.000000
Q127,88,1,6,0,0.000000,0.000000,0.000000,0.000000
Q127,89,1,6,0,0.000000,0.000000,0.000000,0.000000
Q127,87,1,6,1,0.166667,1.000000,0.166667,0.285714
Q127,92,1,6,0,0.000000,0.000000,0.000000,0.000000
Q127,91,1,6,0,0.000000,0.000000,0.000000,0.000000
Q127,93,1,6,0,0.000000,0.000000,0.000000,0.000000
Q127,94,1,6,0,0.000000,0.000000,0.000000,0.000000
Q127,90,1,6,0,0.000000,0.000000,0.000000,0.000000
Q127,96,2,6,1,0.142857,0.500000,0.166667,0.250000
Q127,98,1,6,0,0.000000,0.000000,0.000000,0.000000
Q127,95,1,6,1,0.166667,1.000000,0.166667,0.285714
Q127,99,1,6,0,0.000000,0.000000,0.000000,0.000000
Q127,100,2,6,1,0.142857,0.500000,0.166667,0.250000
Q128,1,1,3,1,0.333333,1.000000,0.333333,0.500000
Q127,97,2,6,1,0.142857,0.500000,0.166667,0.250000
Q128,4,1,3,1,0.333333,1.000000,0.333333,0.500000
Q128,3,0,3,0,0.000000,0.000000,0.000000,0.000000
Q128,7,1,3,1,0.333333,1.000000,0.333333,0.500000
Q128,5,2,3,2,0.666667,1.000000,0.666667,0.800000
Q128,6,1,3,1,0.333333,1.000000,0.333333,0.500000
Q128,2,1,3,1,0.333333,1.000000,0.333333,0.500000
Q128,9,1,3,1,0.333333,1.000000,0.333333,0.500000
Q128,10,1,3,1,0.333333,1.000000,0.333333,0.500000
Q128,8,2,3,2,0.666667,1.000000,0.666667,0.800000
Q128,11,1,3,1,0.333333,1.000000,0.333333,0.500000
Q128,12,2,3,2,0.666667,1.000000,0.666667,0.800000
Q128,14,2,3,2,0.666667,1.000000,0.666667,0.800000
Q128,13,2,3,1,0.250000,0.500000,0.333333,0.400000
Q128,16,1,3,0,0.000000,0.000000,0.000000,0.000000
Q128,17,1,3,1,0.333333,1.000000,0.333333,0.500000
Q128,15,2,3,2,0.666667,1.000000,0.666667,0.800000
Q128,18,1,3,1,0.333333,1.000000,0.333333,0.500000
Q128,20,1,3,1,0.333333,1.000000,0.333333,0.500000
Q128,19,1,3,1,0.333333,1.000000,0.333333,0.500000
Q128,21,1,3,1,0.333333,1.000000,0.333333,0.500000
Q128,22,1,3,1,0.333333,1.000000,0.333333,0.500000
Q128,23,2,3,2,0.666667,1.000000,0.666667,0.800000
Q128,26,1,3,1,0.333333,1.000000,0.333333,0.500000
Q128,24,1,3,1,0.333333,1.000000,0.333333,0.500000
Q128,25,2,3,2,0.666667,1.000000,0.666667,0.800000
Q128,27,1,3,1,0.333333,1.000000,0.333333,0.500000
Q128,30,1,3,0,0.000000,0.000000,0.000000,0.000000
Q128,29,1,3,1,0.333333,1.000000,0.333333,0.500000
Q128,31,2,3,2,0.666667,1.000000,0.666667,0.800000
Q128,28,2,3,2,0.666667,1.000000,0.666667,0.800000
Q128,32,1,3,0,0.000000,0.000000,0.000000,0.000000
Q128,33,1,3,1,0.333333,1.000000,0.333333,0.500000
Q128,35,1,3,1,0.333333,1.000000,0.333333,0.500000
Q128,36,2,3,2,0.666667,1.000000,0.666667,0.800000
Q128,38,2,3,2,0.666667,1.000000,0.666667,0.800000
Q128,39,2,3,2,0.666667,1.000000,0.666667,0.800000
Q128,37,1,3,0,0.000000,0.000000,0.000000,0.000000
Q128,41,1,3,1,0.333333,1.000000,0.333333,0.500000
Q128,34,2,3,2,0.666667,1.000000,0.666667,0.800000
Q128,43,1,3,1,0.333333,1.000000,0.333333,0.500000
Q128,40,2,3,2,0.666667,1.000000,0.666667,0.800000
Q128,42,1,3,1,0.333333,1.000000,0.333333,0.500000
Q128,44,2,3,2,0.666667,1.000000,0.666667,0.800000
Q128,46,1,3,1,0.333333,1.000000,0.333333,0.500000
Q128,45,1,3,0,0.000000,0.000000,0.000000,0.000000
Q128,47,2,3,1,0.250000,0.500000,0.333333,0.400000
Q128,49,2,3,1,0.250000,0.500000,0.333333,0.400000
Q128,50,1,3,1,0.333333,1.000000,0.333333,0.500000
Q128,48,3,3,1,0.200000,0.333333,0.333333,0.333333
Q128,51,1,3,1,0.333333,1.000000,0.333333,0.500000
Q128,53,1,3,1,0.333333,1.000000,0.333333,0.500000
Q128,54,1,3,0,0.000000,0.000000,0.000000,0.000000
Q128,56,1,3,1,0.333333,1.000000,0.333333,0.500000
Q128,52,2,3,1,0.250000,0.500000,0.333333,0.400000
Q128,55,2,3,1,0.250000,0.500000,0.333333,0.400000
Q128,58,1,3,1,0.333333,1.000000,0.333333,0.500000
Q128,59,1,3,1,0.333333,1.000000,0.333333,0.500000
Q128,57,1,3,1,0.333333,1.000000,0.333333,0.500000
Q128,60,1,3,0,0.000000,0.000000,0.000000,0.000000
Q128,62,1,3,1,0.333333,1.000000,0.333333,0.500000
Q128,64,1,3,1,0.333333,1.000000,0.333333,0.500000
Q128,61,2,3,2,0.666667,1.000000,0.666667,0.800000
Q128,65,1,3,1,0.333333,1.000000,0.333333,0.500000
Q128,66,1,3,0,0.000000,0.000000,0.000000,0.000000
Q128,71,1,3,1,0.333333,1.000000,0.333333,0.500000
Q128,67,1,3,1,0.333333,1.000000,0.333333,0.500000
Q128,70,2,3,2,0.666667,1.000000,0.666667,0.800000
Q128,68,2,3,2,0.666667,1.000000,0.666667,0.800000
Q128,63,1,3,1,0.333333,1.000000,0.333333,0.500000
Q128,69,3,3,2,0.500000,0.666667,0.666667,0.666667
Q128,74,1,3,1,0.333333,1.000000,0.333333,0.500000
Q128,73,1,3,1,0.333333,1.000000,0.333333,0.500000
Q128,72,1,3,1,0.333333,1.000000,0.333333,0.500000
Q128,76,1,3,0,0.000000,0.000000,0.000000,0.000000
Q128,75,1,3,1,0.333333,1.000000,0.333333,0.500000
Q128,77,2,3,2,0.666667,1.000000,0.666667,0.800000
Q128,78,2,3,1,0.250000,0.500000,0.333333,0.400000
Q128,79,1,3,1,0.333333,1.000000,0.333333,0.500000
Q128,81,1,3,1,0.333333,1.000000,0.333333,0.500000
Q128,82,1,3,1,0.333333,1.000000,0.333333,0.500000
Q128,80,1,3,1,0.333333,1.000000,0.333333,0.500000
Q128,83,1,3,0,0.000000,0.000000,0.000000,0.000000
Q128,84,1,3,0,0.000000,0.000000,0.000000,0.000000
Q128,85,1,3,1,0.333333,1.000000,0.333333,0.500000
Q128,88,1,3,1,0.333333,1.000000,0.333333,0.500000
Q128,86,2,3,1,0.250000,0.500000,0.333333,0.400000
Q128,89,2,3,1,0.250000,0.500000,0.333333,0.400000
Q128,87,2,3,1,0.250000,0.500000,0.333333,0.400000
Q128,90,2,3,2,0.666667,1.000000,0.666667,0.800000
Q128,91,2,3,2,0.666667,1.000000,0.666667,0.800000
Q128,93,1,3,0,0.000000,0.000000,0.000000,0.000000
Q128,92,2,3,2,0.666667,1.000000,0.666667,0.800000
Q128,94,1,3,1,0.333333,1.000000,0.333333,0.500000
Q128,95,1,3,0,0.000000,0.000000,0.000000,0.000000
Q128,98,0,3,0,0.000000,0.000000,0.000000,0.000000
Q128,97,1,3,1,0.333333,1.000000,0.333333,0.500000
Q128,99,1,3,1,0.333333,1.000000,0.333333,0.500000
Q128,100,1,3,1,0.333333,1.000000,0.333333,0.500000
Q129,1,1,7,1,0.142857,1.000000,0.142857,0.250000
Q129,3,1,7,1,0.142857,1.000000,0.142857,0.250000
Q129,2,2,7,1,0.125000,0.500000,0.142857,0.222222
Q128,96,2,3,2,0.666667,1.000000,0.666667,0.800000
Q129,4,1,7,1,0.142857,1.000000,0.142857,0.250000
Q129,5,2,7,1,0.125000,0.500000,0.142857,0.222222
Q129,6,1,7,1,0.142857,1.000000,0.142857,0.250000
Q129,7,1,7,1,0.142857,1.000000,0.142857,0.250000
Q129,8,2,7,1,0.125000,0.500000,0.142857,0.222222
Q129,11,1,7,1,0.142857,1.000000,0.142857,0.250000
Q129,10,1,7,1,0.142857,1.000000,0.142857,0.250000
Q129,13,1,7,1,0.142857,1.000000,0.142857,0.250000
Q129,9,1,7,1,0.142857,1.000000,0.142857,0.250000
Q129,12,1,7,1,0.142857,1.000000,0.142857,0.250000
Q129,14,1,7,1,0.142857,1.000000,0.142857,0.250000
Q129,15,2,7,2,0.285714,1.000000,0.285714,0.444444
Q129,16,1,7,1,0.142857,1.000000,0.142857,0.250000
Q129,18,1,7,1,0.142857,1.000000,0.142857,0.250000
Q129,19,2,7,1,0.125000,0.500000,0.142857,0.222222
Q129,17,2,7,1,0.125000,0.500000,0.142857,0.222222
Q129,20,2,7,1,0.125000,0.500000,0.142857,0.222222
Q129,23,1,7,1,0.142857,1.000000,0.142857,0.250000
Q129,22,2,7,1,0.125000,0.500000,0.142857,0.222222
Q129,21,1,7,1,0.142857,1.000000,0.142857,0.250000
Q129,24,1,7,1,0.142857,1.000000,0.142857,0.250000
Q129,27,1,7,1,0.142857,1.000000,0.142857,0.250000
Q129,28,1,7,1,0.142857,1.000000,0.142857,0.250000
Q129,25,1,7,1,0.142857,1.000000,0.142857,0.250000
Q129,26,1,7,1,0.142857,1.000000,0.142857,0.250000
Q129,30,1,7,1,0.142857,1.000000,0.142857,0.250000
Q129,29,1,7,1,0.142857,1.000000,0.142857,0.250000
Q129,31,1,7,1,0.142857,1.000000,0.142857,0.250000
Q129,34,1,7,1,0.142857,1.000000,0.142857,0.250000
Q129,32,2,7,2,0.285714,1.000000,0.285714,0.444444
Q129,36,1,7,1,0.142857,1.000000,0.142857,0.250000
Q129,35,2,7,1,0.125000,0.500000,0.142857,0.222222
Q129,37,1,7,1,0.142857,1.000000,0.142857,0.250000
Q129,38,1,7,1,0.142857,1.000000,0.142857,0.250000
Q129,39,1,7,1,0.142857,1.000000,0.142857,0.250000
Q129,33,2,7,1,0.125000,0.500000,0.142857,0.222222
Q129,40,2,7,2,0.285714,1.000000,0.285714,0.444444
Q129,41,1,7,1,0.142857,1.000000,0.142857,0.250000
Q129,42,1,7,1,0.142857,1.000000,0.142857,0.250000
Q129,43,2,7,1,0.125000,0.500000,0.142857,0.222222
Q129,45,1,7,1,0.142857,1.000000,0.142857,0.250000
Q129,48,1,7,1,0.142857,1.000000,0.142857,0.250000
Q129,46,2,7,1,0.125000,0.500000,0.142857,0.222222
Q129,47,1,7,1,0.142857,1.000000,0.142857,0.250000
Q129,44,2,7,2,0.285714,1.000000,0.285714,0.444444
Q129,50,1,7,1,0.142857,1.000000,0.142857,0.250000
Q129,49,2,7,1,0.125000,0.500000,0.142857,0.222222
Q129,52,1,7,1,0.142857,1.000000,0.142857,0.250000
Q129,51,1,7,1,0.142857,1.000000,0.142857,0.250000
Q129,54,1,7,1,0.142857,1.000000,0.142857,0.250000
Q129,55,1,7,1,0.142857,1.000000,0.142857,0.250000
Q129,53,2,7,1,0.125000,0.500000,0.142857,0.222222
Q129,56,1,7,1,0.142857,1.000000,0.142857,0.250000
Q129,57,1,7,1,0.142857,1.000000,0.142857,0.250000
Q129,58,3,7,1,0.111111,0.333333,0.142857,0.200000
Q129,63,1,7,1,0.142857,1.000000,0.142857,0.250000
Q129,59,3,7,1,0.111111,0.333333,0.142857,0.200000
Q129,61,1,7,1,0.142857,1.000000,0.142857,0.250000
Q129,62,1,7,0,0.000000,0.000000,0.000000,0.000000
Q129,64,1,7,1,0.142857,1.000000,0.142857,0.250000
Q129,60,2,7,1,0.125000,0.500000,0.142857,0.222222
Q129,66,1,7,1,0.142857,1.000000,0.142857,0.250000
Q129,65,1,7,1,0.142857,1.000000,0.142857,0.250000
Q129,68,1,7,1,0.142857,1.000000,0.142857,0.250000
Q129,67,2,7,1,0.125000,0.500000,0.142857,0.222222
Q129,71,1,7,1,0.142857,1.000000,0.142857,0.250000
Q129,72,1,7,1,0.142857,1.000000,0.142857,0.250000
Q129,70,2,7,2,0.285714,1.000000,0.285714,0.444444
Q129,73,1,7,1,0.142857,1.000000,0.142857,0.250000
Q129,69,2,7,2,0.285714,1.000000,0.285714,0.444444
Q129,76,1,7,1,0.142857,1.000000,0.142857,0.250000
Q129,77,1,7,1,0.142857,1.000000,0.142857,0.250000
Q129,74,2,7,1,0.125000,0.500000,0.142857,0.222222
Q129,75,1,7,1,0.142857,1.000000,0.142857,0.250000
Q129,80,1,7,1,0.142857,1.000000,0.142857,0.250000
Q129,79,1,7,1,0.142857,1.000000,0.142857,0.250000
Q129,78,1,7,1,0.142857,1.000000,0.142857,0.250000
Q129,83,1,7,1,0.142857,1.000000,0.142857,0.250000
Q129,81,2,7,1,0.125000,0.500000,0.142857,0.222222
Q129,84,1,7,1,0.142857,1.000000,0.142857,0.250000
Q129,82,1,7,1,0.142857,1.000000,0.142857,0.250000
Q129,85,2,7,1,0.125000,0.500000,0.142857,0.222222
Q129,86,1,7,1,0.142857,1.000000,0.142857,0.250000
Q129,88,1,7,1,0.142857,1.000000,0.142857,0.250000
Q129,89,1,7,1,0.142857,1.000000,0.142857,0.250000
Q129,91,0,7,0,0.000000,0.000000,0.000000,0.000000
Q129,87,2,7,2,0.285714,1.000000,0.285714,0.444444
Q129,94,1,7,1,0.142857,1.000000,0.142857,0.250000
Q129,92,1,7,0,0.000000,0.000000,0.000000,0.000000
Q129,96,1,7,1,0.142857,1.000000,0.142857,0.250000
Q129,93,1,7,1,0.142857,1.000000,0.142857,0.250000
Q129,95,1,7,1,0.142857,1.000000,0.142857,0.250000
Q129,90,1,7,1,0.142857,1.000000,0.142857,0.250000
Q129,98,1,7,1,0.142857,1.000000,0.142857,0.250000
Q129,97,2,7,1,0.125000,0.500000,0.142857,0.222222
Q129,99,1,7,1,0.142857,1.000000,0.142857,0.250000
Q129,100,2,7,1,0.125000,0.500000,0.142857,0.222222
Q130,1,2,6,1,0.142857,0.500000,0.166667,0.250000
Q130,2,1,6,0,0.000000,0.000000,0.000000,0.000000
Q130,3,1,6,1,0.166667,1.000000,0.166667,0.285714
Q130,4,1,6,0,0.000000,0.000000,0.000000,0.000000
Q130,5,1,6,0,0.000000,0.000000,0.000000,0.000000
Q130,6,1,6,0,0.000000,0.000000,0.000000,0.000000
Q130,9,1,6,0,0.000000,0.000000,0.000000,0.000000
Q130,8,2,6,1,0.142857,0.500000,0.166667,0.250000
Q130,7,1,6,0,0.000000,0.000000,0.000000,0.000000
Q130,12,1,6,0,0.000000,0.000000,0.000000,0.000000
Q130,10,2,6,1,0.142857,0.500000,0.166667,0.250000
Q130,13,1,6,0,0.000000,0.000000,0.000000,0.000000
Q130,11,2,6,1,0.142857,0.500000,0.166667,0.250000
Q130,15,1,6,0,0.000000,0.000000,0.000000,0.000000
Q130,14,1,6,1,0.166667,1.000000,0.166667,0.285714
Q130,16,1,6,0,0.000000,0.000000,0.000000,0.000000
Q130,20,1,6,0,0.000000,0.000000,0.000000,0.000000
Q130,18,2,6,1,0.142857,0.500000,0.166667,0.250000
Q130,21,2,6,0,0.000000,0.000000,0.000000,0.000000
Q130,19,2,6,1,0.142857,0.500000,0.166667,0.250000
Q130,22,1,6,0,0.000000,0.000000,0.000000,0.000000
Q130,17,1,6,0,0.000000,0.000000,0.000000,0.000000
Q130,23,1,6,0,0.000000,0.000000,0.000000,0.000000
Q130,24,1,6,0,0.000000,0.000000,0.000000,0.000000
Q130,25,1,6,0,0.000000,0.000000,0.000000,0.000000
Q130,27,1,6,0,0.000000,0.000000,0.000000,0.000000
Q130,28,1,6,0,0.000000,0.000000,0.000000,0.000000
Q130,26,1,6,0,0.000000,0.000000,0.000000,0.000000
Q130,29,2,6,1,0.142857,0.500000,0.166667,0.250000
Q130,30,1,6,0,0.000000,0.000000,0.000000,0.000000
Q130,31,1,6,1,0.166667,1.000000,0.166667,0.285714
Q130,34,2,6,1,0.142857,0.500000,0.166667,0.250000
Q130,32,1,6,1,0.166667,1.000000,0.166667,0.285714
Q130,33,2,6,1,0.142857,0.500000,0.166667,0.250000
Q130,35,1,6,0,0.000000,0.000000,0.000000,0.000000
Q130,36,1,6,0,0.000000,0.000000,0.000000,0.000000
Q130,37,1,6,0,0.000000,0.000000,0.000000,0.000000
Q130,38,1,6,0,0.000000,0.000000,0.000000,0.000000
Q130,40,1,6,0,0.000000,0.000000,0.000000,0.000000
Q130,41,1,6,0,0.000000,0.000000,0.000000,0.000000
Q130,39,2,6,0,0.000000,0.000000,0.000000,0.000000
Q130,43,1,6,0,0.000000,0.000000,0.000000,0.000000
Q130,42,1,6,0,0.000000,0.000000,0.000000,0.000000
Q130,45,1,6,0,0.000000,0.000000,0.000000,0.000000
Q130,46,1,6,0,0.000000,0.000000,0.000000,0.000000
Q130,44,2,6,1,0.142857,0.500000,0.166667,0.250000
Q130,47,1,6,0,0.000000,0.000000,0.000000,0.000000
Q130,48,1,6,0,0.000000,0.000000,0.000000,0.000000
Q130,49,1,6,0,0.000000,0.000000,0.000000,0.000000
Q130,51,1,6,0,0.000000,0.000000,0.000000,0.000000
Q130,52,1,6,0,0.000000,0.000000,0.000000,0.000000
Q130,50,1,6,0,0.000000,0.000000,0.000000,0.000000
Q130,53,1,6,0,0.000000,0.000000,0.000000,0.000000
Q130,54,1,6,0,0.000000,0.000000,0.000000,0.000000
Q130,55,2,6,1,0.142857,0.500000,0.166667,0.250000
Q130,59,1,6,0,0.000000,0.000000,0.000000,0.000000
Q130,56,2,6,1,0.142857,0.500000,0.166667,0.250000
Q130,57,1,6,1,0.166667,1.000000,0.166667,0.285714
Q130,60,1,6,0,0.000000,0.000000,0.000000,0.000000
Q130,58,1,6,0,0.000000,0.000000,0.000000,0.000000
Q130,63,1,6,0,0.000000,0.000000,0.000000,0.000000
Q130,64,1,6,0,0.000000,0.000000,0.000000,0.000000
Q130,61,2,6,1,0.142857,0.500000,0.166667,0.250000
Q130,66,1,6,0,0.000000,0.000000,0.000000,0.000000
Q130,65,2,6,1,0.142857,0.500000,0.166667,0.250000
Q130,62,2,6,0,0.000000,0.000000,0.000000,0.000000
Q130,67,1,6,0,0.000000,0.000000,0.000000,0.000000
Q130,68,1,6,1,0.166667,1.000000,0.166667,0.285714
Q130,70,1,6,0,0.000000,0.000000,0.000000,0.000000
Q130,71,1,6,0,0.000000,0.000000,0.000000,0.000000
Q130,73,1,6,0,0.000000,0.000000,0.000000,0.000000
Q130,69,1,6,0,0.000000,0.000000,0.000000,0.000000
Q130,72,1,6,0,0.000000,0.000000,0.000000,0.000000
Q130,74,2,6,1,0.142857,0.500000,0.166667,0.250000
Q130,75,1,6,0,0.000000,0.000000,0.000000,0.000000
Q130,77,1,6,0,0.000000,0.000000,0.000000,0.000000
Q130,76,1,6,0,0.000000,0.000000,0.000000,0.000000
Q130,78,1,6,0,0.000000,0.000000,0.000000,0.000000
Q130,79,1,6,0,0.000000,0.000000,0.000000,0.000000
Q130,80,1,6,0,0.000000,0.000000,0.000000,0.000000
Q130,83,1,6,0,0.000000,0.000000,0.000000,0.000000
Q130,81,1,6,0,0.000000,0.000000,0.000000,0.000000
Q130,84,2,6,1,0.142857,0.500000,0.166667,0.250000
Q130,85,2,6,1,0.142857,0.500000,0.166667,0.250000
Q130,82,1,6,0,0.000000,0.000000,0.000000,0.000000
Q130,88,1,6,0,0.000000,0.000000,0.000000,0.000000
Q130,90,1,6,1,0.166667,1.000000,0.166667,0.285714
Q130,89,1,6,0,0.000000,0.000000,0.000000,0.000000
Q130,86,2,6,1,0.142857,0.500000,0.166667,0.250000
Q130,91,2,6,1,0.142857,0.500000,0.166667,0.250000
Q130,87,1,6,1,0.166667,1.000000,0.166667,0.285714
Q130,92,1,6,0,0.000000,0.000000,0.000000,0.000000
Q130,93,1,6,0,0.000000,0.000000,0.000000,0.000000
Q130,95,2,6,1,0.142857,0.500000,0.166667,0.250000
Q130,96,1,6,0,0.000000,0.000000,0.000000,0.000000
Q130,94,2,6,1,0.142857,0.500000,0.166667,0.250000
Q130,97,2,6,1,0.142857,0.500000,0.166667,0.250000
Q130,99,1,6,0,0.000000,0.000000,0.000000,0.000000
Q130,98,1,6,0,0.000000,0.000000,0.000000,0.000000
Q130,100,1,6,0,0.000000,0.000000,0.000000,0.000000
Q131,2,1,4,1,0.250000,1.000000,0.250000,0.400000
Q131,1,3,4,1,0.166667,0.333333,0.250000,0.285714
Q131,5,1,4,1,0.250000,1.000000,0.250000,0.400000
Q131,3,2,4,1,0.200000,0.500000,0.250000,0.333333
Q131,6,2,4,1,0.200000,0.500000,0.250000,0.333333
Q131,7,1,4,1,0.250000,1.000000,0.250000,0.400000
Q131,8,1,4,0,0.000000,0.000000,0.000000,0.000000
Q131,4,3,4,1,0.166667,0.333333,0.250000,0.285714
Q131,9,1,4,0,0.000000,0.000000,0.000000,0.000000
Q131,10,1,4,1,0.250000,1.000000,0.250000,0.400000
Q131,11,1,4,0,0.000000,0.000000,0.000000,0.000000
Q131,12,0,4,0,0.000000,0.000000,0.000000,0.000000
Q131,14,1,4,1,0.250000,1.000000,0.250000,0.400000
Q131,13,2,4,1,0.200000,0.500000,0.250000,0.333333
Q131,17,0,4,0,0.000000,0.000000,0.000000,0.000000
Q131,18,1,4,0,0.000000,0.000000,0.000000,0.000000
Q131,16,1,4,1,0.250000,1.000000,0.250000,0.400000
Q131,19,1,4,0,0.000000,0.000000,0.000000,0.000000
Q131,15,1,4,1,0.250000,1.000000,0.250000,0.400000
Q131,20,2,4,1,0.200000,0.500000,0.250000,0.333333
Q131,22,1,4,1,0.250000,1.000000,0.250000,0.400000
Q131,21,2,4,1,0.200000,0.500000,0.250000,0.333333
Q131,25,0,4,0,0.000000,0.000000,0.000000,0.000000
Q131,23,1,4,0,0.000000,0.000000,0.000000,0.000000
Q131,24,1,4,0,0.000000,0.000000,0.000000,0.000000
Q131,27,1,4,1,0.250000,1.000000,0.250000,0.400000
Q131,29,0,4,0,0.000000,0.000000,0.000000,0.000000
Q131,30,0,4,0,0.000000,0.000000,0.000000,0.000000
Q131,26,1,4,0,0.000000,0.000000,0.000000,0.000000
Q131,28,2,4,1,0.200000,0.500000,0.250000,0.333333
Q131,31,1,4,1,0.250000,1.000000,0.250000,0.400000
Q131,33,1,4,0,0.000000,0.000000,0.000000,0.000000
Q131,32,2,4,1,0.200000,0.500000,0.250000,0.333333
Q131,35,1,4,1,0.250000,1.000000,0.250000,0.400000
Q131,34,2,4,1,0.200000,0.500000,0.250000,0.333333
Q131,36,1,4,0,0.000000,0.000000,0.000000,0.000000
Q131,37,1,4,1,0.250000,1.000000,0.250000,0.400000
Q131,39,1,4,1,0.250000,1.000000,0.250000,0.400000
Q131,38,1,4,1,0.250000,1.000000,0.250000,0.400000
Q131,43,1,4,1,0.250000,1.000000,0.250000,0.400000
Q131,41,1,4,0,0.000000,0.000000,0.000000,0.000000
Q131,42,2,4,1,0.200000,0.500000,0.250000,0.333333
Q131,44,1,4,1,0.250000,1.000000,0.250000,0.400000
Q131,40,3,4,1,0.166667,0.333333,0.250000,0.285714
Q131,45,1,4,1,0.250000,1.000000,0.250000,0.400000
Q131,46,0,4,0,0.000000,0.000000,0.000000,0.000000
Q131,49,1,4,0,0.000000,0.000000,0.000000,0.000000
Q131,47,2,4,1,0.200000,0.500000,0.250000,0.333333
Q131,50,2,4,1,0.200000,0.500000,0.250000,0.333333
Q131,51,1,4,1,0.250000,1.000000,0.250000,0.400000
Q131,48,1,4,1,0.250000,1.000000,0.250000,0.400000
Q131,52,3,4,1,0.166667,0.333333,0.250000,0.285714
Q131,53,2,4,1,0.200000,0.500000,0.250000,0.333333
Q131,55,1,4,0,0.000000,0.000000,0.000000,0.000000
Q131,54,1,4,0,0.000000,0.000000,0.000000,0.000000
Q131,57,1,4,1,0.250000,1.000000,0.250000,0.400000
Q131,56,2,4,1,0.200000,0.500000,0.250000,0.333333
Q131,60,0,4,0,0.000000,0.000000,0.000000,0.000000
Q131,59,1,4,0,0.000000,0.000000,0.000000,0.000000
Q131,61,1,4,1,0.250000,1.000000,0.250000,0.400000
Q131,62,0,4,0,0.000000,0.000000,0.000000,0.000000
Q131,64,2,4,1,0.200000,0.500000,0.250000,0.333333
Q131,58,1,4,1,0.250000,1.000000,0.250000,0.400000
Q131,63,1,4,1,0.250000,1.000000,0.250000,0.400000
Q131,66,2,4,1,0.200000,0.500000,0.250000,0.333333
Q131,67,1,4,1,0.250000,1.000000,0.250000,0.400000
Q131,70,1,4,1,0.250000,1.000000,0.250000,0.400000
Q131,65,1,4,0,0.000000,0.000000,0.000000,0.000000
Q131,68,2,4,1,0.200000,0.500000,0.250000,0.333333
Q131,69,3,4,1,0.166667,0.333333,0.250000,0.285714
Q131,72,1,4,1,0.250000,1.000000,0.250000,0.400000
Q131,71,0,4,0,0.000000,0.000000,0.000000,0.000000
Q131,73,1,4,1,0.250000,1.000000,0.250000,0.400000
Q131,74,1,4,1,0.250000,1.000000,0.250000,0.400000
Q131,75,2,4,1,0.200000,0.500000,0.250000,0.333333
Q131,76,1,4,1,0.250000,1.000000,0.250000,0.400000
Q131,78,1,4,1,0.250000,1.000000,0.250000,0.400000
Q131,77,1,4,0,0.000000,0.000000,0.000000,0.000000
Q131,79,1,4,1,0.250000,1.000000,0.250000,0.400000
Q131,80,1,4,1,0.250000,1.000000,0.250000,0.400000
Q131,83,1,4,1,0.250000,1.000000,0.250000,0.400000
Q131,84,1,4,1,0.250000,1.000000,0.250000,0.400000
Q131,82,2,4,1,0.200000,0.500000,0.250000,0.333333
Q131,85,1,4,1,0.250000,1.000000,0.250000,0.400000
Q131,86,2,4,1,0.200000,0.500000,0.250000,0.333333
Q131,87,1,4,0,0.000000,0.000000,0.000000,0.000000
Q131,90,1,4,0,0.000000,0.000000,0.000000,0.000000
Q131,89,0,4,0,0.000000,0.000000,0.000000,0.000000
Q131,81,3,4,1,0.166667,0.333333,0.250000,0.285714
Q131,88,2,4,1,0.200000,0.500000,0.250000,0.333333
Q131,92,1,4,1,0.250000,1.000000,0.250000,0.400000
Q131,93,1,4,0,0.000000,0.000000,0.000000,0.000000
Q131,94,1,4,1,0.250000,1.000000,0.250000,0.400000
Q131,91,2,4,1,0.200000,0.500000,0.250000,0.333333
Q131,96,1,4,1,0.250000,1.000000,0.250000,0.400000
Q131,95,1,4,1,0.250000,1.000000,0.250000,0.400000
Q131,97,1,4,1,0.250000,1.000000,0.250000,0.400000
Q131,98,2,4,1,0.200000,0.500000,0.250000,0.333333
Q131,99,2,4,1,0.200000,0.500000,0.250000,0.333333
Q131,100,2,4,1,0.200000,0.500000,0.250000,0.333333
Q132,2,2,6,1,0.142857,0.500000,0.166667,0.250000
Q132,1,2,6,1,0.142857,0.500000,0.166667,0.250000
Q132,4,1,6,0,0.000000,0.000000,0.000000,0.000000
Q132,3,1,6,0,0.000000,0.000000,0.000000,0.000000
Q132,5,1,6,0,0.000000,0.000000,0.000000,0.000000
Q132,6,1,6,0,0.000000,0.000000,0.000000,0.000000
Q132,7,1,6,0,0.000000,0.000000,0.000000,0.000000
Q132,8,1,6,1,0.166667,1.000000,0.166667,0.285714
Q132,9,1,6,0,0.000000,0.000000,0.000000,0.000000
Q132,11,1,6,0,0.000000,0.000000,0.000000,0.000000
Q132,12,1,6,1,0.166667,1.000000,0.166667,0.285714
Q132,10,1,6,0,0.000000,0.000000,0.000000,0.000000
Q132,13,1,6,0,0.000000,0.000000,0.000000,0.000000
Q132,14,1,6,0,0.000000,0.000000,0.000000,0.000000
Q132,16,1,6,0,0.000000,0.000000,0.000000,0.000000
Q132,15,1,6,0,0.000000,0.000000,0.000000,0.000000
Q132,17,1,6,0,0.000000,0.000000,0.000000,0.000000
Q132,19,1,6,0,0.000000,0.000000,0.000000,0.000000
Q132,20,1,6,0,0.000000,0.000000,0.000000,0.000000
Q132,18,2,6,1,0.142857,0.500000,0.166667,0.250000
Q132,21,1,6,0,0.000000,0.000000,0.000000,0.000000
Q132,22,1,6,0,0.000000,0.000000,0.000000,0.000000
Q132,23,1,6,0,0.000000,0.000000,0.000000,0.000000
Q132,24,2,6,0,0.000000,0.000000,0.000000,0.000000
Q132,25,2,6,1,0.142857,0.500000,0.166667,0.250000
Q132,28,1,6,0,0.000000,0.000000,0.000000,0.000000
Q132,26,1,6,0,0.000000,0.000000,0.000000,0.000000
Q132,27,1,6,0,0.000000,0.000000,0.000000,0.000000
Q132,30,1,6,0,0.000000,0.000000,0.000000,0.000000
Q132,31,1,6,0,0.000000,0.000000,0.000000,0.000000
Q132,29,1,6,1,0.166667,1.000000,0.166667,0.285714
Q132,32,1,6,0,0.000000,0.000000,0.000000,0.000000
Q132,33,1,6,1,0.166667,1.000000,0.166667,0.285714
Q132,36,1,6,0,0.000000,0.000000,0.000000,0.000000
Q132,35,1,6,0,0.000000,0.000000,0.000000,0.000000
Q132,34,2,6,0,0.000000,0.000000,0.000000,0.000000
Q132,37,1,6,0,0.000000,0.000000,0.000000,0.000000
Q132,38,1,6,0,0.000000,0.000000,0.000000,0.000000
Q132,39,1,6,0,0.000000,0.000000,0.000000,0.000000
Q132,41,1,6,0,0.000000,0.000000,0.000000,0.000000
Q132,40,1,6,0,0.000000,0.000000,0.000000,0.000000
Q132,42,1,6,1,0.166667,1.000000,0.166667,0.285714
Q132,43,1,6,0,0.000000,0.000000,0.000000,0.000000
Q132,44,1,6,0,0.000000,0.000000,0.000000,0.000000
Q132,45,2,6,1,0.142857,0.500000,0.166667,0.250000
Q132,47,1,6,0,0.000000,0.000000,0.000000,0.000000
Q132,49,1,6,0,0.000000,0.000000,0.000000,0.000000
Q132,48,1,6,1,0.166667,1.000000,0.166667,0.285714
Q132,46,1,6,0,0.000000,0.000000,0.000000,0.000000
Q132,50,1,6,0,0.000000,0.000000,0.000000,0.000000
Q132,52,1,6,0,0.000000,0.000000,0.000000,0.000000
Q132,51,1,6,0,0.000000,0.000000,0.000000,0.000000
Q132,53,1,6,0,0.000000,0.000000,0.000000,0.000000
Q132,55,1,6,0,0.000000,0.000000,0.000000,0.000000
Q132,56,1,6,0,0.000000,0.000000,0.000000,0.000000
Q132,54,1,6,0,0.000000,0.000000,0.000000,0.000000
Q132,58,1,6,0,0.000000,0.000000,0.000000,0.000000
Q132,59,1,6,0,0.000000,0.000000,0.000000,0.000000
Q132,60,1,6,0,0.000000,0.000000,0.000000,0.000000
Q132,57,1,6,0,0.000000,0.000000,0.000000,0.000000
Q132,61,1,6,0,0.000000,0.000000,0.000000,0.000000
Q132,62,1,6,0,0.000000,0.000000,0.000000,0.000000
Q132,65,1,6,0,0.000000,0.000000,0.000000,0.000000
Q132,63,1,6,0,0.000000,0.000000,0.000000,0.000000
Q132,64,1,6,0,0.000000,0.000000,0.000000,0.000000
Q132,67,1,6,0,0.000000,0.000000,0.000000,0.000000
Q132,66,2,6,1,0.142857,0.500000,0.166667,0.250000
Q132,69,1,6,0,0.000000,0.000000,0.000000,0.000000
Q132,71,1,6,0,0.000000,0.000000,0.000000,0.000000
Q132,70,1,6,1,0.166667,1.000000,0.166667,0.285714
Q132,68,2,6,0,0.000000,0.000000,0.000000,0.000000
Q132,72,1,6,0,0.000000,0.000000,0.000000,0.000000
Q132,74,1,6,1,0.166667,1.000000,0.166667,0.285714
Q132,75,1,6,0,0.000000,0.000000,0.000000,0.000000
Q132,77,1,6,0,0.000000,0.000000,0.000000,0.000000
Q132,76,2,6,1,0.142857,0.500000,0.166667,0.250000
Q132,78,1,6,0,0.000000,0.000000,0.000000,0.000000
Q132,73,1,6,1,0.166667,1.000000,0.166667,0.285714
Q132,79,1,6,0,0.000000,0.000000,0.000000,0.000000
Q132,81,1,6,0,0.000000,0.000000,0.000000,0.000000
Q132,84,1,6,0,0.000000,0.000000,0.000000,0.000000
Q132,80,2,6,1,0.142857,0.500000,0.166667,0.250000
Q132,82,2,6,1,0.142857,0.500000,0.166667,0.250000
Q132,83,1,6,0,0.000000,0.000000,0.000000,0.000000
Q132,85,1,6,0,0.000000,0.000000,0.000000,0.000000
Q132,86,1,6,0,0.000000,0.000000,0.000000,0.000000
Q132,87,1,6,0,0.000000,0.000000,0.000000,0.000000
Q132,89,1,6,0,0.000000,0.000000,0.000000,0.000000
Q132,90,1,6,0,0.000000,0.000000,0.000000,0.000000
Q132,88,1,6,0,0.000000,0.000000,0.000000,0.000000
Q132,91,1,6,0,0.000000,0.000000,0.000000,0.000000
Q132,92,1,6,0,0.000000,0.000000,0.000000,0.000000
Q132,95,1,6,0,0.000000,0.000000,0.000000,0.000000
Q132,94,1,6,0,0.000000,0.000000,0.000000,0.000000
Q132,93,2,6,0,0.000000,0.000000,0.000000,0.000000
Q132,97,2,6,0,0.000000,0.000000,0.000000,0.000000
Q132,96,1,6,0,0.000000,0.000000,0.000000,0.000000
Q132,98,1,6,0,0.000000,0.000000,0.000000,0.000000
Q132,99,1,6,0,0.000000,0.000000,0.000000,0.000000
Q132,100,1,6,0,0.000000,0.000000,0.000000,0.000000
Q133,2,1,4,0,0.000000,0.000000,0.000000,0.000000
Q133,3,1,4,0,0.000000,0.000000,0.000000,0.000000
Q133,1,1,4,0,0.000000,0.000000,0.000000,0.000000
Q133,5,1,4,0,0.000000,0.000000,0.000000,0.000000
Q133,4,2,4,1,0.200000,0.500000,0.250000,0.333333
Q133,8,1,4,0,0.000000,0.000000,0.000000,0.000000
Q133,6,1,4,0,0.000000,0.000000,0.000000,0.000000
Q133,7,1,4,0,0.000000,0.000000,0.000000,0.000000
Q133,9,1,4,0,0.000000,0.000000,0.000000,0.000000
Q133,10,1,4,0,0.000000,0.000000,0.000000,0.000000
Q133,12,1,4,0,0.000000,0.000000,0.000000,0.000000
Q133,11,1,4,0,0.000000,0.000000,0.000000,0.000000
Q133,14,1,4,0,0.000000,0.000000,0.000000,0.000000
Q133,16,1,4,0,0.000000,0.000000,0.000000,0.000000
Q133,15,1,4,0,0.000000,0.000000,0.000000,0.000000
Q133,13,1,4,0,0.000000,0.000000,0.000000,0.000000
Q133,17,1,4,0,0.000000,0.000000,0.000000,0.000000
Q133,18,1,4,0,0.000000,0.000000,0.000000,0.000000
Q133,19,1,4,0,0.000000,0.000000,0.000000,0.000000
Q133,20,1,4,0,0.000000,0.000000,0.000000,0.000000
Q133,21,1,4,0,0.000000,0.000000,0.000000,0.000000
Q133,22,1,4,0,0.000000,0.000000,0.000000,0.000000
Q133,25,1,4,0,0.000000,0.000000,0.000000,0.000000
Q133,24,1,4,0,0.000000,0.000000,0.000000,0.000000
Q133,26,1,4,0,0.000000,0.000000,0.000000,0.000000
Q133,23,1,4,0,0.000000,0.000000,0.000000,0.000000
Q133,27,1,4,0,0.000000,0.000000,0.000000,0.000000
Q133,29,1,4,0,0.000000,0.000000,0.000000,0.000000
Q133,28,1,4,0,0.000000,0.000000,0.000000,0.000000
Q133,32,1,4,0,0.000000,0.000000,0.000000,0.000000
Q133,31,1,4,0,0.000000,0.000000,0.000000,0.000000
Q133,30,2,4,0,0.000000,0.000000,0.000000,0.000000
Q133,33,1,4,0,0.000000,0.000000,0.000000,0.000000
Q133,37,1,4,1,0.250000,1.000000,0.250000,0.400000
Q133,36,1,4,0,0.000000,0.000000,0.000000,0.000000
Q133,34,1,4,0,0.000000,0.000000,0.000000,0.000000
Q133,35,1,4,0,0.000000,0.000000,0.000000,0.000000
Q133,38,1,4,0,0.000000,0.000000,0.000000,0.000000
Q133,39,1,4,0,0.000000,0.000000,0.000000,0.000000
Q133,41,1,4,0,0.000000,0.000000,0.000000,0.000000
Q133,42,1,4,0,0.000000,0.000000,0.000000,0.000000
Q133,44,1,4,0,0.000000,0.000000,0.000000,0.000000
Q133,43,2,4,0,0.000000,0.000000,0.000000,0.000000
Q133,45,1,4,0,0.000000,0.000000,0.000000,0.000000
Q133,40,1,4,0,0.000000,0.000000,0.000000,0.000000
Q133,46,2,4,0,0.000000,0.000000,0.000000,0.000000
Q133,47,1,4,0,0.000000,0.000000,0.000000,0.000000
Q133,49,1,4,0,0.000000,0.000000,0.000000,0.000000
Q133,51,1,4,0,0.000000,0.000000,0.000000,0.000000
Q133,52,1,4,0,0.000000,0.000000,0.000000,0.000000
Q133,48,2,4,1,0.200000,0.500000,0.250000,0.333333
Q133,53,1,4,0,0.000000,0.000000,0.000000,0.000000
Q133,54,1,4,0,0.000000,0.000000,0.000000,0.000000
Q133,56,1,4,0,0.000000,0.000000,0.000000,0.000000
Q133,57,1,4,0,0.000000,0.000000,0.000000,0.000000
Q133,55,1,4,0,0.000000,0.000000,0.000000,0.000000
Q133,58,1,4,0,0.000000,0.000000,0.000000,0.000000
Q133,61,1,4,0,0.000000,0.000000,0.000000,0.000000
Q133,62,1,4,0,0.000000,0.000000,0.000000,0.000000
Q133,60,2,4,1,0.200000,0.500000,0.250000,0.333333
Q133,59,1,4,0,0.000000,0.000000,0.000000,0.000000
Q133,50,1,4,0,0.000000,0.000000,0.000000,0.000000
Q133,63,2,4,1,0.200000,0.500000,0.250000,0.333333
Q133,64,1,4,0,0.000000,0.000000,0.000000,0.000000
Q133,66,1,4,0,0.000000,0.000000,0.000000,0.000000
Q133,65,1,4,0,0.000000,0.000000,0.000000,0.000000
Q133,69,1,4,0,0.000000,0.000000,0.000000,0.000000
Q133,68,2,4,1,0.200000,0.500000,0.250000,0.333333
Q133,70,1,4,0,0.000000,0.000000,0.000000,0.000000
Q133,67,1,4,0,0.000000,0.000000,0.000000,0.000000
Q133,71,1,4,0,0.000000,0.000000,0.000000,0.000000
Q133,73,1,4,0,0.000000,0.000000,0.000000,0.000000
Q133,74,1,4,0,0.000000,0.000000,0.000000,0.000000
Q133,72,1,4,0,0.000000,0.000000,0.000000,0.000000
Q133,77,1,4,0,0.000000,0.000000,0.000000,0.000000
Q133,76,1,4,0,0.000000,0.000000,0.000000,0.000000
Q133,80,1,4,0,0.000000,0.000000,0.000000,0.000000
Q133,75,1,4,0,0.000000,0.000000,0.000000,0.000000
Q133,78,2,4,0,0.000000,0.000000,0.000000,0.000000
Q133,79,1,4,0,0.000000,0.000000,0.000000,0.000000
Q133,81,1,4,0,0.000000,0.000000,0.000000,0.000000
Q133,82,1,4,0,0.000000,0.000000,0.000000,0.000000
Q133,84,1,4,0,0.000000,0.000000,0.000000,0.000000
Q133,83,1,4,0,0.000000,0.000000,0.000000,0.000000
Q133,85,1,4,0,0.000000,0.000000,0.000000,0.000000
Q133,86,1,4,0,0.000000,0.000000,0.000000,0.000000
Q133,88,1,4,0,0.000000,0.000000,0.000000,0.000000
Q133,87,1,4,0,0.000000,0.000000,0.000000,0.000000
Q133,90,1,4,0,0.000000,0.000000,0.000000,0.000000
Q133,91,1,4,0,0.000000,0.000000,0.000000,0.000000
Q133,92,1,4,0,0.000000,0.000000,0.000000,0.000000
Q133,93,1,4,0,0.000000,0.000000,0.000000,0.000000
Q133,94,1,4,0,0.000000,0.000000,0.000000,0.000000
Q133,95,1,4,1,0.250000,1.000000,0.250000,0.400000
Q133,96,1,4,0,0.000000,0.000000,0.000000,0.000000
Q133,97,1,4,1,0.250000,1.000000,0.250000,0.400000
Q133,100,1,4,0,0.000000,0.000000,0.000000,0.000000
Q133,99,1,4,0,0.000000,0.000000,0.000000,0.000000
Q133,89,1,4,0,0.000000,0.000000,0.000000,0.000000
Q134,1,1,6,0,0.000000,0.000000,0.000000,0.000000
Q133,98,1,4,0,0.000000,0.000000,0.000000,0.000000
Q134,2,1,6,0,0.000000,0.000000,0.000000,0.000000
Q134,3,1,6,0,0.000000,0.000000,0.000000,0.000000
Q134,5,1,6,0,0.000000,0.000000,0.000000,0.000000
Q134,4,2,6,1,0.142857,0.500000,0.166667,0.250000
Q134,7,1,6,0,0.000000,0.000000,0.000000,0.000000
Q134,8,1,6,0,0.000000,0.000000,0.000000,0.000000
Q134,6,1,6,0,0.000000,0.000000,0.000000,0.000000
Q134,9,1,6,0,0.000000,0.000000,0.000000,0.000000
Q134,11,1,6,0,0.000000,0.000000,0.000000,0.000000
Q134,13,1,6,0,0.000000,0.000000,0.000000,0.000000
Q134,12,1,6,0,0.000000,0.000000,0.000000,0.000000
Q134,14,1,6,0,0.000000,0.000000,0.000000,0.000000
Q134,10,1,6,0,0.000000,0.000000,0.000000,0.000000
Q134,15,1,6,0,0.000000,0.000000,0.000000,0.000000
Q134,16,1,6,0,0.000000,0.000000,0.000000,0.000000
Q134,18,1,6,0,0.000000,0.000000,0.000000,0.000000
Q134,17,1,6,0,0.000000,0.000000,0.000000,0.000000
Q134,20,1,6,0,0.000000,0.000000,0.000000,0.000000
Q134,21,1,6,0,0.000000,0.000000,0.000000,0.000000
Q134,19,1,6,0,0.000000,0.000000,0.000000,0.000000
Q134,23,1,6,0,0.000000,0.000000,0.000000,0.000000
Q134,24,2,6,0,0.000000,0.000000,0.000000,0.000000
Q134,27,1,6,0,0.000000,0.000000,0.000000,0.000000
Q134,25,1,6,0,0.000000,0.000000,0.000000,0.000000
Q134,28,1,6,0,0.000000,0.000000,0.000000,0.000000
Q134,22,1,6,0,0.000000,0.000000,0.000000,0.000000
Q134,26,2,6,1,0.142857,0.500000,0.166667,0.250000
Q134,29,1,6,0,0.000000,0.000000,0.000000,0.000000
Q134,30,1,6,0,0.000000,0.000000,0.000000,0.000000
Q134,32,2,6,1,0.142857,0.500000,0.166667,0.250000
Q134,35,1,6,0,0.000000,0.000000,0.000000,0.000000
Q134,34,1,6,1,0.166667,1.000000,0.166667,0.285714
Q134,31,2,6,1,0.142857,0.500000,0.166667,0.250000
Q134,33,2,6,0,0.000000,0.000000,0.000000,0.000000
Q134,36,1,6,0,0.000000,0.000000,0.000000,0.000000
Q134,37,1,6,0,0.000000,0.000000,0.000000,0.000000
Q134,38,1,6,0,0.000000,0.000000,0.000000,0.000000
Q134,40,1,6,0,0.000000,0.000000,0.000000,0.000000
Q134,39,1,6,0,0.000000,0.000000,0.000000,0.000000
Q134,42,2,6,1,0.142857,0.500000,0.166667,0.250000
Q134,41,1,6,0,0.000000,0.000000,0.000000,0.000000
Q134,43,1,6,0,0.000000,0.000000,0.000000,0.000000
Q134,44,1,6,1,0.166667,1.000000,0.166667,0.285714
Q134,45,1,6,0,0.000000,0.000000,0.000000,0.000000
Q134,46,1,6,0,0.000000,0.000000,0.000000,0.000000
Q134,48,1,6,1,0.166667,1.000000,0.166667,0.285714
Q134,49,1,6,0,0.000000,0.000000,0.000000,0.000000
Q134,47,1,6,0,0.000000,0.000000,0.000000,0.000000
Q134,51,1,6,0,0.000000,0.000000,0.000000,0.000000
Q134,50,2,6,1,0.142857,0.500000,0.166667,0.250000
Q134,53,1,6,0,0.000000,0.000000,0.000000,0.000000
Q134,56,1,6,0,0.000000,0.000000,0.000000,0.000000
Q134,52,1,6,0,0.000000,0.000000,0.000000,0.000000
Q134,57,1,6,0,0.000000,0.000000,0.000000,0.000000
Q134,55,2,6,1,0.142857,0.500000,0.166667,0.250000
Q134,54,1,6,0,0.000000,0.000000,0.000000,0.000000
Q134,63,1,6,0,0.000000,0.000000,0.000000,0.000000
Q134,62,1,6,0,0.000000,0.000000,0.000000,0.000000
Q134,60,1,6,0,0.000000,0.000000,0.000000,0.000000
Q134,58,3,6,2,0.285714,0.666667,0.333333,0.444444
Q134,61,1,6,0,0.000000,0.000000,0.000000,0.000000
Q134,59,1,6,0,0.000000,0.000000,0.000000,0.000000
Q134,64,1,6,0,0.000000,0.000000,0.000000,0.000000
Q134,65,2,6,1,0.142857,0.500000,0.166667,0.250000
Q134,66,1,6,0,0.000000,0.000000,0.000000,0.000000
Q134,67,2,6,1,0.142857,0.500000,0.166667,0.250000
Q134,69,1,6,1,0.166667,1.000000,0.166667,0.285714
Q134,71,1,6,0,0.000000,0.000000,0.000000,0.000000
Q134,68,2,6,0,0.000000,0.000000,0.000000,0.000000
Q134,70,1,6,0,0.000000,0.000000,0.000000,0.000000
Q134,72,1,6,0,0.000000,0.000000,0.000000,0.000000
Q134,73,1,6,0,0.000000,0.000000,0.000000,0.000000
Q134,74,1,6,0,0.000000,0.000000,0.000000,0.000000
Q134,76,1,6,0,0.000000,0.000000,0.000000,0.000000
Q134,77,1,6,0,0.000000,0.000000,0.000000,0.000000
Q134,78,1,6,0,0.000000,0.000000,0.000000,0.000000
Q134,75,1,6,0,0.000000,0.000000,0.000000,0.000000
Q134,79,1,6,0,0.000000,0.000000,0.000000,0.000000
Q134,84,1,6,1,0.166667,1.000000,0.166667,0.285714
Q134,80,2,6,0,0.000000,0.000000,0.000000,0.000000
Q134,83,1,6,0,0.000000,0.000000,0.000000,0.000000
Q134,82,1,6,0,0.000000,0.000000,0.000000,0.000000
Q134,81,1,6,0,0.000000,0.000000,0.000000,0.000000
Q134,85,1,6,0,0.000000,0.000000,0.000000,0.000000
Q134,86,1,6,0,0.000000,0.000000,0.000000,0.000000
Q134,88,2,6,1,0.142857,0.500000,0.166667,0.250000
Q134,92,1,6,0,0.000000,0.000000,0.000000,0.000000
Q134,91,2,6,0,0.000000,0.000000,0.000000,0.000000
Q134,90,2,6,1,0.142857,0.500000,0.166667,0.250000
Q134,93,1,6,1,0.166667,1.000000,0.166667,0.285714
Q134,94,1,6,0,0.000000,0.000000,0.000000,0.000000
Q134,96,1,6,0,0.000000,0.000000,0.000000,0.000000
Q134,95,1,6,0,0.000000,0.000000,0.000000,0.000000
Q134,89,2,6,1,0.142857,0.500000,0.166667,0.250000
Q134,97,1,6,0,0.000000,0.000000,0.000000,0.000000
Q134,99,1,6,0,0.000000,0.000000,0.000000,0.000000
Q134,98,1,6,0,0.000000,0.000000,0.000000,0.000000
Q135,2,1,8,1,0.125000,1.000000,0.125000,0.222222
Q135,1,1,8,1,0.125000,1.000000,0.125000,0.222222
Q135,3,1,8,1,0.125000,1.000000,0.125000,0.222222
Q135,5,0,8,0,0.000000,0.000000,0.000000,0.000000
Q135,4,1,8,1,0.125000,1.000000,0.125000,0.222222
Q135,6,1,8,1,0.125000,1.000000,0.125000,0.222222
Q135,7,1,8,1,0.125000,1.000000,0.125000,0.222222
Q134,100,2,6,1,0.142857,0.500000,0.166667,0.250000
Q135,9,1,8,1,0.125000,1.000000,0.125000,0.222222
Q135,11,0,8,0,0.000000,0.000000,0.000000,0.000000
Q135,10,1,8,1,0.125000,1.000000,0.125000,0.222222
Q135,8,1,8,1,0.125000,1.000000,0.125000,0.222222
Q135,12,1,8,1,0.125000,1.000000,0.125000,0.222222
Q135,13,1,8,1,0.125000,1.000000,0.125000,0.222222
Q135,14,1,8,1,0.125000,1.000000,0.125000,0.222222
Q135,15,1,8,1,0.125000,1.000000,0.125000,0.222222
Q135,17,0,8,0,0.000000,0.000000,0.000000,0.000000
Q134,87,1,6,0,0.000000,0.000000,0.000000,0.000000
Q135,16,1,8,1,0.125000,1.000000,0.125000,0.222222
Q135,20,1,8,1,0.125000,1.000000,0.125000,0.222222
Q135,18,1,8,1,0.125000,1.000000,0.125000,0.222222
Q135,21,1,8,1,0.125000,1.000000,0.125000,0.222222
Q135,19,0,8,0,0.000000,0.000000,0.000000,0.000000
Q135,22,1,8,1,0.125000,1.000000,0.125000,0.222222
Q135,23,1,8,1,0.125000,1.000000,0.125000,0.222222
Q135,25,1,8,1,0.125000,1.000000,0.125000,0.222222
Q135,24,1,8,1,0.125000,1.000000,0.125000,0.222222
Q135,26,1,8,1,0.125000,1.000000,0.125000,0.222222
Q135,27,1,8,1,0.125000,1.000000,0.125000,0.222222
Q135,28,1,8,1,0.125000,1.000000,0.125000,0.222222
Q135,29,2,8,1,0.111111,0.500000,0.125000,0.200000
Q135,31,1,8,1,0.125000,1.000000,0.125000,0.222222
Q135,30,1,8,1,0.125000,1.000000,0.125000,0.222222
Q135,32,1,8,1,0.125000,1.000000,0.125000,0.222222
Q135,33,1,8,1,0.125000,1.000000,0.125000,0.222222
Q135,34,1,8,1,0.125000,1.000000,0.125000,0.222222
Q135,36,1,8,1,0.125000,1.000000,0.125000,0.222222
Q135,37,1,8,1,0.125000,1.000000,0.125000,0.222222
Q135,35,1,8,1,0.125000,1.000000,0.125000,0.222222
Q135,39,0,8,0,0.000000,0.000000,0.000000,0.000000
Q135,38,1,8,1,0.125000,1.000000,0.125000,0.222222
Q135,40,1,8,1,0.125000,1.000000,0.125000,0.222222
Q135,41,1,8,1,0.125000,1.000000,0.125000,0.222222
Q135,42,1,8,1,0.125000,1.000000,0.125000,0.222222
Q135,43,1,8,1,0.125000,1.000000,0.125000,0.222222
Q135,44,1,8,1,0.125000,1.000000,0.125000,0.222222
Q135,45,1,8,1,0.125000,1.000000,0.125000,0.222222
Q135,46,1,8,1,0.125000,1.000000,0.125000,0.222222
Q135,49,0,8,0,0.000000,0.000000,0.000000,0.000000
Q135,48,1,8,1,0.125000,1.000000,0.125000,0.222222
Q135,50,1,8,1,0.125000,1.000000,0.125000,0.222222
Q135,47,1,8,1,0.125000,1.000000,0.125000,0.222222
Q135,51,1,8,1,0.125000,1.000000,0.125000,0.222222
Q135,52,1,8,1,0.125000,1.000000,0.125000,0.222222
Q135,53,1,8,1,0.125000,1.000000,0.125000,0.222222
Q135,54,1,8,1,0.125000,1.000000,0.125000,0.222222
Q135,56,1,8,1,0.125000,1.000000,0.125000,0.222222
Q135,57,1,8,1,0.125000,1.000000,0.125000,0.222222
Q135,55,1,8,1,0.125000,1.000000,0.125000,0.222222
Q135,61,1,8,1,0.125000,1.000000,0.125000,0.222222
Q135,60,1,8,1,0.125000,1.000000,0.125000,0.222222
Q135,58,1,8,1,0.125000,1.000000,0.125000,0.222222
Q135,62,1,8,1,0.125000,1.000000,0.125000,0.222222
Q135,59,1,8,1,0.125000,1.000000,0.125000,0.222222
Q135,63,1,8,1,0.125000,1.000000,0.125000,0.222222
Q135,64,1,8,1,0.125000,1.000000,0.125000,0.222222
Q135,65,1,8,1,0.125000,1.000000,0.125000,0.222222
Q135,68,1,8,1,0.125000,1.000000,0.125000,0.222222
Q135,66,1,8,1,0.125000,1.000000,0.125000,0.222222
Q135,67,0,8,0,0.000000,0.000000,0.000000,0.000000
Q135,69,1,8,1,0.125000,1.000000,0.125000,0.222222
Q135,70,1,8,1,0.125000,1.000000,0.125000,0.222222
Q135,71,1,8,1,0.125000,1.000000,0.125000,0.222222
Q135,74,1,8,1,0.125000,1.000000,0.125000,0.222222
Q135,73,1,8,1,0.125000,1.000000,0.125000,0.222222
Q135,72,2,8,2,0.250000,1.000000,0.250000,0.400000
Q135,75,1,8,1,0.125000,1.000000,0.125000,0.222222
Q135,77,1,8,1,0.125000,1.000000,0.125000,0.222222
Q135,76,1,8,1,0.125000,1.000000,0.125000,0.222222
Q135,79,1,8,1,0.125000,1.000000,0.125000,0.222222
Q135,81,1,8,1,0.125000,1.000000,0.125000,0.222222
Q135,78,1,8,1,0.125000,1.000000,0.125000,0.222222
Q135,83,0,8,0,0.000000,0.000000,0.000000,0.000000
Q135,84,1,8,1,0.125000,1.000000,0.125000,0.222222
Q135,85,1,8,1,0.125000,1.000000,0.125000,0.222222
Q135,86,1,8,1,0.125000,1.000000,0.125000,0.222222
Q135,87,1,8,1,0.125000,1.000000,0.125000,0.222222
Q135,89,1,8,1,0.125000,1.000000,0.125000,0.222222
Q135,88,1,8,1,0.125000,1.000000,0.125000,0.222222
Q135,90,1,8,1,0.125000,1.000000,0.125000,0.222222
Q135,82,0,8,0,0.000000,0.000000,0.000000,0.000000
Q135,91,1,8,1,0.125000,1.000000,0.125000,0.222222
Q135,92,1,8,1,0.125000,1.000000,0.125000,0.222222
Q135,93,1,8,0,0.000000,0.000000,0.000000,0.000000
Q135,94,1,8,1,0.125000,1.000000,0.125000,0.222222
Q135,98,1,8,1,0.125000,1.000000,0.125000,0.222222
Q135,96,1,8,1,0.125000,1.000000,0.125000,0.222222
Q135,95,1,8,1,0.125000,1.000000,0.125000,0.222222
Q135,97,1,8,1,0.125000,1.000000,0.125000,0.222222
Q135,99,1,8,1,0.125000,1.000000,0.125000,0.222222
Q135,100,1,8,1,0.125000,1.000000,0.125000,0.222222
Q136,3,1,1,1,1.000000,1.000000,1.000000,1.000000
Q136,1,1,1,1,1.000000,1.000000,1.000000,1.000000
Q136,2,1,1,1,1.000000,1.000000,1.000000,1.000000
Q136,6,0,1,0,0.000000,0.000000,0.000000,0.000000
Q136,5,0,1,0,0.000000,0.000000,0.000000,0.000000
Q136,4,1,1,1,1.000000,1.000000,1.000000,1.000000
Q135,80,1,8,1,0.125000,1.000000,0.125000,0.222222
Q136,7,1,1,1,1.000000,1.000000,1.000000,1.000000
Q136,8,1,1,1,1.000000,1.000000,1.000000,1.000000
Q136,11,0,1,0,0.000000,0.000000,0.000000,0.000000
Q136,10,1,1,1,1.000000,1.000000,1.000000,1.000000
Q136,13,0,1,0,0.000000,0.000000,0.000000,0.000000
Q136,9,1,1,1,1.000000,1.000000,1.000000,1.000000
Q136,12,1,1,1,1.000000,1.000000,1.000000,1.000000
Q136,18,0,1,0,0.000000,0.000000,0.000000,0.000000
Q136,15,0,1,0,0.000000,0.000000,0.000000,0.000000
Q136,14,1,1,1,1.000000,1.000000,1.000000,1.000000
Q136,16,0,1,0,0.000000,0.000000,0.000000,0.000000
Q136,17,1,1,0,0.000000,0.000000,0.000000,0.000000
Q136,19,0,1,0,0.000000,0.000000,0.000000,0.000000
Q136,23,0,1,0,0.000000,0.000000,0.000000,0.000000
Q136,21,1,1,1,1.000000,1.000000,1.000000,1.000000
Q136,20,2,1,1,0.500000,0.500000,1.000000,0.666667
Q136,22,1,1,1,1.000000,1.000000,1.000000,1.000000
Q136,24,1,1,1,1.000000,1.000000,1.000000,1.000000
Q136,25,1,1,1,1.000000,1.000000,1.000000,1.000000
Q136,28,1,1,1,1.000000,1.000000,1.000000,1.000000
Q136,26,2,1,1,0.500000,0.500000,1.000000,0.666667
Q136,29,0,1,0,0.000000,0.000000,0.000000,0.000000
Q136,30,1,1,0,0.000000,0.000000,0.000000,0.000000
Q136,27,1,1,0,0.000000,0.000000,0.000000,0.000000
Q136,31,1,1,0,0.000000,0.000000,0.000000,0.000000
Q136,32,0,1,0,0.000000,0.000000,0.000000,0.000000
Q136,33,1,1,1,1.000000,1.000000,1.000000,1.000000
Q136,38,1,1,1,1.000000,1.000000,1.000000,1.000000
Q136,34,2,1,1,0.500000,0.500000,1.000000,0.666667
Q136,36,1,1,1,1.000000,1.000000,1.000000,1.000000
Q136,35,2,1,1,0.500000,0.500000,1.000000,0.666667
Q136,39,0,1,0,0.000000,0.000000,0.000000,0.000000
Q136,43,0,1,0,0.000000,0.000000,0.000000,0.000000
Q136,41,1,1,1,1.000000,1.000000,1.000000,1.000000
Q136,40,1,1,1,1.000000,1.000000,1.000000,1.000000
Q136,37,2,1,1,0.500000,0.500000,1.000000,0.666667
Q136,44,0,1,0,0.000000,0.000000,0.000000,0.000000
Q136,42,2,1,1,0.500000,0.500000,1.000000,0.666667
Q136,46,0,1,0,0.000000,0.000000,0.000000,0.000000
Q136,45,1,1,1,1.000000,1.000000,1.000000,1.000000
Q136,47,1,1,1,1.000000,1.000000,1.000000,1.000000
Q136,50,1,1,1,1.000000,1.000000,1.000000,1.000000
Q136,51,0,1,0,0.000000,0.000000,0.000000,0.000000
Q136,48,0,1,0,0.000000,0.000000,0.000000,0.000000
Q136,49,1,1,1,1.000000,1.000000,1.000000,1.000000
Q136,53,1,1,1,1.000000,1.000000,1.000000,1.000000
Q136,56,0,1,0,0.000000,0.000000,0.000000,0.000000
Q136,54,0,1,0,0.000000,0.000000,0.000000,0.000000
Q136,55,1,1,1,1.000000,1.000000,1.000000,1.000000
Q136,52,2,1,1,0.500000,0.500000,1.000000,0.666667
Q136,57,1,1,1,1.000000,1.000000,1.000000,1.000000
Q136,58,1,1,1,1.000000,1.000000,1.000000,1.000000
Q136,59,1,1,1,1.000000,1.000000,1.000000,1.000000
Q136,60,1,1,1,1.000000,1.000000,1.000000,1.000000
Q136,61,1,1,0,0.000000,0.000000,0.000000,0.000000
Q136,62,1,1,1,1.000000,1.000000,1.000000,1.000000
Q136,63,0,1,0,0.000000,0.000000,0.000000,0.000000
Q136,64,1,1,1,1.000000,1.000000,1.000000,1.000000
Q136,65,2,1,1,0.500000,0.500000,1.000000,0.666667
Q136,66,1,1,1,1.000000,1.000000,1.000000,1.000000
Q136,70,0,1,0,0.000000,0.000000,0.000000,0.000000
Q136,68,1,1,1,1.000000,1.000000,1.000000,1.000000
Q136,67,1,1,1,1.000000,1.000000,1.000000,1.000000
Q136,72,0,1,0,0.000000,0.000000,0.000000,0.000000
Q136,73,0,1,0,0.000000,0.000000,0.000000,0.000000
Q136,69,2,1,1,0.500000,0.500000,1.000000,0.666667
Q136,75,1,1,1,1.000000,1.000000,1.000000,1.000000
Q136,76,1,1,0,0.000000,0.000000,0.000000,0.000000
Q136,74,1,1,1,1.000000,1.000000,1.000000,1.000000
Q136,78,0,1,0,0.000000,0.000000,0.000000,0.000000
Q136,77,1,1,1,1.000000,1.000000,1.000000,1.000000
Q136,80,0,1,0,0.000000,0.000000,0.000000,0.000000
Q136,79,1,1,1,1.000000,1.000000,1.000000,1.000000
Q136,82,1,1,1,1.000000,1.000000,1.000000,1.000000
Q136,81,1,1,1,1.000000,1.000000,1.000000,1.000000
Q136,83,1,1,1,1.000000,1.000000,1.000000,1.000000
Q136,85,1,1,1,1.000000,1.000000,1.000000,1.000000
Q136,84,1,1,1,1.000000,1.000000,1.000000,1.000000
Q136,86,1,1,1,1.000000,1.000000,1.000000,1.000000
Q136,87,1,1,1,1.000000,1.000000,1.000000,1.000000
Q136,89,1,1,1,1.000000,1.000000,1.000000,1.000000
Q136,90,1,1,1,1.000000,1.000000,1.000000,1.000000
Q136,88,1,1,1,1.000000,1.000000,1.000000,1.000000
Q136,91,2,1,1,0.500000,0.500000,1.000000,0.666667
Q136,92,0,1,0,0.000000,0.000000,0.000000,0.000000
Q136,93,1,1,1,1.000000,1.000000,1.000000,1.000000
Q136,94,1,1,1,1.000000,1.000000,1.000000,1.000000
Q136,96,0,1,0,0.000000,0.000000,0.000000,0.000000
Q136,97,1,1,1,1.000000,1.000000,1.000000,1.000000
Q136,95,2,1,1,0.500000,0.500000,1.000000,0.666667
Q136,99,1,1,1,1.000000,1.000000,1.000000,1.000000
Q136,100,0,1,0,0.000000,0.000000,0.000000,0.000000
Q137,2,1,5,0,0.000000,0.000000,0.000000,0.000000
Q137,1,2,5,1,0.166667,0.500000,0.200000,0.285714
Q137,4,1,5,0,0.000000,0.000000,0.000000,0.000000
Q137,6,1,5,0,0.000000,0.000000,0.000000,0.000000
Q137,3,2,5,1,0.166667,0.500000,0.200000,0.285714
Q137,5,1,5,0,0.000000,0.000000,0.000000,0.000000
Q137,7,1,5,0,0.000000,0.000000,0.000000,0.000000
Q137,11,1,5,0,0.000000,0.000000,0.000000,0.000000
Q137,9,2,5,1,0.166667,0.500000,0.200000,0.285714
Q137,10,1,5,0,0.000000,0.000000,0.000000,0.000000
Q137,8,2,5,1,0.166667,0.500000,0.200000,0.285714
Q137,12,1,5,0,0.000000,0.000000,0.000000,0.000000
Q137,13,1,5,0,0.000000,0.000000,0.000000,0.000000
Q137,14,2,5,1,0.166667,0.500000,0.200000,0.285714
Q137,16,2,5,1,0.166667,0.500000,0.200000,0.285714
Q137,18,1,5,0,0.000000,0.000000,0.000000,0.000000
Q137,17,2,5,1,0.166667,0.500000,0.200000,0.285714
Q137,15,1,5,0,0.000000,0.000000,0.000000,0.000000
Q136,98,1,1,1,1.000000,1.000000,1.000000,1.000000
Q137,19,1,5,0,0.000000,0.000000,0.000000,0.000000
Q137,21,1,5,0,0.000000,0.000000,0.000000,0.000000
Q137,20,1,5,0,0.000000,0.000000,0.000000,0.000000
Q136,71,0,1,0,0.000000,0.000000,0.000000,0.000000
Q137,24,1,5,0,0.000000,0.000000,0.000000,0.000000
Q137,23,2,5,0,0.000000,0.000000,0.000000,0.000000
Q137,25,1,5,0,0.000000,0.000000,0.000000,0.000000
Q137,22,1,5,0,0.000000,0.000000,0.000000,0.000000
Q137,26,2,5,1,0.166667,0.500000,0.200000,0.285714
Q137,29,1,5,0,0.000000,0.000000,0.000000,0.000000
Q137,27,2,5,1,0.166667,0.500000,0.200000,0.285714
Q137,31,1,5,0,0.000000,0.000000,0.000000,0.000000
Q137,28,2,5,0,0.000000,0.000000,0.000000,0.000000
Q137,30,1,5,0,0.000000,0.000000,0.000000,0.000000
Q137,32,1,5,0,0.000000,0.000000,0.000000,0.000000
Q137,35,1,5,0,0.000000,0.000000,0.000000,0.000000
Q137,36,1,5,0,0.000000,0.000000,0.000000,0.000000
Q137,38,1,5,0,0.000000,0.000000,0.000000,0.000000
Q137,37,1,5,0,0.000000,0.000000,0.000000,0.000000
Q137,34,2,5,1,0.166667,0.500000,0.200000,0.285714
Q137,33,2,5,1,0.166667,0.500000,0.200000,0.285714
Q137,39,1,5,0,0.000000,0.000000,0.000000,0.000000
Q137,40,1,5,0,0.000000,0.000000,0.000000,0.000000
Q137,41,1,5,0,0.000000,0.000000,0.000000,0.000000
Q137,43,1,5,0,0.000000,0.000000,0.000000,0.000000
Q137,42,1,5,0,0.000000,0.000000,0.000000,0.000000
Q137,45,1,5,0,0.000000,0.000000,0.000000,0.000000
Q137,44,2,5,1,0.166667,0.500000,0.200000,0.285714
Q137,48,1,5,0,0.000000,0.000000,0.000000,0.000000
Q137,47,2,5,1,0.166667,0.500000,0.200000,0.285714
Q137,46,2,5,1,0.166667,0.500000,0.200000,0.285714
Q137,49,1,5,0,0.000000,0.000000,0.000000,0.000000
Q137,52,1,5,0,0.000000,0.000000,0.000000,0.000000
Q137,51,1,5,0,0.000000,0.000000,0.000000,0.000000
Q137,54,1,5,0,0.000000,0.000000,0.000000,0.000000
Q137,53,2,5,1,0.166667,0.500000,0.200000,0.285714
Q137,50,2,5,1,0.166667,0.500000,0.200000,0.285714
Q137,55,2,5,1,0.166667,0.500000,0.200000,0.285714
Q137,57,1,5,0,0.000000,0.000000,0.000000,0.000000
Q137,60,1,5,0,0.000000,0.000000,0.000000,0.000000
Q137,59,1,5,0,0.000000,0.000000,0.000000,0.000000
Q137,58,1,5,0,0.000000,0.000000,0.000000,0.000000
Q137,56,1,5,0,0.000000,0.000000,0.000000,0.000000
Q137,61,1,5,0,0.000000,0.000000,0.000000,0.000000
Q137,64,1,5,0,0.000000,0.000000,0.000000,0.000000
Q137,62,2,5,1,0.166667,0.500000,0.200000,0.285714
Q137,63,1,5,0,0.000000,0.000000,0.000000,0.000000
Q137,65,1,5,0,0.000000,0.000000,0.000000,0.000000
Q137,67,1,5,0,0.000000,0.000000,0.000000,0.000000
Q137,71,1,5,0,0.000000,0.000000,0.000000,0.000000
Q137,68,1,5,0,0.000000,0.000000,0.000000,0.000000
Q137,69,1,5,0,0.000000,0.000000,0.000000,0.000000
Q137,66,2,5,1,0.166667,0.500000,0.200000,0.285714
Q137,70,1,5,0,0.000000,0.000000,0.000000,0.000000
Q137,72,2,5,1,0.166667,0.500000,0.200000,0.285714
Q137,74,1,5,0,0.000000,0.000000,0.000000,0.000000
Q137,73,1,5,0,0.000000,0.000000,0.000000,0.000000
Q137,77,1,5,0,0.000000,0.000000,0.000000,0.000000
Q137,76,2,5,1,0.166667,0.500000,0.200000,0.285714
Q137,78,1,5,0,0.000000,0.000000,0.000000,0.000000
Q137,80,1,5,0,0.000000,0.000000,0.000000,0.000000
Q137,75,2,5,1,0.166667,0.500000,0.200000,0.285714
Q137,81,1,5,0,0.000000,0.000000,0.000000,0.000000
Q137,79,1,5,0,0.000000,0.000000,0.000000,0.000000
Q137,82,1,5,0,0.000000,0.000000,0.000000,0.000000
Q137,83,1,5,0,0.000000,0.000000,0.000000,0.000000
Q137,84,1,5,0,0.000000,0.000000,0.000000,0.000000
Q137,85,1,5,0,0.000000,0.000000,0.000000,0.000000
Q137,86,1,5,0,0.000000,0.000000,0.000000,0.000000
Q137,88,1,5,0,0.000000,0.000000,0.000000,0.000000
Q137,87,2,5,1,0.166667,0.500000,0.200000,0.285714
Q137,89,1,5,0,0.000000,0.000000,0.000000,0.000000
Q137,90,1,5,0,0.000000,0.000000,0.000000,0.000000
Q137,91,1,5,0,0.000000,0.000000,0.000000,0.000000
Q137,92,1,5,0,0.000000,0.000000,0.000000,0.000000
Q137,93,1,5,0,0.000000,0.000000,0.000000,0.000000
Q137,94,1,5,0,0.000000,0.000000,0.000000,0.000000
Q137,96,1,5,0,0.000000,0.000000,0.000000,0.000000
Q137,95,1,5,0,0.000000,0.000000,0.000000,0.000000
Q137,99,2,5,1,0.166667,0.500000,0.200000,0.285714
Q137,98,1,5,0,0.000000,0.000000,0.000000,0.000000
Q138,2,1,2,0,0.000000,0.000000,0.000000,0.000000
Q137,97,1,5,0,0.000000,0.000000,0.000000,0.000000
Q137,100,1,5,0,0.000000,0.000000,0.000000,0.000000
Q138,4,1,2,0,0.000000,0.000000,0.000000,0.000000
Q138,1,1,2,0,0.000000,0.000000,0.000000,0.000000
Q138,3,1,2,0,0.000000,0.000000,0.000000,0.000000
Q138,5,1,2,0,0.000000,0.000000,0.000000,0.000000
Q138,6,1,2,0,0.000000,0.000000,0.000000,0.000000
Q138,7,1,2,0,0.000000,0.000000,0.000000,0.000000
Q138,9,1,2,0,0.000000,0.000000,0.000000,0.000000
Q138,8,1,2,0,0.000000,0.000000,0.000000,0.000000
Q138,10,1,2,0,0.000000,0.000000,0.000000,0.000000
Q138,11,1,2,0,0.000000,0.000000,0.000000,0.000000
Q138,12,1,2,0,0.000000,0.000000,0.000000,0.000000
Q138,13,1,2,0,0.000000,0.000000,0.000000,0.000000
Q138,16,1,2,0,0.000000,0.000000,0.000000,0.000000
Q138,15,1,2,0,0.000000,0.000000,0.000000,0.000000
Q138,17,1,2,0,0.000000,0.000000,0.000000,0.000000
Q138,14,1,2,0,0.000000,0.000000,0.000000,0.000000
Q138,18,1,2,0,0.000000,0.000000,0.000000,0.000000
Q138,19,2,2,1,0.333333,0.500000,0.500000,0.500000
Q138,20,1,2,0,0.000000,0.000000,0.000000,0.000000
Q138,21,1,2,0,0.000000,0.000000,0.000000,0.000000
Q138,22,1,2,0,0.000000,0.000000,0.000000,0.000000
Q138,23,1,2,0,0.000000,0.000000,0.000000,0.000000
Q138,24,1,2,0,0.000000,0.000000,0.000000,0.000000
Q138,25,1,2,0,0.000000,0.000000,0.000000,0.000000
Q138,27,1,2,0,0.000000,0.000000,0.000000,0.000000
Q138,26,1,2,0,0.000000,0.000000,0.000000,0.000000
Q138,29,2,2,1,0.333333,0.500000,0.500000,0.500000
Q138,28,1,2,0,0.000000,0.000000,0.000000,0.000000
Q138,30,1,2,0,0.000000,0.000000,0.000000,0.000000
Q138,31,0,2,0,0.000000,0.000000,0.000000,0.000000
Q138,33,1,2,0,0.000000,0.000000,0.000000,0.000000
Q138,32,1,2,0,0.000000,0.000000,0.000000,0.000000
Q138,35,1,2,0,0.000000,0.000000,0.000000,0.000000
Q138,36,1,2,0,0.000000,0.000000,0.000000,0.000000
Q138,34,1,2,0,0.000000,0.000000,0.000000,0.000000
Q138,37,1,2,0,0.000000,0.000000,0.000000,0.000000
Q138,38,1,2,0,0.000000,0.000000,0.000000,0.000000
Q138,39,1,2,0,0.000000,0.000000,0.000000,0.000000
Q138,40,2,2,1,0.333333,0.500000,0.500000,0.500000
Q138,42,1,2,0,0.000000,0.000000,0.000000,0.000000
Q138,41,2,2,1,0.333333,0.500000,0.500000,0.500000
Q138,44,1,2,0,0.000000,0.000000,0.000000,0.000000
Q138,45,1,2,0,0.000000,0.000000,0.000000,0.000000
Q138,43,1,2,0,0.000000,0.000000,0.000000,0.000000
Q138,48,0,2,0,0.000000,0.000000,0.000000,0.000000
Q138,46,2,2,1,0.333333,0.500000,0.500000,0.500000
Q138,47,1,2,0,0.000000,0.000000,0.000000,0.000000
Q138,49,1,2,0,0.000000,0.000000,0.000000,0.000000
Q138,50,1,2,0,0.000000,0.000000,0.000000,0.000000
Q138,51,1,2,0,0.000000,0.000000,0.000000,0.000000
Q138,54,1,2,0,0.000000,0.000000,0.000000,0.000000
Q138,56,1,2,0,0.000000,0.000000,0.000000,0.000000
Q138,52,2,2,1,0.333333,0.500000,0.500000,0.500000
Q138,53,1,2,0,0.000000,0.000000,0.000000,0.000000
Q138,57,1,2,0,0.000000,0.000000,0.000000,0.000000
Q138,55,1,2,0,0.000000,0.000000,0.000000,0.000000
Q138,58,1,2,0,0.000000,0.000000,0.000000,0.000000
Q138,59,1,2,0,0.000000,0.000000,0.000000,0.000000
Q138,60,1,2,0,0.000000,0.000000,0.000000,0.000000
Q138,61,1,2,0,0.000000,0.000000,0.000000,0.000000
Q138,65,0,2,0,0.000000,0.000000,0.000000,0.000000
Q138,62,1,2,0,0.000000,0.000000,0.000000,0.000000
Q138,66,1,2,0,0.000000,0.000000,0.000000,0.000000
Q138,63,1,2,0,0.000000,0.000000,0.000000,0.000000
Q138,67,0,2,0,0.000000,0.000000,0.000000,0.000000
Q138,68,1,2,0,0.000000,0.000000,0.000000,0.000000
Q138,64,1,2,0,0.000000,0.000000,0.000000,0.000000
Q138,69,2,2,1,0.333333,0.500000,0.500000,0.500000
Q138,71,1,2,0,0.000000,0.000000,0.000000,0.000000
Q138,70,1,2,0,0.000000,0.000000,0.000000,0.000000
Q138,73,1,2,0,0.000000,0.000000,0.000000,0.000000
Q138,72,1,2,0,0.000000,0.000000,0.000000,0.000000
Q138,74,1,2,0,0.000000,0.000000,0.000000,0.000000
Q138,75,1,2,0,0.000000,0.000000,0.000000,0.000000
Q138,76,1,2,0,0.000000,0.000000,0.000000,0.000000
Q138,77,1,2,0,0.000000,0.000000,0.000000,0.000000
Q138,80,1,2,0,0.000000,0.000000,0.000000,0.000000
Q138,79,1,2,0,0.000000,0.000000,0.000000,0.000000
Q138,78,2,2,1,0.333333,0.500000,0.500000,0.500000
Q138,81,1,2,0,0.000000,0.000000,0.000000,0.000000
Q138,82,1,2,0,0.000000,0.000000,0.000000,0.000000
Q138,83,1,2,0,0.000000,0.000000,0.000000,0.000000
Q138,84,1,2,0,0.000000,0.000000,0.000000,0.000000
Q138,85,1,2,0,0.000000,0.000000,0.000000,0.000000
Q138,86,2,2,1,0.333333,0.500000,0.500000,0.500000
Q138,89,1,2,0,0.000000,0.000000,0.000000,0.000000
Q138,88,1,2,0,0.000000,0.000000,0.000000,0.000000
Q138,87,1,2,0,0.000000,0.000000,0.000000,0.000000
Q138,90,1,2,0,0.000000,0.000000,0.000000,0.000000
Q138,91,1,2,0,0.000000,0.000000,0.000000,0.000000
Q138,92,1,2,0,0.000000,0.000000,0.000000,0.000000
Q138,94,1,2,0,0.000000,0.000000,0.000000,0.000000
Q138,95,1,2,0,0.000000,0.000000,0.000000,0.000000
Q138,97,1,2,0,0.000000,0.000000,0.000000,0.000000
Q138,93,1,2,0,0.000000,0.000000,0.000000,0.000000
Q138,98,1,2,0,0.000000,0.000000,0.000000,0.000000
Q138,96,1,2,0,0.000000,0.000000,0.000000,0.000000
Q138,100,1,2,0,0.000000,0.000000,0.000000,0.000000
Q139,2,1,3,0,0.000000,0.000000,0.000000,0.000000
Q138,99,1,2,0,0.000000,0.000000,0.000000,0.000000
Q139,3,1,3,0,0.000000,0.000000,0.000000,0.000000
Q139,1,1,3,0,0.000000,0.000000,0.000000,0.000000
Q139,4,1,3,0,0.000000,0.000000,0.000000,0.000000
Q139,5,1,3,0,0.000000,0.000000,0.000000,0.000000
Q139,6,1,3,0,0.000000,0.000000,0.000000,0.000000
Q139,7,1,3,0,0.000000,0.000000,0.000000,0.000000
Q139,8,1,3,0,0.000000,0.000000,0.000000,0.000000
Q139,10,1,3,0,0.000000,0.000000,0.000000,0.000000
Q139,9,1,3,0,0.000000,0.000000,0.000000,0.000000
Q139,12,1,3,0,0.000000,0.000000,0.000000,0.000000
Q139,13,1,3,0,0.000000,0.000000,0.000000,0.000000
Q139,14,1,3,0,0.000000,0.000000,0.000000,0.000000
Q139,11,2,3,1,0.250000,0.500000,0.333333,0.400000
Q139,15,1,3,0,0.000000,0.000000,0.000000,0.000000
Q139,16,1,3,0,0.000000,0.000000,0.000000,0.000000
Q139,17,2,3,1,0.250000,0.500000,0.333333,0.400000
Q139,18,1,3,0,0.000000,0.000000,0.000000,0.000000
Q139,20,1,3,0,0.000000,0.000000,0.000000,0.000000
Q139,21,1,3,0,0.000000,0.000000,0.000000,0.000000
Q139,19,2,3,1,0.250000,0.500000,0.333333,0.400000
Q139,22,2,3,1,0.250000,0.500000,0.333333,0.400000
Q139,23,1,3,0,0.000000,0.000000,0.000000,0.000000
Q139,24,2,3,0,0.000000,0.000000,0.000000,0.000000
Q139,26,1,3,0,0.000000,0.000000,0.000000,0.000000
Q139,27,1,3,0,0.000000,0.000000,0.000000,0.000000
Q139,25,1,3,0,0.000000,0.000000,0.000000,0.000000
Q139,29,1,3,0,0.000000,0.000000,0.000000,0.000000
Q139,31,1,3,0,0.000000,0.000000,0.000000,0.000000
Q139,28,2,3,1,0.250000,0.500000,0.333333,0.400000
Q139,30,2,3,1,0.250000,0.500000,0.333333,0.400000
Q139,32,2,3,1,0.250000,0.500000,0.333333,0.400000
Q139,34,1,3,0,0.000000,0.000000,0.000000,0.000000
Q139,33,1,3,0,0.000000,0.000000,0.000000,0.000000
Q139,35,1,3,0,0.000000,0.000000,0.000000,0.000000
Q139,36,2,3,1,0.250000,0.500000,0.333333,0.400000
Q139,37,1,3,0,0.000000,0.000000,0.000000,0.000000
Q139,38,2,3,1,0.250000,0.500000,0.333333,0.400000
Q139,40,1,3,0,0.000000,0.000000,0.000000,0.000000
Q139,39,1,3,0,0.000000,0.000000,0.000000,0.000000
Q139,44,1,3,0,0.000000,0.000000,0.000000,0.000000
Q139,43,1,3,0,0.000000,0.000000,0.000000,0.000000
Q139,41,1,3,0,0.000000,0.000000,0.000000,0.000000
Q139,45,1,3,0,0.000000,0.000000,0.000000,0.000000
Q139,47,1,3,0,0.000000,0.000000,0.000000,0.000000
Q139,48,1,3,0,0.000000,0.000000,0.000000,0.000000
Q139,42,1,3,0,0.000000,0.000000,0.000000,0.000000
Q139,46,2,3,1,0.250000,0.500000,0.333333,0.400000
Q139,49,2,3,1,0.250000,0.500000,0.333333,0.400000
Q139,52,1,3,0,0.000000,0.000000,0.000000,0.000000
Q139,51,1,3,0,0.000000,0.000000,0.000000,0.000000
Q139,50,1,3,0,0.000000,0.000000,0.000000,0.000000
Q139,53,2,3,1,0.250000,0.500000,0.333333,0.400000
Q139,55,1,3,0,0.000000,0.000000,0.000000,0.000000
Q139,54,1,3,0,0.000000,0.000000,0.000000,0.000000
Q139,58,1,3,0,0.000000,0.000000,0.000000,0.000000
Q139,57,1,3,0,0.000000,0.000000,0.000000,0.000000
Q139,56,2,3,1,0.250000,0.500000,0.333333,0.400000
Q139,59,1,3,0,0.000000,0.000000,0.000000,0.000000
Q139,60,1,3,0,0.000000,0.000000,0.000000,0.000000
Q139,62,2,3,1,0.250000,0.500000,0.333333,0.400000
Q139,61,2,3,1,0.250000,0.500000,0.333333,0.400000
Q139,65,1,3,0,0.000000,0.000000,0.000000,0.000000
Q139,63,1,3,0,0.000000,0.000000,0.000000,0.000000
Q139,64,2,3,1,0.250000,0.500000,0.333333,0.400000
Q139,66,1,3,0,0.000000,0.000000,0.000000,0.000000
Q139,67,1,3,0,0.000000,0.000000,0.000000,0.000000
Q139,68,1,3,0,0.000000,0.000000,0.000000,0.000000
Q139,69,2,3,1,0.250000,0.500000,0.333333,0.400000
Q139,71,1,3,0,0.000000,0.000000,0.000000,0.000000
Q139,70,1,3,0,0.000000,0.000000,0.000000,0.000000
Q139,73,1,3,0,0.000000,0.000000,0.000000,0.000000
Q139,74,1,3,0,0.000000,0.000000,0.000000,0.000000
Q139,72,2,3,1,0.250000,0.500000,0.333333,0.400000
Q139,76,1,3,0,0.000000,0.000000,0.000000,0.000000
Q139,80,1,3,0,0.000000,0.000000,0.000000,0.000000
Q139,78,1,3,0,0.000000,0.000000,0.000000,0.000000
Q139,77,1,3,0,0.000000,0.000000,0.000000,0.000000
Q139,79,1,3,0,0.000000,0.000000,0.000000,0.000000
Q139,81,1,3,0,0.000000,0.000000,0.000000,0.000000
Q139,82,1,3,1,0.333333,1.000000,0.333333,0.500000
Q139,85,1,3,0,0.000000,0.000000,0.000000,0.000000
Q139,83,2,3,1,0.250000,0.500000,0.333333,0.400000
Q139,75,1,3,0,0.000000,0.000000,0.000000,0.000000
Q139,84,1,3,0,0.000000,0.000000,0.000000,0.000000
Q139,86,1,3,0,0.000000,0.000000,0.000000,0.000000
Q139,87,2,3,1,0.250000,0.500000,0.333333,0.400000
Q139,91,1,3,0,0.000000,0.000000,0.000000,0.000000
Q139,90,1,3,0,0.000000,0.000000,0.000000,0.000000
Q139,88,1,3,0,0.000000,0.000000,0.000000,0.000000
Q139,89,1,3,0,0.000000,0.000000,0.000000,0.000000
Q139,92,1,3,0,0.000000,0.000000,0.000000,0.000000
Q139,93,1,3,0,0.000000,0.000000,0.000000,0.000000
Q139,94,1,3,0,0.000000,0.000000,0.000000,0.000000
Q139,95,1,3,0,0.000000,0.000000,0.000000,0.000000
Q139,97,1,3,0,0.000000,0.000000,0.000000,0.000000
Q139,96,1,3,0,0.000000,0.000000,0.000000,0.000000
Q139,98,1,3,0,0.000000,0.000000,0.000000,0.000000
Q139,100,1,3,0,0.000000,0.000000,0.000000,0.000000
Q139,99,2,3,1,0.250000,0.500000,0.333333,0.400000
Q140,3,1,2,0,0.000000,0.000000,0.000000,0.000000
Q140,2,1,2,0,0.000000,0.000000,0.000000,0.000000
Q140,4,1,2,0,0.000000,0.000000,0.000000,0.000000
Q140,5,1,2,0,0.000000,0.000000,0.000000,0.000000
Q140,6,1,2,0,0.000000,0.000000,0.000000,0.000000
Q140,1,1,2,0,0.000000,0.000000,0.000000,0.000000
Q140,8,1,2,0,0.000000,0.000000,0.000000,0.000000
Q140,10,1,2,0,0.000000,0.000000,0.000000,0.000000
Q140,11,1,2,0,0.000000,0.000000,0.000000,0.000000
Q140,7,1,2,0,0.000000,0.000000,0.000000,0.000000
Q140,12,1,2,0,0.000000,0.000000,0.000000,0.000000
Q140,9,2,2,1,0.333333,0.500000,0.500000,0.500000
Q140,13,1,2,0,0.000000,0.000000,0.000000,0.000000
Q140,16,1,2,0,0.000000,0.000000,0.000000,0.000000
Q140,14,2,2,1,0.333333,0.500000,0.500000,0.500000
Q140,15,1,2,0,0.000000,0.000000,0.000000,0.000000
Q140,17,1,2,0,0.000000,0.000000,0.000000,0.000000
Q140,18,1,2,0,0.000000,0.000000,0.000000,0.000000
Q140,19,1,2,0,0.000000,0.000000,0.000000,0.000000
Q140,24,1,2,0,0.000000,0.000000,0.000000,0.000000
Q140,21,2,2,1,0.333333,0.500000,0.500000,0.500000
Q140,23,2,2,1,0.333333,0.500000,0.500000,0.500000
Q140,22,1,2,0,0.000000,0.000000,0.000000,0.000000
Q140,25,1,2,0,0.000000,0.000000,0.000000,0.000000
Q140,20,1,2,0,0.000000,0.000000,0.000000,0.000000
Q140,26,2,2,1,0.333333,0.500000,0.500000,0.500000
Q140,27,1,2,0,0.000000,0.000000,0.000000,0.000000
Q140,29,1,2,0,0.000000,0.000000,0.000000,0.000000
Q140,28,1,2,0,0.000000,0.000000,0.000000,0.000000
Q140,31,1,2,0,0.000000,0.000000,0.000000,0.000000
Q140,32,1,2,0,0.000000,0.000000,0.000000,0.000000
Q140,30,2,2,1,0.333333,0.500000,0.500000,0.500000
Q140,34,1,2,0,0.000000,0.000000,0.000000,0.000000
Q140,36,1,2,0,0.000000,0.000000,0.000000,0.000000
Q140,33,1,2,0,0.000000,0.000000,0.000000,0.000000
Q140,39,1,2,0,0.000000,0.000000,0.000000,0.000000
Q140,38,2,2,1,0.333333,0.500000,0.500000,0.500000
Q140,37,1,2,0,0.000000,0.000000,0.000000,0.000000
Q140,40,1,2,0,0.000000,0.000000,0.000000,0.000000
Q140,35,1,2,0,0.000000,0.000000,0.000000,0.000000
Q140,43,1,2,0,0.000000,0.000000,0.000000,0.000000
Q140,42,1,2,0,0.000000,0.000000,0.000000,0.000000
Q140,41,1,2,0,0.000000,0.000000,0.000000,0.000000
Q140,46,1,2,0,0.000000,0.000000,0.000000,0.000000
Q140,45,1,2,0,0.000000,0.000000,0.000000,0.000000
Q140,48,1,2,0,0.000000,0.000000,0.000000,0.000000
Q140,44,1,2,0,0.000000,0.000000,0.000000,0.000000
Q140,47,2,2,1,0.333333,0.500000,0.500000,0.500000
Q140,49,1,2,0,0.000000,0.000000,0.000000,0.000000
Q140,50,1,2,0,0.000000,0.000000,0.000000,0.000000
Q140,51,1,2,0,0.000000,0.000000,0.000000,0.000000
Q140,52,1,2,0,0.000000,0.000000,0.000000,0.000000
Q140,55,1,2,0,0.000000,0.000000,0.000000,0.000000
Q140,53,1,2,0,0.000000,0.000000,0.000000,0.000000
Q140,54,2,2,1,0.333333,0.500000,0.500000,0.500000
Q140,57,1,2,0,0.000000,0.000000,0.000000,0.000000
Q140,58,1,2,0,0.000000,0.000000,0.000000,0.000000
Q140,59,1,2,0,0.000000,0.000000,0.000000,0.000000
Q140,56,1,2,0,0.000000,0.000000,0.000000,0.000000
Q140,60,1,2,0,0.000000,0.000000,0.000000,0.000000
Q140,62,1,2,0,0.000000,0.000000,0.000000,0.000000
Q140,63,1,2,1,0.500000,1.000000,0.500000,0.666667
Q140,61,2,2,1,0.333333,0.500000,0.500000,0.500000
Q140,65,1,2,0,0.000000,0.000000,0.000000,0.000000
Q140,64,2,2,1,0.333333,0.500000,0.500000,0.500000
Q140,67,1,2,0,0.000000,0.000000,0.000000,0.000000
Q140,66,2,2,1,0.333333,0.500000,0.500000,0.500000
Q140,68,1,2,0,0.000000,0.000000,0.000000,0.000000
Q140,69,1,2,0,0.000000,0.000000,0.000000,0.000000
Q140,70,1,2,0,0.000000,0.000000,0.000000,0.000000
Q140,71,1,2,0,0.000000,0.000000,0.000000,0.000000
Q140,73,1,2,0,0.000000,0.000000,0.000000,0.000000
Q140,74,1,2,0,0.000000,0.000000,0.000000,0.000000
Q140,72,1,2,0,0.000000,0.000000,0.000000,0.000000
Q140,76,1,2,0,0.000000,0.000000,0.000000,0.000000
Q140,78,1,2,0,0.000000,0.000000,0.000000,0.000000
Q140,77,2,2,1,0.333333,0.500000,0.500000,0.500000
Q140,75,2,2,1,0.333333,0.500000,0.500000,0.500000
Q140,80,2,2,1,0.333333,0.500000,0.500000,0.500000
Q140,82,1,2,1,0.500000,1.000000,0.500000,0.666667
Q140,79,2,2,1,0.333333,0.500000,0.500000,0.500000
Q140,83,1,2,0,0.000000,0.000000,0.000000,0.000000
Q140,84,1,2,0,0.000000,0.000000,0.000000,0.000000
Q140,81,1,2,0,0.000000,0.000000,0.000000,0.000000
Q140,86,1,2,0,0.000000,0.000000,0.000000,0.000000
Q140,85,1,2,0,0.000000,0.000000,0.000000,0.000000
Q140,87,1,2,0,0.000000,0.000000,0.000000,0.000000
Q140,88,2,2,1,0.333333,0.500000,0.500000,0.500000
Q140,89,2,2,1,0.333333,0.500000,0.500000,0.500000
Q140,90,2,2,1,0.333333,0.500000,0.500000,0.500000
Q140,92,1,2,0,0.000000,0.000000,0.000000,0.000000
Q140,94,2,2,1,0.333333,0.500000,0.500000,0.500000
Q140,91,1,2,0,0.000000,0.000000,0.000000,0.000000
Q140,95,1,2,0,0.000000,0.000000,0.000000,0.000000
Q140,96,1,2,0,0.000000,0.000000,0.000000,0.000000
Q140,93,1,2,0,0.000000,0.000000,0.000000,0.000000
Q140,97,1,2,0,0.000000,0.000000,0.000000,0.000000
Q140,98,1,2,0,0.000000,0.000000,0.000000,0.000000
Q141,1,1,4,0,0.000000,0.000000,0.000000,0.000000
Q140,99,1,2,0,0.000000,0.000000,0.000000,0.000000
Q140,100,1,2,0,0.000000,0.000000,0.000000,0.000000
Q141,2,1,4,0,0.000000,0.000000,0.000000,0.000000
Q141,3,1,4,0,0.000000,0.000000,0.000000,0.000000
Q141,5,1,4,0,0.000000,0.000000,0.000000,0.000000
Q141,7,1,4,0,0.000000,0.000000,0.000000,0.000000
Q141,8,1,4,0,0.000000,0.000000,0.000000,0.000000
Q141,6,1,4,0,0.000000,0.000000,0.000000,0.000000
Q141,4,2,4,1,0.200000,0.500000,0.250000,0.333333
Q141,10,1,4,0,0.000000,0.000000,0.000000,0.000000
Q141,11,1,4,0,0.000000,0.000000,0.000000,0.000000
Q141,13,1,4,0,0.000000,0.000000,0.000000,0.000000
Q141,12,1,4,0,0.000000,0.000000,0.000000,0.000000
Q141,9,1,4,0,0.000000,0.000000,0.000000,0.000000
Q141,15,1,4,0,0.000000,0.000000,0.000000,0.000000
Q141,16,1,4,0,0.000000,0.000000,0.000000,0.000000
Q141,18,1,4,0,0.000000,0.000000,0.000000,0.000000
Q141,14,1,4,0,0.000000,0.000000,0.000000,0.000000
Q141,19,1,4,0,0.000000,0.000000,0.000000,0.000000
Q141,17,1,4,0,0.000000,0.000000,0.000000,0.000000
Q141,20,1,4,0,0.000000,0.000000,0.000000,0.000000
Q141,22,1,4,0,0.000000,0.000000,0.000000,0.000000
Q141,25,1,4,0,0.000000,0.000000,0.000000,0.000000
Q141,24,1,4,0,0.000000,0.000000,0.000000,0.000000
Q141,23,1,4,0,0.000000,0.000000,0.000000,0.000000
Q141,21,1,4,0,0.000000,0.000000,0.000000,0.000000
Q141,28,1,4,0,0.000000,0.000000,0.000000,0.000000
Q141,30,1,4,0,0.000000,0.000000,0.000000,0.000000
Q141,29,1,4,0,0.000000,0.000000,0.000000,0.000000
Q141,31,1,4,0,0.000000,0.000000,0.000000,0.000000
Q141,26,1,4,0,0.000000,0.000000,0.000000,0.000000
Q141,34,1,4,0,0.000000,0.000000,0.000000,0.000000
Q141,32,1,4,0,0.000000,0.000000,0.000000,0.000000
Q141,33,2,4,1,0.200000,0.500000,0.250000,0.333333
Q141,27,1,4,0,0.000000,0.000000,0.000000,0.000000
Q141,35,1,4,0,0.000000,0.000000,0.000000,0.000000
Q141,39,1,4,1,0.250000,1.000000,0.250000,0.400000
Q141,37,1,4,0,0.000000,0.000000,0.000000,0.000000
Q141,40,1,4,0,0.000000,0.000000,0.000000,0.000000
Q141,36,1,4,0,0.000000,0.000000,0.000000,0.000000
Q141,38,1,4,0,0.000000,0.000000,0.000000,0.000000
Q141,41,2,4,1,0.200000,0.500000,0.250000,0.333333
Q141,42,1,4,0,0.000000,0.000000,0.000000,0.000000
Q141,43,1,4,0,0.000000,0.000000,0.000000,0.000000
Q141,44,1,4,0,0.000000,0.000000,0.000000,0.000000
Q141,45,1,4,0,0.000000,0.000000,0.000000,0.000000
Q141,48,1,4,0,0.000000,0.000000,0.000000,0.000000
Q141,46,1,4,0,0.000000,0.000000,0.000000,0.000000
Q141,47,2,4,1,0.200000,0.500000,0.250000,0.333333
Q141,49,1,4,0,0.000000,0.000000,0.000000,0.000000
Q141,51,1,4,0,0.000000,0.000000,0.000000,0.000000
Q141,52,1,4,0,0.000000,0.000000,0.000000,0.000000
Q141,50,1,4,0,0.000000,0.000000,0.000000,0.000000
Q141,54,1,4,0,0.000000,0.000000,0.000000,0.000000
Q141,55,1,4,0,0.000000,0.000000,0.000000,0.000000
Q141,53,2,4,1,0.200000,0.500000,0.250000,0.333333
Q141,58,1,4,0,0.000000,0.000000,0.000000,0.000000
Q141,59,1,4,0,0.000000,0.000000,0.000000,0.000000
Q141,60,1,4,0,0.000000,0.000000,0.000000,0.000000
Q141,56,2,4,1,0.200000,0.500000,0.250000,0.333333
Q141,61,1,4,0,0.000000,0.000000,0.000000,0.000000
Q141,62,1,4,0,0.000000,0.000000,0.000000,0.000000
Q141,57,1,4,0,0.000000,0.000000,0.000000,0.000000
Q141,64,1,4,0,0.000000,0.000000,0.000000,0.000000
Q141,66,1,4,0,0.000000,0.000000,0.000000,0.000000
Q141,65,1,4,0,0.000000,0.000000,0.000000,0.000000
Q141,63,2,4,1,0.200000,0.500000,0.250000,0.333333
Q141,67,1,4,0,0.000000,0.000000,0.000000,0.000000
Q141,68,1,4,0,0.000000,0.000000,0.000000,0.000000
Q141,69,2,4,1,0.200000,0.500000,0.250000,0.333333
Q141,71,1,4,0,0.000000,0.000000,0.000000,0.000000
Q141,72,1,4,0,0.000000,0.000000,0.000000,0.000000
Q141,73,1,4,0,0.000000,0.000000,0.000000,0.000000
Q141,70,2,4,1,0.200000,0.500000,0.250000,0.333333
Q141,74,1,4,0,0.000000,0.000000,0.000000,0.000000
Q141,75,1,4,0,0.000000,0.000000,0.000000,0.000000
Q141,76,1,4,0,0.000000,0.000000,0.000000,0.000000
Q141,78,1,4,0,0.000000,0.000000,0.000000,0.000000
Q141,79,1,4,0,0.000000,0.000000,0.000000,0.000000
Q141,77,1,4,0,0.000000,0.000000,0.000000,0.000000
Q141,81,1,4,0,0.000000,0.000000,0.000000,0.000000
Q141,82,1,4,0,0.000000,0.000000,0.000000,0.000000
Q141,83,1,4,0,0.000000,0.000000,0.000000,0.000000
Q141,80,2,4,1,0.200000,0.500000,0.250000,0.333333
Q141,84,1,4,0,0.000000,0.000000,0.000000,0.000000
Q141,86,1,4,0,0.000000,0.000000,0.000000,0.000000
Q141,87,1,4,0,0.000000,0.000000,0.000000,0.000000
Q141,85,2,4,1,0.200000,0.500000,0.250000,0.333333
Q141,89,1,4,0,0.000000,0.000000,0.000000,0.000000
Q141,90,2,4,1,0.200000,0.500000,0.250000,0.333333
Q141,93,1,4,0,0.000000,0.000000,0.000000,0.000000
Q141,92,1,4,0,0.000000,0.000000,0.000000,0.000000
Q141,91,1,4,0,0.000000,0.000000,0.000000,0.000000
Q141,94,1,4,0,0.000000,0.000000,0.000000,0.000000
Q141,88,1,4,0,0.000000,0.000000,0.000000,0.000000
Q141,96,1,4,0,0.000000,0.000000,0.000000,0.000000
Q141,95,1,4,0,0.000000,0.000000,0.000000,0.000000
Q141,97,1,4,0,0.000000,0.000000,0.000000,0.000000
Q141,99,1,4,0,0.000000,0.000000,0.000000,0.000000
Q141,98,1,4,0,0.000000,0.000000,0.000000,0.000000
Q141,100,1,4,0,0.000000,0.000000,0.000000,0.000000
Q142,2,0,2,0,0.000000,0.000000,0.000000,0.000000
Q142,3,0,2,0,0.000000,0.000000,0.000000,0.000000
Q142,4,0,2,0,0.000000,0.000000,0.000000,0.000000
Q142,6,0,2,0,0.000000,0.000000,0.000000,0.000000
Q142,5,1,2,0,0.000000,0.000000,0.000000,0.000000
Q142,7,0,2,0,0.000000,0.000000,0.000000,0.000000
Q142,8,0,2,0,0.000000,0.000000,0.000000,0.000000
Q142,9,0,2,0,0.000000,0.000000,0.000000,0.000000
Q142,1,0,2,0,0.000000,0.000000,0.000000,0.000000
Q142,10,0,2,0,0.000000,0.000000,0.000000,0.000000
Q142,14,0,2,0,0.000000,0.000000,0.000000,0.000000
Q142,12,0,2,0,0.000000,0.000000,0.000000,0.000000
Q142,15,0,2,0,0.000000,0.000000,0.000000,0.000000
Q142,16,0,2,0,0.000000,0.000000,0.000000,0.000000
Q142,11,0,2,0,0.000000,0.000000,0.000000,0.000000
Q142,13,0,2,0,0.000000,0.000000,0.000000,0.000000
Q142,19,0,2,0,0.000000,0.000000,0.000000,0.000000
Q142,18,1,2,0,0.000000,0.000000,0.000000,0.000000
Q142,20,0,2,0,0.000000,0.000000,0.000000,0.000000
Q142,17,1,2,0,0.000000,0.000000,0.000000,0.000000
Q142,21,0,2,0,0.000000,0.000000,0.000000,0.000000
Q142,26,0,2,0,0.000000,0.000000,0.000000,0.000000
Q142,22,0,2,0,0.000000,0.000000,0.000000,0.000000
Q142,25,0,2,0,0.000000,0.000000,0.000000,0.000000
Q142,27,0,2,0,0.000000,0.000000,0.000000,0.000000
Q142,24,0,2,0,0.000000,0.000000,0.000000,0.000000
Q142,23,0,2,0,0.000000,0.000000,0.000000,0.000000
Q142,28,0,2,0,0.000000,0.000000,0.000000,0.000000
Q142,32,0,2,0,0.000000,0.000000,0.000000,0.000000
Q142,29,1,2,0,0.000000,0.000000,0.000000,0.000000
Q142,31,0,2,0,0.000000,0.000000,0.000000,0.000000
Q142,33,0,2,0,0.000000,0.000000,0.000000,0.000000
Q142,34,0,2,0,0.000000,0.000000,0.000000,0.000000
Q142,30,0,2,0,0.000000,0.000000,0.000000,0.000000
Q142,38,0,2,0,0.000000,0.000000,0.000000,0.000000
Q142,35,0,2,0,0.000000,0.000000,0.000000,0.000000
Q142,37,1,2,0,0.000000,0.000000,0.000000,0.000000
Q142,42,0,2,0,0.000000,0.000000,0.000000,0.000000
Q142,41,0,2,0,0.000000,0.000000,0.000000,0.000000
Q142,40,1,2,0,0.000000,0.000000,0.000000,0.000000
Q142,36,1,2,0,0.000000,0.000000,0.000000,0.000000
Q142,39,0,2,0,0.000000,0.000000,0.000000,0.000000
Q142,43,1,2,0,0.000000,0.000000,0.000000,0.000000
Q142,45,0,2,0,0.000000,0.000000,0.000000,0.000000
Q142,44,0,2,0,0.000000,0.000000,0.000000,0.000000
Q142,46,0,2,0,0.000000,0.000000,0.000000,0.000000
Q142,48,0,2,0,0.000000,0.000000,0.000000,0.000000
Q142,47,0,2,0,0.000000,0.000000,0.000000,0.000000
Q142,50,0,2,0,0.000000,0.000000,0.000000,0.000000
Q142,49,0,2,0,0.000000,0.000000,0.000000,0.000000
Q142,52,1,2,0,0.000000,0.000000,0.000000,0.000000
Q142,53,0,2,0,0.000000,0.000000,0.000000,0.000000
Q142,55,1,2,0,0.000000,0.000000,0.000000,0.000000
Q142,54,0,2,0,0.000000,0.000000,0.000000,0.000000
Q142,56,1,2,0,0.000000,0.000000,0.000000,0.000000
Q142,58,0,2,0,0.000000,0.000000,0.000000,0.000000
Q142,57,1,2,0,0.000000,0.000000,0.000000,0.000000
Q142,59,0,2,0,0.000000,0.000000,0.000000,0.000000
Q142,61,0,2,0,0.000000,0.000000,0.000000,0.000000
Q142,51,0,2,0,0.000000,0.000000,0.000000,0.000000
Q142,60,1,2,0,0.000000,0.000000,0.000000,0.000000
Q142,62,0,2,0,0.000000,0.000000,0.000000,0.000000
Q142,63,0,2,0,0.000000,0.000000,0.000000,0.000000
Q142,66,0,2,0,0.000000,0.000000,0.000000,0.000000
Q142,65,1,2,0,0.000000,0.000000,0.000000,0.000000
Q142,67,1,2,0,0.000000,0.000000,0.000000,0.000000
Q142,64,0,2,0,0.000000,0.000000,0.000000,0.000000
Q142,70,0,2,0,0.000000,0.000000,0.000000,0.000000
Q142,69,1,2,0,0.000000,0.000000,0.000000,0.000000
Q142,71,0,2,0,0.000000,0.000000,0.000000,0.000000
Q142,68,1,2,0,0.000000,0.000000,0.000000,0.000000
Q142,74,0,2,0,0.000000,0.000000,0.000000,0.000000
Q142,72,0,2,0,0.000000,0.000000,0.000000,0.000000
Q142,77,0,2,0,0.000000,0.000000,0.000000,0.000000
Q142,73,1,2,0,0.000000,0.000000,0.000000,0.000000
Q142,76,0,2,0,0.000000,0.000000,0.000000,0.000000
Q142,78,0,2,0,0.000000,0.000000,0.000000,0.000000
Q142,75,0,2,0,0.000000,0.000000,0.000000,0.000000
Q142,80,0,2,0,0.000000,0.000000,0.000000,0.000000
Q142,81,0,2,0,0.000000,0.000000,0.000000,0.000000
Q142,83,0,2,0,0.000000,0.000000,0.000000,0.000000
Q142,82,0,2,0,0.000000,0.000000,0.000000,0.000000
Q142,79,0,2,0,0.000000,0.000000,0.000000,0.000000
Q142,85,0,2,0,0.000000,0.000000,0.000000,0.000000
Q142,87,0,2,0,0.000000,0.000000,0.000000,0.000000
Q142,86,0,2,0,0.000000,0.000000,0.000000,0.000000
Q142,88,0,2,0,0.000000,0.000000,0.000000,0.000000
Q142,90,0,2,0,0.000000,0.000000,0.000000,0.000000
Q142,89,1,2,0,0.000000,0.000000,0.000000,0.000000
Q142,91,0,2,0,0.000000,0.000000,0.000000,0.000000
Q142,93,0,2,0,0.000000,0.000000,0.000000,0.000000
Q142,92,1,2,0,0.000000,0.000000,0.000000,0.000000
Q142,95,0,2,0,0.000000,0.000000,0.000000,0.000000
Q142,94,1,2,0,0.000000,0.000000,0.000000,0.000000
Q142,96,0,2,0,0.000000,0.000000,0.000000,0.000000
Q142,97,0,2,0,0.000000,0.000000,0.000000,0.000000
Q142,98,0,2,0,0.000000,0.000000,0.000000,0.000000
Q142,99,0,2,0,0.000000,0.000000,0.000000,0.000000
Q143,1,1,1,0,0.000000,0.000000,0.000000,0.000000
Q142,100,0,2,0,0.000000,0.000000,0.000000,0.000000
Q143,2,1,1,0,0.000000,0.000000,0.000000,0.000000
Q143,3,1,1,0,0.000000,0.000000,0.000000,0.000000
Q143,4,1,1,0,0.000000,0.000000,0.000000,0.000000
Q143,7,1,1,0,0.000000,0.000000,0.000000,0.000000
Q143,5,1,1,0,0.000000,0.000000,0.000000,0.000000
Q143,6,1,1,0,0.000000,0.000000,0.000000,0.000000
Q143,9,2,1,0,0.000000,0.000000,0.000000,0.000000
Q143,8,2,1,1,0.500000,0.500000,1.000000,0.666667
Q143,10,2,1,0,0.000000,0.000000,0.000000,0.000000
Q143,11,2,1,0,0.000000,0.000000,0.000000,0.000000
Q143,14,1,1,0,0.000000,0.000000,0.000000,0.000000
Q143,13,1,1,0,0.000000,0.000000,0.000000,0.000000
Q143,12,1,1,0,0.000000,0.000000,0.000000,0.000000
Q143,16,1,1,0,0.000000,0.000000,0.000000,0.000000
Q143,18,1,1,0,0.000000,0.000000,0.000000,0.000000
Q143,15,2,1,1,0.500000,0.500000,1.000000,0.666667
Q143,17,2,1,1,0.500000,0.500000,1.000000,0.666667
Q143,19,1,1,0,0.000000,0.000000,0.000000,0.000000
Q143,20,2,1,1,0.500000,0.500000,1.000000,0.666667
Q143,21,1,1,0,0.000000,0.000000,0.000000,0.000000
Q143,22,1,1,0,0.000000,0.000000,0.000000,0.000000
Q143,23,1,1,0,0.000000,0.000000,0.000000,0.000000
Q143,24,1,1,0,0.000000,0.000000,0.000000,0.000000
Q143,25,1,1,0,0.000000,0.000000,0.000000,0.000000
Q143,26,1,1,0,0.000000,0.000000,0.000000,0.000000
Q143,28,1,1,0,0.000000,0.000000,0.000000,0.000000
Q143,27,1,1,0,0.000000,0.000000,0.000000,0.000000
Q143,29,2,1,1,0.500000,0.500000,1.000000,0.666667
Q143,30,1,1,0,0.000000,0.000000,0.000000,0.000000
Q143,31,2,1,1,0.500000,0.500000,1.000000,0.666667
Q143,32,1,1,0,0.000000,0.000000,0.000000,0.000000
Q143,33,2,1,1,0.500000,0.500000,1.000000,0.666667
Q143,34,1,1,0,0.000000,0.000000,0.000000,0.000000
Q143,35,2,1,1,0.500000,0.500000,1.000000,0.666667
Q143,36,1,1,0,0.000000,0.000000,0.000000,0.000000
Q143,38,1,1,0,0.000000,0.000000,0.000000,0.000000
Q143,37,1,1,0,0.000000,0.000000,0.000000,0.000000
Q143,40,1,1,0,0.000000,0.000000,0.000000,0.000000
Q143,39,1,1,0,0.000000,0.000000,0.000000,0.000000
Q143,41,1,1,0,0.000000,0.000000,0.000000,0.000000
Q143,42,1,1,0,0.000000,0.000000,0.000000,0.000000
Q143,43,2,1,1,0.500000,0.500000,1.000000,0.666667
Q143,44,1,1,0,0.000000,0.000000,0.000000,0.000000
Q143,46,1,1,0,0.000000,0.000000,0.000000,0.000000
Q143,45,1,1,0,0.000000,0.000000,0.000000,0.000000
Q143,47,1,1,0,0.000000,0.000000,0.000000,0.000000
Q143,48,1,1,0,0.000000,0.000000,0.000000,0.000000
Q142,84,0,2,0,0.000000,0.000000,0.000000,0.000000
Q143,49,1,1,0,0.000000,0.000000,0.000000,0.000000
Q143,51,1,1,0,0.000000,0.000000,0.000000,0.000000
Q143,52,1,1,1,1.000000,1.000000,1.000000,1.000000
Q143,50,1,1,0,0.000000,0.000000,0.000000,0.000000
Q143,53,1,1,0,0.000000,0.000000,0.000000,0.000000
Q143,54,1,1,0,0.000000,0.000000,0.000000,0.000000
Q143,55,1,1,0,0.000000,0.000000,0.000000,0.000000
Q143,59,1,1,0,0.000000,0.000000,0.000000,0.000000
Q143,57,1,1,0,0.000000,0.000000,0.000000,0.000000
Q143,60,1,1,0,0.000000,0.000000,0.000000,0.000000
Q143,56,1,1,0,0.000000,0.000000,0.000000,0.000000
Q143,61,1,1,0,0.000000,0.000000,0.000000,0.000000
Q143,58,2,1,1,0.500000,0.500000,1.000000,0.666667
Q143,64,1,1,0,0.000000,0.000000,0.000000,0.000000
Q143,63,2,1,1,0.500000,0.500000,1.000000,0.666667
Q143,67,1,1,0,0.000000,0.000000,0.000000,0.000000
Q143,65,2,1,0,0.000000,0.000000,0.000000,0.000000
Q143,62,2,1,1,0.500000,0.500000,1.000000,0.666667
Q143,66,1,1,0,0.000000,0.000000,0.000000,0.000000
Q143,68,1,1,0,0.000000,0.000000,0.000000,0.000000
Q143,69,1,1,0,0.000000,0.000000,0.000000,0.000000
Q143,70,1,1,0,0.000000,0.000000,0.000000,0.000000
Q143,71,1,1,0,0.000000,0.000000,0.000000,0.000000
Q143,72,1,1,0,0.000000,0.000000,0.000000,0.000000
Q143,73,1,1,0,0.000000,0.000000,0.000000,0.000000
Q143,74,1,1,0,0.000000,0.000000,0.000000,0.000000
Q143,75,1,1,0,0.000000,0.000000,0.000000,0.000000
Q143,78,1,1,0,0.000000,0.000000,0.000000,0.000000
Q143,77,1,1,0,0.000000,0.000000,0.000000,0.000000
Q143,76,1,1,0,0.000000,0.000000,0.000000,0.000000
Q143,79,1,1,0,0.000000,0.000000,0.000000,0.000000
Q143,82,1,1,0,0.000000,0.000000,0.000000,0.000000
Q143,81,1,1,0,0.000000,0.000000,0.000000,0.000000
Q143,83,1,1,0,0.000000,0.000000,0.000000,0.000000
Q143,80,1,1,0,0.000000,0.000000,0.000000,0.000000
Q143,84,1,1,0,0.000000,0.000000,0.000000,0.000000
Q143,85,1,1,0,0.000000,0.000000,0.000000,0.000000
Q143,86,1,1,0,0.000000,0.000000,0.000000,0.000000
Q143,87,1,1,0,0.000000,0.000000,0.000000,0.000000
Q143,88,1,1,0,0.000000,0.000000,0.000000,0.000000
Q143,89,1,1,0,0.000000,0.000000,0.000000,0.000000
Q143,90,1,1,0,0.000000,0.000000,0.000000,0.000000
Q143,92,1,1,0,0.000000,0.000000,0.000000,0.000000
Q143,91,2,1,1,0.500000,0.500000,1.000000,0.666667
Q143,95,1,1,0,0.000000,0.000000,0.000000,0.000000
Q143,93,1,1,0,0.000000,0.000000,0.000000,0.000000
Q143,94,2,1,1,0.500000,0.500000,1.000000,0.666667
Q143,97,1,1,0,0.000000,0.000000,0.000000,0.000000
Q143,99,1,1,0,0.000000,0.000000,0.000000,0.000000
Q143,98,2,1,1,0.500000,0.500000,1.000000,0.666667
Q143,96,1,1,0,0.000000,0.000000,0.000000,0.000000
Q143,100,1,1,0,0.000000,0.000000,0.000000,0.000000
Q144,1,1,2,0,0.000000,0.000000,0.000000,0.000000
Q144,2,1,2,0,0.000000,0.000000,0.000000,0.000000
Q144,6,1,2,0,0.000000,0.000000,0.000000,0.000000
Q144,3,2,2,1,0.333333,0.500000,0.500000,0.500000
Q144,4,1,2,0,0.000000,0.000000,0.000000,0.000000
Q144,5,1,2,0,0.000000,0.000000,0.000000,0.000000
Q144,7,1,2,0,0.000000,0.000000,0.000000,0.000000
Q144,8,1,2,0,0.000000,0.000000,0.000000,0.000000
Q144,9,1,2,0,0.000000,0.000000,0.000000,0.000000
Q144,11,1,2,0,0.000000,0.000000,0.000000,0.000000
Q144,10,2,2,1,0.333333,0.500000,0.500000,0.500000
Q144,12,1,2,0,0.000000,0.000000,0.000000,0.000000
Q144,13,1,2,0,0.000000,0.000000,0.000000,0.000000
Q144,14,1,2,0,0.000000,0.000000,0.000000,0.000000
Q144,16,1,2,0,0.000000,0.000000,0.000000,0.000000
Q144,15,1,2,0,0.000000,0.000000,0.000000,0.000000
Q144,17,2,2,0,0.000000,0.000000,0.000000,0.000000
Q144,19,1,2,0,0.000000,0.000000,0.000000,0.000000
Q144,20,1,2,0,0.000000,0.000000,0.000000,0.000000
Q144,21,1,2,0,0.000000,0.000000,0.000000,0.000000
Q144,18,1,2,0,0.000000,0.000000,0.000000,0.000000
Q144,23,1,2,0,0.000000,0.000000,0.000000,0.000000
Q144,24,1,2,0,0.000000,0.000000,0.000000,0.000000
Q144,22,1,2,0,0.000000,0.000000,0.000000,0.000000
Q144,25,1,2,0,0.000000,0.000000,0.000000,0.000000
Q144,26,1,2,0,0.000000,0.000000,0.000000,0.000000
Q144,27,1,2,0,0.000000,0.000000,0.000000,0.000000
Q144,29,1,2,0,0.000000,0.000000,0.000000,0.000000
Q144,31,1,2,0,0.000000,0.000000,0.000000,0.000000
Q144,28,1,2,0,0.000000,0.000000,0.000000,0.000000
Q144,30,1,2,0,0.000000,0.000000,0.000000,0.000000
Q144,32,0,2,0,0.000000,0.000000,0.000000,0.000000
Q144,35,0,2,0,0.000000,0.000000,0.000000,0.000000
Q144,36,1,2,0,0.000000,0.000000,0.000000,0.000000
Q144,37,1,2,0,0.000000,0.000000,0.000000,0.000000
Q144,33,1,2,0,0.000000,0.000000,0.000000,0.000000
Q144,34,1,2,0,0.000000,0.000000,0.000000,0.000000
Q144,38,2,2,1,0.333333,0.500000,0.500000,0.500000
Q144,39,1,2,0,0.000000,0.000000,0.000000,0.000000
Q144,40,1,2,0,0.000000,0.000000,0.000000,0.000000
Q144,41,1,2,0,0.000000,0.000000,0.000000,0.000000
Q144,43,1,2,0,0.000000,0.000000,0.000000,0.000000
Q144,42,2,2,1,0.333333,0.500000,0.500000,0.500000
Q144,44,1,2,0,0.000000,0.000000,0.000000,0.000000
Q144,45,2,2,1,0.333333,0.500000,0.500000,0.500000
Q144,46,1,2,0,0.000000,0.000000,0.000000,0.000000
Q144,49,1,2,0,0.000000,0.000000,0.000000,0.000000
Q144,50,1,2,0,0.000000,0.000000,0.000000,0.000000
Q144,47,1,2,0,0.000000,0.000000,0.000000,0.000000
Q144,48,2,2,1,0.333333,0.500000,0.500000,0.500000
Q144,51,1,2,0,0.000000,0.000000,0.000000,0.000000
Q144,53,1,2,0,0.000000,0.000000,0.000000,0.000000
Q144,54,1,2,0,0.000000,0.000000,0.000000,0.000000
Q144,56,0,2,0,0.000000,0.000000,0.000000,0.000000
Q144,55,1,2,0,0.000000,0.000000,0.000000,0.000000
Q144,52,1,2,0,0.000000,0.000000,0.000000,0.000000
Q144,57,1,2,0,0.000000,0.000000,0.000000,0.000000
Q144,60,0,2,0,0.000000,0.000000,0.000000,0.000000
Q144,59,1,2,0,0.000000,0.000000,0.000000,0.000000
Q144,58,1,2,0,0.000000,0.000000,0.000000,0.000000
Q144,61,1,2,0,0.000000,0.000000,0.000000,0.000000
Q144,62,2,2,1,0.333333,0.500000,0.500000,0.500000
Q144,63,1,2,0,0.000000,0.000000,0.000000,0.000000
Q144,65,1,2,0,0.000000,0.000000,0.000000,0.000000
Q144,64,1,2,0,0.000000,0.000000,0.000000,0.000000
Q144,67,1,2,0,0.000000,0.000000,0.000000,0.000000
Q144,66,1,2,0,0.000000,0.000000,0.000000,0.000000
Q144,68,1,2,0,0.000000,0.000000,0.000000,0.000000
Q144,70,1,2,0,0.000000,0.000000,0.000000,0.000000
Q144,69,1,2,0,0.000000,0.000000,0.000000,0.000000
Q144,72,1,2,0,0.000000,0.000000,0.000000,0.000000
Q144,73,1,2,0,0.000000,0.000000,0.000000,0.000000
Q144,71,1,2,0,0.000000,0.000000,0.000000,0.000000
Q144,75,1,2,0,0.000000,0.000000,0.000000,0.000000
Q144,76,1,2,0,0.000000,0.000000,0.000000,0.000000
Q144,74,1,2,0,0.000000,0.000000,0.000000,0.000000
Q144,78,1,2,0,0.000000,0.000000,0.000000,0.000000
Q144,77,1,2,0,0.000000,0.000000,0.000000,0.000000
Q144,79,1,2,0,0.000000,0.000000,0.000000,0.000000
Q144,81,1,2,0,0.000000,0.000000,0.000000,0.000000
Q144,82,1,2,0,0.000000,0.000000,0.000000,0.000000
Q144,80,1,2,0,0.000000,0.000000,0.000000,0.000000
Q144,83,1,2,0,0.000000,0.000000,0.000000,0.000000
Q144,86,1,2,0,0.000000,0.000000,0.000000,0.000000
Q144,88,0,2,0,0.000000,0.000000,0.000000,0.000000
Q144,87,0,2,0,0.000000,0.000000,0.000000,0.000000
Q144,89,1,2,0,0.000000,0.000000,0.000000,0.000000
Q144,85,2,2,1,0.333333,0.500000,0.500000,0.500000
Q144,90,1,2,0,0.000000,0.000000,0.000000,0.000000
Q144,84,1,2,0,0.000000,0.000000,0.000000,0.000000
Q144,91,1,2,0,0.000000,0.000000,0.000000,0.000000
Q144,92,2,2,1,0.333333,0.500000,0.500000,0.500000
Q144,93,1,2,0,0.000000,0.000000,0.000000,0.000000
Q144,95,1,2,0,0.000000,0.000000,0.000000,0.000000
Q144,97,1,2,0,0.000000,0.000000,0.000000,0.000000
Q144,96,2,2,1,0.333333,0.500000,0.500000,0.500000
Q144,98,1,2,0,0.000000,0.000000,0.000000,0.000000
Q144,99,1,2,0,0.000000,0.000000,0.000000,0.000000
Q144,100,1,2,0,0.000000,0.000000,0.000000,0.000000
Q145,1,1,5,0,0.000000,0.000000,0.000000,0.000000
Q145,2,1,5,0,0.000000,0.000000,0.000000,0.000000
Q145,4,1,5,0,0.000000,0.000000,0.000000,0.000000
Q144,94,2,2,1,0.333333,0.500000,0.500000,0.500000
Q145,3,1,5,0,0.000000,0.000000,0.000000,0.000000
Q145,5,1,5,0,0.000000,0.000000,0.000000,0.000000
Q145,6,1,5,0,0.000000,0.000000,0.000000,0.000000
Q145,8,1,5,0,0.000000,0.000000,0.000000,0.000000
Q145,11,1,5,0,0.000000,0.000000,0.000000,0.000000
Q145,10,1,5,0,0.000000,0.000000,0.000000,0.000000
Q145,7,1,5,0,0.000000,0.000000,0.000000,0.000000
Q145,12,1,5,0,0.000000,0.000000,0.000000,0.000000
Q145,14,1,5,0,0.000000,0.000000,0.000000,0.000000
Q145,16,1,5,0,0.000000,0.000000,0.000000,0.000000
Q145,9,1,5,0,0.000000,0.000000,0.000000,0.000000
Q145,15,2,5,1,0.166667,0.500000,0.200000,0.285714
Q145,13,1,5,0,0.000000,0.000000,0.000000,0.000000
Q145,18,1,5,0,0.000000,0.000000,0.000000,0.000000
Q145,19,1,5,0,0.000000,0.000000,0.000000,0.000000
Q145,20,1,5,0,0.000000,0.000000,0.000000,0.000000
Q145,17,1,5,0,0.000000,0.000000,0.000000,0.000000
Q145,21,1,5,0,0.000000,0.000000,0.000000,0.000000
Q145,22,1,5,0,0.000000,0.000000,0.000000,0.000000
Q145,25,1,5,0,0.000000,0.000000,0.000000,0.000000
Q145,24,1,5,0,0.000000,0.000000,0.000000,0.000000
Q145,26,1,5,0,0.000000,0.000000,0.000000,0.000000
Q145,23,1,5,0,0.000000,0.000000,0.000000,0.000000
Q145,28,1,5,0,0.000000,0.000000,0.000000,0.000000
Q145,27,1,5,0,0.000000,0.000000,0.000000,0.000000
Q145,30,1,5,0,0.000000,0.000000,0.000000,0.000000
Q145,29,1,5,0,0.000000,0.000000,0.000000,0.000000
Q145,31,1,5,0,0.000000,0.000000,0.000000,0.000000
Q145,33,1,5,0,0.000000,0.000000,0.000000,0.000000
Q145,32,1,5,0,0.000000,0.000000,0.000000,0.000000
Q145,34,1,5,0,0.000000,0.000000,0.000000,0.000000
Q145,35,1,5,0,0.000000,0.000000,0.000000,0.000000
Q145,37,1,5,0,0.000000,0.000000,0.000000,0.000000
Q145,36,1,5,0,0.000000,0.000000,0.000000,0.000000
Q145,39,1,5,0,0.000000,0.000000,0.000000,0.000000
Q145,38,1,5,0,0.000000,0.000000,0.000000,0.000000
Q145,40,1,5,0,0.000000,0.000000,0.000000,0.000000
Q145,42,1,5,0,0.000000,0.000000,0.000000,0.000000
Q145,43,1,5,0,0.000000,0.000000,0.000000,0.000000
Q145,41,2,5,1,0.166667,0.500000,0.200000,0.285714
Q145,44,1,5,0,0.000000,0.000000,0.000000,0.000000
Q145,45,1,5,0,0.000000,0.000000,0.000000,0.000000
Q145,46,1,5,0,0.000000,0.000000,0.000000,0.000000
Q145,47,2,5,1,0.166667,0.500000,0.200000,0.285714
Q145,48,1,5,0,0.000000,0.000000,0.000000,0.000000
Q145,49,1,5,0,0.000000,0.000000,0.000000,0.000000
Q145,50,1,5,0,0.000000,0.000000,0.000000,0.000000
Q145,51,1,5,0,0.000000,0.000000,0.000000,0.000000
Q145,52,1,5,0,0.000000,0.000000,0.000000,0.000000
Q145,53,1,5,0,0.000000,0.000000,0.000000,0.000000
Q145,54,1,5,0,0.000000,0.000000,0.000000,0.000000
Q145,55,1,5,0,0.000000,0.000000,0.000000,0.000000
Q145,56,1,5,0,0.000000,0.000000,0.000000,0.000000
Q145,59,1,5,0,0.000000,0.000000,0.000000,0.000000
Q145,58,2,5,1,0.166667,0.500000,0.200000,0.285714
Q145,57,1,5,0,0.000000,0.000000,0.000000,0.000000
Q145,60,1,5,0,0.000000,0.000000,0.000000,0.000000
Q145,61,1,5,0,0.000000,0.000000,0.000000,0.000000
Q145,62,2,5,1,0.166667,0.500000,0.200000,0.285714
Q145,63,1,5,0,0.000000,0.000000,0.000000,0.000000
Q145,64,1,5,0,0.000000,0.000000,0.000000,0.000000
Q145,65,1,5,0,0.000000,0.000000,0.000000,0.000000
Q145,68,1,5,0,0.000000,0.000000,0.000000,0.000000
Q145,66,2,5,1,0.166667,0.500000,0.200000,0.285714
Q145,69,1,5,0,0.000000,0.000000,0.000000,0.000000
Q145,70,1,5,0,0.000000,0.000000,0.000000,0.000000
Q145,67,1,5,0,0.000000,0.000000,0.000000,0.000000
Q145,71,2,5,1,0.166667,0.500000,0.200000,0.285714
Q145,73,1,5,0,0.000000,0.000000,0.000000,0.000000
Q145,74,1,5,0,0.000000,0.000000,0.000000,0.000000
Q145,76,1,5,0,0.000000,0.000000,0.000000,0.000000
Q145,72,2,5,1,0.166667,0.500000,0.200000,0.285714
Q145,75,1,5,0,0.000000,0.000000,0.000000,0.000000
Q145,78,1,5,0,0.000000,0.000000,0.000000,0.000000
Q145,79,1,5,0,0.000000,0.000000,0.000000,0.000000
Q145,77,1,5,0,0.000000,0.000000,0.000000,0.000000
Q145,82,1,5,0,0.000000,0.000000,0.000000,0.000000
Q145,83,1,5,0,0.000000,0.000000,0.000000,0.000000
Q145,84,1,5,0,0.000000,0.000000,0.000000,0.000000
Q145,85,2,5,1,0.166667,0.500000,0.200000,0.285714
Q145,80,1,5,0,0.000000,0.000000,0.000000,0.000000
Q145,86,1,5,0,0.000000,0.000000,0.000000,0.000000
Q145,87,2,5,1,0.166667,0.500000,0.200000,0.285714
Q145,90,1,5,0,0.000000,0.000000,0.000000,0.000000
Q145,92,1,5,0,0.000000,0.000000,0.000000,0.000000
Q145,89,1,5,0,0.000000,0.000000,0.000000,0.000000
Q145,88,2,5,1,0.166667,0.500000,0.200000,0.285714
Q145,93,1,5,0,0.000000,0.000000,0.000000,0.000000
Q145,81,1,5,0,0.000000,0.000000,0.000000,0.000000
Q145,91,1,5,0,0.000000,0.000000,0.000000,0.000000
Q145,94,1,5,0,0.000000,0.000000,0.000000,0.000000
Q145,95,1,5,0,0.000000,0.000000,0.000000,0.000000
Q145,96,1,5,0,0.000000,0.000000,0.000000,0.000000
Q145,97,1,5,0,0.000000,0.000000,0.000000,0.000000
Q145,98,1,5,0,0.000000,0.000000,0.000000,0.000000
Q145,99,1,5,0,0.000000,0.000000,0.000000,0.000000
Q145,100,1,5,0,0.000000,0.000000,0.000000,0.000000
Q146,3,1,2,0,0.000000,0.000000,0.000000,0.000000
Q146,2,1,2,0,0.000000,0.000000,0.000000,0.000000
Q146,4,1,2,0,0.000000,0.000000,0.000000,0.000000
Q146,5,2,2,1,0.333333,0.500000,0.500000,0.500000
Q146,6,1,2,0,0.000000,0.000000,0.000000,0.000000
Q146,1,2,2,1,0.333333,0.500000,0.500000,0.500000
Q146,9,1,2,1,0.500000,1.000000,0.500000,0.666667
Q146,7,2,2,1,0.333333,0.500000,0.500000,0.500000
Q146,8,1,2,0,0.000000,0.000000,0.000000,0.000000
Q146,10,1,2,0,0.000000,0.000000,0.000000,0.000000
Q146,11,1,2,0,0.000000,0.000000,0.000000,0.000000
Q146,12,1,2,0,0.000000,0.000000,0.000000,0.000000
Q146,14,2,2,1,0.333333,0.500000,0.500000,0.500000
Q146,15,1,2,0,0.000000,0.000000,0.000000,0.000000
Q146,16,1,2,0,0.000000,0.000000,0.000000,0.000000
Q146,13,2,2,1,0.333333,0.500000,0.500000,0.500000
Q146,20,1,2,0,0.000000,0.000000,0.000000,0.000000
Q146,22,1,2,0,0.000000,0.000000,0.000000,0.000000
Q146,18,1,2,0,0.000000,0.000000,0.000000,0.000000
Q146,19,2,2,1,0.333333,0.500000,0.500000,0.500000
Q146,17,1,2,0,0.000000,0.000000,0.000000,0.000000
Q146,21,1,2,0,0.000000,0.000000,0.000000,0.000000
Q146,23,1,2,0,0.000000,0.000000,0.000000,0.000000
Q146,26,1,2,0,0.000000,0.000000,0.000000,0.000000
Q146,25,1,2,0,0.000000,0.000000,0.000000,0.000000
Q146,24,1,2,0,0.000000,0.000000,0.000000,0.000000
Q146,27,2,2,0,0.000000,0.000000,0.000000,0.000000
Q146,28,1,2,0,0.000000,0.000000,0.000000,0.000000
Q146,29,1,2,0,0.000000,0.000000,0.000000,0.000000
Q146,30,1,2,0,0.000000,0.000000,0.000000,0.000000
Q146,31,1,2,0,0.000000,0.000000,0.000000,0.000000
Q146,33,1,2,0,0.000000,0.000000,0.000000,0.000000
Q146,32,1,2,0,0.000000,0.000000,0.000000,0.000000
Q146,34,1,2,0,0.000000,0.000000,0.000000,0.000000
Q146,35,1,2,0,0.000000,0.000000,0.000000,0.000000
Q146,36,1,2,0,0.000000,0.000000,0.000000,0.000000
Q146,37,1,2,0,0.000000,0.000000,0.000000,0.000000
Q146,39,1,2,0,0.000000,0.000000,0.000000,0.000000
Q146,38,1,2,0,0.000000,0.000000,0.000000,0.000000
Q146,41,1,2,0,0.000000,0.000000,0.000000,0.000000
Q146,42,1,2,0,0.000000,0.000000,0.000000,0.000000
Q146,40,2,2,1,0.333333,0.500000,0.500000,0.500000
Q146,44,1,2,0,0.000000,0.000000,0.000000,0.000000
Q146,45,1,2,0,0.000000,0.000000,0.000000,0.000000
Q146,46,1,2,0,0.000000,0.000000,0.000000,0.000000
Q146,47,1,2,0,0.000000,0.000000,0.000000,0.000000
Q146,48,1,2,0,0.000000,0.000000,0.000000,0.000000
Q146,43,1,2,0,0.000000,0.000000,0.000000,0.000000
Q146,49,1,2,0,0.000000,0.000000,0.000000,0.000000
Q146,50,2,2,1,0.333333,0.500000,0.500000,0.500000
Q146,51,1,2,0,0.000000,0.000000,0.000000,0.000000
Q146,52,1,2,0,0.000000,0.000000,0.000000,0.000000
Q146,54,1,2,0,0.000000,0.000000,0.000000,0.000000
Q146,55,1,2,0,0.000000,0.000000,0.000000,0.000000
Q146,56,1,2,0,0.000000,0.000000,0.000000,0.000000
Q146,53,1,2,0,0.000000,0.000000,0.000000,0.000000
Q146,57,1,2,0,0.000000,0.000000,0.000000,0.000000
Q146,58,1,2,0,0.000000,0.000000,0.000000,0.000000
Q146,62,1,2,0,0.000000,0.000000,0.000000,0.000000
Q146,61,1,2,0,0.000000,0.000000,0.000000,0.000000
Q146,63,1,2,0,0.000000,0.000000,0.000000,0.000000
Q146,59,1,2,0,0.000000,0.000000,0.000000,0.000000
Q146,64,1,2,0,0.000000,0.000000,0.000000,0.000000
Q146,60,1,2,0,0.000000,0.000000,0.000000,0.000000
Q146,67,1,2,0,0.000000,0.000000,0.000000,0.000000
Q146,65,1,2,0,0.000000,0.000000,0.000000,0.000000
Q146,66,2,2,1,0.333333,0.500000,0.500000,0.500000
Q146,69,2,2,1,0.333333,0.500000,0.500000,0.500000
Q146,70,1,2,0,0.000000,0.000000,0.000000,0.000000
Q146,68,1,2,0,0.000000,0.000000,0.000000,0.000000
Q146,72,1,2,0,0.000000,0.000000,0.000000,0.000000
Q146,73,1,2,0,0.000000,0.000000,0.000000,0.000000
Q146,74,1,2,0,0.000000,0.000000,0.000000,0.000000
Q146,76,1,2,0,0.000000,0.000000,0.000000,0.000000
Q146,75,1,2,0,0.000000,0.000000,0.000000,0.000000
Q146,79,1,2,0,0.000000,0.000000,0.000000,0.000000
Q146,78,1,2,0,0.000000,0.000000,0.000000,0.000000
Q146,77,1,2,0,0.000000,0.000000,0.000000,0.000000
Q146,71,2,2,1,0.333333,0.500000,0.500000,0.500000
Q146,80,2,2,1,0.333333,0.500000,0.500000,0.500000
Q146,81,1,2,0,0.000000,0.000000,0.000000,0.000000
Q146,84,1,2,0,0.000000,0.000000,0.000000,0.000000
Q146,83,1,2,0,0.000000,0.000000,0.000000,0.000000
Q146,82,1,2,0,0.000000,0.000000,0.000000,0.000000
Q146,85,1,2,0,0.000000,0.000000,0.000000,0.000000
Q146,86,1,2,0,0.000000,0.000000,0.000000,0.000000
Q146,88,1,2,0,0.000000,0.000000,0.000000,0.000000
Q146,87,2,2,1,0.333333,0.500000,0.500000,0.500000
Q146,89,1,2,0,0.000000,0.000000,0.000000,0.000000
Q146,90,1,2,0,0.000000,0.000000,0.000000,0.000000
Q146,92,1,2,0,0.000000,0.000000,0.000000,0.000000
Q146,93,1,2,0,0.000000,0.000000,0.000000,0.000000
Q146,95,1,2,0,0.000000,0.000000,0.000000,0.000000
Q146,96,1,2,0,0.000000,0.000000,0.000000,0.000000
Q146,94,2,2,1,0.333333,0.500000,0.500000,0.500000
Q146,91,1,2,0,0.000000,0.000000,0.000000,0.000000
Q146,97,1,2,0,0.000000,0.000000,0.000000,0.000000
Q146,98,2,2,1,0.333333,0.500000,0.500000,0.500000
Q146,99,1,2,0,0.000000,0.000000,0.000000,0.000000
Q147,2,0,6,0,0.000000,0.000000,0.000000,0.000000
Q147,1,0,6,0,0.000000,0.000000,0.000000,0.000000
Q146,100,1,2,0,0.000000,0.000000,0.000000,0.000000
Q147,3,0,6,0,0.000000,0.000000,0.000000,0.000000
Q147,5,0,6,0,0.000000,0.000000,0.000000,0.000000
Q147,6,0,6,0,0.000000,0.000000,0.000000,0.000000
Q147,8,0,6,0,0.000000,0.000000,0.000000,0.000000
Q147,10,0,6,0,0.000000,0.000000,0.000000,0.000000
Q147,9,0,6,0,0.000000,0.000000,0.000000,0.000000
Q147,4,3,6,2,0.285714,0.666667,0.333333,0.444444
Q147,11,0,6,0,0.000000,0.000000,0.000000,0.000000
Q147,12,0,6,0,0.000000,0.000000,0.000000,0.000000
Q147,7,0,6,0,0.000000,0.000000,0.000000,0.000000
Q147,13,0,6,0,0.000000,0.000000,0.000000,0.000000
Q147,16,0,6,0,0.000000,0.000000,0.000000,0.000000
Q147,15,0,6,0,0.000000,0.000000,0.000000,0.000000
Q147,14,0,6,0,0.000000,0.000000,0.000000,0.000000
Q147,17,0,6,0,0.000000,0.000000,0.000000,0.000000
Q147,18,0,6,0,0.000000,0.000000,0.000000,0.000000
Q147,19,0,6,0,0.000000,0.000000,0.000000,0.000000
Q147,20,0,6,0,0.000000,0.000000,0.000000,0.000000
Q147,22,0,6,0,0.000000,0.000000,0.000000,0.000000
Q147,21,0,6,0,0.000000,0.000000,0.000000,0.000000
Q147,24,0,6,0,0.000000,0.000000,0.000000,0.000000
Q147,23,0,6,0,0.000000,0.000000,0.000000,0.000000
Q147,25,0,6,0,0.000000,0.000000,0.000000,0.000000
Q147,26,0,6,0,0.000000,0.000000,0.000000,0.000000
Q147,28,0,6,0,0.000000,0.000000,0.000000,0.000000
Q147,27,0,6,0,0.000000,0.000000,0.000000,0.000000
Q147,31,0,6,0,0.000000,0.000000,0.000000,0.000000
Q147,30,0,6,0,0.000000,0.000000,0.000000,0.000000
Q147,32,0,6,0,0.000000,0.000000,0.000000,0.000000
Q147,29,0,6,0,0.000000,0.000000,0.000000,0.000000
Q147,33,0,6,0,0.000000,0.000000,0.000000,0.000000
Q147,34,0,6,0,0.000000,0.000000,0.000000,0.000000
Q147,37,0,6,0,0.000000,0.000000,0.000000,0.000000
Q147,38,0,6,0,0.000000,0.000000,0.000000,0.000000
Q147,35,0,6,0,0.000000,0.000000,0.000000,0.000000
Q147,36,0,6,0,0.000000,0.000000,0.000000,0.000000
Q147,39,0,6,0,0.000000,0.000000,0.000000,0.000000
Q147,40,0,6,0,0.000000,0.000000,0.000000,0.000000
Q147,41,0,6,0,0.000000,0.000000,0.000000,0.000000
Q147,42,0,6,0,0.000000,0.000000,0.000000,0.000000
Q147,43,0,6,0,0.000000,0.000000,0.000000,0.000000
Q147,44,0,6,0,0.000000,0.000000,0.000000,0.000000
Q147,49,0,6,0,0.000000,0.000000,0.000000,0.000000
Q147,48,0,6,0,0.000000,0.000000,0.000000,0.000000
Q147,50,0,6,0,0.000000,0.000000,0.000000,0.000000
Q147,45,0,6,0,0.000000,0.000000,0.000000,0.000000
Q147,46,0,6,0,0.000000,0.000000,0.000000,0.000000
Q147,52,0,6,0,0.000000,0.000000,0.000000,0.000000
Q147,51,0,6,0,0.000000,0.000000,0.000000,0.000000
Q147,54,0,6,0,0.000000,0.000000,0.000000,0.000000
Q147,47,0,6,0,0.000000,0.000000,0.000000,0.000000
Q147,53,0,6,0,0.000000,0.000000,0.000000,0.000000
Q147,57,0,6,0,0.000000,0.000000,0.000000,0.000000
Q147,55,0,6,0,0.000000,0.000000,0.000000,0.000000
Q147,58,0,6,0,0.000000,0.000000,0.000000,0.000000
Q147,59,0,6,0,0.000000,0.000000,0.000000,0.000000
Q147,61,0,6,0,0.000000,0.000000,0.000000,0.000000
Q147,60,0,6,0,0.000000,0.000000,0.000000,0.000000
Q147,62,0,6,0,0.000000,0.000000,0.000000,0.000000
Q147,56,1,6,1,0.166667,1.000000,0.166667,0.285714
Q147,63,0,6,0,0.000000,0.000000,0.000000,0.000000
Q147,64,0,6,0,0.000000,0.000000,0.000000,0.000000
Q147,66,0,6,0,0.000000,0.000000,0.000000,0.000000
Q147,67,0,6,0,0.000000,0.000000,0.000000,0.000000
Q147,65,0,6,0,0.000000,0.000000,0.000000,0.000000
Q147,69,0,6,0,0.000000,0.000000,0.000000,0.000000
Q147,68,0,6,0,0.000000,0.000000,0.000000,0.000000
Q147,70,0,6,0,0.000000,0.000000,0.000000,0.000000
Q147,71,0,6,0,0.000000,0.000000,0.000000,0.000000
Q147,73,0,6,0,0.000000,0.000000,0.000000,0.000000
Q147,72,0,6,0,0.000000,0.000000,0.000000,0.000000
Q147,74,0,6,0,0.000000,0.000000,0.000000,0.000000
Q147,75,0,6,0,0.000000,0.000000,0.000000,0.000000
Q147,79,0,6,0,0.000000,0.000000,0.000000,0.000000
Q147,76,0,6,0,0.000000,0.000000,0.000000,0.000000
Q147,77,0,6,0,0.000000,0.000000,0.000000,0.000000
Q147,80,0,6,0,0.000000,0.000000,0.000000,0.000000
Q147,78,0,6,0,0.000000,0.000000,0.000000,0.000000
Q147,81,0,6,0,0.000000,0.000000,0.000000,0.000000
Q147,82,0,6,0,0.000000,0.000000,0.000000,0.000000
Q147,83,0,6,0,0.000000,0.000000,0.000000,0.000000
Q147,86,0,6,0,0.000000,0.000000,0.000000,0.000000
Q147,84,0,6,0,0.000000,0.000000,0.000000,0.000000
Q147,87,0,6,0,0.000000,0.000000,0.000000,0.000000
Q147,88,0,6,0,0.000000,0.000000,0.000000,0.000000
Q147,90,0,6,0,0.000000,0.000000,0.000000,0.000000
Q147,92,0,6,0,0.000000,0.000000,0.000000,0.000000
Q147,89,0,6,0,0.000000,0.000000,0.000000,0.000000
Q147,91,0,6,0,0.000000,0.000000,0.000000,0.000000
Q147,93,0,6,0,0.000000,0.000000,0.000000,0.000000
Q147,95,0,6,0,0.000000,0.000000,0.000000,0.000000
Q147,96,0,6,0,0.000000,0.000000,0.000000,0.000000
Q147,94,0,6,0,0.000000,0.000000,0.000000,0.000000
Q147,97,0,6,0,0.000000,0.000000,0.000000,0.000000
Q147,98,0,6,0,0.000000,0.000000,0.000000,0.000000
Q147,99,0,6,0,0.000000,0.000000,0.000000,0.000000
Q147,100,0,6,0,0.000000,0.000000,0.000000,0.000000
Q148,2,0,7,0,0.000000,0.000000,0.000000,0.000000
Q148,1,0,7,0,0.000000,0.000000,0.000000,0.000000
Q148,3,0,7,0,0.000000,0.000000,0.000000,0.000000
Q148,4,0,7,0,0.000000,0.000000,0.000000,0.000000
Q148,5,0,7,0,0.000000,0.000000,0.000000,0.000000
Q148,6,0,7,0,0.000000,0.000000,0.000000,0.000000
Q148,8,0,7,0,0.000000,0.000000,0.000000,0.000000
Q147,85,0,6,0,0.000000,0.000000,0.000000,0.000000
Q148,9,0,7,0,0.000000,0.000000,0.000000,0.000000
Q148,7,1,7,0,0.000000,0.000000,0.000000,0.000000
Q148,11,0,7,0,0.000000,0.000000,0.000000,0.000000
Q148,14,0,7,0,0.000000,0.000000,0.000000,0.000000
Q148,12,0,7,0,0.000000,0.000000,0.000000,0.000000
Q148,10,0,7,0,0.000000,0.000000,0.000000,0.000000
Q148,13,0,7,0,0.000000,0.000000,0.000000,0.000000
Q148,15,0,7,0,0.000000,0.000000,0.000000,0.000000
Q148,16,0,7,0,0.000000,0.000000,0.000000,0.000000
Q148,18,0,7,0,0.000000,0.000000,0.000000,0.000000
Q148,19,0,7,0,0.000000,0.000000,0.000000,0.000000
Q148,20,0,7,0,0.000000,0.000000,0.000000,0.000000
Q148,17,2,7,1,0.125000,0.500000,0.142857,0.222222
Q148,22,0,7,0,0.000000,0.000000,0.000000,0.000000
Q148,24,0,7,0,0.000000,0.000000,0.000000,0.000000
Q148,21,0,7,0,0.000000,0.000000,0.000000,0.000000
Q148,25,0,7,0,0.000000,0.000000,0.000000,0.000000
Q148,23,0,7,0,0.000000,0.000000,0.000000,0.000000
Q148,26,1,7,0,0.000000,0.000000,0.000000,0.000000
Q148,27,0,7,0,0.000000,0.000000,0.000000,0.000000
Q148,29,0,7,0,0.000000,0.000000,0.000000,0.000000
Q148,28,0,7,0,0.000000,0.000000,0.000000,0.000000
Q148,30,0,7,0,0.000000,0.000000,0.000000,0.000000
Q148,31,0,7,0,0.000000,0.000000,0.000000,0.000000
Q148,32,0,7,0,0.000000,0.000000,0.000000,0.000000
Q148,34,0,7,0,0.000000,0.000000,0.000000,0.000000
Q148,36,0,7,0,0.000000,0.000000,0.000000,0.000000
Q148,35,0,7,0,0.000000,0.000000,0.000000,0.000000
Q148,33,0,7,0,0.000000,0.000000,0.000000,0.000000
Q148,38,0,7,0,0.000000,0.000000,0.000000,0.000000
Q148,37,0,7,0,0.000000,0.000000,0.000000,0.000000
Q148,40,0,7,0,0.000000,0.000000,0.000000,0.000000
Q148,39,0,7,0,0.000000,0.000000,0.000000,0.000000
Q148,41,0,7,0,0.000000,0.000000,0.000000,0.000000
Q148,43,0,7,0,0.000000,0.000000,0.000000,0.000000
Q148,42,0,7,0,0.000000,0.000000,0.000000,0.000000
Q148,45,0,7,0,0.000000,0.000000,0.000000,0.000000
Q148,46,0,7,0,0.000000,0.000000,0.000000,0.000000
Q148,48,0,7,0,0.000000,0.000000,0.000000,0.000000
Q148,47,0,7,0,0.000000,0.000000,0.000000,0.000000
Q148,49,0,7,0,0.000000,0.000000,0.000000,0.000000
Q148,50,0,7,0,0.000000,0.000000,0.000000,0.000000
Q148,44,0,7,0,0.000000,0.000000,0.000000,0.000000
Q148,51,0,7,0,0.000000,0.000000,0.000000,0.000000
Q148,53,0,7,0,0.000000,0.000000,0.000000,0.000000
Q148,52,0,7,0,0.000000,0.000000,0.000000,0.000000
Q148,55,0,7,0,0.000000,0.000000,0.000000,0.000000
Q148,54,0,7,0,0.000000,0.000000,0.000000,0.000000
Q148,56,0,7,0,0.000000,0.000000,0.000000,0.000000
Q148,58,0,7,0,0.000000,0.000000,0.000000,0.000000
Q148,61,0,7,0,0.000000,0.000000,0.000000,0.000000
Q148,59,1,7,0,0.000000,0.000000,0.000000,0.000000
Q148,60,0,7,0,0.000000,0.000000,0.000000,0.000000
Q148,57,0,7,0,0.000000,0.000000,0.000000,0.000000
Q148,62,0,7,0,0.000000,0.000000,0.000000,0.000000
Q148,64,0,7,0,0.000000,0.000000,0.000000,0.000000
Q148,65,0,7,0,0.000000,0.000000,0.000000,0.000000
Q148,63,1,7,0,0.000000,0.000000,0.000000,0.000000
Q148,67,0,7,0,0.000000,0.000000,0.000000,0.000000
Q148,66,0,7,0,0.000000,0.000000,0.000000,0.000000
Q148,68,0,7,0,0.000000,0.000000,0.000000,0.000000
Q148,69,0,7,0,0.000000,0.000000,0.000000,0.000000
Q148,70,0,7,0,0.000000,0.000000,0.000000,0.000000
Q148,71,0,7,0,0.000000,0.000000,0.000000,0.000000
Q148,72,0,7,0,0.000000,0.000000,0.000000,0.000000
Q148,74,0,7,0,0.000000,0.000000,0.000000,0.000000
Q148,73,0,7,0,0.000000,0.000000,0.000000,0.000000
Q148,76,0,7,0,0.000000,0.000000,0.000000,0.000000
Q148,75,0,7,0,0.000000,0.000000,0.000000,0.000000
Q148,80,0,7,0,0.000000,0.000000,0.000000,0.000000
Q148,81,0,7,0,0.000000,0.000000,0.000000,0.000000
Q148,77,0,7,0,0.000000,0.000000,0.000000,0.000000
Q148,79,0,7,0,0.000000,0.000000,0.000000,0.000000
Q148,78,0,7,0,0.000000,0.000000,0.000000,0.000000
Q148,82,0,7,0,0.000000,0.000000,0.000000,0.000000
Q148,83,0,7,0,0.000000,0.000000,0.000000,0.000000
Q148,84,0,7,0,0.000000,0.000000,0.000000,0.000000
Q148,86,0,7,0,0.000000,0.000000,0.000000,0.000000
Q148,85,0,7,0,0.000000,0.000000,0.000000,0.000000
Q148,88,0,7,0,0.000000,0.000000,0.000000,0.000000
Q148,87,0,7,0,0.000000,0.000000,0.000000,0.000000
Q148,89,0,7,0,0.000000,0.000000,0.000000,0.000000
Q148,90,0,7,0,0.000000,0.000000,0.000000,0.000000
Q148,91,0,7,0,0.000000,0.000000,0.000000,0.000000
Q148,93,0,7,0,0.000000,0.000000,0.000000,0.000000
Q148,94,0,7,0,0.000000,0.000000,0.000000,0.000000
Q148,97,0,7,0,0.000000,0.000000,0.000000,0.000000
Q148,92,0,7,0,0.000000,0.000000,0.000000,0.000000
Q148,96,0,7,0,0.000000,0.000000,0.000000,0.000000
Q148,95,1,7,1,0.142857,1.000000,0.142857,0.250000
Q148,98,0,7,0,0.000000,0.000000,0.000000,0.000000
Q148,99,0,7,0,0.000000,0.000000,0.000000,0.000000
Q149,1,0,1,0,0.000000,0.000000,0.000000,0.000000
Q148,100,0,7,0,0.000000,0.000000,0.000000,0.000000
Q149,3,0,1,0,0.000000,0.000000,0.000000,0.000000
Q149,4,0,1,0,0.000000,0.000000,0.000000,0.000000
Q149,5,0,1,0,0.000000,0.000000,0.000000,0.000000
Q149,2,0,1,0,0.000000,0.000000,0.000000,0.000000
Q149,6,0,1,0,0.000000,0.000000,0.000000,0.000000
Q149,8,0,1,0,0.000000,0.000000,0.000000,0.000000
Q149,7,0,1,0,0.000000,0.000000,0.000000,0.000000
Q149,9,0,1,0,0.000000,0.000000,0.000000,0.000000
Q149,10,0,1,0,0.000000,0.000000,0.000000,0.000000
Q149,12,0,1,0,0.000000,0.000000,0.000000,0.000000
Q149,14,0,1,0,0.000000,0.000000,0.000000,0.000000
Q149,15,0,1,0,0.000000,0.000000,0.000000,0.000000
Q149,11,0,1,0,0.000000,0.000000,0.000000,0.000000
Q149,16,0,1,0,0.000000,0.000000,0.000000,0.000000
Q149,17,0,1,0,0.000000,0.000000,0.000000,0.000000
Q149,18,0,1,0,0.000000,0.000000,0.000000,0.000000
Q149,20,0,1,0,0.000000,0.000000,0.000000,0.000000
Q149,13,0,1,0,0.000000,0.000000,0.000000,0.000000
Q149,21,0,1,0,0.000000,0.000000,0.000000,0.000000
Q149,22,0,1,0,0.000000,0.000000,0.000000,0.000000
Q149,23,0,1,0,0.000000,0.000000,0.000000,0.000000
Q149,25,0,1,0,0.000000,0.000000,0.000000,0.000000
Q149,24,0,1,0,0.000000,0.000000,0.000000,0.000000
Q149,26,0,1,0,0.000000,0.000000,0.000000,0.000000
Q149,19,0,1,0,0.000000,0.000000,0.000000,0.000000
Q149,29,0,1,0,0.000000,0.000000,0.000000,0.000000
Q149,27,0,1,0,0.000000,0.000000,0.000000,0.000000
Q149,31,0,1,0,0.000000,0.000000,0.000000,0.000000
Q149,30,0,1,0,0.000000,0.000000,0.000000,0.000000
Q149,28,0,1,0,0.000000,0.000000,0.000000,0.000000
Q149,32,0,1,0,0.000000,0.000000,0.000000,0.000000
Q149,33,0,1,0,0.000000,0.000000,0.000000,0.000000
Q149,34,0,1,0,0.000000,0.000000,0.000000,0.000000
Q149,35,0,1,0,0.000000,0.000000,0.000000,0.000000
Q149,37,0,1,0,0.000000,0.000000,0.000000,0.000000
Q149,36,0,1,0,0.000000,0.000000,0.000000,0.000000
Q149,38,0,1,0,0.000000,0.000000,0.000000,0.000000
Q149,39,0,1,0,0.000000,0.000000,0.000000,0.000000
Q149,40,0,1,0,0.000000,0.000000,0.000000,0.000000
Q149,41,0,1,0,0.000000,0.000000,0.000000,0.000000
Q149,42,0,1,0,0.000000,0.000000,0.000000,0.000000
Q149,43,0,1,0,0.000000,0.000000,0.000000,0.000000
Q149,45,0,1,0,0.000000,0.000000,0.000000,0.000000
Q149,44,0,1,0,0.000000,0.000000,0.000000,0.000000
Q149,46,0,1,0,0.000000,0.000000,0.000000,0.000000
Q149,47,0,1,0,0.000000,0.000000,0.000000,0.000000
Q149,48,0,1,0,0.000000,0.000000,0.000000,0.000000
Q149,49,0,1,0,0.000000,0.000000,0.000000,0.000000
Q149,51,0,1,0,0.000000,0.000000,0.000000,0.000000
Q149,54,0,1,0,0.000000,0.000000,0.000000,0.000000
Q149,53,0,1,0,0.000000,0.000000,0.000000,0.000000
Q149,52,0,1,0,0.000000,0.000000,0.000000,0.000000
Q149,55,0,1,0,0.000000,0.000000,0.000000,0.000000
Q149,57,0,1,0,0.000000,0.000000,0.000000,0.000000
Q149,58,0,1,0,0.000000,0.000000,0.000000,0.000000
Q149,56,0,1,0,0.000000,0.000000,0.000000,0.000000
Q149,60,0,1,0,0.000000,0.000000,0.000000,0.000000
Q149,61,0,1,0,0.000000,0.000000,0.000000,0.000000
Q149,50,0,1,0,0.000000,0.000000,0.000000,0.000000
Q149,59,0,1,0,0.000000,0.000000,0.000000,0.000000
Q149,65,0,1,0,0.000000,0.000000,0.000000,0.000000
Q149,62,0,1,0,0.000000,0.000000,0.000000,0.000000
Q149,66,0,1,0,0.000000,0.000000,0.000000,0.000000
Q149,63,0,1,0,0.000000,0.000000,0.000000,0.000000
Q149,64,0,1,0,0.000000,0.000000,0.000000,0.000000
Q149,67,0,1,0,0.000000,0.000000,0.000000,0.000000
Q149,68,0,1,0,0.000000,0.000000,0.000000,0.000000
Q149,71,0,1,0,0.000000,0.000000,0.000000,0.000000
Q149,70,0,1,0,0.000000,0.000000,0.000000,0.000000
Q149,69,0,1,0,0.000000,0.000000,0.000000,0.000000
Q149,73,0,1,0,0.000000,0.000000,0.000000,0.000000
Q149,75,0,1,0,0.000000,0.000000,0.000000,0.000000
Q149,76,0,1,0,0.000000,0.000000,0.000000,0.000000
Q149,77,0,1,0,0.000000,0.000000,0.000000,0.000000
Q149,74,0,1,0,0.000000,0.000000,0.000000,0.000000
Q149,72,0,1,0,0.000000,0.000000,0.000000,0.000000
Q149,79,0,1,0,0.000000,0.000000,0.000000,0.000000
Q149,78,0,1,0,0.000000,0.000000,0.000000,0.000000
Q149,81,0,1,0,0.000000,0.000000,0.000000,0.000000
Q149,80,0,1,0,0.000000,0.000000,0.000000,0.000000
Q149,82,0,1,0,0.000000,0.000000,0.000000,0.000000
Q149,84,0,1,0,0.000000,0.000000,0.000000,0.000000
Q149,83,0,1,0,0.000000,0.000000,0.000000,0.000000
Q149,88,0,1,0,0.000000,0.000000,0.000000,0.000000
Q149,85,0,1,0,0.000000,0.000000,0.000000,0.000000
Q149,86,0,1,0,0.000000,0.000000,0.000000,0.000000
Q149,87,0,1,0,0.000000,0.000000,0.000000,0.000000
Q149,90,0,1,0,0.000000,0.000000,0.000000,0.000000
Q149,92,0,1,0,0.000000,0.000000,0.000000,0.000000
Q149,89,0,1,0,0.000000,0.000000,0.000000,0.000000
Q149,91,0,1,0,0.000000,0.000000,0.000000,0.000000
Q149,93,0,1,0,0.000000,0.000000,0.000000,0.000000
Q149,94,0,1,0,0.000000,0.000000,0.000000,0.000000
Q149,95,0,1,0,0.000000,0.000000,0.000000,0.000000
Q149,99,0,1,0,0.000000,0.000000,0.000000,0.000000
Q149,98,0,1,0,0.000000,0.000000,0.000000,0.000000
Q149,96,0,1,0,0.000000,0.000000,0.000000,0.000000
Q149,100,0,1,0,0.000000,0.000000,0.000000,0.000000
Q149,97,0,1,0,0.000000,0.000000,0.000000,0.000000
Q150,1,0,5,0,0.000000,0.000000,0.000000,0.000000
Q150,3,0,5,0,0.000000,0.000000,0.000000,0.000000
Q150,5,0,5,0,0.000000,0.000000,0.000000,0.000000
Q150,6,0,5,0,0.000000,0.000000,0.000000,0.000000
Q150,2,0,5,0,0.000000,0.000000,0.000000,0.000000
Q150,4,0,5,0,0.000000,0.000000,0.000000,0.000000
Q150,7,0,5,0,0.000000,0.000000,0.000000,0.000000
Q150,9,0,5,0,0.000000,0.000000,0.000000,0.000000
Q150,8,0,5,0,0.000000,0.000000,0.000000,0.000000
Q150,11,0,5,0,0.000000,0.000000,0.000000,0.000000
Q150,12,0,5,0,0.000000,0.000000,0.000000,0.000000
Q150,13,0,5,0,0.000000,0.000000,0.000000,0.000000
Q150,15,0,5,0,0.000000,0.000000,0.000000,0.000000
Q150,14,0,5,0,0.000000,0.000000,0.000000,0.000000
Q150,16,0,5,0,0.000000,0.000000,0.000000,0.000000
Q150,17,0,5,0,0.000000,0.000000,0.000000,0.000000
Q150,20,0,5,0,0.000000,0.000000,0.000000,0.000000
Q150,19,0,5,0,0.000000,0.000000,0.000000,0.000000
Q150,21,0,5,0,0.000000,0.000000,0.000000,0.000000
Q150,18,0,5,0,0.000000,0.000000,0.000000,0.000000
Q150,22,1,5,1,0.200000,1.000000,0.200000,0.333333
Q150,24,0,5,0,0.000000,0.000000,0.000000,0.000000
Q150,23,0,5,0,0.000000,0.000000,0.000000,0.000000
Q150,26,0,5,0,0.000000,0.000000,0.000000,0.000000
Q150,25,0,5,0,0.000000,0.000000,0.000000,0.000000
Q150,27,0,5,0,0.000000,0.000000,0.000000,0.000000
Q150,29,0,5,0,0.000000,0.000000,0.000000,0.000000
Q150,30,0,5,0,0.000000,0.000000,0.000000,0.000000
Q150,32,0,5,0,0.000000,0.000000,0.000000,0.000000
Q150,28,0,5,0,0.000000,0.000000,0.000000,0.000000
Q150,31,0,5,0,0.000000,0.000000,0.000000,0.000000
Q150,10,0,5,0,0.000000,0.000000,0.000000,0.000000
Q150,36,0,5,0,0.000000,0.000000,0.000000,0.000000
Q150,34,0,5,0,0.000000,0.000000,0.000000,0.000000
Q150,37,0,5,0,0.000000,0.000000,0.000000,0.000000
Q150,38,0,5,0,0.000000,0.000000,0.000000,0.000000
Q150,33,0,5,0,0.000000,0.000000,0.000000,0.000000
Q150,40,0,5,0,0.000000,0.000000,0.000000,0.000000
Q150,39,0,5,0,0.000000,0.000000,0.000000,0.000000
Q150,41,0,5,0,0.000000,0.000000,0.000000,0.000000
Q150,42,0,5,0,0.000000,0.000000,0.000000,0.000000
Q150,35,0,5,0,0.000000,0.000000,0.000000,0.000000
Q150,44,0,5,0,0.000000,0.000000,0.000000,0.000000
Q150,43,0,5,0,0.000000,0.000000,0.000000,0.000000
Q150,47,0,5,0,0.000000,0.000000,0.000000,0.000000
Q150,46,0,5,0,0.000000,0.000000,0.000000,0.000000
Q150,48,0,5,0,0.000000,0.000000,0.000000,0.000000
Q150,45,0,5,0,0.000000,0.000000,0.000000,0.000000
Q150,50,0,5,0,0.000000,0.000000,0.000000,0.000000
Q150,52,0,5,0,0.000000,0.000000,0.000000,0.000000
Q150,51,0,5,0,0.000000,0.000000,0.000000,0.000000
Q150,55,0,5,0,0.000000,0.000000,0.000000,0.000000
Q150,49,0,5,0,0.000000,0.000000,0.000000,0.000000
Q150,54,0,5,0,0.000000,0.000000,0.000000,0.000000
Q150,53,0,5,0,0.000000,0.000000,0.000000,0.000000
Q150,56,0,5,0,0.000000,0.000000,0.000000,0.000000
Q150,57,0,5,0,0.000000,0.000000,0.000000,0.000000
Q150,59,0,5,0,0.000000,0.000000,0.000000,0.000000
Q150,60,0,5,0,0.000000,0.000000,0.000000,0.000000
Q150,62,0,5,0,0.000000,0.000000,0.000000,0.000000
Q150,61,0,5,0,0.000000,0.000000,0.000000,0.000000
Q150,58,0,5,0,0.000000,0.000000,0.000000,0.000000
Q150,63,0,5,0,0.000000,0.000000,0.000000,0.000000
Q150,64,0,5,0,0.000000,0.000000,0.000000,0.000000
Q150,65,0,5,0,0.000000,0.000000,0.000000,0.000000
Q150,66,0,5,0,0.000000,0.000000,0.000000,0.000000
Q150,70,0,5,0,0.000000,0.000000,0.000000,0.000000
Q150,68,0,5,0,0.000000,0.000000,0.000000,0.000000
Q150,69,0,5,0,0.000000,0.000000,0.000000,0.000000
Q150,71,0,5,0,0.000000,0.000000,0.000000,0.000000
Q150,72,0,5,0,0.000000,0.000000,0.000000,0.000000
Q150,74,0,5,0,0.000000,0.000000,0.000000,0.000000
Q150,75,0,5,0,0.000000,0.000000,0.000000,0.000000
Q150,76,0,5,0,0.000000,0.000000,0.000000,0.000000
Q150,73,0,5,0,0.000000,0.000000,0.000000,0.000000
Q150,77,0,5,0,0.000000,0.000000,0.000000,0.000000
Q150,67,0,5,0,0.000000,0.000000,0.000000,0.000000
Q150,81,0,5,0,0.000000,0.000000,0.000000,0.000000
Q150,80,0,5,0,0.000000,0.000000,0.000000,0.000000
Q150,79,0,5,0,0.000000,0.000000,0.000000,0.000000
Q150,78,0,5,0,0.000000,0.000000,0.000000,0.000000
Q150,83,0,5,0,0.000000,0.000000,0.000000,0.000000
Q150,84,0,5,0,0.000000,0.000000,0.000000,0.000000
Q150,85,0,5,0,0.000000,0.000000,0.000000,0.000000
Q150,87,0,5,0,0.000000,0.000000,0.000000,0.000000
Q150,82,0,5,0,0.000000,0.000000,0.000000,0.000000
Q150,86,0,5,0,0.000000,0.000000,0.000000,0.000000
Q150,88,0,5,0,0.000000,0.000000,0.000000,0.000000
Q150,90,0,5,0,0.000000,0.000000,0.000000,0.000000
Q150,91,0,5,0,0.000000,0.000000,0.000000,0.000000
Q150,93,0,5,0,0.000000,0.000000,0.000000,0.000000
Q150,92,0,5,0,0.000000,0.000000,0.000000,0.000000
Q150,89,0,5,0,0.000000,0.000000,0.000000,0.000000
Q150,95,0,5,0,0.000000,0.000000,0.000000,0.000000
Q150,94,0,5,0,0.000000,0.000000,0.000000,0.000000
Q150,96,0,5,0,0.000000,0.000000,0.000000,0.000000
Q150,98,0,5,0,0.000000,0.000000,0.000000,0.000000
Q150,97,0,5,0,0.000000,0.000000,0.000000,0.000000
Q150,99,0,5,0,0.000000,0.000000,0.000000,0.000000
Q150,100,0,5,0,0.000000,0.000000,0.000000,0.000000
Q151,2,0,1,0,0.000000,0.000000,0.000000,0.000000
Q151,1,0,1,0,0.000000,0.000000,0.000000,0.000000
Q151,4,0,1,0,0.000000,0.000000,0.000000,0.000000
Q151,3,0,1,0,0.000000,0.000000,0.000000,0.000000
Q151,5,0,1,0,0.000000,0.000000,0.000000,0.000000
Q151,6,0,1,0,0.000000,0.000000,0.000000,0.000000
Q151,7,0,1,0,0.000000,0.000000,0.000000,0.000000
Q151,9,0,1,0,0.000000,0.000000,0.000000,0.000000
Q151,8,0,1,0,0.000000,0.000000,0.000000,0.000000
Q151,11,0,1,0,0.000000,0.000000,0.000000,0.000000
Q151,10,0,1,0,0.000000,0.000000,0.000000,0.000000
Q151,13,0,1,0,0.000000,0.000000,0.000000,0.000000
Q151,12,0,1,0,0.000000,0.000000,0.000000,0.000000
Q151,15,0,1,0,0.000000,0.000000,0.000000,0.000000
Q151,14,0,1,0,0.000000,0.000000,0.000000,0.000000
Q151,16,0,1,0,0.000000,0.000000,0.000000,0.000000
Q151,17,0,1,0,0.000000,0.000000,0.000000,0.000000
Q151,18,0,1,0,0.000000,0.000000,0.000000,0.000000
Q151,20,0,1,0,0.000000,0.000000,0.000000,0.000000
Q151,21,0,1,0,0.000000,0.000000,0.000000,0.000000
Q151,23,0,1,0,0.000000,0.000000,0.000000,0.000000
Q151,22,0,1,0,0.000000,0.000000,0.000000,0.000000
Q151,25,0,1,0,0.000000,0.000000,0.000000,0.000000
Q151,27,0,1,0,0.000000,0.000000,0.000000,0.000000
Q151,26,0,1,0,0.000000,0.000000,0.000000,0.000000
Q151,28,0,1,0,0.000000,0.000000,0.000000,0.000000
Q151,19,0,1,0,0.000000,0.000000,0.000000,0.000000
Q151,24,0,1,0,0.000000,0.000000,0.000000,0.000000
Q151,29,0,1,0,0.000000,0.000000,0.000000,0.000000
Q151,33,0,1,0,0.000000,0.000000,0.000000,0.000000
Q151,32,0,1,0,0.000000,0.000000,0.000000,0.000000
Q151,31,0,1,0,0.000000,0.000000,0.000000,0.000000
Q151,30,0,1,0,0.000000,0.000000,0.000000,0.000000
Q151,37,0,1,0,0.000000,0.000000,0.000000,0.000000
Q151,36,0,1,0,0.000000,0.000000,0.000000,0.000000
Q151,34,0,1,0,0.000000,0.000000,0.000000,0.000000
Q151,39,0,1,0,0.000000,0.000000,0.000000,0.000000
Q151,35,0,1,0,0.000000,0.000000,0.000000,0.000000
Q151,40,0,1,0,0.000000,0.000000,0.000000,0.000000
Q151,38,0,1,0,0.000000,0.000000,0.000000,0.000000
Q151,44,0,1,0,0.000000,0.000000,0.000000,0.000000
Q151,45,0,1,0,0.000000,0.000000,0.000000,0.000000
Q151,42,0,1,0,0.000000,0.000000,0.000000,0.000000
Q151,46,0,1,0,0.000000,0.000000,0.000000,0.000000
Q151,47,0,1,0,0.000000,0.000000,0.000000,0.000000
Q151,43,0,1,0,0.000000,0.000000,0.000000,0.000000
Q151,41,0,1,0,0.000000,0.000000,0.000000,0.000000
Q151,48,0,1,0,0.000000,0.000000,0.000000,0.000000
Q151,50,0,1,0,0.000000,0.000000,0.000000,0.000000
Q151,49,0,1,0,0.000000,0.000000,0.000000,0.000000
Q151,54,0,1,0,0.000000,0.000000,0.000000,0.000000
Q151,55,0,1,0,0.000000,0.000000,0.000000,0.000000
Q151,53,0,1,0,0.000000,0.000000,0.000000,0.000000
Q151,52,0,1,0,0.000000,0.000000,0.000000,0.000000
Q151,51,0,1,0,0.000000,0.000000,0.000000,0.000000
Q151,57,0,1,0,0.000000,0.000000,0.000000,0.000000
Q151,56,0,1,0,0.000000,0.000000,0.000000,0.000000
Q151,59,0,1,0,0.000000,0.000000,0.000000,0.000000
Q151,60,0,1,0,0.000000,0.000000,0.000000,0.000000
Q151,61,0,1,0,0.000000,0.000000,0.000000,0.000000
Q151,58,0,1,0,0.000000,0.000000,0.000000,0.000000
Q151,62,0,1,0,0.000000,0.000000,0.000000,0.000000
Q151,64,0,1,0,0.000000,0.000000,0.000000,0.000000
Q151,65,0,1,0,0.000000,0.000000,0.000000,0.000000
Q151,66,0,1,0,0.000000,0.000000,0.000000,0.000000
Q151,63,0,1,0,0.000000,0.000000,0.000000,0.000000
Q151,68,0,1,0,0.000000,0.000000,0.000000,0.000000
Q151,67,0,1,0,0.000000,0.000000,0.000000,0.000000
Q151,72,0,1,0,0.000000,0.000000,0.000000,0.000000
Q151,70,0,1,0,0.000000,0.000000,0.000000,0.000000
Q151,69,0,1,0,0.000000,0.000000,0.000000,0.000000
Q151,71,0,1,0,0.000000,0.000000,0.000000,0.000000
Q151,75,0,1,0,0.000000,0.000000,0.000000,0.000000
Q151,76,0,1,0,0.000000,0.000000,0.000000,0.000000
Q151,73,0,1,0,0.000000,0.000000,0.000000,0.000000
Q151,74,0,1,0,0.000000,0.000000,0.000000,0.000000
Q151,78,0,1,0,0.000000,0.000000,0.000000,0.000000
Q151,77,0,1,0,0.000000,0.000000,0.000000,0.000000
Q151,80,0,1,0,0.000000,0.000000,0.000000,0.000000
Q151,79,0,1,0,0.000000,0.000000,0.000000,0.000000
Q151,81,0,1,0,0.000000,0.000000,0.000000,0.000000
Q151,82,0,1,0,0.000000,0.000000,0.000000,0.000000
Q151,83,0,1,0,0.000000,0.000000,0.000000,0.000000
Q151,85,0,1,0,0.000000,0.000000,0.000000,0.000000
Q151,84,0,1,0,0.000000,0.000000,0.000000,0.000000
Q151,86,0,1,0,0.000000,0.000000,0.000000,0.000000
Q151,89,0,1,0,0.000000,0.000000,0.000000,0.000000
Q151,88,0,1,0,0.000000,0.000000,0.000000,0.000000
Q151,91,0,1,0,0.000000,0.000000,0.000000,0.000000
Q151,90,0,1,0,0.000000,0.000000,0.000000,0.000000
Q151,87,0,1,0,0.000000,0.000000,0.000000,0.000000
Q151,93,0,1,0,0.000000,0.000000,0.000000,0.000000
Q151,94,0,1,0,0.000000,0.000000,0.000000,0.000000
Q151,95,0,1,0,0.000000,0.000000,0.000000,0.000000
Q151,96,0,1,0,0.000000,0.000000,0.000000,0.000000
Q151,92,0,1,0,0.000000,0.000000,0.000000,0.000000
Q151,98,0,1,0,0.000000,0.000000,0.000000,0.000000
Q151,97,0,1,0,0.000000,0.000000,0.000000,0.000000
Q151,99,0,1,0,0.000000,0.000000,0.000000,0.000000
Q152,1,0,2,0,0.000000,0.000000,0.000000,0.000000
Q151,100,0,1,0,0.000000,0.000000,0.000000,0.000000
Q152,3,0,2,0,0.000000,0.000000,0.000000,0.000000
Q152,4,0,2,0,0.000000,0.000000,0.000000,0.000000
Q152,2,0,2,0,0.000000,0.000000,0.000000,0.000000
Q152,5,0,2,0,0.000000,0.000000,0.000000,0.000000
Q152,7,0,2,0,0.000000,0.000000,0.000000,0.000000
Q152,8,0,2,0,0.000000,0.000000,0.000000,0.000000
Q152,6,0,2,0,0.000000,0.000000,0.000000,0.000000
Q152,9,0,2,0,0.000000,0.000000,0.000000,0.000000
Q152,13,0,2,0,0.000000,0.000000,0.000000,0.000000
Q152,12,0,2,0,0.000000,0.000000,0.000000,0.000000
Q152,14,0,2,0,0.000000,0.000000,0.000000,0.000000
Q152,11,0,2,0,0.000000,0.000000,0.000000,0.000000
Q152,15,0,2,0,0.000000,0.000000,0.000000,0.000000
Q152,10,0,2,0,0.000000,0.000000,0.000000,0.000000
Q152,16,0,2,0,0.000000,0.000000,0.000000,0.000000
Q152,18,0,2,0,0.000000,0.000000,0.000000,0.000000
Q152,19,0,2,0,0.000000,0.000000,0.000000,0.000000
Q152,17,0,2,0,0.000000,0.000000,0.000000,0.000000
Q152,21,0,2,0,0.000000,0.000000,0.000000,0.000000
Q152,20,0,2,0,0.000000,0.000000,0.000000,0.000000
Q152,22,0,2,0,0.000000,0.000000,0.000000,0.000000
Q152,24,0,2,0,0.000000,0.000000,0.000000,0.000000
Q152,26,0,2,0,0.000000,0.000000,0.000000,0.000000
Q152,27,0,2,0,0.000000,0.000000,0.000000,0.000000
Q152,25,0,2,0,0.000000,0.000000,0.000000,0.000000
Q152,23,0,2,0,0.000000,0.000000,0.000000,0.000000
Q152,28,1,2,0,0.000000,0.000000,0.000000,0.000000
Q152,29,0,2,0,0.000000,0.000000,0.000000,0.000000
Q152,30,0,2,0,0.000000,0.000000,0.000000,0.000000
Q152,32,0,2,0,0.000000,0.000000,0.000000,0.000000
Q152,31,0,2,0,0.000000,0.000000,0.000000,0.000000
Q152,33,0,2,0,0.000000,0.000000,0.000000,0.000000
Q152,34,0,2,0,0.000000,0.000000,0.000000,0.000000
Q152,38,0,2,0,0.000000,0.000000,0.000000,0.000000
Q152,36,0,2,0,0.000000,0.000000,0.000000,0.000000
Q152,37,0,2,0,0.000000,0.000000,0.000000,0.000000
Q152,39,0,2,0,0.000000,0.000000,0.000000,0.000000
Q152,35,0,2,0,0.000000,0.000000,0.000000,0.000000
Q152,40,0,2,0,0.000000,0.000000,0.000000,0.000000
Q152,42,0,2,0,0.000000,0.000000,0.000000,0.000000
Q152,44,0,2,0,0.000000,0.000000,0.000000,0.000000
Q152,43,0,2,0,0.000000,0.000000,0.000000,0.000000
Q152,41,0,2,0,0.000000,0.000000,0.000000,0.000000
Q152,45,0,2,0,0.000000,0.000000,0.000000,0.000000
Q152,46,0,2,0,0.000000,0.000000,0.000000,0.000000
Q152,48,0,2,0,0.000000,0.000000,0.000000,0.000000
Q152,51,0,2,0,0.000000,0.000000,0.000000,0.000000
Q152,49,0,2,0,0.000000,0.000000,0.000000,0.000000
Q152,50,0,2,0,0.000000,0.000000,0.000000,0.000000
Q152,47,0,2,0,0.000000,0.000000,0.000000,0.000000
Q152,54,0,2,0,0.000000,0.000000,0.000000,0.000000
Q152,56,0,2,0,0.000000,0.000000,0.000000,0.000000
Q152,57,0,2,0,0.000000,0.000000,0.000000,0.000000
Q152,55,0,2,0,0.000000,0.000000,0.000000,0.000000
Q152,52,0,2,0,0.000000,0.000000,0.000000,0.000000
Q152,59,0,2,0,0.000000,0.000000,0.000000,0.000000
Q152,62,0,2,0,0.000000,0.000000,0.000000,0.000000
Q152,58,0,2,0,0.000000,0.000000,0.000000,0.000000
Q152,61,0,2,0,0.000000,0.000000,0.000000,0.000000
Q152,53,0,2,0,0.000000,0.000000,0.000000,0.000000
Q152,60,0,2,0,0.000000,0.000000,0.000000,0.000000
Q152,63,0,2,0,0.000000,0.000000,0.000000,0.000000
Q152,67,0,2,0,0.000000,0.000000,0.000000,0.000000
Q152,68,0,2,0,0.000000,0.000000,0.000000,0.000000
Q152,69,0,2,0,0.000000,0.000000,0.000000,0.000000
Q152,64,0,2,0,0.000000,0.000000,0.000000,0.000000
Q152,70,0,2,0,0.000000,0.000000,0.000000,0.000000
Q152,66,1,2,0,0.000000,0.000000,0.000000,0.000000
Q152,73,0,2,0,0.000000,0.000000,0.000000,0.000000
Q152,72,0,2,0,0.000000,0.000000,0.000000,0.000000
Q152,65,0,2,0,0.000000,0.000000,0.000000,0.000000
Q152,71,0,2,0,0.000000,0.000000,0.000000,0.000000
Q152,74,0,2,0,0.000000,0.000000,0.000000,0.000000
Q152,75,0,2,0,0.000000,0.000000,0.000000,0.000000
Q152,77,0,2,0,0.000000,0.000000,0.000000,0.000000
Q152,76,0,2,0,0.000000,0.000000,0.000000,0.000000
Q152,78,0,2,0,0.000000,0.000000,0.000000,0.000000
Q152,79,0,2,0,0.000000,0.000000,0.000000,0.000000
Q152,80,0,2,0,0.000000,0.000000,0.000000,0.000000
Q152,82,0,2,0,0.000000,0.000000,0.000000,0.000000
Q152,81,0,2,0,0.000000,0.000000,0.000000,0.000000
Q152,85,0,2,0,0.000000,0.000000,0.000000,0.000000
Q152,84,0,2,0,0.000000,0.000000,0.000000,0.000000
Q152,86,0,2,0,0.000000,0.000000,0.000000,0.000000
Q152,87,0,2,0,0.000000,0.000000,0.000000,0.000000
Q152,89,0,2,0,0.000000,0.000000,0.000000,0.000000
Q152,83,0,2,0,0.000000,0.000000,0.000000,0.000000
Q152,88,1,2,0,0.000000,0.000000,0.000000,0.000000
Q152,90,0,2,0,0.000000,0.000000,0.000000,0.000000
Q152,91,0,2,0,0.000000,0.000000,0.000000,0.000000
Q152,92,0,2,0,0.000000,0.000000,0.000000,0.000000
Q152,95,0,2,0,0.000000,0.000000,0.000000,0.000000
Q152,93,0,2,0,0.000000,0.000000,0.000000,0.000000
Q152,94,0,2,0,0.000000,0.000000,0.000000,0.000000
Q152,97,0,2,0,0.000000,0.000000,0.000000,0.000000
Q152,96,0,2,0,0.000000,0.000000,0.000000,0.000000
Q152,98,0,2,0,0.000000,0.000000,0.000000,0.000000
Q152,99,0,2,0,0.000000,0.000000,0.000000,0.000000
Q153,1,0,8,0,0.000000,0.000000,0.000000,0.000000
Q153,4,0,8,0,0.000000,0.000000,0.000000,0.000000
Q153,2,0,8,0,0.000000,0.000000,0.000000,0.000000
Q153,3,0,8,0,0.000000,0.000000,0.000000,0.000000
Q153,5,0,8,0,0.000000,0.000000,0.000000,0.000000
Q152,100,0,2,0,0.000000,0.000000,0.000000,0.000000
Q153,7,0,8,0,0.000000,0.000000,0.000000,0.000000
Q153,9,0,8,0,0.000000,0.000000,0.000000,0.000000
Q153,6,0,8,0,0.000000,0.000000,0.000000,0.000000
Q153,10,0,8,0,0.000000,0.000000,0.000000,0.000000
Q153,11,0,8,0,0.000000,0.000000,0.000000,0.000000
Q153,12,0,8,0,0.000000,0.000000,0.000000,0.000000
Q153,8,0,8,0,0.000000,0.000000,0.000000,0.000000
Q153,13,0,8,0,0.000000,0.000000,0.000000,0.000000
Q153,15,0,8,0,0.000000,0.000000,0.000000,0.000000
Q153,16,0,8,0,0.000000,0.000000,0.000000,0.000000
Q153,14,0,8,0,0.000000,0.000000,0.000000,0.000000
Q153,17,0,8,0,0.000000,0.000000,0.000000,0.000000
Q153,18,0,8,0,0.000000,0.000000,0.000000,0.000000
Q153,20,0,8,0,0.000000,0.000000,0.000000,0.000000
Q153,19,0,8,0,0.000000,0.000000,0.000000,0.000000
Q153,21,0,8,0,0.000000,0.000000,0.000000,0.000000
Q153,23,0,8,0,0.000000,0.000000,0.000000,0.000000
Q153,24,0,8,0,0.000000,0.000000,0.000000,0.000000
Q153,22,0,8,0,0.000000,0.000000,0.000000,0.000000
Q153,25,0,8,0,0.000000,0.000000,0.000000,0.000000
Q153,26,0,8,0,0.000000,0.000000,0.000000,0.000000
Q153,27,0,8,0,0.000000,0.000000,0.000000,0.000000
Q153,28,0,8,0,0.000000,0.000000,0.000000,0.000000
Q153,30,0,8,0,0.000000,0.000000,0.000000,0.000000
Q153,31,0,8,0,0.000000,0.000000,0.000000,0.000000
Q153,32,0,8,0,0.000000,0.000000,0.000000,0.000000
Q153,29,0,8,0,0.000000,0.000000,0.000000,0.000000
Q153,34,0,8,0,0.000000,0.000000,0.000000,0.000000
Q153,33,0,8,0,0.000000,0.000000,0.000000,0.000000
Q153,35,0,8,0,0.000000,0.000000,0.000000,0.000000
Q153,36,0,8,0,0.000000,0.000000,0.000000,0.000000
Q153,39,0,8,0,0.000000,0.000000,0.000000,0.000000
Q153,40,0,8,0,0.000000,0.000000,0.000000,0.000000
Q153,41,0,8,0,0.000000,0.000000,0.000000,0.000000
Q153,43,0,8,0,0.000000,0.000000,0.000000,0.000000
Q153,37,0,8,0,0.000000,0.000000,0.000000,0.000000
Q153,45,0,8,0,0.000000,0.000000,0.000000,0.000000
Q153,44,0,8,0,0.000000,0.000000,0.000000,0.000000
Q153,38,0,8,0,0.000000,0.000000,0.000000,0.000000
Q153,46,0,8,0,0.000000,0.000000,0.000000,0.000000
Q153,42,0,8,0,0.000000,0.000000,0.000000,0.000000
Q153,47,0,8,0,0.000000,0.000000,0.000000,0.000000
Q153,49,0,8,0,0.000000,0.000000,0.000000,0.000000
Q153,48,0,8,0,0.000000,0.000000,0.000000,0.000000
Q153,50,0,8,0,0.000000,0.000000,0.000000,0.000000
Q153,51,0,8,0,0.000000,0.000000,0.000000,0.000000
Q153,53,0,8,0,0.000000,0.000000,0.000000,0.000000
Q153,52,0,8,0,0.000000,0.000000,0.000000,0.000000
Q153,55,0,8,0,0.000000,0.000000,0.000000,0.000000
Q153,57,0,8,0,0.000000,0.000000,0.000000,0.000000
Q153,54,0,8,0,0.000000,0.000000,0.000000,0.000000
Q153,56,0,8,0,0.000000,0.000000,0.000000,0.000000
Q153,58,0,8,0,0.000000,0.000000,0.000000,0.000000
Q153,60,0,8,0,0.000000,0.000000,0.000000,0.000000
Q153,62,0,8,0,0.000000,0.000000,0.000000,0.000000
Q153,59,0,8,0,0.000000,0.000000,0.000000,0.000000
Q153,61,0,8,0,0.000000,0.000000,0.000000,0.000000
Q153,63,0,8,0,0.000000,0.000000,0.000000,0.000000
Q153,64,0,8,0,0.000000,0.000000,0.000000,0.000000
Q153,65,0,8,0,0.000000,0.000000,0.000000,0.000000
Q153,67,0,8,0,0.000000,0.000000,0.000000,0.000000
Q153,66,0,8,0,0.000000,0.000000,0.000000,0.000000
Q153,68,0,8,0,0.000000,0.000000,0.000000,0.000000
Q153,70,0,8,0,0.000000,0.000000,0.000000,0.000000
Q153,69,0,8,0,0.000000,0.000000,0.000000,0.000000
Q153,71,0,8,0,0.000000,0.000000,0.000000,0.000000
Q153,74,0,8,0,0.000000,0.000000,0.000000,0.000000
Q153,73,0,8,0,0.000000,0.000000,0.000000,0.000000
Q153,72,0,8,0,0.000000,0.000000,0.000000,0.000000
Q153,77,0,8,0,0.000000,0.000000,0.000000,0.000000
Q153,76,0,8,0,0.000000,0.000000,0.000000,0.000000
Q153,79,0,8,0,0.000000,0.000000,0.000000,0.000000
Q153,75,0,8,0,0.000000,0.000000,0.000000,0.000000
Q153,78,0,8,0,0.000000,0.000000,0.000000,0.000000
Q153,81,0,8,0,0.000000,0.000000,0.000000,0.000000
Q153,82,0,8,0,0.000000,0.000000,0.000000,0.000000
Q153,80,0,8,0,0.000000,0.000000,0.000000,0.000000
Q153,83,0,8,0,0.000000,0.000000,0.000000,0.000000
Q153,84,0,8,0,0.000000,0.000000,0.000000,0.000000
Q153,85,0,8,0,0.000000,0.000000,0.000000,0.000000
Q153,88,0,8,0,0.000000,0.000000,0.000000,0.000000
Q153,87,0,8,0,0.000000,0.000000,0.000000,0.000000
Q153,90,0,8,0,0.000000,0.000000,0.000000,0.000000
Q153,89,0,8,0,0.000000,0.000000,0.000000,0.000000
Q153,86,0,8,0,0.000000,0.000000,0.000000,0.000000
Q153,91,0,8,0,0.000000,0.000000,0.000000,0.000000
Q153,92,0,8,0,0.000000,0.000000,0.000000,0.000000
Q153,93,0,8,0,0.000000,0.000000,0.000000,0.000000
Q153,94,0,8,0,0.000000,0.000000,0.000000,0.000000
Q153,96,0,8,0,0.000000,0.000000,0.000000,0.000000
Q153,98,0,8,0,0.000000,0.000000,0.000000,0.000000
Q153,95,0,8,0,0.000000,0.000000,0.000000,0.000000
Q153,97,0,8,0,0.000000,0.000000,0.000000,0.000000
Q153,99,0,8,0,0.000000,0.000000,0.000000,0.000000
Q154,1,1,3,0,0.000000,0.000000,0.000000,0.000000
Q153,100,0,8,0,0.000000,0.000000,0.000000,0.000000
Q154,3,1,3,0,0.000000,0.000000,0.000000,0.000000
Q154,4,1,3,0,0.000000,0.000000,0.000000,0.000000
Q154,2,1,3,1,0.333333,1.000000,0.333333,0.500000
Q154,5,2,3,1,0.250000,0.500000,0.333333,0.400000
Q154,7,1,3,0,0.000000,0.000000,0.000000,0.000000
Q154,8,1,3,0,0.000000,0.000000,0.000000,0.000000
Q154,6,1,3,0,0.000000,0.000000,0.000000,0.000000
Q154,9,1,3,1,0.333333,1.000000,0.333333,0.500000
Q154,12,1,3,0,0.000000,0.000000,0.000000,0.000000
Q154,11,2,3,1,0.250000,0.500000,0.333333,0.400000
Q154,14,1,3,0,0.000000,0.000000,0.000000,0.000000
Q154,10,1,3,0,0.000000,0.000000,0.000000,0.000000
Q154,15,1,3,0,0.000000,0.000000,0.000000,0.000000
Q154,13,1,3,0,0.000000,0.000000,0.000000,0.000000
Q154,16,1,3,0,0.000000,0.000000,0.000000,0.000000
Q154,18,1,3,0,0.000000,0.000000,0.000000,0.000000
Q154,19,2,3,1,0.250000,0.500000,0.333333,0.400000
Q154,17,2,3,1,0.250000,0.500000,0.333333,0.400000
Q154,21,1,3,0,0.000000,0.000000,0.000000,0.000000
Q154,20,1,3,0,0.000000,0.000000,0.000000,0.000000
Q154,22,2,3,1,0.250000,0.500000,0.333333,0.400000
Q154,24,1,3,0,0.000000,0.000000,0.000000,0.000000
Q154,25,1,3,0,0.000000,0.000000,0.000000,0.000000
Q154,23,1,3,0,0.000000,0.000000,0.000000,0.000000
Q154,27,1,3,0,0.000000,0.000000,0.000000,0.000000
Q154,26,2,3,1,0.250000,0.500000,0.333333,0.400000
Q154,28,1,3,0,0.000000,0.000000,0.000000,0.000000
Q154,30,1,3,0,0.000000,0.000000,0.000000,0.000000
Q154,29,1,3,0,0.000000,0.000000,0.000000,0.000000
Q154,32,1,3,0,0.000000,0.000000,0.000000,0.000000
Q154,33,1,3,1,0.333333,1.000000,0.333333,0.500000
Q154,34,1,3,0,0.000000,0.000000,0.000000,0.000000
Q154,31,1,3,0,0.000000,0.000000,0.000000,0.000000
Q154,35,1,3,0,0.000000,0.000000,0.000000,0.000000
Q154,36,1,3,0,0.000000,0.000000,0.000000,0.000000
Q154,37,1,3,0,0.000000,0.000000,0.000000,0.000000
Q154,38,1,3,0,0.000000,0.000000,0.000000,0.000000
Q154,39,1,3,1,0.333333,1.000000,0.333333,0.500000
Q154,40,1,3,0,0.000000,0.000000,0.000000,0.000000
Q154,41,1,3,0,0.000000,0.000000,0.000000,0.000000
Q154,43,1,3,0,0.000000,0.000000,0.000000,0.000000
Q154,42,1,3,0,0.000000,0.000000,0.000000,0.000000
Q154,44,1,3,0,0.000000,0.000000,0.000000,0.000000
Q154,45,1,3,0,0.000000,0.000000,0.000000,0.000000
Q154,47,1,3,1,0.333333,1.000000,0.333333,0.500000
Q154,48,1,3,0,0.000000,0.000000,0.000000,0.000000
Q154,46,1,3,0,0.000000,0.000000,0.000000,0.000000
Q154,50,1,3,0,0.000000,0.000000,0.000000,0.000000
Q154,49,1,3,0,0.000000,0.000000,0.000000,0.000000
Q154,52,1,3,0,0.000000,0.000000,0.000000,0.000000
Q154,53,1,3,1,0.333333,1.000000,0.333333,0.500000
Q154,51,2,3,1,0.250000,0.500000,0.333333,0.400000
Q154,54,1,3,0,0.000000,0.000000,0.000000,0.000000
Q154,56,1,3,0,0.000000,0.000000,0.000000,0.000000
Q154,55,1,3,0,0.000000,0.000000,0.000000,0.000000
Q154,57,1,3,0,0.000000,0.000000,0.000000,0.000000
Q154,59,1,3,0,0.000000,0.000000,0.000000,0.000000
Q154,61,1,3,0,0.000000,0.000000,0.000000,0.000000
Q154,63,1,3,0,0.000000,0.000000,0.000000,0.000000
Q154,58,1,3,0,0.000000,0.000000,0.000000,0.000000
Q154,64,1,3,0,0.000000,0.000000,0.000000,0.000000
Q154,60,1,3,0,0.000000,0.000000,0.000000,0.000000
Q154,65,1,3,0,0.000000,0.000000,0.000000,0.000000
Q154,66,1,3,0,0.000000,0.000000,0.000000,0.000000
Q154,62,1,3,0,0.000000,0.000000,0.000000,0.000000
Q154,68,1,3,0,0.000000,0.000000,0.000000,0.000000
Q154,67,1,3,0,0.000000,0.000000,0.000000,0.000000
Q154,70,1,3,0,0.000000,0.000000,0.000000,0.000000
Q154,69,1,3,0,0.000000,0.000000,0.000000,0.000000
Q154,71,1,3,0,0.000000,0.000000,0.000000,0.000000
Q154,72,1,3,0,0.000000,0.000000,0.000000,0.000000
Q154,73,1,3,1,0.333333,1.000000,0.333333,0.500000
Q154,74,2,3,1,0.250000,0.500000,0.333333,0.400000
Q154,75,0,3,0,0.000000,0.000000,0.000000,0.000000
Q154,76,1,3,0,0.000000,0.000000,0.000000,0.000000
Q154,77,1,3,0,0.000000,0.000000,0.000000,0.000000
Q154,79,1,3,0,0.000000,0.000000,0.000000,0.000000
Q154,78,1,3,0,0.000000,0.000000,0.000000,0.000000
Q154,80,1,3,0,0.000000,0.000000,0.000000,0.000000
Q154,81,1,3,0,0.000000,0.000000,0.000000,0.000000
Q154,83,0,3,0,0.000000,0.000000,0.000000,0.000000
Q154,82,1,3,0,0.000000,0.000000,0.000000,0.000000
Q154,84,1,3,0,0.000000,0.000000,0.000000,0.000000
Q154,87,1,3,0,0.000000,0.000000,0.000000,0.000000
Q154,85,1,3,0,0.000000,0.000000,0.000000,0.000000
Q154,86,1,3,0,0.000000,0.000000,0.000000,0.000000
Q154,89,1,3,0,0.000000,0.000000,0.000000,0.000000
Q154,88,2,3,1,0.250000,0.500000,0.333333,0.400000
Q154,90,1,3,0,0.000000,0.000000,0.000000,0.000000
Q154,91,1,3,0,0.000000,0.000000,0.000000,0.000000
Q154,92,1,3,0,0.000000,0.000000,0.000000,0.000000
Q154,95,1,3,0,0.000000,0.000000,0.000000,0.000000
Q154,94,1,3,0,0.000000,0.000000,0.000000,0.000000
Q154,96,1,3,0,0.000000,0.000000,0.000000,0.000000
Q154,93,1,3,0,0.000000,0.000000,0.000000,0.000000
Q154,98,1,3,0,0.000000,0.000000,0.000000,0.000000
Q154,97,1,3,0,0.000000,0.000000,0.000000,0.000000
Q154,99,1,3,0,0.000000,0.000000,0.000000,0.000000
Q155,2,2,3,0,0.000000,0.000000,0.000000,0.000000
Q154,100,1,3,0,0.000000,0.000000,0.000000,0.000000
Q155,1,3,3,1,0.200000,0.333333,0.333333,0.333333
Q155,3,1,3,0,0.000000,0.000000,0.000000,0.000000
Q155,6,1,3,0,0.000000,0.000000,0.000000,0.000000
Q155,4,2,3,1,0.250000,0.500000,0.333333,0.400000
Q155,7,1,3,0,0.000000,0.000000,0.000000,0.000000
Q155,5,2,3,0,0.000000,0.000000,0.000000,0.000000
Q155,8,2,3,0,0.000000,0.000000,0.000000,0.000000
Q155,9,1,3,0,0.000000,0.000000,0.000000,0.000000
Q155,10,1,3,0,0.000000,0.000000,0.000000,0.000000
Q155,11,1,3,0,0.000000,0.000000,0.000000,0.000000
Q155,12,1,3,0,0.000000,0.000000,0.000000,0.000000
Q155,14,2,3,0,0.000000,0.000000,0.000000,0.000000
Q155,15,2,3,0,0.000000,0.000000,0.000000,0.000000
Q155,16,1,3,1,0.333333,1.000000,0.333333,0.500000
Q155,13,1,3,0,0.000000,0.000000,0.000000,0.000000
Q155,17,1,3,0,0.000000,0.000000,0.000000,0.000000
Q155,18,2,3,0,0.000000,0.000000,0.000000,0.000000
Q155,19,1,3,0,0.000000,0.000000,0.000000,0.000000
Q155,21,1,3,1,0.333333,1.000000,0.333333,0.500000
Q155,20,1,3,0,0.000000,0.000000,0.000000,0.000000
Q155,23,3,3,1,0.200000,0.333333,0.333333,0.333333
Q155,24,1,3,0,0.000000,0.000000,0.000000,0.000000
Q155,25,1,3,0,0.000000,0.000000,0.000000,0.000000
Q155,22,2,3,1,0.250000,0.500000,0.333333,0.400000
Q155,26,1,3,0,0.000000,0.000000,0.000000,0.000000
Q155,28,1,3,0,0.000000,0.000000,0.000000,0.000000
Q155,27,1,3,1,0.333333,1.000000,0.333333,0.500000
Q155,29,1,3,0,0.000000,0.000000,0.000000,0.000000
Q155,31,2,3,1,0.250000,0.500000,0.333333,0.400000
Q155,30,2,3,1,0.250000,0.500000,0.333333,0.400000
Q155,32,1,3,0,0.000000,0.000000,0.000000,0.000000
Q155,33,1,3,0,0.000000,0.000000,0.000000,0.000000
Q155,35,1,3,0,0.000000,0.000000,0.000000,0.000000
Q155,37,1,3,0,0.000000,0.000000,0.000000,0.000000
Q155,34,1,3,0,0.000000,0.000000,0.000000,0.000000
Q155,39,1,3,0,0.000000,0.000000,0.000000,0.000000
Q155,36,2,3,0,0.000000,0.000000,0.000000,0.000000
Q155,38,1,3,0,0.000000,0.000000,0.000000,0.000000
Q155,40,1,3,0,0.000000,0.000000,0.000000,0.000000
Q155,41,2,3,0,0.000000,0.000000,0.000000,0.000000
Q155,43,1,3,0,0.000000,0.000000,0.000000,0.000000
Q155,42,1,3,0,0.000000,0.000000,0.000000,0.000000
Q155,44,2,3,1,0.250000,0.500000,0.333333,0.400000
Q155,46,2,3,0,0.000000,0.000000,0.000000,0.000000
Q155,45,2,3,0,0.000000,0.000000,0.000000,0.000000
Q155,48,2,3,0,0.000000,0.000000,0.000000,0.000000
Q155,47,1,3,0,0.000000,0.000000,0.000000,0.000000
Q155,49,3,3,1,0.200000,0.333333,0.333333,0.333333
Q155,50,1,3,0,0.000000,0.000000,0.000000,0.000000
Q155,51,1,3,1,0.333333,1.000000,0.333333,0.500000
Q155,52,1,3,0,0.000000,0.000000,0.000000,0.000000
Q155,54,2,3,1,0.250000,0.500000,0.333333,0.400000
Q155,53,2,3,0,0.000000,0.000000,0.000000,0.000000
Q155,56,2,3,0,0.000000,0.000000,0.000000,0.000000
Q155,57,1,3,0,0.000000,0.000000,0.000000,0.000000
Q155,55,2,3,1,0.250000,0.500000,0.333333,0.400000
Q155,59,2,3,1,0.250000,0.500000,0.333333,0.400000
Q155,60,2,3,1,0.250000,0.500000,0.333333,0.400000
Q155,61,2,3,1,0.250000,0.500000,0.333333,0.400000
Q155,62,1,3,0,0.000000,0.000000,0.000000,0.000000
Q155,63,1,3,0,0.000000,0.000000,0.000000,0.000000
Q155,65,1,3,0,0.000000,0.000000,0.000000,0.000000
Q155,68,1,3,0,0.000000,0.000000,0.000000,0.000000
Q155,66,1,3,0,0.000000,0.000000,0.000000,0.000000
Q155,67,1,3,0,0.000000,0.000000,0.000000,0.000000
Q155,58,2,3,1,0.250000,0.500000,0.333333,0.400000
Q155,69,1,3,0,0.000000,0.000000,0.000000,0.000000
Q155,71,1,3,1,0.333333,1.000000,0.333333,0.500000
Q155,72,1,3,0,0.000000,0.000000,0.000000,0.000000
Q155,64,2,3,1,0.250000,0.500000,0.333333,0.400000
Q155,73,1,3,0,0.000000,0.000000,0.000000,0.000000
Q155,70,3,3,1,0.200000,0.333333,0.333333,0.333333
Q155,75,1,3,0,0.000000,0.000000,0.000000,0.000000
Q155,77,1,3,0,0.000000,0.000000,0.000000,0.000000
Q155,76,2,3,0,0.000000,0.000000,0.000000,0.000000
Q155,78,2,3,1,0.250000,0.500000,0.333333,0.400000
Q155,74,3,3,1,0.200000,0.333333,0.333333,0.333333
Q155,81,1,3,0,0.000000,0.000000,0.000000,0.000000
Q155,80,2,3,0,0.000000,0.000000,0.000000,0.000000
Q155,83,1,3,0,0.000000,0.000000,0.000000,0.000000
Q155,79,3,3,1,0.200000,0.333333,0.333333,0.333333
Q155,82,1,3,0,0.000000,0.000000,0.000000,0.000000
Q155,85,1,3,0,0.000000,0.000000,0.000000,0.000000
Q155,86,2,3,1,0.250000,0.500000,0.333333,0.400000
Q155,87,2,3,1,0.250000,0.500000,0.333333,0.400000
Q155,89,1,3,0,0.000000,0.000000,0.000000,0.000000
Q155,90,1,3,0,0.000000,0.000000,0.000000,0.000000
Q155,84,1,3,0,0.000000,0.000000,0.000000,0.000000
Q155,91,1,3,0,0.000000,0.000000,0.000000,0.000000
Q155,88,3,3,1,0.200000,0.333333,0.333333,0.333333
Q155,94,1,3,1,0.333333,1.000000,0.333333,0.500000
Q155,93,1,3,0,0.000000,0.000000,0.000000,0.000000
Q155,95,1,3,0,0.000000,0.000000,0.000000,0.000000
Q155,96,1,3,0,0.000000,0.000000,0.000000,0.000000
Q155,97,1,3,1,0.333333,1.000000,0.333333,0.500000
Q155,99,1,3,0,0.000000,0.000000,0.000000,0.000000
Q155,98,1,3,0,0.000000,0.000000,0.000000,0.000000
Q155,92,3,3,1,0.200000,0.333333,0.333333,0.333333
Q155,100,1,3,0,0.000000,0.000000,0.000000,0.000000
Q156,1,1,4,0,0.000000,0.000000,0.000000,0.000000
Q156,2,1,4,0,0.000000,0.000000,0.000000,0.000000
Q156,4,1,4,0,0.000000,0.000000,0.000000,0.000000
Q156,6,1,4,0,0.000000,0.000000,0.000000,0.000000
Q156,3,1,4,0,0.000000,0.000000,0.000000,0.000000
Q156,7,0,4,0,0.000000,0.000000,0.000000,0.000000
Q156,5,1,4,0,0.000000,0.000000,0.000000,0.000000
Q156,8,0,4,0,0.000000,0.000000,0.000000,0.000000
Q156,9,2,4,0,0.000000,0.000000,0.000000,0.000000
Q156,13,1,4,0,0.000000,0.000000,0.000000,0.000000
Q156,10,1,4,0,0.000000,0.000000,0.000000,0.000000
Q156,11,1,4,0,0.000000,0.000000,0.000000,0.000000
Q156,12,1,4,0,0.000000,0.000000,0.000000,0.000000
Q156,14,0,4,0,0.000000,0.000000,0.000000,0.000000
Q156,17,1,4,0,0.000000,0.000000,0.000000,0.000000
Q156,16,1,4,0,0.000000,0.000000,0.000000,0.000000
Q156,15,1,4,0,0.000000,0.000000,0.000000,0.000000
Q156,18,1,4,0,0.000000,0.000000,0.000000,0.000000
Q156,20,1,4,0,0.000000,0.000000,0.000000,0.000000
Q156,19,1,4,0,0.000000,0.000000,0.000000,0.000000
Q156,21,1,4,0,0.000000,0.000000,0.000000,0.000000
Q156,24,1,4,0,0.000000,0.000000,0.000000,0.000000
Q156,22,1,4,0,0.000000,0.000000,0.000000,0.000000
Q156,23,1,4,0,0.000000,0.000000,0.000000,0.000000
Q156,27,1,4,0,0.000000,0.000000,0.000000,0.000000
Q156,26,1,4,0,0.000000,0.000000,0.000000,0.000000
Q156,25,1,4,0,0.000000,0.000000,0.000000,0.000000
Q156,28,1,4,0,0.000000,0.000000,0.000000,0.000000
Q156,30,1,4,0,0.000000,0.000000,0.000000,0.000000
Q156,29,1,4,0,0.000000,0.000000,0.000000,0.000000
Q156,34,1,4,0,0.000000,0.000000,0.000000,0.000000
Q156,33,1,4,0,0.000000,0.000000,0.000000,0.000000
Q156,31,1,4,0,0.000000,0.000000,0.000000,0.000000
Q156,32,1,4,0,0.000000,0.000000,0.000000,0.000000
Q156,36,2,4,1,0.200000,0.500000,0.250000,0.333333
Q156,35,1,4,0,0.000000,0.000000,0.000000,0.000000
Q156,40,0,4,0,0.000000,0.000000,0.000000,0.000000
Q156,38,1,4,0,0.000000,0.000000,0.000000,0.000000
Q156,37,1,4,0,0.000000,0.000000,0.000000,0.000000
Q156,39,1,4,0,0.000000,0.000000,0.000000,0.000000
Q156,41,1,4,0,0.000000,0.000000,0.000000,0.000000
Q156,42,1,4,0,0.000000,0.000000,0.000000,0.000000
Q156,43,1,4,0,0.000000,0.000000,0.000000,0.000000
Q156,45,1,4,0,0.000000,0.000000,0.000000,0.000000
Q156,46,1,4,0,0.000000,0.000000,0.000000,0.000000
Q156,44,1,4,0,0.000000,0.000000,0.000000,0.000000
Q156,48,1,4,0,0.000000,0.000000,0.000000,0.000000
Q156,49,1,4,0,0.000000,0.000000,0.000000,0.000000
Q156,50,1,4,0,0.000000,0.000000,0.000000,0.000000
Q156,51,1,4,0,0.000000,0.000000,0.000000,0.000000
Q156,53,0,4,0,0.000000,0.000000,0.000000,0.000000
Q156,47,1,4,0,0.000000,0.000000,0.000000,0.000000
Q156,52,1,4,0,0.000000,0.000000,0.000000,0.000000
Q156,55,1,4,0,0.000000,0.000000,0.000000,0.000000
Q156,56,1,4,0,0.000000,0.000000,0.000000,0.000000
Q156,54,1,4,0,0.000000,0.000000,0.000000,0.000000
Q156,57,1,4,0,0.000000,0.000000,0.000000,0.000000
Q156,58,1,4,0,0.000000,0.000000,0.000000,0.000000
Q156,60,0,4,0,0.000000,0.000000,0.000000,0.000000
Q156,59,1,4,0,0.000000,0.000000,0.000000,0.000000
Q156,62,1,4,0,0.000000,0.000000,0.000000,0.000000
Q156,64,0,4,0,0.000000,0.000000,0.000000,0.000000
Q156,61,1,4,0,0.000000,0.000000,0.000000,0.000000
Q156,65,1,4,0,0.000000,0.000000,0.000000,0.000000
Q156,66,1,4,0,0.000000,0.000000,0.000000,0.000000
Q156,68,1,4,0,0.000000,0.000000,0.000000,0.000000
Q156,67,1,4,0,0.000000,0.000000,0.000000,0.000000
Q156,63,1,4,0,0.000000,0.000000,0.000000,0.000000
Q156,70,1,4,0,0.000000,0.000000,0.000000,0.000000
Q156,69,1,4,0,0.000000,0.000000,0.000000,0.000000
Q156,71,1,4,0,0.000000,0.000000,0.000000,0.000000
Q156,73,1,4,0,0.000000,0.000000,0.000000,0.000000
Q156,72,1,4,0,0.000000,0.000000,0.000000,0.000000
Q156,76,1,4,0,0.000000,0.000000,0.000000,0.000000
Q156,74,1,4,0,0.000000,0.000000,0.000000,0.000000
Q156,75,1,4,0,0.000000,0.000000,0.000000,0.000000
Q156,77,1,4,0,0.000000,0.000000,0.000000,0.000000
Q156,80,0,4,0,0.000000,0.000000,0.000000,0.000000
Q156,78,1,4,0,0.000000,0.000000,0.000000,0.000000
Q156,79,1,4,0,0.000000,0.000000,0.000000,0.000000
Q156,84,0,4,0,0.000000,0.000000,0.000000,0.000000
Q156,83,1,4,0,0.000000,0.000000,0.000000,0.000000
Q156,82,1,4,0,0.000000,0.000000,0.000000,0.000000
Q156,81,1,4,0,0.000000,0.000000,0.000000,0.000000
Q156,86,1,4,0,0.000000,0.000000,0.000000,0.000000
Q156,88,1,4,0,0.000000,0.000000,0.000000,0.000000
Q156,89,1,4,0,0.000000,0.000000,0.000000,0.000000
Q156,85,1,4,0,0.000000,0.000000,0.000000,0.000000
Q156,87,1,4,0,0.000000,0.000000,0.000000,0.000000
Q156,90,1,4,0,0.000000,0.000000,0.000000,0.000000
Q156,91,1,4,0,0.000000,0.000000,0.000000,0.000000
Q156,93,1,4,0,0.000000,0.000000,0.000000,0.000000
Q156,92,1,4,0,0.000000,0.000000,0.000000,0.000000
Q156,94,1,4,0,0.000000,0.000000,0.000000,0.000000
Q156,95,0,4,0,0.000000,0.000000,0.000000,0.000000
Q156,97,1,4,0,0.000000,0.000000,0.000000,0.000000
Q156,98,0,4,0,0.000000,0.000000,0.000000,0.000000
Q156,99,1,4,0,0.000000,0.000000,0.000000,0.000000
Q156,100,1,4,0,0.000000,0.000000,0.000000,0.000000
Q156,96,1,4,0,0.000000,0.000000,0.000000,0.000000
Q157,2,2,2,1,0.333333,0.500000,0.500000,0.500000
Q157,3,1,2,1,0.500000,1.000000,0.500000,0.666667
Q157,1,1,2,1,0.500000,1.000000,0.500000,0.666667
Q157,4,1,2,1,0.500000,1.000000,0.500000,0.666667
Q157,6,1,2,1,0.500000,1.000000,0.500000,0.666667
Q157,5,1,2,0,0.000000,0.000000,0.000000,0.000000
Q157,7,1,2,1,0.500000,1.000000,0.500000,0.666667
Q157,10,1,2,1,0.500000,1.000000,0.500000,0.666667
Q157,11,1,2,1,0.500000,1.000000,0.500000,0.666667
Q157,8,2,2,1,0.333333,0.500000,0.500000,0.500000
Q157,9,1,2,1,0.500000,1.000000,0.500000,0.666667
Q157,12,2,2,1,0.333333,0.500000,0.500000,0.500000
Q157,15,1,2,1,0.500000,1.000000,0.500000,0.666667
Q157,13,1,2,0,0.000000,0.000000,0.000000,0.000000
Q157,17,1,2,1,0.500000,1.000000,0.500000,0.666667
Q157,18,1,2,1,0.500000,1.000000,0.500000,0.666667
Q157,16,3,2,1,0.250000,0.333333,0.500000,0.400000
Q157,19,1,2,1,0.500000,1.000000,0.500000,0.666667
Q157,20,1,2,1,0.500000,1.000000,0.500000,0.666667
Q157,14,2,2,1,0.333333,0.500000,0.500000,0.500000
Q157,22,1,2,1,0.500000,1.000000,0.500000,0.666667
Q157,21,1,2,0,0.000000,0.000000,0.000000,0.000000
Q157,23,2,2,1,0.333333,0.500000,0.500000,0.500000
Q157,24,1,2,0,0.000000,0.000000,0.000000,0.000000
Q157,27,1,2,1,0.500000,1.000000,0.500000,0.666667
Q157,28,1,2,1,0.500000,1.000000,0.500000,0.666667
Q157,26,1,2,1,0.500000,1.000000,0.500000,0.666667
Q157,30,1,2,1,0.500000,1.000000,0.500000,0.666667
Q157,32,1,2,0,0.000000,0.000000,0.000000,0.000000
Q157,25,1,2,1,0.500000,1.000000,0.500000,0.666667
Q157,29,1,2,1,0.500000,1.000000,0.500000,0.666667
Q157,31,1,2,1,0.500000,1.000000,0.500000,0.666667
Q157,33,1,2,0,0.000000,0.000000,0.000000,0.000000
Q157,34,2,2,1,0.333333,0.500000,0.500000,0.500000
Q157,35,1,2,1,0.500000,1.000000,0.500000,0.666667
Q157,36,1,2,1,0.500000,1.000000,0.500000,0.666667
Q157,37,1,2,1,0.500000,1.000000,0.500000,0.666667
Q157,38,1,2,1,0.500000,1.000000,0.500000,0.666667
Q157,40,1,2,0,0.000000,0.000000,0.000000,0.000000
Q157,39,1,2,0,0.000000,0.000000,0.000000,0.000000
Q157,41,1,2,1,0.500000,1.000000,0.500000,0.666667
Q157,42,1,2,1,0.500000,1.000000,0.500000,0.666667
Q157,44,2,2,1,0.333333,0.500000,0.500000,0.500000
Q157,43,1,2,1,0.500000,1.000000,0.500000,0.666667
Q157,47,1,2,1,0.500000,1.000000,0.500000,0.666667
Q157,48,1,2,1,0.500000,1.000000,0.500000,0.666667
Q157,46,2,2,1,0.333333,0.500000,0.500000,0.500000
Q157,50,1,2,1,0.500000,1.000000,0.500000,0.666667
Q157,49,2,2,1,0.333333,0.500000,0.500000,0.500000
Q157,52,1,2,1,0.500000,1.000000,0.500000,0.666667
Q157,53,1,2,0,0.000000,0.000000,0.000000,0.000000
Q157,51,1,2,1,0.500000,1.000000,0.500000,0.666667
Q157,45,1,2,1,0.500000,1.000000,0.500000,0.666667
Q157,54,1,2,1,0.500000,1.000000,0.500000,0.666667
Q157,55,1,2,1,0.500000,1.000000,0.500000,0.666667
Q157,57,1,2,1,0.500000,1.000000,0.500000,0.666667
Q157,58,1,2,1,0.500000,1.000000,0.500000,0.666667
Q157,56,1,2,1,0.500000,1.000000,0.500000,0.666667
Q157,60,1,2,1,0.500000,1.000000,0.500000,0.666667
Q157,61,1,2,1,0.500000,1.000000,0.500000,0.666667
Q157,59,2,2,1,0.333333,0.500000,0.500000,0.500000
Q157,63,1,2,1,0.500000,1.000000,0.500000,0.666667
Q157,62,1,2,1,0.500000,1.000000,0.500000,0.666667
Q157,64,1,2,1,0.500000,1.000000,0.500000,0.666667
Q157,65,1,2,0,0.000000,0.000000,0.000000,0.000000
Q157,66,1,2,1,0.500000,1.000000,0.500000,0.666667
Q157,67,1,2,1,0.500000,1.000000,0.500000,0.666667
Q157,68,1,2,1,0.500000,1.000000,0.500000,0.666667
Q157,69,1,2,1,0.500000,1.000000,0.500000,0.666667
Q157,72,1,2,1,0.500000,1.000000,0.500000,0.666667
Q157,73,1,2,1,0.500000,1.000000,0.500000,0.666667
Q157,71,1,2,0,0.000000,0.000000,0.000000,0.000000
Q157,74,2,2,1,0.333333,0.500000,0.500000,0.500000
Q157,75,1,2,1,0.500000,1.000000,0.500000,0.666667
Q157,70,2,2,1,0.333333,0.500000,0.500000,0.500000
Q157,76,2,2,1,0.333333,0.500000,0.500000,0.500000
Q157,78,1,2,1,0.500000,1.000000,0.500000,0.666667
Q157,79,1,2,1,0.500000,1.000000,0.500000,0.666667
Q157,77,1,2,0,0.000000,0.000000,0.000000,0.000000
Q157,80,1,2,0,0.000000,0.000000,0.000000,0.000000
Q157,81,2,2,1,0.333333,0.500000,0.500000,0.500000
Q157,82,1,2,1,0.500000,1.000000,0.500000,0.666667
Q157,83,1,2,1,0.500000,1.000000,0.500000,0.666667
Q157,84,1,2,1,0.500000,1.000000,0.500000,0.666667
Q157,85,1,2,1,0.500000,1.000000,0.500000,0.666667
Q157,86,1,2,0,0.000000,0.000000,0.000000,0.000000
Q157,87,1,2,1,0.500000,1.000000,0.500000,0.666667
Q157,88,1,2,0,0.000000,0.000000,0.000000,0.000000
Q157,89,1,2,1,0.500000,1.000000,0.500000,0.666667
Q157,90,1,2,1,0.500000,1.000000,0.500000,0.666667
Q157,91,1,2,1,0.500000,1.000000,0.500000,0.666667
Q157,92,1,2,1,0.500000,1.000000,0.500000,0.666667
Q157,93,1,2,1,0.500000,1.000000,0.500000,0.666667
Q157,94,1,2,1,0.500000,1.000000,0.500000,0.666667
Q157,96,1,2,1,0.500000,1.000000,0.500000,0.666667
Q157,95,2,2,1,0.333333,0.500000,0.500000,0.500000
Q157,99,1,2,1,0.500000,1.000000,0.500000,0.666667
Q157,98,1,2,0,0.000000,0.000000,0.000000,0.000000
Q157,97,2,2,1,0.333333,0.500000,0.500000,0.500000
Q157,100,2,2,1,0.333333,0.500000,0.500000,0.500000
Q158,1,1,3,0,0.000000,0.000000,0.000000,0.000000
Q158,4,1,3,0,0.000000,0.000000,0.000000,0.000000
Q158,2,2,3,0,0.000000,0.000000,0.000000,0.000000
Q158,5,1,3,0,0.000000,0.000000,0.000000,0.000000
Q158,6,1,3,0,0.000000,0.000000,0.000000,0.000000
Q158,3,1,3,0,0.000000,0.000000,0.000000,0.000000
Q158,7,2,3,0,0.000000,0.000000,0.000000,0.000000
Q158,9,1,3,0,0.000000,0.000000,0.000000,0.000000
Q158,10,1,3,0,0.000000,0.000000,0.000000,0.000000
Q158,11,1,3,0,0.000000,0.000000,0.000000,0.000000
Q158,12,1,3,0,0.000000,0.000000,0.000000,0.000000
Q158,8,1,3,0,0.000000,0.000000,0.000000,0.000000
Q158,13,1,3,0,0.000000,0.000000,0.000000,0.000000
Q158,14,1,3,0,0.000000,0.000000,0.000000,0.000000
Q158,15,2,3,0,0.000000,0.000000,0.000000,0.000000
Q158,16,1,3,0,0.000000,0.000000,0.000000,0.000000
Q158,19,1,3,0,0.000000,0.000000,0.000000,0.000000
Q158,20,1,3,0,0.000000,0.000000,0.000000,0.000000
Q158,21,1,3,0,0.000000,0.000000,0.000000,0.000000
Q158,17,2,3,0,0.000000,0.000000,0.000000,0.000000
Q158,18,2,3,1,0.250000,0.500000,0.333333,0.400000
Q158,23,2,3,1,0.250000,0.500000,0.333333,0.400000
Q158,25,1,3,0,0.000000,0.000000,0.000000,0.000000
Q158,22,2,3,0,0.000000,0.000000,0.000000,0.000000
Q158,24,1,3,0,0.000000,0.000000,0.000000,0.000000
Q158,26,2,3,0,0.000000,0.000000,0.000000,0.000000
Q158,27,1,3,0,0.000000,0.000000,0.000000,0.000000
Q158,28,1,3,0,0.000000,0.000000,0.000000,0.000000
Q158,30,2,3,0,0.000000,0.000000,0.000000,0.000000
Q158,32,1,3,0,0.000000,0.000000,0.000000,0.000000
Q158,29,2,3,0,0.000000,0.000000,0.000000,0.000000
Q158,31,1,3,0,0.000000,0.000000,0.000000,0.000000
Q158,33,1,3,0,0.000000,0.000000,0.000000,0.000000
Q158,34,1,3,0,0.000000,0.000000,0.000000,0.000000
Q158,35,1,3,0,0.000000,0.000000,0.000000,0.000000
Q158,36,1,3,0,0.000000,0.000000,0.000000,0.000000
Q158,38,1,3,0,0.000000,0.000000,0.000000,0.000000
Q158,37,1,3,0,0.000000,0.000000,0.000000,0.000000
Q158,39,1,3,0,0.000000,0.000000,0.000000,0.000000
Q158,40,1,3,0,0.000000,0.000000,0.000000,0.000000
Q158,42,1,3,0,0.000000,0.000000,0.000000,0.000000
Q158,41,2,3,0,0.000000,0.000000,0.000000,0.000000
Q158,44,1,3,0,0.000000,0.000000,0.000000,0.000000
Q158,46,1,3,0,0.000000,0.000000,0.000000,0.000000
Q158,43,1,3,0,0.000000,0.000000,0.000000,0.000000
Q158,45,1,3,0,0.000000,0.000000,0.000000,0.000000
Q158,47,1,3,0,0.000000,0.000000,0.000000,0.000000
Q158,49,1,3,0,0.000000,0.000000,0.000000,0.000000
Q158,48,1,3,0,0.000000,0.000000,0.000000,0.000000
Q158,51,1,3,0,0.000000,0.000000,0.000000,0.000000
Q158,52,1,3,0,0.000000,0.000000,0.000000,0.000000
Q158,50,1,3,0,0.000000,0.000000,0.000000,0.000000
Q158,55,1,3,0,0.000000,0.000000,0.000000,0.000000
Q158,54,1,3,0,0.000000,0.000000,0.000000,0.000000
Q158,53,1,3,0,0.000000,0.000000,0.000000,0.000000
Q158,57,1,3,0,0.000000,0.000000,0.000000,0.000000
Q158,56,2,3,0,0.000000,0.000000,0.000000,0.000000
Q158,58,1,3,0,0.000000,0.000000,0.000000,0.000000
Q158,60,1,3,0,0.000000,0.000000,0.000000,0.000000
Q158,59,2,3,0,0.000000,0.000000,0.000000,0.000000
Q158,62,1,3,0,0.000000,0.000000,0.000000,0.000000
Q158,61,1,3,0,0.000000,0.000000,0.000000,0.000000
Q158,64,1,3,0,0.000000,0.000000,0.000000,0.000000
Q158,63,2,3,1,0.250000,0.500000,0.333333,0.400000
Q158,66,1,3,0,0.000000,0.000000,0.000000,0.000000
Q158,65,1,3,0,0.000000,0.000000,0.000000,0.000000
Q158,69,1,3,0,0.000000,0.000000,0.000000,0.000000
Q158,70,1,3,0,0.000000,0.000000,0.000000,0.000000
Q158,67,1,3,0,0.000000,0.000000,0.000000,0.000000
Q158,71,1,3,0,0.000000,0.000000,0.000000,0.000000
Q158,68,1,3,0,0.000000,0.000000,0.000000,0.000000
Q158,72,2,3,0,0.000000,0.000000,0.000000,0.000000
Q158,73,1,3,1,0.333333,1.000000,0.333333,0.500000
Q158,75,1,3,0,0.000000,0.000000,0.000000,0.000000
Q158,74,1,3,0,0.000000,0.000000,0.000000,0.000000
Q158,77,1,3,0,0.000000,0.000000,0.000000,0.000000
Q158,76,1,3,0,0.000000,0.000000,0.000000,0.000000
Q158,79,1,3,0,0.000000,0.000000,0.000000,0.000000
Q158,78,1,3,0,0.000000,0.000000,0.000000,0.000000
Q158,81,1,3,0,0.000000,0.000000,0.000000,0.000000
Q158,80,1,3,0,0.000000,0.000000,0.000000,0.000000
Q158,83,1,3,0,0.000000,0.000000,0.000000,0.000000
Q158,82,1,3,0,0.000000,0.000000,0.000000,0.000000
Q158,84,1,3,0,0.000000,0.000000,0.000000,0.000000
Q158,87,1,3,0,0.000000,0.000000,0.000000,0.000000
Q158,89,1,3,0,0.000000,0.000000,0.000000,0.000000
Q158,85,2,3,0,0.000000,0.000000,0.000000,0.000000
Q158,90,1,3,0,0.000000,0.000000,0.000000,0.000000
Q158,88,2,3,0,0.000000,0.000000,0.000000,0.000000
Q158,86,1,3,1,0.333333,1.000000,0.333333,0.500000
Q158,91,1,3,0,0.000000,0.000000,0.000000,0.000000
Q158,92,1,3,0,0.000000,0.000000,0.000000,0.000000
Q158,93,1,3,0,0.000000,0.000000,0.000000,0.000000
Q158,94,1,3,0,0.000000,0.000000,0.000000,0.000000
Q158,96,1,3,0,0.000000,0.000000,0.000000,0.000000
Q158,95,2,3,0,0.000000,0.000000,0.000000,0.000000
Q158,97,1,3,0,0.000000,0.000000,0.000000,0.000000
Q158,99,1,3,0,0.000000,0.000000,0.000000,0.000000
Q158,98,1,3,0,0.000000,0.000000,0.000000,0.000000
Q159,1,1,4,1,0.250000,1.000000,0.250000,0.400000
Q159,2,1,4,1,0.250000,1.000000,0.250000,0.400000
Q159,4,1,4,1,0.250000,1.000000,0.250000,0.400000
Q159,3,0,4,0,0.000000,0.000000,0.000000,0.000000
Q159,5,1,4,1,0.250000,1.000000,0.250000,0.400000
Q158,100,1,3,0,0.000000,0.000000,0.000000,0.000000
Q159,6,1,4,0,0.000000,0.000000,0.000000,0.000000
Q159,7,1,4,1,0.250000,1.000000,0.250000,0.400000
Q159,8,1,4,0,0.000000,0.000000,0.000000,0.000000
Q159,10,1,4,1,0.250000,1.000000,0.250000,0.400000
Q159,11,1,4,1,0.250000,1.000000,0.250000,0.400000
Q159,9,2,4,1,0.200000,0.500000,0.250000,0.333333
Q159,14,1,4,1,0.250000,1.000000,0.250000,0.400000
Q159,13,1,4,1,0.250000,1.000000,0.250000,0.400000
Q159,12,2,4,1,0.200000,0.500000,0.250000,0.333333
Q159,15,1,4,1,0.250000,1.000000,0.250000,0.400000
Q159,16,1,4,1,0.250000,1.000000,0.250000,0.400000
Q159,17,1,4,1,0.250000,1.000000,0.250000,0.400000
Q159,18,0,4,0,0.000000,0.000000,0.000000,0.000000
Q159,19,1,4,1,0.250000,1.000000,0.250000,0.400000
Q159,21,1,4,1,0.250000,1.000000,0.250000,0.400000
Q159,20,1,4,1,0.250000,1.000000,0.250000,0.400000
Q159,23,1,4,1,0.250000,1.000000,0.250000,0.400000
Q159,22,1,4,1,0.250000,1.000000,0.250000,0.400000
Q159,24,1,4,1,0.250000,1.000000,0.250000,0.400000
Q159,26,1,4,1,0.250000,1.000000,0.250000,0.400000
Q159,29,1,4,1,0.250000,1.000000,0.250000,0.400000
Q159,28,1,4,0,0.000000,0.000000,0.000000,0.000000
Q159,27,1,4,0,0.000000,0.000000,0.000000,0.000000
Q159,31,1,4,1,0.250000,1.000000,0.250000,0.400000
Q159,25,1,4,1,0.250000,1.000000,0.250000,0.400000
Q159,30,1,4,1,0.250000,1.000000,0.250000,0.400000
Q159,32,1,4,1,0.250000,1.000000,0.250000,0.400000
Q159,34,0,4,0,0.000000,0.000000,0.000000,0.000000
Q159,33,1,4,1,0.250000,1.000000,0.250000,0.400000
Q159,36,0,4,0,0.000000,0.000000,0.000000,0.000000
Q159,37,1,4,1,0.250000,1.000000,0.250000,0.400000
Q159,38,1,4,1,0.250000,1.000000,0.250000,0.400000
Q159,35,1,4,1,0.250000,1.000000,0.250000,0.400000
Q159,39,1,4,1,0.250000,1.000000,0.250000,0.400000
Q159,40,1,4,1,0.250000,1.000000,0.250000,0.400000
Q159,41,1,4,0,0.000000,0.000000,0.000000,0.000000
Q159,42,1,4,1,0.250000,1.000000,0.250000,0.400000
Q159,43,1,4,1,0.250000,1.000000,0.250000,0.400000
Q159,45,1,4,1,0.250000,1.000000,0.250000,0.400000
Q159,47,1,4,1,0.250000,1.000000,0.250000,0.400000
Q159,44,1,4,1,0.250000,1.000000,0.250000,0.400000
Q159,46,1,4,1,0.250000,1.000000,0.250000,0.400000
Q159,48,2,4,1,0.200000,0.500000,0.250000,0.333333
Q159,50,1,4,1,0.250000,1.000000,0.250000,0.400000
Q159,53,0,4,0,0.000000,0.000000,0.000000,0.000000
Q159,49,1,4,1,0.250000,1.000000,0.250000,0.400000
Q159,52,2,4,1,0.200000,0.500000,0.250000,0.333333
Q159,51,3,4,1,0.166667,0.333333,0.250000,0.285714
Q159,54,1,4,1,0.250000,1.000000,0.250000,0.400000
Q159,57,1,4,1,0.250000,1.000000,0.250000,0.400000
Q159,55,1,4,1,0.250000,1.000000,0.250000,0.400000
Q159,58,1,4,1,0.250000,1.000000,0.250000,0.400000
Q159,59,1,4,1,0.250000,1.000000,0.250000,0.400000
Q159,56,1,4,0,0.000000,0.000000,0.000000,0.000000
Q159,60,1,4,1,0.250000,1.000000,0.250000,0.400000
Q159,63,1,4,1,0.250000,1.000000,0.250000,0.400000
Q159,62,1,4,1,0.250000,1.000000,0.250000,0.400000
Q159,61,1,4,1,0.250000,1.000000,0.250000,0.400000
Q159,64,1,4,1,0.250000,1.000000,0.250000,0.400000
Q159,65,1,4,1,0.250000,1.000000,0.250000,0.400000
Q159,69,1,4,1,0.250000,1.000000,0.250000,0.400000
Q159,68,1,4,1,0.250000,1.000000,0.250000,0.400000
Q159,70,1,4,1,0.250000,1.000000,0.250000,0.400000
Q159,71,1,4,1,0.250000,1.000000,0.250000,0.400000
Q159,67,1,4,1,0.250000,1.000000,0.250000,0.400000
Q159,73,1,4,1,0.250000,1.000000,0.250000,0.400000
Q159,75,1,4,1,0.250000,1.000000,0.250000,0.400000
Q159,74,1,4,1,0.250000,1.000000,0.250000,0.400000
Q159,72,1,4,1,0.250000,1.000000,0.250000,0.400000
Q159,76,1,4,0,0.000000,0.000000,0.000000,0.000000
Q159,77,1,4,1,0.250000,1.000000,0.250000,0.400000
Q159,79,1,4,1,0.250000,1.000000,0.250000,0.400000
Q159,80,1,4,1,0.250000,1.000000,0.250000,0.400000
Q159,78,2,4,1,0.200000,0.500000,0.250000,0.333333
Q159,82,0,4,0,0.000000,0.000000,0.000000,0.000000
Q159,66,1,4,1,0.250000,1.000000,0.250000,0.400000
Q159,81,1,4,1,0.250000,1.000000,0.250000,0.400000
Q159,83,1,4,1,0.250000,1.000000,0.250000,0.400000
Q159,84,1,4,1,0.250000,1.000000,0.250000,0.400000
Q159,85,1,4,1,0.250000,1.000000,0.250000,0.400000
Q159,87,1,4,1,0.250000,1.000000,0.250000,0.400000
Q159,88,1,4,1,0.250000,1.000000,0.250000,0.400000
Q159,89,1,4,1,0.250000,1.000000,0.250000,0.400000
Q159,91,1,4,0,0.000000,0.000000,0.000000,0.000000
Q159,92,1,4,0,0.000000,0.000000,0.000000,0.000000
Q159,95,1,4,0,0.000000,0.000000,0.000000,0.000000
Q159,93,1,4,1,0.250000,1.000000,0.250000,0.400000
Q159,86,1,4,0,0.000000,0.000000,0.000000,0.000000
Q159,90,1,4,1,0.250000,1.000000,0.250000,0.400000
Q159,94,1,4,1,0.250000,1.000000,0.250000,0.400000
Q159,96,2,4,1,0.200000,0.500000,0.250000,0.333333
Q159,97,0,4,0,0.000000,0.000000,0.000000,0.000000
Q159,99,1,4,1,0.250000,1.000000,0.250000,0.400000
Q159,98,1,4,1,0.250000,1.000000,0.250000,0.400000
Q159,100,1,4,0,0.000000,0.000000,0.000000,0.000000
Q160,2,1,6,1,0.166667,1.000000,0.166667,0.285714
Q160,5,1,6,1,0.166667,1.000000,0.166667,0.285714
Q160,4,1,6,1,0.166667,1.000000,0.166667,0.285714
Q160,1,1,6,0,0.000000,0.000000,0.000000,0.000000
Q160,6,2,6,1,0.142857,0.500000,0.166667,0.250000
Q160,7,1,6,1,0.166667,1.000000,0.166667,0.285714
Q160,8,1,6,1,0.166667,1.000000,0.166667,0.285714
Q160,10,1,6,1,0.166667,1.000000,0.166667,0.285714
Q160,9,1,6,1,0.166667,1.000000,0.166667,0.285714
Q160,3,1,6,1,0.166667,1.000000,0.166667,0.285714
Q160,11,1,6,1,0.166667,1.000000,0.166667,0.285714
Q160,13,1,6,1,0.166667,1.000000,0.166667,0.285714
Q160,12,1,6,1,0.166667,1.000000,0.166667,0.285714
Q160,15,1,6,1,0.166667,1.000000,0.166667,0.285714
Q160,14,1,6,1,0.166667,1.000000,0.166667,0.285714
Q160,21,0,6,0,0.000000,0.000000,0.000000,0.000000
Q160,18,2,6,2,0.333333,1.000000,0.333333,0.500000
Q160,19,1,6,1,0.166667,1.000000,0.166667,0.285714
Q160,20,1,6,0,0.000000,0.000000,0.000000,0.000000
Q160,17,1,6,1,0.166667,1.000000,0.166667,0.285714
Q160,16,1,6,1,0.166667,1.000000,0.166667,0.285714
Q160,23,1,6,1,0.166667,1.000000,0.166667,0.285714
Q160,26,0,6,0,0.000000,0.000000,0.000000,0.000000
Q160,25,1,6,1,0.166667,1.000000,0.166667,0.285714
Q160,24,1,6,1,0.166667,1.000000,0.166667,0.285714
Q160,27,1,6,1,0.166667,1.000000,0.166667,0.285714
Q160,29,1,6,1,0.166667,1.000000,0.166667,0.285714
Q160,28,1,6,1,0.166667,1.000000,0.166667,0.285714
Q160,31,1,6,1,0.166667,1.000000,0.166667,0.285714
Q160,22,1,6,1,0.166667,1.000000,0.166667,0.285714
Q160,30,1,6,1,0.166667,1.000000,0.166667,0.285714
Q160,36,1,6,1,0.166667,1.000000,0.166667,0.285714
Q160,33,1,6,1,0.166667,1.000000,0.166667,0.285714
Q160,34,2,6,1,0.142857,0.500000,0.166667,0.250000
Q160,37,1,6,1,0.166667,1.000000,0.166667,0.285714
Q160,32,1,6,1,0.166667,1.000000,0.166667,0.285714
Q160,39,1,6,1,0.166667,1.000000,0.166667,0.285714
Q160,38,1,6,1,0.166667,1.000000,0.166667,0.285714
Q160,41,1,6,1,0.166667,1.000000,0.166667,0.285714
Q160,42,1,6,1,0.166667,1.000000,0.166667,0.285714
Q160,40,2,6,1,0.142857,0.500000,0.166667,0.250000
Q160,43,1,6,1,0.166667,1.000000,0.166667,0.285714
Q160,45,0,6,0,0.000000,0.000000,0.000000,0.000000
Q160,44,1,6,1,0.166667,1.000000,0.166667,0.285714
Q160,35,1,6,1,0.166667,1.000000,0.166667,0.285714
Q160,46,1,6,1,0.166667,1.000000,0.166667,0.285714
Q160,48,0,6,0,0.000000,0.000000,0.000000,0.000000
Q160,47,1,6,1,0.166667,1.000000,0.166667,0.285714
Q160,50,1,6,1,0.166667,1.000000,0.166667,0.285714
Q160,52,0,6,0,0.000000,0.000000,0.000000,0.000000
Q160,54,1,6,1,0.166667,1.000000,0.166667,0.285714
Q160,53,1,6,1,0.166667,1.000000,0.166667,0.285714
Q160,51,1,6,1,0.166667,1.000000,0.166667,0.285714
Q160,58,0,6,0,0.000000,0.000000,0.000000,0.000000
Q160,49,1,6,1,0.166667,1.000000,0.166667,0.285714
Q160,57,1,6,1,0.166667,1.000000,0.166667,0.285714
Q160,56,1,6,1,0.166667,1.000000,0.166667,0.285714
Q160,59,1,6,1,0.166667,1.000000,0.166667,0.285714
Q160,60,1,6,1,0.166667,1.000000,0.166667,0.285714
Q160,62,1,6,1,0.166667,1.000000,0.166667,0.285714
Q160,61,1,6,1,0.166667,1.000000,0.166667,0.285714
Q160,55,1,6,0,0.000000,0.000000,0.000000,0.000000
Q160,63,1,6,1,0.166667,1.000000,0.166667,0.285714
Q160,64,1,6,1,0.166667,1.000000,0.166667,0.285714
Q160,65,1,6,1,0.166667,1.000000,0.166667,0.285714
Q160,68,1,6,1,0.166667,1.000000,0.166667,0.285714
Q160,66,1,6,1,0.166667,1.000000,0.166667,0.285714
Q160,67,1,6,1,0.166667,1.000000,0.166667,0.285714
Q160,69,1,6,1,0.166667,1.000000,0.166667,0.285714
Q160,70,1,6,1,0.166667,1.000000,0.166667,0.285714
Q160,71,1,6,1,0.166667,1.000000,0.166667,0.285714
Q160,72,1,6,1,0.166667,1.000000,0.166667,0.285714
Q160,74,1,6,1,0.166667,1.000000,0.166667,0.285714
Q160,73,1,6,1,0.166667,1.000000,0.166667,0.285714
Q160,76,1,6,1,0.166667,1.000000,0.166667,0.285714
Q160,75,1,6,1,0.166667,1.000000,0.166667,0.285714
Q160,78,1,6,1,0.166667,1.000000,0.166667,0.285714
Q160,77,1,6,1,0.166667,1.000000,0.166667,0.285714
Q160,80,1,6,1,0.166667,1.000000,0.166667,0.285714
Q160,81,1,6,1,0.166667,1.000000,0.166667,0.285714
Q160,79,1,6,1,0.166667,1.000000,0.166667,0.285714
Q160,84,0,6,0,0.000000,0.000000,0.000000,0.000000
Q160,82,0,6,0,0.000000,0.000000,0.000000,0.000000
Q160,83,0,6,0,0.000000,0.000000,0.000000,0.000000
Q160,85,1,6,1,0.166667,1.000000,0.166667,0.285714
Q160,86,1,6,1,0.166667,1.000000,0.166667,0.285714
Q160,87,1,6,0,0.000000,0.000000,0.000000,0.000000
Q160,88,1,6,1,0.166667,1.000000,0.166667,0.285714
Q160,89,1,6,1,0.166667,1.000000,0.166667,0.285714
Q160,91,1,6,1,0.166667,1.000000,0.166667,0.285714
Q160,90,1,6,1,0.166667,1.000000,0.166667,0.285714
Q160,92,1,6,1,0.166667,1.000000,0.166667,0.285714
Q160,94,1,6,1,0.166667,1.000000,0.166667,0.285714
Q160,95,0,6,0,0.000000,0.000000,0.000000,0.000000
Q160,93,1,6,1,0.166667,1.000000,0.166667,0.285714
Q160,96,1,6,0,0.000000,0.000000,0.000000,0.000000
Q160,97,1,6,1,0.166667,1.000000,0.166667,0.285714
Q160,98,0,6,0,0.000000,0.000000,0.000000,0.000000
Q160,100,1,6,1,0.166667,1.000000,0.166667,0.285714
Q160,99,1,6,1,0.166667,1.000000,0.166667,0.285714
Q161,2,0,5,0,0.000000,0.000000,0.000000,0.000000
Q161,4,0,5,0,0.000000,0.000000,0.000000,0.000000
Q161,3,1,5,1,0.200000,1.000000,0.200000,0.333333
Q161,1,1,5,0,0.000000,0.000000,0.000000,0.000000
Q161,5,1,5,1,0.200000,1.000000,0.200000,0.333333
Q161,8,1,5,1,0.200000,1.000000,0.200000,0.333333
Q161,7,1,5,1,0.200000,1.000000,0.200000,0.333333
Q161,9,1,5,1,0.200000,1.000000,0.200000,0.333333
Q161,10,1,5,1,0.200000,1.000000,0.200000,0.333333
Q161,11,1,5,1,0.200000,1.000000,0.200000,0.333333
Q161,12,1,5,1,0.200000,1.000000,0.200000,0.333333
Q161,13,1,5,1,0.200000,1.000000,0.200000,0.333333
Q161,6,1,5,1,0.200000,1.000000,0.200000,0.333333
Q161,14,1,5,1,0.200000,1.000000,0.200000,0.333333
Q161,15,1,5,1,0.200000,1.000000,0.200000,0.333333
Q161,17,1,5,1,0.200000,1.000000,0.200000,0.333333
Q161,19,1,5,0,0.000000,0.000000,0.000000,0.000000
Q161,21,1,5,0,0.000000,0.000000,0.000000,0.000000
Q161,20,1,5,1,0.200000,1.000000,0.200000,0.333333
Q161,16,1,5,1,0.200000,1.000000,0.200000,0.333333
Q161,18,1,5,0,0.000000,0.000000,0.000000,0.000000
Q161,23,1,5,1,0.200000,1.000000,0.200000,0.333333
Q161,25,1,5,1,0.200000,1.000000,0.200000,0.333333
Q161,22,1,5,0,0.000000,0.000000,0.000000,0.000000
Q161,24,1,5,1,0.200000,1.000000,0.200000,0.333333
Q161,26,1,5,0,0.000000,0.000000,0.000000,0.000000
Q161,27,1,5,0,0.000000,0.000000,0.000000,0.000000
Q161,31,1,5,1,0.200000,1.000000,0.200000,0.333333
Q161,30,1,5,1,0.200000,1.000000,0.200000,0.333333
Q161,29,2,5,1,0.166667,0.500000,0.200000,0.285714
Q161,28,2,5,1,0.166667,0.500000,0.200000,0.285714
Q161,32,2,5,1,0.166667,0.500000,0.200000,0.285714
Q161,34,1,5,1,0.200000,1.000000,0.200000,0.333333
Q161,33,1,5,1,0.200000,1.000000,0.200000,0.333333
Q161,37,1,5,1,0.200000,1.000000,0.200000,0.333333
Q161,35,1,5,1,0.200000,1.000000,0.200000,0.333333
Q161,38,1,5,1,0.200000,1.000000,0.200000,0.333333
Q161,41,0,5,0,0.000000,0.000000,0.000000,0.000000
Q161,36,1,5,1,0.200000,1.000000,0.200000,0.333333
Q161,40,1,5,1,0.200000,1.000000,0.200000,0.333333
Q161,42,1,5,1,0.200000,1.000000,0.200000,0.333333
Q161,44,0,5,0,0.000000,0.000000,0.000000,0.000000
Q161,43,1,5,1,0.200000,1.000000,0.200000,0.333333
Q161,45,0,5,0,0.000000,0.000000,0.000000,0.000000
Q161,39,3,5,1,0.142857,0.333333,0.200000,0.250000
Q161,46,1,5,1,0.200000,1.000000,0.200000,0.333333
Q161,47,1,5,1,0.200000,1.000000,0.200000,0.333333
Q161,52,0,5,0,0.000000,0.000000,0.000000,0.000000
Q161,49,1,5,1,0.200000,1.000000,0.200000,0.333333
Q161,48,2,5,1,0.166667,0.500000,0.200000,0.285714
Q161,50,1,5,1,0.200000,1.000000,0.200000,0.333333
Q161,53,1,5,1,0.200000,1.000000,0.200000,0.333333
Q161,51,2,5,1,0.166667,0.500000,0.200000,0.285714
Q161,57,1,5,1,0.200000,1.000000,0.200000,0.333333
Q161,54,1,5,0,0.000000,0.000000,0.000000,0.000000
Q161,56,1,5,1,0.200000,1.000000,0.200000,0.333333
Q161,59,1,5,1,0.200000,1.000000,0.200000,0.333333
Q161,60,1,5,1,0.200000,1.000000,0.200000,0.333333
Q161,55,1,5,1,0.200000,1.000000,0.200000,0.333333
Q161,61,1,5,1,0.200000,1.000000,0.200000,0.333333
Q161,58,1,5,1,0.200000,1.000000,0.200000,0.333333
Q161,62,1,5,1,0.200000,1.000000,0.200000,0.333333
Q161,65,1,5,0,0.000000,0.000000,0.000000,0.000000
Q161,63,1,5,1,0.200000,1.000000,0.200000,0.333333
Q161,64,1,5,1,0.200000,1.000000,0.200000,0.333333
Q161,67,1,5,0,0.000000,0.000000,0.000000,0.000000
Q161,66,2,5,1,0.166667,0.500000,0.200000,0.285714
Q161,68,1,5,1,0.200000,1.000000,0.200000,0.333333
Q161,70,0,5,0,0.000000,0.000000,0.000000,0.000000
Q161,69,0,5,0,0.000000,0.000000,0.000000,0.000000
Q161,72,0,5,0,0.000000,0.000000,0.000000,0.000000
Q161,71,1,5,0,0.000000,0.000000,0.000000,0.000000
Q161,74,1,5,0,0.000000,0.000000,0.000000,0.000000
Q161,73,1,5,1,0.200000,1.000000,0.200000,0.333333
Q161,76,1,5,1,0.200000,1.000000,0.200000,0.333333
Q161,77,1,5,1,0.200000,1.000000,0.200000,0.333333
Q161,75,1,5,0,0.000000,0.000000,0.000000,0.000000
Q161,78,1,5,1,0.200000,1.000000,0.200000,0.333333
Q161,79,1,5,0,0.000000,0.000000,0.000000,0.000000
Q161,80,1,5,0,0.000000,0.000000,0.000000,0.000000
Q161,83,0,5,0,0.000000,0.000000,0.000000,0.000000
Q161,81,1,5,1,0.200000,1.000000,0.200000,0.333333
Q161,82,1,5,1,0.200000,1.000000,0.200000,0.333333
Q161,84,0,5,0,0.000000,0.000000,0.000000,0.000000
Q161,87,0,5,0,0.000000,0.000000,0.000000,0.000000
Q161,85,1,5,0,0.000000,0.000000,0.000000,0.000000
Q161,86,1,5,0,0.000000,0.000000,0.000000,0.000000
Q161,88,1,5,1,0.200000,1.000000,0.200000,0.333333
Q161,92,0,5,0,0.000000,0.000000,0.000000,0.000000
Q161,90,0,5,0,0.000000,0.000000,0.000000,0.000000
Q161,93,0,5,0,0.000000,0.000000,0.000000,0.000000
Q161,91,1,5,0,0.000000,0.000000,0.000000,0.000000
Q161,96,0,5,0,0.000000,0.000000,0.000000,0.000000
Q161,97,0,5,0,0.000000,0.000000,0.000000,0.000000
Q161,94,1,5,0,0.000000,0.000000,0.000000,0.000000
Q161,95,1,5,1,0.200000,1.000000,0.200000,0.333333
Q161,100,0,5,0,0.000000,0.000000,0.000000,0.000000
Q161,98,1,5,0,0.000000,0.000000,0.000000,0.000000
Q161,89,1,5,0,0.000000,0.000000,0.000000,0.000000
Q162,1,1,8,1,0.125000,1.000000,0.125000,0.222222
Q161,99,1,5,0,0.000000,0.000000,0.000000,0.000000
Q162,2,2,8,1,0.111111,0.500000,0.125000,0.200000
Q162,3,2,8,1,0.111111,0.500000,0.125000,0.200000
Q162,4,1,8,0,0.000000,0.000000,0.000000,0.000000
Q162,6,1,8,0,0.000000,0.000000,0.000000,0.000000
Q162,5,1,8,0,0.000000,0.000000,0.000000,0.000000
Q162,7,1,8,0,0.000000,0.000000,0.000000,0.000000
Q162,9,1,8,0,0.000000,0.000000,0.000000,0.000000
Q162,8,1,8,0,0.000000,0.000000,0.000000,0.000000
Q162,10,1,8,0,0.000000,0.000000,0.000000,0.000000
Q162,11,1,8,0,0.000000,0.000000,0.000000,0.000000
Q162,13,1,8,0,0.000000,0.000000,0.000000,0.000000
Q162,12,1,8,0,0.000000,0.000000,0.000000,0.000000
Q162,14,1,8,0,0.000000,0.000000,0.000000,0.000000
Q162,15,1,8,0,0.000000,0.000000,0.000000,0.000000
Q162,17,1,8,1,0.125000,1.000000,0.125000,0.222222
Q162,18,0,8,0,0.000000,0.000000,0.000000,0.000000
Q162,16,1,8,0,0.000000,0.000000,0.000000,0.000000
Q162,21,1,8,0,0.000000,0.000000,0.000000,0.000000
Q162,20,1,8,0,0.000000,0.000000,0.000000,0.000000
Q162,19,1,8,0,0.000000,0.000000,0.000000,0.000000
Q162,23,1,8,0,0.000000,0.000000,0.000000,0.000000
Q162,24,1,8,0,0.000000,0.000000,0.000000,0.000000
Q162,25,1,8,0,0.000000,0.000000,0.000000,0.000000
Q162,26,1,8,0,0.000000,0.000000,0.000000,0.000000
Q162,27,1,8,1,0.125000,1.000000,0.125000,0.222222
Q162,22,2,8,1,0.111111,0.500000,0.125000,0.200000
Q162,29,1,8,0,0.000000,0.000000,0.000000,0.000000
Q162,28,1,8,0,0.000000,0.000000,0.000000,0.000000
Q162,31,1,8,0,0.000000,0.000000,0.000000,0.000000
Q162,32,1,8,1,0.125000,1.000000,0.125000,0.222222
Q162,30,2,8,1,0.111111,0.500000,0.125000,0.200000
Q162,33,1,8,1,0.125000,1.000000,0.125000,0.222222
Q162,36,1,8,0,0.000000,0.000000,0.000000,0.000000
Q162,34,2,8,1,0.111111,0.500000,0.125000,0.200000
Q162,37,1,8,0,0.000000,0.000000,0.000000,0.000000
Q162,35,1,8,0,0.000000,0.000000,0.000000,0.000000
Q162,38,1,8,0,0.000000,0.000000,0.000000,0.000000
Q162,39,1,8,0,0.000000,0.000000,0.000000,0.000000
Q162,41,1,8,0,0.000000,0.000000,0.000000,0.000000
Q162,40,1,8,0,0.000000,0.000000,0.000000,0.000000
Q162,42,1,8,0,0.000000,0.000000,0.000000,0.000000
Q162,44,1,8,0,0.000000,0.000000,0.000000,0.000000
Q162,45,1,8,0,0.000000,0.000000,0.000000,0.000000
Q162,43,0,8,0,0.000000,0.000000,0.000000,0.000000
Q162,48,1,8,0,0.000000,0.000000,0.000000,0.000000
Q162,47,1,8,0,0.000000,0.000000,0.000000,0.000000
Q162,46,2,8,1,0.111111,0.500000,0.125000,0.200000
Q162,49,1,8,0,0.000000,0.000000,0.000000,0.000000
Q162,50,2,8,1,0.111111,0.500000,0.125000,0.200000
Q162,51,1,8,0,0.000000,0.000000,0.000000,0.000000
Q162,52,1,8,0,0.000000,0.000000,0.000000,0.000000
Q162,53,2,8,1,0.111111,0.500000,0.125000,0.200000
Q162,54,1,8,0,0.000000,0.000000,0.000000,0.000000
Q162,55,1,8,1,0.125000,1.000000,0.125000,0.222222
Q162,57,1,8,0,0.000000,0.000000,0.000000,0.000000
Q162,58,1,8,0,0.000000,0.000000,0.000000,0.000000
Q162,56,1,8,0,0.000000,0.000000,0.000000,0.000000
Q162,59,1,8,0,0.000000,0.000000,0.000000,0.000000
Q162,60,1,8,0,0.000000,0.000000,0.000000,0.000000
Q162,63,1,8,0,0.000000,0.000000,0.000000,0.000000
Q162,62,1,8,1,0.125000,1.000000,0.125000,0.222222
Q162,64,1,8,0,0.000000,0.000000,0.000000,0.000000
Q162,61,1,8,0,0.000000,0.000000,0.000000,0.000000
Q162,65,1,8,0,0.000000,0.000000,0.000000,0.000000
Q162,68,1,8,0,0.000000,0.000000,0.000000,0.000000
Q162,69,1,8,0,0.000000,0.000000,0.000000,0.000000
Q162,67,1,8,0,0.000000,0.000000,0.000000,0.000000
Q162,71,1,8,0,0.000000,0.000000,0.000000,0.000000
Q162,66,2,8,1,0.111111,0.500000,0.125000,0.200000
Q162,70,1,8,1,0.125000,1.000000,0.125000,0.222222
Q162,74,1,8,0,0.000000,0.000000,0.000000,0.000000
Q162,72,1,8,0,0.000000,0.000000,0.000000,0.000000
Q162,73,1,8,0,0.000000,0.000000,0.000000,0.000000
Q162,75,1,8,0,0.000000,0.000000,0.000000,0.000000
Q162,76,1,8,1,0.125000,1.000000,0.125000,0.222222
Q162,78,1,8,0,0.000000,0.000000,0.000000,0.000000
Q162,79,1,8,0,0.000000,0.000000,0.000000,0.000000
Q162,80,1,8,1,0.125000,1.000000,0.125000,0.222222
Q162,77,2,8,1,0.111111,0.500000,0.125000,0.200000
Q162,83,0,8,0,0.000000,0.000000,0.000000,0.000000
Q162,82,2,8,1,0.111111,0.500000,0.125000,0.200000
Q162,84,1,8,1,0.125000,1.000000,0.125000,0.222222
Q162,86,1,8,0,0.000000,0.000000,0.000000,0.000000
Q162,81,1,8,0,0.000000,0.000000,0.000000,0.000000
Q162,87,1,8,0,0.000000,0.000000,0.000000,0.000000
Q162,85,2,8,1,0.111111,0.500000,0.125000,0.200000
Q162,89,1,8,0,0.000000,0.000000,0.000000,0.000000
Q162,88,1,8,0,0.000000,0.000000,0.000000,0.000000
Q162,91,1,8,0,0.000000,0.000000,0.000000,0.000000
Q162,90,1,8,1,0.125000,1.000000,0.125000,0.222222
Q162,92,2,8,1,0.111111,0.500000,0.125000,0.200000
Q162,93,2,8,1,0.111111,0.500000,0.125000,0.200000
Q162,94,1,8,0,0.000000,0.000000,0.000000,0.000000
Q162,96,1,8,0,0.000000,0.000000,0.000000,0.000000
Q162,97,1,8,0,0.000000,0.000000,0.000000,0.000000
Q162,95,2,8,1,0.111111,0.500000,0.125000,0.200000
Q162,98,1,8,0,0.000000,0.000000,0.000000,0.000000
Q162,99,1,8,0,0.000000,0.000000,0.000000,0.000000
Q162,100,1,8,0,0.000000,0.000000,0.000000,0.000000
Q163,3,1,5,1,0.200000,1.000000,0.200000,0.333333
Q163,1,2,5,1,0.166667,0.500000,0.200000,0.285714
Q163,2,1,5,0,0.000000,0.000000,0.000000,0.000000
Q163,4,1,5,1,0.200000,1.000000,0.200000,0.333333
Q163,5,1,5,1,0.200000,1.000000,0.200000,0.333333
Q163,6,1,5,1,0.200000,1.000000,0.200000,0.333333
Q163,9,1,5,1,0.200000,1.000000,0.200000,0.333333
Q163,8,1,5,1,0.200000,1.000000,0.200000,0.333333
Q163,10,1,5,1,0.200000,1.000000,0.200000,0.333333
Q163,11,1,5,1,0.200000,1.000000,0.200000,0.333333
Q163,7,1,5,1,0.200000,1.000000,0.200000,0.333333
Q163,12,1,5,1,0.200000,1.000000,0.200000,0.333333
Q163,13,1,5,0,0.000000,0.000000,0.000000,0.000000
Q163,17,1,5,1,0.200000,1.000000,0.200000,0.333333
Q163,15,3,5,1,0.142857,0.333333,0.200000,0.250000
Q163,16,2,5,1,0.166667,0.500000,0.200000,0.285714
Q163,14,2,5,1,0.166667,0.500000,0.200000,0.285714
Q163,18,2,5,1,0.166667,0.500000,0.200000,0.285714
Q163,22,1,5,0,0.000000,0.000000,0.000000,0.000000
Q163,23,1,5,1,0.200000,1.000000,0.200000,0.333333
Q163,19,3,5,1,0.142857,0.333333,0.200000,0.250000
Q163,24,1,5,1,0.200000,1.000000,0.200000,0.333333
Q163,21,1,5,1,0.200000,1.000000,0.200000,0.333333
Q163,25,1,5,1,0.200000,1.000000,0.200000,0.333333
Q163,26,1,5,0,0.000000,0.000000,0.000000,0.000000
Q163,20,1,5,1,0.200000,1.000000,0.200000,0.333333
Q163,27,2,5,1,0.166667,0.500000,0.200000,0.285714
Q163,29,1,5,1,0.200000,1.000000,0.200000,0.333333
Q163,28,3,5,1,0.142857,0.333333,0.200000,0.250000
Q163,31,1,5,1,0.200000,1.000000,0.200000,0.333333
Q163,30,2,5,1,0.166667,0.500000,0.200000,0.285714
Q163,33,1,5,0,0.000000,0.000000,0.000000,0.000000
Q163,32,2,5,1,0.166667,0.500000,0.200000,0.285714
Q163,34,1,5,1,0.200000,1.000000,0.200000,0.333333
Q163,38,1,5,1,0.200000,1.000000,0.200000,0.333333
Q163,36,2,5,1,0.166667,0.500000,0.200000,0.285714
Q163,40,1,5,1,0.200000,1.000000,0.200000,0.333333
Q163,37,1,5,1,0.200000,1.000000,0.200000,0.333333
Q163,39,1,5,1,0.200000,1.000000,0.200000,0.333333
Q163,41,1,5,1,0.200000,1.000000,0.200000,0.333333
Q163,45,1,5,1,0.200000,1.000000,0.200000,0.333333
Q163,43,1,5,1,0.200000,1.000000,0.200000,0.333333
Q163,42,1,5,1,0.200000,1.000000,0.200000,0.333333
Q163,44,1,5,1,0.200000,1.000000,0.200000,0.333333
Q163,48,1,5,1,0.200000,1.000000,0.200000,0.333333
Q163,47,2,5,1,0.166667,0.500000,0.200000,0.285714
Q163,49,2,5,1,0.166667,0.500000,0.200000,0.285714
Q163,46,2,5,1,0.166667,0.500000,0.200000,0.285714
Q163,50,2,5,1,0.166667,0.500000,0.200000,0.285714
Q163,51,1,5,1,0.200000,1.000000,0.200000,0.333333
Q163,52,1,5,1,0.200000,1.000000,0.200000,0.333333
Q163,54,1,5,1,0.200000,1.000000,0.200000,0.333333
Q163,55,2,5,1,0.166667,0.500000,0.200000,0.285714
Q163,57,1,5,1,0.200000,1.000000,0.200000,0.333333
Q163,58,2,5,1,0.166667,0.500000,0.200000,0.285714
Q163,53,1,5,0,0.000000,0.000000,0.000000,0.000000
Q163,59,1,5,1,0.200000,1.000000,0.200000,0.333333
Q163,60,1,5,1,0.200000,1.000000,0.200000,0.333333
Q163,56,1,5,0,0.000000,0.000000,0.000000,0.000000
Q163,35,2,5,1,0.166667,0.500000,0.200000,0.285714
Q163,62,1,5,1,0.200000,1.000000,0.200000,0.333333
Q163,61,1,5,1,0.200000,1.000000,0.200000,0.333333
Q163,64,1,5,0,0.000000,0.000000,0.000000,0.000000
Q163,63,2,5,1,0.166667,0.500000,0.200000,0.285714
Q163,65,2,5,1,0.166667,0.500000,0.200000,0.285714
Q163,66,2,5,1,0.166667,0.500000,0.200000,0.285714
Q163,68,1,5,1,0.200000,1.000000,0.200000,0.333333
Q163,67,1,5,1,0.200000,1.000000,0.200000,0.333333
Q163,69,1,5,0,0.000000,0.000000,0.000000,0.000000
Q163,70,1,5,0,0.000000,0.000000,0.000000,0.000000
Q163,72,1,5,1,0.200000,1.000000,0.200000,0.333333
Q163,73,2,5,1,0.166667,0.500000,0.200000,0.285714
Q163,71,1,5,1,0.200000,1.000000,0.200000,0.333333
Q163,74,1,5,1,0.200000,1.000000,0.200000,0.333333
Q163,76,1,5,0,0.000000,0.000000,0.000000,0.000000
Q163,75,2,5,1,0.166667,0.500000,0.200000,0.285714
Q163,77,1,5,1,0.200000,1.000000,0.200000,0.333333
Q163,78,2,5,1,0.166667,0.500000,0.200000,0.285714
Q163,81,1,5,1,0.200000,1.000000,0.200000,0.333333
Q163,79,2,5,1,0.166667,0.500000,0.200000,0.285714
Q163,82,1,5,0,0.000000,0.000000,0.000000,0.000000
Q163,80,2,5,1,0.166667,0.500000,0.200000,0.285714
Q163,85,1,5,1,0.200000,1.000000,0.200000,0.333333
Q163,84,2,5,1,0.166667,0.500000,0.200000,0.285714
Q163,86,2,5,1,0.166667,0.500000,0.200000,0.285714
Q163,88,1,5,1,0.200000,1.000000,0.200000,0.333333
Q163,89,1,5,0,0.000000,0.000000,0.000000,0.000000
Q163,90,1,5,1,0.200000,1.000000,0.200000,0.333333
Q163,87,2,5,1,0.166667,0.500000,0.200000,0.285714
Q163,91,1,5,1,0.200000,1.000000,0.200000,0.333333
Q163,92,1,5,0,0.000000,0.000000,0.000000,0.000000
Q163,93,1,5,1,0.200000,1.000000,0.200000,0.333333
Q163,94,1,5,1,0.200000,1.000000,0.200000,0.333333
Q163,98,1,5,0,0.000000,0.000000,0.000000,0.000000
Q163,83,1,5,1,0.200000,1.000000,0.200000,0.333333
Q163,96,2,5,1,0.166667,0.500000,0.200000,0.285714
Q163,97,1,5,1,0.200000,1.000000,0.200000,0.333333
Q163,95,1,5,1,0.200000,1.000000,0.200000,0.333333
Q163,99,1,5,0,0.000000,0.000000,0.000000,0.000000
Q163,100,2,5,1,0.166667,0.500000,0.200000,0.285714
